method,setting,seed,kind,true_class,n_events,n_pool
NN-Patching [ungated],gtsrb/resnet50,101,repair,2,0,1
NN-Patching [ungated],gtsrb/resnet50,101,repair,3,2,3
NN-Patching [ungated],gtsrb/resnet50,101,repair,4,0,3
NN-Patching [ungated],gtsrb/resnet50,101,repair,6,1,1
NN-Patching [ungated],gtsrb/resnet50,101,repair,8,0,2
NN-Patching [ungated],gtsrb/resnet50,101,repair,9,0,2
NN-Patching [ungated],gtsrb/resnet50,101,repair,10,3,3
NN-Patching [ungated],gtsrb/resnet50,101,repair,11,6,6
NN-Patching [ungated],gtsrb/resnet50,101,repair,12,1,1
NN-Patching [ungated],gtsrb/resnet50,101,repair,13,1,2
NN-Patching [ungated],gtsrb/resnet50,101,repair,15,1,2
NN-Patching [ungated],gtsrb/resnet50,101,repair,18,3,3
NN-Patching [ungated],gtsrb/resnet50,101,repair,22,1,1
NN-Patching [ungated],gtsrb/resnet50,101,repair,24,4,4
NN-Patching [ungated],gtsrb/resnet50,101,repair,25,5,6
NN-Patching [ungated],gtsrb/resnet50,101,repair,26,1,1
NN-Patching [ungated],gtsrb/resnet50,101,repair,27,0,1
NN-Patching [ungated],gtsrb/resnet50,101,repair,33,0,1
NN-Patching [ungated],gtsrb/resnet50,101,repair,36,2,4
NN-Patching [ungated],gtsrb/resnet50,101,repair,40,0,1
NN-Patching [ungated],gtsrb/resnet50,101,regression,0,48,48
NN-Patching [ungated],gtsrb/resnet50,101,regression,1,571,571
NN-Patching [ungated],gtsrb/resnet50,101,regression,2,615,615
NN-Patching [ungated],gtsrb/resnet50,101,regression,3,346,358
NN-Patching [ungated],gtsrb/resnet50,101,regression,4,512,519
NN-Patching [ungated],gtsrb/resnet50,101,regression,5,507,507
NN-Patching [ungated],gtsrb/resnet50,101,regression,6,2,117
NN-Patching [ungated],gtsrb/resnet50,101,regression,7,304,348
NN-Patching [ungated],gtsrb/resnet50,101,regression,8,354,354
NN-Patching [ungated],gtsrb/resnet50,101,regression,9,365,365
NN-Patching [ungated],gtsrb/resnet50,101,regression,10,107,514
NN-Patching [ungated],gtsrb/resnet50,101,regression,11,9,309
NN-Patching [ungated],gtsrb/resnet50,101,regression,12,501,546
NN-Patching [ungated],gtsrb/resnet50,101,regression,13,586,588
NN-Patching [ungated],gtsrb/resnet50,101,regression,14,218,218
NN-Patching [ungated],gtsrb/resnet50,101,regression,15,8,161
NN-Patching [ungated],gtsrb/resnet50,101,regression,16,125,125
NN-Patching [ungated],gtsrb/resnet50,101,regression,17,306,306
NN-Patching [ungated],gtsrb/resnet50,101,regression,18,1,310
NN-Patching [ungated],gtsrb/resnet50,101,regression,19,46,46
NN-Patching [ungated],gtsrb/resnet50,101,regression,20,75,75
NN-Patching [ungated],gtsrb/resnet50,101,regression,21,72,72
NN-Patching [ungated],gtsrb/resnet50,101,regression,22,83,97
NN-Patching [ungated],gtsrb/resnet50,101,regression,23,63,124
NN-Patching [ungated],gtsrb/resnet50,101,regression,24,0,63
NN-Patching [ungated],gtsrb/resnet50,101,regression,25,354,362
NN-Patching [ungated],gtsrb/resnet50,101,regression,26,136,145
NN-Patching [ungated],gtsrb/resnet50,101,regression,27,44,44
NN-Patching [ungated],gtsrb/resnet50,101,regression,28,116,116
NN-Patching [ungated],gtsrb/resnet50,101,regression,29,73,73
NN-Patching [ungated],gtsrb/resnet50,101,regression,30,113,113
NN-Patching [ungated],gtsrb/resnet50,101,regression,31,218,218
NN-Patching [ungated],gtsrb/resnet50,101,regression,32,50,50
NN-Patching [ungated],gtsrb/resnet50,101,regression,33,163,163
NN-Patching [ungated],gtsrb/resnet50,101,regression,34,102,102
NN-Patching [ungated],gtsrb/resnet50,101,regression,35,323,323
NN-Patching [ungated],gtsrb/resnet50,101,regression,36,0,96
NN-Patching [ungated],gtsrb/resnet50,101,regression,37,11,49
NN-Patching [ungated],gtsrb/resnet50,101,regression,38,566,566
NN-Patching [ungated],gtsrb/resnet50,101,regression,39,65,65
NN-Patching [ungated],gtsrb/resnet50,101,regression,40,48,71
NN-Patching [ungated],gtsrb/resnet50,101,regression,41,0,46
NN-Patching [ungated],gtsrb/resnet50,101,regression,42,69,69
NN-Patching [ungated],gtsrb/resnet50,202,repair,3,1,2
NN-Patching [ungated],gtsrb/resnet50,202,repair,4,1,1
NN-Patching [ungated],gtsrb/resnet50,202,repair,6,0,2
NN-Patching [ungated],gtsrb/resnet50,202,repair,7,0,1
NN-Patching [ungated],gtsrb/resnet50,202,repair,8,0,3
NN-Patching [ungated],gtsrb/resnet50,202,repair,9,1,1
NN-Patching [ungated],gtsrb/resnet50,202,repair,10,3,3
NN-Patching [ungated],gtsrb/resnet50,202,repair,11,5,5
NN-Patching [ungated],gtsrb/resnet50,202,repair,12,1,1
NN-Patching [ungated],gtsrb/resnet50,202,repair,13,1,1
NN-Patching [ungated],gtsrb/resnet50,202,repair,15,2,3
NN-Patching [ungated],gtsrb/resnet50,202,repair,18,5,7
NN-Patching [ungated],gtsrb/resnet50,202,repair,22,1,1
NN-Patching [ungated],gtsrb/resnet50,202,repair,24,6,6
NN-Patching [ungated],gtsrb/resnet50,202,repair,25,3,5
NN-Patching [ungated],gtsrb/resnet50,202,repair,26,1,1
NN-Patching [ungated],gtsrb/resnet50,202,repair,33,1,1
NN-Patching [ungated],gtsrb/resnet50,202,repair,36,2,2
NN-Patching [ungated],gtsrb/resnet50,202,repair,40,0,1
NN-Patching [ungated],gtsrb/resnet50,202,repair,41,0,1
NN-Patching [ungated],gtsrb/resnet50,202,regression,0,47,47
NN-Patching [ungated],gtsrb/resnet50,202,regression,1,597,597
NN-Patching [ungated],gtsrb/resnet50,202,regression,2,599,599
NN-Patching [ungated],gtsrb/resnet50,202,regression,3,58,371
NN-Patching [ungated],gtsrb/resnet50,202,regression,4,509,528
NN-Patching [ungated],gtsrb/resnet50,202,regression,5,506,507
NN-Patching [ungated],gtsrb/resnet50,202,regression,6,121,121
NN-Patching [ungated],gtsrb/resnet50,202,regression,7,347,347
NN-Patching [ungated],gtsrb/resnet50,202,regression,8,347,347
NN-Patching [ungated],gtsrb/resnet50,202,regression,9,368,386
NN-Patching [ungated],gtsrb/resnet50,202,regression,10,43,514
NN-Patching [ungated],gtsrb/resnet50,202,regression,11,0,322
NN-Patching [ungated],gtsrb/resnet50,202,regression,12,92,557
NN-Patching [ungated],gtsrb/resnet50,202,regression,13,586,591
NN-Patching [ungated],gtsrb/resnet50,202,regression,14,214,214
NN-Patching [ungated],gtsrb/resnet50,202,regression,15,11,161
NN-Patching [ungated],gtsrb/resnet50,202,regression,16,121,121
NN-Patching [ungated],gtsrb/resnet50,202,regression,17,292,292
NN-Patching [ungated],gtsrb/resnet50,202,regression,18,3,296
NN-Patching [ungated],gtsrb/resnet50,202,regression,19,45,45
NN-Patching [ungated],gtsrb/resnet50,202,regression,20,69,69
NN-Patching [ungated],gtsrb/resnet50,202,regression,21,76,76
NN-Patching [ungated],gtsrb/resnet50,202,regression,22,78,99
NN-Patching [ungated],gtsrb/resnet50,202,regression,23,5,125
NN-Patching [ungated],gtsrb/resnet50,202,regression,24,0,67
NN-Patching [ungated],gtsrb/resnet50,202,regression,25,354,362
NN-Patching [ungated],gtsrb/resnet50,202,regression,26,1,141
NN-Patching [ungated],gtsrb/resnet50,202,regression,27,24,46
NN-Patching [ungated],gtsrb/resnet50,202,regression,28,118,118
NN-Patching [ungated],gtsrb/resnet50,202,regression,29,71,71
NN-Patching [ungated],gtsrb/resnet50,202,regression,30,116,116
NN-Patching [ungated],gtsrb/resnet50,202,regression,31,216,216
NN-Patching [ungated],gtsrb/resnet50,202,regression,32,45,45
NN-Patching [ungated],gtsrb/resnet50,202,regression,33,151,166
NN-Patching [ungated],gtsrb/resnet50,202,regression,34,97,97
NN-Patching [ungated],gtsrb/resnet50,202,regression,35,308,308
NN-Patching [ungated],gtsrb/resnet50,202,regression,36,0,89
NN-Patching [ungated],gtsrb/resnet50,202,regression,37,45,48
NN-Patching [ungated],gtsrb/resnet50,202,regression,38,540,540
NN-Patching [ungated],gtsrb/resnet50,202,regression,39,77,77
NN-Patching [ungated],gtsrb/resnet50,202,regression,40,64,71
NN-Patching [ungated],gtsrb/resnet50,202,regression,41,42,42
NN-Patching [ungated],gtsrb/resnet50,202,regression,42,69,75
NN-Patching [ungated],gtsrb/resnet50,303,repair,3,0,3
NN-Patching [ungated],gtsrb/resnet50,303,repair,4,2,2
NN-Patching [ungated],gtsrb/resnet50,303,repair,6,0,1
NN-Patching [ungated],gtsrb/resnet50,303,repair,8,0,3
NN-Patching [ungated],gtsrb/resnet50,303,repair,9,1,1
NN-Patching [ungated],gtsrb/resnet50,303,repair,10,3,3
NN-Patching [ungated],gtsrb/resnet50,303,repair,11,7,7
NN-Patching [ungated],gtsrb/resnet50,303,repair,12,1,1
NN-Patching [ungated],gtsrb/resnet50,303,repair,13,1,1
NN-Patching [ungated],gtsrb/resnet50,303,repair,15,0,5
NN-Patching [ungated],gtsrb/resnet50,303,repair,18,4,5
NN-Patching [ungated],gtsrb/resnet50,303,repair,22,0,1
NN-Patching [ungated],gtsrb/resnet50,303,repair,23,0,1
NN-Patching [ungated],gtsrb/resnet50,303,repair,24,2,2
NN-Patching [ungated],gtsrb/resnet50,303,repair,25,4,4
NN-Patching [ungated],gtsrb/resnet50,303,repair,26,1,1
NN-Patching [ungated],gtsrb/resnet50,303,repair,36,3,3
NN-Patching [ungated],gtsrb/resnet50,303,repair,37,0,1
NN-Patching [ungated],gtsrb/resnet50,303,repair,40,0,2
NN-Patching [ungated],gtsrb/resnet50,303,repair,41,0,1
NN-Patching [ungated],gtsrb/resnet50,303,regression,0,50,50
NN-Patching [ungated],gtsrb/resnet50,303,regression,1,583,583
NN-Patching [ungated],gtsrb/resnet50,303,regression,2,600,601
NN-Patching [ungated],gtsrb/resnet50,303,regression,3,340,342
NN-Patching [ungated],gtsrb/resnet50,303,regression,4,521,530
NN-Patching [ungated],gtsrb/resnet50,303,regression,5,10,507
NN-Patching [ungated],gtsrb/resnet50,303,regression,6,111,111
NN-Patching [ungated],gtsrb/resnet50,303,regression,7,3,351
NN-Patching [ungated],gtsrb/resnet50,303,regression,8,352,352
NN-Patching [ungated],gtsrb/resnet50,303,regression,9,363,384
NN-Patching [ungated],gtsrb/resnet50,303,regression,10,283,536
NN-Patching [ungated],gtsrb/resnet50,303,regression,11,3,307
NN-Patching [ungated],gtsrb/resnet50,303,regression,12,280,544
NN-Patching [ungated],gtsrb/resnet50,303,regression,13,561,564
NN-Patching [ungated],gtsrb/resnet50,303,regression,14,222,224
NN-Patching [ungated],gtsrb/resnet50,303,regression,15,164,164
NN-Patching [ungated],gtsrb/resnet50,303,regression,16,124,124
NN-Patching [ungated],gtsrb/resnet50,303,regression,17,289,289
NN-Patching [ungated],gtsrb/resnet50,303,regression,18,1,287
NN-Patching [ungated],gtsrb/resnet50,303,regression,19,45,45
NN-Patching [ungated],gtsrb/resnet50,303,regression,20,65,65
NN-Patching [ungated],gtsrb/resnet50,303,regression,21,76,76
NN-Patching [ungated],gtsrb/resnet50,303,regression,22,99,99
NN-Patching [ungated],gtsrb/resnet50,303,regression,23,118,118
NN-Patching [ungated],gtsrb/resnet50,303,regression,24,0,61
NN-Patching [ungated],gtsrb/resnet50,303,regression,25,0,382
NN-Patching [ungated],gtsrb/resnet50,303,regression,26,127,133
NN-Patching [ungated],gtsrb/resnet50,303,regression,27,23,48
NN-Patching [ungated],gtsrb/resnet50,303,regression,28,118,118
NN-Patching [ungated],gtsrb/resnet50,303,regression,29,71,71
NN-Patching [ungated],gtsrb/resnet50,303,regression,30,122,122
NN-Patching [ungated],gtsrb/resnet50,303,regression,31,226,226
NN-Patching [ungated],gtsrb/resnet50,303,regression,32,52,52
NN-Patching [ungated],gtsrb/resnet50,303,regression,33,0,177
NN-Patching [ungated],gtsrb/resnet50,303,regression,34,97,97
NN-Patching [ungated],gtsrb/resnet50,303,regression,35,317,317
NN-Patching [ungated],gtsrb/resnet50,303,regression,36,0,90
NN-Patching [ungated],gtsrb/resnet50,303,regression,37,45,45
NN-Patching [ungated],gtsrb/resnet50,303,regression,38,569,569
NN-Patching [ungated],gtsrb/resnet50,303,regression,39,69,69
NN-Patching [ungated],gtsrb/resnet50,303,regression,40,73,73
NN-Patching [ungated],gtsrb/resnet50,303,regression,41,47,47
NN-Patching [ungated],gtsrb/resnet50,303,regression,42,77,77
NN-Patching [ungated],gtsrb/convnext_tiny,101,repair,0,0,1
NN-Patching [ungated],gtsrb/convnext_tiny,101,repair,1,0,1
NN-Patching [ungated],gtsrb/convnext_tiny,101,repair,3,1,4
NN-Patching [ungated],gtsrb/convnext_tiny,101,repair,4,1,1
NN-Patching [ungated],gtsrb/convnext_tiny,101,repair,5,10,10
NN-Patching [ungated],gtsrb/convnext_tiny,101,repair,6,8,8
NN-Patching [ungated],gtsrb/convnext_tiny,101,repair,7,4,4
NN-Patching [ungated],gtsrb/convnext_tiny,101,repair,10,12,12
NN-Patching [ungated],gtsrb/convnext_tiny,101,repair,11,21,23
NN-Patching [ungated],gtsrb/convnext_tiny,101,repair,13,2,2
NN-Patching [ungated],gtsrb/convnext_tiny,101,repair,14,0,1
NN-Patching [ungated],gtsrb/convnext_tiny,101,repair,18,15,16
NN-Patching [ungated],gtsrb/convnext_tiny,101,repair,21,3,3
NN-Patching [ungated],gtsrb/convnext_tiny,101,repair,22,10,10
NN-Patching [ungated],gtsrb/convnext_tiny,101,repair,24,2,2
NN-Patching [ungated],gtsrb/convnext_tiny,101,repair,25,33,33
NN-Patching [ungated],gtsrb/convnext_tiny,101,repair,28,8,9
NN-Patching [ungated],gtsrb/convnext_tiny,101,repair,30,17,17
NN-Patching [ungated],gtsrb/convnext_tiny,101,repair,31,1,1
NN-Patching [ungated],gtsrb/convnext_tiny,101,repair,35,6,6
NN-Patching [ungated],gtsrb/convnext_tiny,101,repair,36,0,1
NN-Patching [ungated],gtsrb/convnext_tiny,101,repair,38,2,4
NN-Patching [ungated],gtsrb/convnext_tiny,101,repair,40,0,2
NN-Patching [ungated],gtsrb/convnext_tiny,101,repair,41,5,5
NN-Patching [ungated],gtsrb/convnext_tiny,101,repair,42,41,41
NN-Patching [ungated],gtsrb/convnext_tiny,101,regression,0,45,45
NN-Patching [ungated],gtsrb/convnext_tiny,101,regression,1,572,572
NN-Patching [ungated],gtsrb/convnext_tiny,101,regression,2,585,585
NN-Patching [ungated],gtsrb/convnext_tiny,101,regression,3,354,355
NN-Patching [ungated],gtsrb/convnext_tiny,101,regression,4,67,542
NN-Patching [ungated],gtsrb/convnext_tiny,101,regression,5,438,485
NN-Patching [ungated],gtsrb/convnext_tiny,101,regression,6,18,95
NN-Patching [ungated],gtsrb/convnext_tiny,101,regression,7,0,356
NN-Patching [ungated],gtsrb/convnext_tiny,101,regression,8,348,348
NN-Patching [ungated],gtsrb/convnext_tiny,101,regression,9,381,381
NN-Patching [ungated],gtsrb/convnext_tiny,101,regression,10,0,507
NN-Patching [ungated],gtsrb/convnext_tiny,101,regression,11,0,303
NN-Patching [ungated],gtsrb/convnext_tiny,101,regression,12,573,573
NN-Patching [ungated],gtsrb/convnext_tiny,101,regression,13,576,578
NN-Patching [ungated],gtsrb/convnext_tiny,101,regression,14,211,211
NN-Patching [ungated],gtsrb/convnext_tiny,101,regression,15,168,170
NN-Patching [ungated],gtsrb/convnext_tiny,101,regression,16,117,117
NN-Patching [ungated],gtsrb/convnext_tiny,101,regression,17,296,296
NN-Patching [ungated],gtsrb/convnext_tiny,101,regression,18,0,273
NN-Patching [ungated],gtsrb/convnext_tiny,101,regression,19,44,44
NN-Patching [ungated],gtsrb/convnext_tiny,101,regression,20,72,72
NN-Patching [ungated],gtsrb/convnext_tiny,101,regression,21,0,67
NN-Patching [ungated],gtsrb/convnext_tiny,101,regression,22,0,87
NN-Patching [ungated],gtsrb/convnext_tiny,101,regression,23,127,127
NN-Patching [ungated],gtsrb/convnext_tiny,101,regression,24,0,67
NN-Patching [ungated],gtsrb/convnext_tiny,101,regression,25,0,337
NN-Patching [ungated],gtsrb/convnext_tiny,101,regression,26,143,143
NN-Patching [ungated],gtsrb/convnext_tiny,101,regression,27,46,46
NN-Patching [ungated],gtsrb/convnext_tiny,101,regression,28,0,107
NN-Patching [ungated],gtsrb/convnext_tiny,101,regression,29,0,73
NN-Patching [ungated],gtsrb/convnext_tiny,101,regression,30,0,84
NN-Patching [ungated],gtsrb/convnext_tiny,101,regression,31,0,216
NN-Patching [ungated],gtsrb/convnext_tiny,101,regression,32,52,52
NN-Patching [ungated],gtsrb/convnext_tiny,101,regression,33,162,162
NN-Patching [ungated],gtsrb/convnext_tiny,101,regression,34,93,93
NN-Patching [ungated],gtsrb/convnext_tiny,101,regression,35,5,297
NN-Patching [ungated],gtsrb/convnext_tiny,101,regression,36,97,97
NN-Patching [ungated],gtsrb/convnext_tiny,101,regression,37,46,46
NN-Patching [ungated],gtsrb/convnext_tiny,101,regression,38,510,566
NN-Patching [ungated],gtsrb/convnext_tiny,101,regression,39,14,71
NN-Patching [ungated],gtsrb/convnext_tiny,101,regression,40,67,67
NN-Patching [ungated],gtsrb/convnext_tiny,101,regression,41,17,38
NN-Patching [ungated],gtsrb/convnext_tiny,101,regression,42,0,6
NN-Patching [ungated],gtsrb/convnext_tiny,202,repair,3,4,4
NN-Patching [ungated],gtsrb/convnext_tiny,202,repair,4,1,1
NN-Patching [ungated],gtsrb/convnext_tiny,202,repair,5,8,11
NN-Patching [ungated],gtsrb/convnext_tiny,202,repair,6,6,6
NN-Patching [ungated],gtsrb/convnext_tiny,202,repair,7,4,5
NN-Patching [ungated],gtsrb/convnext_tiny,202,repair,10,18,18
NN-Patching [ungated],gtsrb/convnext_tiny,202,repair,11,21,21
NN-Patching [ungated],gtsrb/convnext_tiny,202,repair,13,2,2
NN-Patching [ungated],gtsrb/convnext_tiny,202,repair,14,0,1
NN-Patching [ungated],gtsrb/convnext_tiny,202,repair,18,20,21
NN-Patching [ungated],gtsrb/convnext_tiny,202,repair,21,5,5
NN-Patching [ungated],gtsrb/convnext_tiny,202,repair,22,6,6
NN-Patching [ungated],gtsrb/convnext_tiny,202,repair,24,1,2
NN-Patching [ungated],gtsrb/convnext_tiny,202,repair,25,29,29
NN-Patching [ungated],gtsrb/convnext_tiny,202,repair,28,5,5
NN-Patching [ungated],gtsrb/convnext_tiny,202,repair,30,20,20
NN-Patching [ungated],gtsrb/convnext_tiny,202,repair,31,3,3
NN-Patching [ungated],gtsrb/convnext_tiny,202,repair,35,4,4
NN-Patching [ungated],gtsrb/convnext_tiny,202,repair,36,0,1
NN-Patching [ungated],gtsrb/convnext_tiny,202,repair,38,2,2
NN-Patching [ungated],gtsrb/convnext_tiny,202,repair,40,0,1
NN-Patching [ungated],gtsrb/convnext_tiny,202,repair,41,6,6
NN-Patching [ungated],gtsrb/convnext_tiny,202,repair,42,43,43
NN-Patching [ungated],gtsrb/convnext_tiny,202,regression,0,0,45
NN-Patching [ungated],gtsrb/convnext_tiny,202,regression,1,0,569
NN-Patching [ungated],gtsrb/convnext_tiny,202,regression,2,606,606
NN-Patching [ungated],gtsrb/convnext_tiny,202,regression,3,0,341
NN-Patching [ungated],gtsrb/convnext_tiny,202,regression,4,349,526
NN-Patching [ungated],gtsrb/convnext_tiny,202,regression,5,453,484
NN-Patching [ungated],gtsrb/convnext_tiny,202,regression,6,50,108
NN-Patching [ungated],gtsrb/convnext_tiny,202,regression,7,0,349
NN-Patching [ungated],gtsrb/convnext_tiny,202,regression,8,362,362
NN-Patching [ungated],gtsrb/convnext_tiny,202,regression,9,380,380
NN-Patching [ungated],gtsrb/convnext_tiny,202,regression,10,0,498
NN-Patching [ungated],gtsrb/convnext_tiny,202,regression,11,0,306
NN-Patching [ungated],gtsrb/convnext_tiny,202,regression,12,553,553
NN-Patching [ungated],gtsrb/convnext_tiny,202,regression,13,562,571
NN-Patching [ungated],gtsrb/convnext_tiny,202,regression,14,217,217
NN-Patching [ungated],gtsrb/convnext_tiny,202,regression,15,165,170
NN-Patching [ungated],gtsrb/convnext_tiny,202,regression,16,120,120
NN-Patching [ungated],gtsrb/convnext_tiny,202,regression,17,291,291
NN-Patching [ungated],gtsrb/convnext_tiny,202,regression,18,0,281
NN-Patching [ungated],gtsrb/convnext_tiny,202,regression,19,53,53
NN-Patching [ungated],gtsrb/convnext_tiny,202,regression,20,68,68
NN-Patching [ungated],gtsrb/convnext_tiny,202,regression,21,0,64
NN-Patching [ungated],gtsrb/convnext_tiny,202,regression,22,0,89
NN-Patching [ungated],gtsrb/convnext_tiny,202,regression,23,126,126
NN-Patching [ungated],gtsrb/convnext_tiny,202,regression,24,0,68
NN-Patching [ungated],gtsrb/convnext_tiny,202,regression,25,0,339
NN-Patching [ungated],gtsrb/convnext_tiny,202,regression,26,142,142
NN-Patching [ungated],gtsrb/convnext_tiny,202,regression,27,42,42
NN-Patching [ungated],gtsrb/convnext_tiny,202,regression,28,0,111
NN-Patching [ungated],gtsrb/convnext_tiny,202,regression,29,0,72
NN-Patching [ungated],gtsrb/convnext_tiny,202,regression,30,0,87
NN-Patching [ungated],gtsrb/convnext_tiny,202,regression,31,35,212
NN-Patching [ungated],gtsrb/convnext_tiny,202,regression,32,49,49
NN-Patching [ungated],gtsrb/convnext_tiny,202,regression,33,169,169
NN-Patching [ungated],gtsrb/convnext_tiny,202,regression,34,101,101
NN-Patching [ungated],gtsrb/convnext_tiny,202,regression,35,5,299
NN-Patching [ungated],gtsrb/convnext_tiny,202,regression,36,98,98
NN-Patching [ungated],gtsrb/convnext_tiny,202,regression,37,52,52
NN-Patching [ungated],gtsrb/convnext_tiny,202,regression,38,8,546
NN-Patching [ungated],gtsrb/convnext_tiny,202,regression,39,0,78
NN-Patching [ungated],gtsrb/convnext_tiny,202,regression,40,69,69
NN-Patching [ungated],gtsrb/convnext_tiny,202,regression,41,14,36
NN-Patching [ungated],gtsrb/convnext_tiny,202,regression,42,0,10
NN-Patching [ungated],gtsrb/convnext_tiny,303,repair,0,0,1
NN-Patching [ungated],gtsrb/convnext_tiny,303,repair,1,0,1
NN-Patching [ungated],gtsrb/convnext_tiny,303,repair,3,2,3
NN-Patching [ungated],gtsrb/convnext_tiny,303,repair,4,0,1
NN-Patching [ungated],gtsrb/convnext_tiny,303,repair,5,11,14
NN-Patching [ungated],gtsrb/convnext_tiny,303,repair,6,8,8
NN-Patching [ungated],gtsrb/convnext_tiny,303,repair,7,3,7
NN-Patching [ungated],gtsrb/convnext_tiny,303,repair,10,12,12
NN-Patching [ungated],gtsrb/convnext_tiny,303,repair,11,14,14
NN-Patching [ungated],gtsrb/convnext_tiny,303,repair,13,1,1
NN-Patching [ungated],gtsrb/convnext_tiny,303,repair,14,0,1
NN-Patching [ungated],gtsrb/convnext_tiny,303,repair,18,22,22
NN-Patching [ungated],gtsrb/convnext_tiny,303,repair,21,2,2
NN-Patching [ungated],gtsrb/convnext_tiny,303,repair,22,8,8
NN-Patching [ungated],gtsrb/convnext_tiny,303,repair,25,33,33
NN-Patching [ungated],gtsrb/convnext_tiny,303,repair,28,4,4
NN-Patching [ungated],gtsrb/convnext_tiny,303,repair,30,23,23
NN-Patching [ungated],gtsrb/convnext_tiny,303,repair,31,4,4
NN-Patching [ungated],gtsrb/convnext_tiny,303,repair,35,4,4
NN-Patching [ungated],gtsrb/convnext_tiny,303,repair,36,0,1
NN-Patching [ungated],gtsrb/convnext_tiny,303,repair,38,1,1
NN-Patching [ungated],gtsrb/convnext_tiny,303,repair,39,0,1
NN-Patching [ungated],gtsrb/convnext_tiny,303,repair,40,0,2
NN-Patching [ungated],gtsrb/convnext_tiny,303,repair,41,5,5
NN-Patching [ungated],gtsrb/convnext_tiny,303,repair,42,44,44
NN-Patching [ungated],gtsrb/convnext_tiny,303,regression,0,45,45
NN-Patching [ungated],gtsrb/convnext_tiny,303,regression,1,562,562
NN-Patching [ungated],gtsrb/convnext_tiny,303,regression,2,608,608
NN-Patching [ungated],gtsrb/convnext_tiny,303,regression,3,0,338
NN-Patching [ungated],gtsrb/convnext_tiny,303,regression,4,0,524
NN-Patching [ungated],gtsrb/convnext_tiny,303,regression,5,420,482
NN-Patching [ungated],gtsrb/convnext_tiny,303,regression,6,59,94
NN-Patching [ungated],gtsrb/convnext_tiny,303,regression,7,2,340
NN-Patching [ungated],gtsrb/convnext_tiny,303,regression,8,364,364
NN-Patching [ungated],gtsrb/convnext_tiny,303,regression,9,392,392
NN-Patching [ungated],gtsrb/convnext_tiny,303,regression,10,0,520
NN-Patching [ungated],gtsrb/convnext_tiny,303,regression,11,0,301
NN-Patching [ungated],gtsrb/convnext_tiny,303,regression,12,557,557
NN-Patching [ungated],gtsrb/convnext_tiny,303,regression,13,550,587
NN-Patching [ungated],gtsrb/convnext_tiny,303,regression,14,215,215
NN-Patching [ungated],gtsrb/convnext_tiny,303,regression,15,12,166
NN-Patching [ungated],gtsrb/convnext_tiny,303,regression,16,123,123
NN-Patching [ungated],gtsrb/convnext_tiny,303,regression,17,285,285
NN-Patching [ungated],gtsrb/convnext_tiny,303,regression,18,0,275
NN-Patching [ungated],gtsrb/convnext_tiny,303,regression,19,53,53
NN-Patching [ungated],gtsrb/convnext_tiny,303,regression,20,71,71
NN-Patching [ungated],gtsrb/convnext_tiny,303,regression,21,0,63
NN-Patching [ungated],gtsrb/convnext_tiny,303,regression,22,0,78
NN-Patching [ungated],gtsrb/convnext_tiny,303,regression,23,127,127
NN-Patching [ungated],gtsrb/convnext_tiny,303,regression,24,0,72
NN-Patching [ungated],gtsrb/convnext_tiny,303,regression,25,0,336
NN-Patching [ungated],gtsrb/convnext_tiny,303,regression,26,142,142
NN-Patching [ungated],gtsrb/convnext_tiny,303,regression,27,48,48
NN-Patching [ungated],gtsrb/convnext_tiny,303,regression,28,0,116
NN-Patching [ungated],gtsrb/convnext_tiny,303,regression,29,0,77
NN-Patching [ungated],gtsrb/convnext_tiny,303,regression,30,0,87
NN-Patching [ungated],gtsrb/convnext_tiny,303,regression,31,0,225
NN-Patching [ungated],gtsrb/convnext_tiny,303,regression,32,45,45
NN-Patching [ungated],gtsrb/convnext_tiny,303,regression,33,161,161
NN-Patching [ungated],gtsrb/convnext_tiny,303,regression,34,101,101
NN-Patching [ungated],gtsrb/convnext_tiny,303,regression,35,4,304
NN-Patching [ungated],gtsrb/convnext_tiny,303,regression,36,90,90
NN-Patching [ungated],gtsrb/convnext_tiny,303,regression,37,53,53
NN-Patching [ungated],gtsrb/convnext_tiny,303,regression,38,168,546
NN-Patching [ungated],gtsrb/convnext_tiny,303,regression,39,72,72
NN-Patching [ungated],gtsrb/convnext_tiny,303,regression,40,68,68
NN-Patching [ungated],gtsrb/convnext_tiny,303,regression,41,17,39
NN-Patching [ungated],gtsrb/convnext_tiny,303,regression,42,0,5
NN-Patching [ungated],gtsrb/densenet121,101,repair,1,2,2
NN-Patching [ungated],gtsrb/densenet121,101,repair,2,1,1
NN-Patching [ungated],gtsrb/densenet121,101,repair,3,2,7
NN-Patching [ungated],gtsrb/densenet121,101,repair,4,1,1
NN-Patching [ungated],gtsrb/densenet121,101,repair,6,2,2
NN-Patching [ungated],gtsrb/densenet121,101,repair,8,9,9
NN-Patching [ungated],gtsrb/densenet121,101,repair,11,2,3
NN-Patching [ungated],gtsrb/densenet121,101,repair,12,1,1
NN-Patching [ungated],gtsrb/densenet121,101,repair,18,4,4
NN-Patching [ungated],gtsrb/densenet121,101,repair,21,2,2
NN-Patching [ungated],gtsrb/densenet121,101,repair,22,0,1
NN-Patching [ungated],gtsrb/densenet121,101,repair,24,0,1
NN-Patching [ungated],gtsrb/densenet121,101,repair,25,5,7
NN-Patching [ungated],gtsrb/densenet121,101,repair,26,0,1
NN-Patching [ungated],gtsrb/densenet121,101,repair,27,9,9
NN-Patching [ungated],gtsrb/densenet121,101,repair,30,2,2
NN-Patching [ungated],gtsrb/densenet121,101,repair,31,10,10
NN-Patching [ungated],gtsrb/densenet121,101,repair,35,5,6
NN-Patching [ungated],gtsrb/densenet121,101,repair,38,0,1
NN-Patching [ungated],gtsrb/densenet121,101,repair,39,3,3
NN-Patching [ungated],gtsrb/densenet121,101,repair,40,1,1
NN-Patching [ungated],gtsrb/densenet121,101,repair,41,9,9
NN-Patching [ungated],gtsrb/densenet121,101,regression,0,46,46
NN-Patching [ungated],gtsrb/densenet121,101,regression,1,581,582
NN-Patching [ungated],gtsrb/densenet121,101,regression,2,3,605
NN-Patching [ungated],gtsrb/densenet121,101,regression,3,18,356
NN-Patching [ungated],gtsrb/densenet121,101,regression,4,151,522
NN-Patching [ungated],gtsrb/densenet121,101,regression,5,498,499
NN-Patching [ungated],gtsrb/densenet121,101,regression,6,2,127
NN-Patching [ungated],gtsrb/densenet121,101,regression,7,313,353
NN-Patching [ungated],gtsrb/densenet121,101,regression,8,231,338
NN-Patching [ungated],gtsrb/densenet121,101,regression,9,392,392
NN-Patching [ungated],gtsrb/densenet121,101,regression,10,524,524
NN-Patching [ungated],gtsrb/densenet121,101,regression,11,18,329
NN-Patching [ungated],gtsrb/densenet121,101,regression,12,543,552
NN-Patching [ungated],gtsrb/densenet121,101,regression,13,585,589
NN-Patching [ungated],gtsrb/densenet121,101,regression,14,212,213
NN-Patching [ungated],gtsrb/densenet121,101,regression,15,155,160
NN-Patching [ungated],gtsrb/densenet121,101,regression,16,0,113
NN-Patching [ungated],gtsrb/densenet121,101,regression,17,289,289
NN-Patching [ungated],gtsrb/densenet121,101,regression,18,157,305
NN-Patching [ungated],gtsrb/densenet121,101,regression,19,48,48
NN-Patching [ungated],gtsrb/densenet121,101,regression,20,73,73
NN-Patching [ungated],gtsrb/densenet121,101,regression,21,19,68
NN-Patching [ungated],gtsrb/densenet121,101,regression,22,91,91
NN-Patching [ungated],gtsrb/densenet121,101,regression,23,114,114
NN-Patching [ungated],gtsrb/densenet121,101,regression,24,77,77
NN-Patching [ungated],gtsrb/densenet121,101,regression,25,371,374
NN-Patching [ungated],gtsrb/densenet121,101,regression,26,145,145
NN-Patching [ungated],gtsrb/densenet121,101,regression,27,2,34
NN-Patching [ungated],gtsrb/densenet121,101,regression,28,113,113
NN-Patching [ungated],gtsrb/densenet121,101,regression,29,73,73
NN-Patching [ungated],gtsrb/densenet121,101,regression,30,106,115
NN-Patching [ungated],gtsrb/densenet121,101,regression,31,127,204
NN-Patching [ungated],gtsrb/densenet121,101,regression,32,47,47
NN-Patching [ungated],gtsrb/densenet121,101,regression,33,169,169
NN-Patching [ungated],gtsrb/densenet121,101,regression,34,90,90
NN-Patching [ungated],gtsrb/densenet121,101,regression,35,12,296
NN-Patching [ungated],gtsrb/densenet121,101,regression,36,106,106
NN-Patching [ungated],gtsrb/densenet121,101,regression,37,48,48
NN-Patching [ungated],gtsrb/densenet121,101,regression,38,559,559
NN-Patching [ungated],gtsrb/densenet121,101,regression,39,30,66
NN-Patching [ungated],gtsrb/densenet121,101,regression,40,66,67
NN-Patching [ungated],gtsrb/densenet121,101,regression,41,0,34
NN-Patching [ungated],gtsrb/densenet121,101,regression,42,67,67
NN-Patching [ungated],gtsrb/densenet121,202,repair,1,0,4
NN-Patching [ungated],gtsrb/densenet121,202,repair,2,1,2
NN-Patching [ungated],gtsrb/densenet121,202,repair,3,4,4
NN-Patching [ungated],gtsrb/densenet121,202,repair,4,1,1
NN-Patching [ungated],gtsrb/densenet121,202,repair,6,0,4
NN-Patching [ungated],gtsrb/densenet121,202,repair,7,0,1
NN-Patching [ungated],gtsrb/densenet121,202,repair,8,10,10
NN-Patching [ungated],gtsrb/densenet121,202,repair,11,0,3
NN-Patching [ungated],gtsrb/densenet121,202,repair,12,1,1
NN-Patching [ungated],gtsrb/densenet121,202,repair,13,0,1
NN-Patching [ungated],gtsrb/densenet121,202,repair,16,1,1
NN-Patching [ungated],gtsrb/densenet121,202,repair,18,3,5
NN-Patching [ungated],gtsrb/densenet121,202,repair,21,1,1
NN-Patching [ungated],gtsrb/densenet121,202,repair,25,8,8
NN-Patching [ungated],gtsrb/densenet121,202,repair,26,2,2
NN-Patching [ungated],gtsrb/densenet121,202,repair,27,3,3
NN-Patching [ungated],gtsrb/densenet121,202,repair,30,2,2
NN-Patching [ungated],gtsrb/densenet121,202,repair,31,10,10
NN-Patching [ungated],gtsrb/densenet121,202,repair,33,0,1
NN-Patching [ungated],gtsrb/densenet121,202,repair,35,2,3
NN-Patching [ungated],gtsrb/densenet121,202,repair,39,2,2
NN-Patching [ungated],gtsrb/densenet121,202,repair,40,0,1
NN-Patching [ungated],gtsrb/densenet121,202,repair,41,12,12
NN-Patching [ungated],gtsrb/densenet121,202,regression,0,51,51
NN-Patching [ungated],gtsrb/densenet121,202,regression,1,578,578
NN-Patching [ungated],gtsrb/densenet121,202,regression,2,607,622
NN-Patching [ungated],gtsrb/densenet121,202,regression,3,2,366
NN-Patching [ungated],gtsrb/densenet121,202,regression,4,87,530
NN-Patching [ungated],gtsrb/densenet121,202,regression,5,491,491
NN-Patching [ungated],gtsrb/densenet121,202,regression,6,113,113
NN-Patching [ungated],gtsrb/densenet121,202,regression,7,358,358
NN-Patching [ungated],gtsrb/densenet121,202,regression,8,325,343
NN-Patching [ungated],gtsrb/densenet121,202,regression,9,365,365
NN-Patching [ungated],gtsrb/densenet121,202,regression,10,523,523
NN-Patching [ungated],gtsrb/densenet121,202,regression,11,322,323
NN-Patching [ungated],gtsrb/densenet121,202,regression,12,543,553
NN-Patching [ungated],gtsrb/densenet121,202,regression,13,586,586
NN-Patching [ungated],gtsrb/densenet121,202,regression,14,219,220
NN-Patching [ungated],gtsrb/densenet121,202,regression,15,52,172
NN-Patching [ungated],gtsrb/densenet121,202,regression,16,0,113
NN-Patching [ungated],gtsrb/densenet121,202,regression,17,285,285
NN-Patching [ungated],gtsrb/densenet121,202,regression,18,26,308
NN-Patching [ungated],gtsrb/densenet121,202,regression,19,48,48
NN-Patching [ungated],gtsrb/densenet121,202,regression,20,68,68
NN-Patching [ungated],gtsrb/densenet121,202,regression,21,3,71
NN-Patching [ungated],gtsrb/densenet121,202,regression,22,15,96
NN-Patching [ungated],gtsrb/densenet121,202,regression,23,117,117
NN-Patching [ungated],gtsrb/densenet121,202,regression,24,59,59
NN-Patching [ungated],gtsrb/densenet121,202,regression,25,327,366
NN-Patching [ungated],gtsrb/densenet121,202,regression,26,4,143
NN-Patching [ungated],gtsrb/densenet121,202,regression,27,9,40
NN-Patching [ungated],gtsrb/densenet121,202,regression,28,115,115
NN-Patching [ungated],gtsrb/densenet121,202,regression,29,75,75
NN-Patching [ungated],gtsrb/densenet121,202,regression,30,90,123
NN-Patching [ungated],gtsrb/densenet121,202,regression,31,103,192
NN-Patching [ungated],gtsrb/densenet121,202,regression,32,48,48
NN-Patching [ungated],gtsrb/densenet121,202,regression,33,173,173
NN-Patching [ungated],gtsrb/densenet121,202,regression,34,94,94
NN-Patching [ungated],gtsrb/densenet121,202,regression,35,60,309
NN-Patching [ungated],gtsrb/densenet121,202,regression,36,91,91
NN-Patching [ungated],gtsrb/densenet121,202,regression,37,48,48
NN-Patching [ungated],gtsrb/densenet121,202,regression,38,522,557
NN-Patching [ungated],gtsrb/densenet121,202,regression,39,38,65
NN-Patching [ungated],gtsrb/densenet121,202,regression,40,72,72
NN-Patching [ungated],gtsrb/densenet121,202,regression,41,0,32
NN-Patching [ungated],gtsrb/densenet121,202,regression,42,70,70
NN-Patching [ungated],gtsrb/densenet121,303,repair,1,1,1
NN-Patching [ungated],gtsrb/densenet121,303,repair,2,1,2
NN-Patching [ungated],gtsrb/densenet121,303,repair,3,4,4
NN-Patching [ungated],gtsrb/densenet121,303,repair,4,1,1
NN-Patching [ungated],gtsrb/densenet121,303,repair,6,2,2
NN-Patching [ungated],gtsrb/densenet121,303,repair,7,0,1
NN-Patching [ungated],gtsrb/densenet121,303,repair,8,6,6
NN-Patching [ungated],gtsrb/densenet121,303,repair,11,0,3
NN-Patching [ungated],gtsrb/densenet121,303,repair,12,1,1
NN-Patching [ungated],gtsrb/densenet121,303,repair,13,0,1
NN-Patching [ungated],gtsrb/densenet121,303,repair,16,2,2
NN-Patching [ungated],gtsrb/densenet121,303,repair,18,2,3
NN-Patching [ungated],gtsrb/densenet121,303,repair,21,0,3
NN-Patching [ungated],gtsrb/densenet121,303,repair,22,0,1
NN-Patching [ungated],gtsrb/densenet121,303,repair,25,6,9
NN-Patching [ungated],gtsrb/densenet121,303,repair,27,7,7
NN-Patching [ungated],gtsrb/densenet121,303,repair,30,1,2
NN-Patching [ungated],gtsrb/densenet121,303,repair,31,12,12
NN-Patching [ungated],gtsrb/densenet121,303,repair,35,5,5
NN-Patching [ungated],gtsrb/densenet121,303,repair,39,1,1
NN-Patching [ungated],gtsrb/densenet121,303,repair,41,15,15
NN-Patching [ungated],gtsrb/densenet121,303,regression,0,48,48
NN-Patching [ungated],gtsrb/densenet121,303,regression,1,568,573
NN-Patching [ungated],gtsrb/densenet121,303,regression,2,385,585
NN-Patching [ungated],gtsrb/densenet121,303,regression,3,6,348
NN-Patching [ungated],gtsrb/densenet121,303,regression,4,200,534
NN-Patching [ungated],gtsrb/densenet121,303,regression,5,481,481
NN-Patching [ungated],gtsrb/densenet121,303,regression,6,1,124
NN-Patching [ungated],gtsrb/densenet121,303,regression,7,354,354
NN-Patching [ungated],gtsrb/densenet121,303,regression,8,9,356
NN-Patching [ungated],gtsrb/densenet121,303,regression,9,383,383
NN-Patching [ungated],gtsrb/densenet121,303,regression,10,534,534
NN-Patching [ungated],gtsrb/densenet121,303,regression,11,333,333
NN-Patching [ungated],gtsrb/densenet121,303,regression,12,558,560
NN-Patching [ungated],gtsrb/densenet121,303,regression,13,559,578
NN-Patching [ungated],gtsrb/densenet121,303,regression,14,215,215
NN-Patching [ungated],gtsrb/densenet121,303,regression,15,159,161
NN-Patching [ungated],gtsrb/densenet121,303,regression,16,1,124
NN-Patching [ungated],gtsrb/densenet121,303,regression,17,292,292
NN-Patching [ungated],gtsrb/densenet121,303,regression,18,51,308
NN-Patching [ungated],gtsrb/densenet121,303,regression,19,42,42
NN-Patching [ungated],gtsrb/densenet121,303,regression,20,79,80
NN-Patching [ungated],gtsrb/densenet121,303,regression,21,68,68
NN-Patching [ungated],gtsrb/densenet121,303,regression,22,91,91
NN-Patching [ungated],gtsrb/densenet121,303,regression,23,128,128
NN-Patching [ungated],gtsrb/densenet121,303,regression,24,71,75
NN-Patching [ungated],gtsrb/densenet121,303,regression,25,356,358
NN-Patching [ungated],gtsrb/densenet121,303,regression,26,140,143
NN-Patching [ungated],gtsrb/densenet121,303,regression,27,7,30
NN-Patching [ungated],gtsrb/densenet121,303,regression,28,123,123
NN-Patching [ungated],gtsrb/densenet121,303,regression,29,71,71
NN-Patching [ungated],gtsrb/densenet121,303,regression,30,57,122
NN-Patching [ungated],gtsrb/densenet121,303,regression,31,119,197
NN-Patching [ungated],gtsrb/densenet121,303,regression,32,51,51
NN-Patching [ungated],gtsrb/densenet121,303,regression,33,177,180
NN-Patching [ungated],gtsrb/densenet121,303,regression,34,100,100
NN-Patching [ungated],gtsrb/densenet121,303,regression,35,0,289
NN-Patching [ungated],gtsrb/densenet121,303,regression,36,94,94
NN-Patching [ungated],gtsrb/densenet121,303,regression,37,48,48
NN-Patching [ungated],gtsrb/densenet121,303,regression,38,321,555
NN-Patching [ungated],gtsrb/densenet121,303,regression,39,38,72
NN-Patching [ungated],gtsrb/densenet121,303,regression,40,67,68
NN-Patching [ungated],gtsrb/densenet121,303,regression,41,0,32
NN-Patching [ungated],gtsrb/densenet121,303,regression,42,64,64
NN-Patching [ungated],gtsrb/vgg16,101,repair,0,3,3
NN-Patching [ungated],gtsrb/vgg16,101,repair,1,0,3
NN-Patching [ungated],gtsrb/vgg16,101,repair,2,0,3
NN-Patching [ungated],gtsrb/vgg16,101,repair,3,1,3
NN-Patching [ungated],gtsrb/vgg16,101,repair,5,2,5
NN-Patching [ungated],gtsrb/vgg16,101,repair,6,6,7
NN-Patching [ungated],gtsrb/vgg16,101,repair,7,0,1
NN-Patching [ungated],gtsrb/vgg16,101,repair,8,6,9
NN-Patching [ungated],gtsrb/vgg16,101,repair,9,0,1
NN-Patching [ungated],gtsrb/vgg16,101,repair,10,5,10
NN-Patching [ungated],gtsrb/vgg16,101,repair,11,7,12
NN-Patching [ungated],gtsrb/vgg16,101,repair,12,10,14
NN-Patching [ungated],gtsrb/vgg16,101,repair,13,0,3
NN-Patching [ungated],gtsrb/vgg16,101,repair,17,0,3
NN-Patching [ungated],gtsrb/vgg16,101,repair,18,11,11
NN-Patching [ungated],gtsrb/vgg16,101,repair,21,2,7
NN-Patching [ungated],gtsrb/vgg16,101,repair,22,6,6
NN-Patching [ungated],gtsrb/vgg16,101,repair,24,13,14
NN-Patching [ungated],gtsrb/vgg16,101,repair,26,5,13
NN-Patching [ungated],gtsrb/vgg16,101,repair,30,4,5
NN-Patching [ungated],gtsrb/vgg16,101,repair,31,1,3
NN-Patching [ungated],gtsrb/vgg16,101,repair,33,0,2
NN-Patching [ungated],gtsrb/vgg16,101,repair,35,3,5
NN-Patching [ungated],gtsrb/vgg16,101,repair,36,0,1
NN-Patching [ungated],gtsrb/vgg16,101,repair,38,8,19
NN-Patching [ungated],gtsrb/vgg16,101,repair,39,12,14
NN-Patching [ungated],gtsrb/vgg16,101,repair,40,2,7
NN-Patching [ungated],gtsrb/vgg16,101,repair,41,0,1
NN-Patching [ungated],gtsrb/vgg16,101,repair,42,5,5
NN-Patching [ungated],gtsrb/vgg16,101,regression,0,12,38
NN-Patching [ungated],gtsrb/vgg16,101,regression,1,563,563
NN-Patching [ungated],gtsrb/vgg16,101,regression,2,592,592
NN-Patching [ungated],gtsrb/vgg16,101,regression,3,210,333
NN-Patching [ungated],gtsrb/vgg16,101,regression,4,447,525
NN-Patching [ungated],gtsrb/vgg16,101,regression,5,459,489
NN-Patching [ungated],gtsrb/vgg16,101,regression,6,115,115
NN-Patching [ungated],gtsrb/vgg16,101,regression,7,352,356
NN-Patching [ungated],gtsrb/vgg16,101,regression,8,339,353
NN-Patching [ungated],gtsrb/vgg16,101,regression,9,369,396
NN-Patching [ungated],gtsrb/vgg16,101,regression,10,506,509
NN-Patching [ungated],gtsrb/vgg16,101,regression,11,302,324
NN-Patching [ungated],gtsrb/vgg16,101,regression,12,529,531
NN-Patching [ungated],gtsrb/vgg16,101,regression,13,583,583
NN-Patching [ungated],gtsrb/vgg16,101,regression,14,218,218
NN-Patching [ungated],gtsrb/vgg16,101,regression,15,158,158
NN-Patching [ungated],gtsrb/vgg16,101,regression,16,133,133
NN-Patching [ungated],gtsrb/vgg16,101,regression,17,286,286
NN-Patching [ungated],gtsrb/vgg16,101,regression,18,272,298
NN-Patching [ungated],gtsrb/vgg16,101,regression,19,45,45
NN-Patching [ungated],gtsrb/vgg16,101,regression,20,65,65
NN-Patching [ungated],gtsrb/vgg16,101,regression,21,68,68
NN-Patching [ungated],gtsrb/vgg16,101,regression,22,77,87
NN-Patching [ungated],gtsrb/vgg16,101,regression,23,114,114
NN-Patching [ungated],gtsrb/vgg16,101,regression,24,50,50
NN-Patching [ungated],gtsrb/vgg16,101,regression,25,363,368
NN-Patching [ungated],gtsrb/vgg16,101,regression,26,124,132
NN-Patching [ungated],gtsrb/vgg16,101,regression,27,48,48
NN-Patching [ungated],gtsrb/vgg16,101,regression,28,122,122
NN-Patching [ungated],gtsrb/vgg16,101,regression,29,73,74
NN-Patching [ungated],gtsrb/vgg16,101,regression,30,102,114
NN-Patching [ungated],gtsrb/vgg16,101,regression,31,206,208
NN-Patching [ungated],gtsrb/vgg16,101,regression,32,49,49
NN-Patching [ungated],gtsrb/vgg16,101,regression,33,164,164
NN-Patching [ungated],gtsrb/vgg16,101,regression,34,99,99
NN-Patching [ungated],gtsrb/vgg16,101,regression,35,320,322
NN-Patching [ungated],gtsrb/vgg16,101,regression,36,84,84
NN-Patching [ungated],gtsrb/vgg16,101,regression,37,50,50
NN-Patching [ungated],gtsrb/vgg16,101,regression,38,519,526
NN-Patching [ungated],gtsrb/vgg16,101,regression,39,22,54
NN-Patching [ungated],gtsrb/vgg16,101,regression,40,56,56
NN-Patching [ungated],gtsrb/vgg16,101,regression,41,45,45
NN-Patching [ungated],gtsrb/vgg16,101,regression,42,55,57
NN-Patching [ungated],gtsrb/vgg16,202,repair,0,6,6
NN-Patching [ungated],gtsrb/vgg16,202,repair,1,0,2
NN-Patching [ungated],gtsrb/vgg16,202,repair,2,1,3
NN-Patching [ungated],gtsrb/vgg16,202,repair,3,1,3
NN-Patching [ungated],gtsrb/vgg16,202,repair,4,0,3
NN-Patching [ungated],gtsrb/vgg16,202,repair,5,1,6
NN-Patching [ungated],gtsrb/vgg16,202,repair,6,5,6
NN-Patching [ungated],gtsrb/vgg16,202,repair,7,0,1
NN-Patching [ungated],gtsrb/vgg16,202,repair,8,6,6
NN-Patching [ungated],gtsrb/vgg16,202,repair,9,0,1
NN-Patching [ungated],gtsrb/vgg16,202,repair,10,3,8
NN-Patching [ungated],gtsrb/vgg16,202,repair,11,4,11
NN-Patching [ungated],gtsrb/vgg16,202,repair,12,9,11
NN-Patching [ungated],gtsrb/vgg16,202,repair,13,0,2
NN-Patching [ungated],gtsrb/vgg16,202,repair,17,0,2
NN-Patching [ungated],gtsrb/vgg16,202,repair,18,9,14
NN-Patching [ungated],gtsrb/vgg16,202,repair,21,6,7
NN-Patching [ungated],gtsrb/vgg16,202,repair,22,7,7
NN-Patching [ungated],gtsrb/vgg16,202,repair,24,12,13
NN-Patching [ungated],gtsrb/vgg16,202,repair,26,6,13
NN-Patching [ungated],gtsrb/vgg16,202,repair,30,1,6
NN-Patching [ungated],gtsrb/vgg16,202,repair,31,1,5
NN-Patching [ungated],gtsrb/vgg16,202,repair,33,1,1
NN-Patching [ungated],gtsrb/vgg16,202,repair,35,0,7
NN-Patching [ungated],gtsrb/vgg16,202,repair,38,6,18
NN-Patching [ungated],gtsrb/vgg16,202,repair,39,10,12
NN-Patching [ungated],gtsrb/vgg16,202,repair,40,4,8
NN-Patching [ungated],gtsrb/vgg16,202,repair,41,0,1
NN-Patching [ungated],gtsrb/vgg16,202,repair,42,4,7
NN-Patching [ungated],gtsrb/vgg16,202,regression,0,20,42
NN-Patching [ungated],gtsrb/vgg16,202,regression,1,577,578
NN-Patching [ungated],gtsrb/vgg16,202,regression,2,598,598
NN-Patching [ungated],gtsrb/vgg16,202,regression,3,345,345
NN-Patching [ungated],gtsrb/vgg16,202,regression,4,524,526
NN-Patching [ungated],gtsrb/vgg16,202,regression,5,434,498
NN-Patching [ungated],gtsrb/vgg16,202,regression,6,112,113
NN-Patching [ungated],gtsrb/vgg16,202,regression,7,373,373
NN-Patching [ungated],gtsrb/vgg16,202,regression,8,302,328
NN-Patching [ungated],gtsrb/vgg16,202,regression,9,375,384
NN-Patching [ungated],gtsrb/vgg16,202,regression,10,515,520
NN-Patching [ungated],gtsrb/vgg16,202,regression,11,312,321
NN-Patching [ungated],gtsrb/vgg16,202,regression,12,524,526
NN-Patching [ungated],gtsrb/vgg16,202,regression,13,565,566
NN-Patching [ungated],gtsrb/vgg16,202,regression,14,213,213
NN-Patching [ungated],gtsrb/vgg16,202,regression,15,176,176
NN-Patching [ungated],gtsrb/vgg16,202,regression,16,126,126
NN-Patching [ungated],gtsrb/vgg16,202,regression,17,288,288
NN-Patching [ungated],gtsrb/vgg16,202,regression,18,290,301
NN-Patching [ungated],gtsrb/vgg16,202,regression,19,49,49
NN-Patching [ungated],gtsrb/vgg16,202,regression,20,72,72
NN-Patching [ungated],gtsrb/vgg16,202,regression,21,66,66
NN-Patching [ungated],gtsrb/vgg16,202,regression,22,78,83
NN-Patching [ungated],gtsrb/vgg16,202,regression,23,120,120
NN-Patching [ungated],gtsrb/vgg16,202,regression,24,43,43
NN-Patching [ungated],gtsrb/vgg16,202,regression,25,358,378
NN-Patching [ungated],gtsrb/vgg16,202,regression,26,120,122
NN-Patching [ungated],gtsrb/vgg16,202,regression,27,48,48
NN-Patching [ungated],gtsrb/vgg16,202,regression,28,121,121
NN-Patching [ungated],gtsrb/vgg16,202,regression,29,63,66
NN-Patching [ungated],gtsrb/vgg16,202,regression,30,109,115
NN-Patching [ungated],gtsrb/vgg16,202,regression,31,214,216
NN-Patching [ungated],gtsrb/vgg16,202,regression,32,46,46
NN-Patching [ungated],gtsrb/vgg16,202,regression,33,165,165
NN-Patching [ungated],gtsrb/vgg16,202,regression,34,93,93
NN-Patching [ungated],gtsrb/vgg16,202,regression,35,291,292
NN-Patching [ungated],gtsrb/vgg16,202,regression,36,94,94
NN-Patching [ungated],gtsrb/vgg16,202,regression,37,50,50
NN-Patching [ungated],gtsrb/vgg16,202,regression,38,510,518
NN-Patching [ungated],gtsrb/vgg16,202,regression,39,44,47
NN-Patching [ungated],gtsrb/vgg16,202,regression,40,63,63
NN-Patching [ungated],gtsrb/vgg16,202,regression,41,44,44
NN-Patching [ungated],gtsrb/vgg16,202,regression,42,64,68
NN-Patching [ungated],gtsrb/vgg16,303,repair,0,7,7
NN-Patching [ungated],gtsrb/vgg16,303,repair,1,1,2
NN-Patching [ungated],gtsrb/vgg16,303,repair,2,3,3
NN-Patching [ungated],gtsrb/vgg16,303,repair,3,1,1
NN-Patching [ungated],gtsrb/vgg16,303,repair,4,0,2
NN-Patching [ungated],gtsrb/vgg16,303,repair,5,2,5
NN-Patching [ungated],gtsrb/vgg16,303,repair,6,4,6
NN-Patching [ungated],gtsrb/vgg16,303,repair,7,0,1
NN-Patching [ungated],gtsrb/vgg16,303,repair,8,8,9
NN-Patching [ungated],gtsrb/vgg16,303,repair,9,0,1
NN-Patching [ungated],gtsrb/vgg16,303,repair,10,4,7
NN-Patching [ungated],gtsrb/vgg16,303,repair,11,3,9
NN-Patching [ungated],gtsrb/vgg16,303,repair,12,8,9
NN-Patching [ungated],gtsrb/vgg16,303,repair,13,0,1
NN-Patching [ungated],gtsrb/vgg16,303,repair,17,1,4
NN-Patching [ungated],gtsrb/vgg16,303,repair,18,10,11
NN-Patching [ungated],gtsrb/vgg16,303,repair,21,0,4
NN-Patching [ungated],gtsrb/vgg16,303,repair,22,9,10
NN-Patching [ungated],gtsrb/vgg16,303,repair,24,17,20
NN-Patching [ungated],gtsrb/vgg16,303,repair,26,9,12
NN-Patching [ungated],gtsrb/vgg16,303,repair,29,0,2
NN-Patching [ungated],gtsrb/vgg16,303,repair,30,4,7
NN-Patching [ungated],gtsrb/vgg16,303,repair,31,3,5
NN-Patching [ungated],gtsrb/vgg16,303,repair,33,0,1
NN-Patching [ungated],gtsrb/vgg16,303,repair,35,3,6
NN-Patching [ungated],gtsrb/vgg16,303,repair,36,0,1
NN-Patching [ungated],gtsrb/vgg16,303,repair,38,13,17
NN-Patching [ungated],gtsrb/vgg16,303,repair,39,14,15
NN-Patching [ungated],gtsrb/vgg16,303,repair,40,6,8
NN-Patching [ungated],gtsrb/vgg16,303,repair,42,3,4
NN-Patching [ungated],gtsrb/vgg16,303,regression,0,0,45
NN-Patching [ungated],gtsrb/vgg16,303,regression,1,563,565
NN-Patching [ungated],gtsrb/vgg16,303,regression,2,590,590
NN-Patching [ungated],gtsrb/vgg16,303,regression,3,324,362
NN-Patching [ungated],gtsrb/vgg16,303,regression,4,528,529
NN-Patching [ungated],gtsrb/vgg16,303,regression,5,464,481
NN-Patching [ungated],gtsrb/vgg16,303,regression,6,105,114
NN-Patching [ungated],gtsrb/vgg16,303,regression,7,353,358
NN-Patching [ungated],gtsrb/vgg16,303,regression,8,331,334
NN-Patching [ungated],gtsrb/vgg16,303,regression,9,383,397
NN-Patching [ungated],gtsrb/vgg16,303,regression,10,501,505
NN-Patching [ungated],gtsrb/vgg16,303,regression,11,308,317
NN-Patching [ungated],gtsrb/vgg16,303,regression,12,516,524
NN-Patching [ungated],gtsrb/vgg16,303,regression,13,568,570
NN-Patching [ungated],gtsrb/vgg16,303,regression,14,221,221
NN-Patching [ungated],gtsrb/vgg16,303,regression,15,160,160
NN-Patching [ungated],gtsrb/vgg16,303,regression,16,122,122
NN-Patching [ungated],gtsrb/vgg16,303,regression,17,286,286
NN-Patching [ungated],gtsrb/vgg16,303,regression,18,213,293
NN-Patching [ungated],gtsrb/vgg16,303,regression,19,47,47
NN-Patching [ungated],gtsrb/vgg16,303,regression,20,70,70
NN-Patching [ungated],gtsrb/vgg16,303,regression,21,60,60
NN-Patching [ungated],gtsrb/vgg16,303,regression,22,75,83
NN-Patching [ungated],gtsrb/vgg16,303,regression,23,113,113
NN-Patching [ungated],gtsrb/vgg16,303,regression,24,49,49
NN-Patching [ungated],gtsrb/vgg16,303,regression,25,400,400
NN-Patching [ungated],gtsrb/vgg16,303,regression,26,119,125
NN-Patching [ungated],gtsrb/vgg16,303,regression,27,46,46
NN-Patching [ungated],gtsrb/vgg16,303,regression,28,128,128
NN-Patching [ungated],gtsrb/vgg16,303,regression,29,67,67
NN-Patching [ungated],gtsrb/vgg16,303,regression,30,102,117
NN-Patching [ungated],gtsrb/vgg16,303,regression,31,212,213
NN-Patching [ungated],gtsrb/vgg16,303,regression,32,50,50
NN-Patching [ungated],gtsrb/vgg16,303,regression,33,172,172
NN-Patching [ungated],gtsrb/vgg16,303,regression,34,86,86
NN-Patching [ungated],gtsrb/vgg16,303,regression,35,303,304
NN-Patching [ungated],gtsrb/vgg16,303,regression,36,92,92
NN-Patching [ungated],gtsrb/vgg16,303,regression,37,53,53
NN-Patching [ungated],gtsrb/vgg16,303,regression,38,519,529
NN-Patching [ungated],gtsrb/vgg16,303,regression,39,47,53
NN-Patching [ungated],gtsrb/vgg16,303,regression,40,58,58
NN-Patching [ungated],gtsrb/vgg16,303,regression,41,43,48
NN-Patching [ungated],gtsrb/vgg16,303,regression,42,56,65
NN-Patching [ungated],tt100k_signs/resnet50,101,repair,3,0,2
NN-Patching [ungated],tt100k_signs/resnet50,101,repair,4,0,2
NN-Patching [ungated],tt100k_signs/resnet50,101,repair,5,0,1
NN-Patching [ungated],tt100k_signs/resnet50,101,repair,6,2,2
NN-Patching [ungated],tt100k_signs/resnet50,101,repair,7,2,5
NN-Patching [ungated],tt100k_signs/resnet50,101,repair,10,0,1
NN-Patching [ungated],tt100k_signs/resnet50,101,repair,12,0,1
NN-Patching [ungated],tt100k_signs/resnet50,101,repair,14,0,1
NN-Patching [ungated],tt100k_signs/resnet50,101,repair,18,10,13
NN-Patching [ungated],tt100k_signs/resnet50,101,repair,19,0,1
NN-Patching [ungated],tt100k_signs/resnet50,101,repair,20,1,1
NN-Patching [ungated],tt100k_signs/resnet50,101,repair,21,0,1
NN-Patching [ungated],tt100k_signs/resnet50,101,repair,23,0,2
NN-Patching [ungated],tt100k_signs/resnet50,101,repair,24,0,1
NN-Patching [ungated],tt100k_signs/resnet50,101,repair,27,0,2
NN-Patching [ungated],tt100k_signs/resnet50,101,repair,28,0,1
NN-Patching [ungated],tt100k_signs/resnet50,101,repair,29,2,2
NN-Patching [ungated],tt100k_signs/resnet50,101,repair,30,0,1
NN-Patching [ungated],tt100k_signs/resnet50,101,repair,35,0,1
NN-Patching [ungated],tt100k_signs/resnet50,101,repair,38,0,5
NN-Patching [ungated],tt100k_signs/resnet50,101,repair,42,0,1
NN-Patching [ungated],tt100k_signs/resnet50,101,repair,44,0,1
NN-Patching [ungated],tt100k_signs/resnet50,101,repair,54,0,2
NN-Patching [ungated],tt100k_signs/resnet50,101,repair,57,1,1
NN-Patching [ungated],tt100k_signs/resnet50,101,repair,59,0,1
NN-Patching [ungated],tt100k_signs/resnet50,101,repair,62,2,2
NN-Patching [ungated],tt100k_signs/resnet50,101,repair,63,8,8
NN-Patching [ungated],tt100k_signs/resnet50,101,repair,67,10,10
NN-Patching [ungated],tt100k_signs/resnet50,101,repair,68,1,1
NN-Patching [ungated],tt100k_signs/resnet50,101,repair,69,0,1
NN-Patching [ungated],tt100k_signs/resnet50,101,repair,70,0,1
NN-Patching [ungated],tt100k_signs/resnet50,101,repair,72,2,2
NN-Patching [ungated],tt100k_signs/resnet50,101,repair,74,0,1
NN-Patching [ungated],tt100k_signs/resnet50,101,repair,75,4,5
NN-Patching [ungated],tt100k_signs/resnet50,101,repair,78,0,2
NN-Patching [ungated],tt100k_signs/resnet50,101,repair,79,0,1
NN-Patching [ungated],tt100k_signs/resnet50,101,repair,81,0,3
NN-Patching [ungated],tt100k_signs/resnet50,101,repair,82,0,3
NN-Patching [ungated],tt100k_signs/resnet50,101,repair,83,9,10
NN-Patching [ungated],tt100k_signs/resnet50,101,repair,88,0,1
NN-Patching [ungated],tt100k_signs/resnet50,101,repair,89,6,6
NN-Patching [ungated],tt100k_signs/resnet50,101,repair,91,3,5
NN-Patching [ungated],tt100k_signs/resnet50,101,repair,92,0,2
NN-Patching [ungated],tt100k_signs/resnet50,101,repair,93,1,1
NN-Patching [ungated],tt100k_signs/resnet50,101,repair,94,0,3
NN-Patching [ungated],tt100k_signs/resnet50,101,repair,95,0,2
NN-Patching [ungated],tt100k_signs/resnet50,101,repair,97,0,5
NN-Patching [ungated],tt100k_signs/resnet50,101,repair,98,0,1
NN-Patching [ungated],tt100k_signs/resnet50,101,repair,99,0,2
NN-Patching [ungated],tt100k_signs/resnet50,101,repair,100,0,1
NN-Patching [ungated],tt100k_signs/resnet50,101,repair,101,0,1
NN-Patching [ungated],tt100k_signs/resnet50,101,repair,105,0,1
NN-Patching [ungated],tt100k_signs/resnet50,101,repair,106,2,2
NN-Patching [ungated],tt100k_signs/resnet50,101,repair,110,2,2
NN-Patching [ungated],tt100k_signs/resnet50,101,repair,112,0,1
NN-Patching [ungated],tt100k_signs/resnet50,101,repair,114,0,1
NN-Patching [ungated],tt100k_signs/resnet50,101,repair,115,0,3
NN-Patching [ungated],tt100k_signs/resnet50,101,repair,117,23,26
NN-Patching [ungated],tt100k_signs/resnet50,101,repair,121,1,2
NN-Patching [ungated],tt100k_signs/resnet50,101,repair,123,0,2
NN-Patching [ungated],tt100k_signs/resnet50,101,repair,125,0,2
NN-Patching [ungated],tt100k_signs/resnet50,101,repair,126,0,1
NN-Patching [ungated],tt100k_signs/resnet50,101,repair,128,2,3
NN-Patching [ungated],tt100k_signs/resnet50,101,repair,133,0,1
NN-Patching [ungated],tt100k_signs/resnet50,101,repair,137,0,1
NN-Patching [ungated],tt100k_signs/resnet50,101,repair,138,0,1
NN-Patching [ungated],tt100k_signs/resnet50,101,repair,140,0,1
NN-Patching [ungated],tt100k_signs/resnet50,101,repair,141,11,11
NN-Patching [ungated],tt100k_signs/resnet50,101,repair,142,12,12
NN-Patching [ungated],tt100k_signs/resnet50,101,repair,143,0,1
NN-Patching [ungated],tt100k_signs/resnet50,101,repair,144,0,1
NN-Patching [ungated],tt100k_signs/resnet50,101,repair,147,0,1
NN-Patching [ungated],tt100k_signs/resnet50,101,repair,148,6,6
NN-Patching [ungated],tt100k_signs/resnet50,101,repair,149,5,5
NN-Patching [ungated],tt100k_signs/resnet50,101,repair,152,1,4
NN-Patching [ungated],tt100k_signs/resnet50,101,repair,153,2,2
NN-Patching [ungated],tt100k_signs/resnet50,101,repair,155,0,1
NN-Patching [ungated],tt100k_signs/resnet50,101,repair,160,4,7
NN-Patching [ungated],tt100k_signs/resnet50,101,repair,161,3,3
NN-Patching [ungated],tt100k_signs/resnet50,101,repair,163,0,1
NN-Patching [ungated],tt100k_signs/resnet50,101,repair,164,0,1
NN-Patching [ungated],tt100k_signs/resnet50,101,repair,165,1,2
NN-Patching [ungated],tt100k_signs/resnet50,101,repair,169,0,1
NN-Patching [ungated],tt100k_signs/resnet50,101,repair,171,0,1
NN-Patching [ungated],tt100k_signs/resnet50,101,repair,172,2,3
NN-Patching [ungated],tt100k_signs/resnet50,101,repair,173,0,1
NN-Patching [ungated],tt100k_signs/resnet50,101,repair,174,0,1
NN-Patching [ungated],tt100k_signs/resnet50,101,repair,177,0,1
NN-Patching [ungated],tt100k_signs/resnet50,101,repair,178,2,2
NN-Patching [ungated],tt100k_signs/resnet50,101,repair,179,2,4
NN-Patching [ungated],tt100k_signs/resnet50,101,repair,180,3,4
NN-Patching [ungated],tt100k_signs/resnet50,101,regression,0,1,1
NN-Patching [ungated],tt100k_signs/resnet50,101,regression,1,34,34
NN-Patching [ungated],tt100k_signs/resnet50,101,regression,3,4,4
NN-Patching [ungated],tt100k_signs/resnet50,101,regression,4,2,2
NN-Patching [ungated],tt100k_signs/resnet50,101,regression,5,1,1
NN-Patching [ungated],tt100k_signs/resnet50,101,regression,7,91,102
NN-Patching [ungated],tt100k_signs/resnet50,101,regression,8,4,4
NN-Patching [ungated],tt100k_signs/resnet50,101,regression,9,198,198
NN-Patching [ungated],tt100k_signs/resnet50,101,regression,10,136,455
NN-Patching [ungated],tt100k_signs/resnet50,101,regression,11,31,31
NN-Patching [ungated],tt100k_signs/resnet50,101,regression,12,1,1
NN-Patching [ungated],tt100k_signs/resnet50,101,regression,13,4,4
NN-Patching [ungated],tt100k_signs/resnet50,101,regression,14,116,116
NN-Patching [ungated],tt100k_signs/resnet50,101,regression,15,4,4
NN-Patching [ungated],tt100k_signs/resnet50,101,regression,16,69,69
NN-Patching [ungated],tt100k_signs/resnet50,101,regression,17,15,15
NN-Patching [ungated],tt100k_signs/resnet50,101,regression,18,134,206
NN-Patching [ungated],tt100k_signs/resnet50,101,regression,19,98,98
NN-Patching [ungated],tt100k_signs/resnet50,101,regression,20,1,34
NN-Patching [ungated],tt100k_signs/resnet50,101,regression,21,66,66
NN-Patching [ungated],tt100k_signs/resnet50,101,regression,22,394,395
NN-Patching [ungated],tt100k_signs/resnet50,101,regression,23,58,58
NN-Patching [ungated],tt100k_signs/resnet50,101,regression,25,0,24
NN-Patching [ungated],tt100k_signs/resnet50,101,regression,27,3,3
NN-Patching [ungated],tt100k_signs/resnet50,101,regression,28,10,10
NN-Patching [ungated],tt100k_signs/resnet50,101,regression,29,3,3
NN-Patching [ungated],tt100k_signs/resnet50,101,regression,30,30,30
NN-Patching [ungated],tt100k_signs/resnet50,101,regression,31,5,5
NN-Patching [ungated],tt100k_signs/resnet50,101,regression,34,9,9
NN-Patching [ungated],tt100k_signs/resnet50,101,regression,35,83,83
NN-Patching [ungated],tt100k_signs/resnet50,101,regression,37,10,10
NN-Patching [ungated],tt100k_signs/resnet50,101,regression,38,202,202
NN-Patching [ungated],tt100k_signs/resnet50,101,regression,39,36,36
NN-Patching [ungated],tt100k_signs/resnet50,101,regression,40,2,2
NN-Patching [ungated],tt100k_signs/resnet50,101,regression,41,15,50
NN-Patching [ungated],tt100k_signs/resnet50,101,regression,42,1,1
NN-Patching [ungated],tt100k_signs/resnet50,101,regression,43,0,101
NN-Patching [ungated],tt100k_signs/resnet50,101,regression,44,4,26
NN-Patching [ungated],tt100k_signs/resnet50,101,regression,46,3,3
NN-Patching [ungated],tt100k_signs/resnet50,101,regression,47,1,15
NN-Patching [ungated],tt100k_signs/resnet50,101,regression,48,5,5
NN-Patching [ungated],tt100k_signs/resnet50,101,regression,50,11,11
NN-Patching [ungated],tt100k_signs/resnet50,101,regression,51,13,13
NN-Patching [ungated],tt100k_signs/resnet50,101,regression,53,18,18
NN-Patching [ungated],tt100k_signs/resnet50,101,regression,55,32,32
NN-Patching [ungated],tt100k_signs/resnet50,101,regression,57,0,2
NN-Patching [ungated],tt100k_signs/resnet50,101,regression,59,4,4
NN-Patching [ungated],tt100k_signs/resnet50,101,regression,61,6,6
NN-Patching [ungated],tt100k_signs/resnet50,101,regression,65,8,8
NN-Patching [ungated],tt100k_signs/resnet50,101,regression,68,1,2
NN-Patching [ungated],tt100k_signs/resnet50,101,regression,70,29,29
NN-Patching [ungated],tt100k_signs/resnet50,101,regression,71,14,14
NN-Patching [ungated],tt100k_signs/resnet50,101,regression,74,33,44
NN-Patching [ungated],tt100k_signs/resnet50,101,regression,76,33,33
NN-Patching [ungated],tt100k_signs/resnet50,101,regression,77,2,2
NN-Patching [ungated],tt100k_signs/resnet50,101,regression,80,0,19
NN-Patching [ungated],tt100k_signs/resnet50,101,regression,81,22,169
NN-Patching [ungated],tt100k_signs/resnet50,101,regression,82,10,10
NN-Patching [ungated],tt100k_signs/resnet50,101,regression,83,0,57
NN-Patching [ungated],tt100k_signs/resnet50,101,regression,84,48,48
NN-Patching [ungated],tt100k_signs/resnet50,101,regression,85,43,43
NN-Patching [ungated],tt100k_signs/resnet50,101,regression,86,3,3
NN-Patching [ungated],tt100k_signs/resnet50,101,regression,88,170,173
NN-Patching [ungated],tt100k_signs/resnet50,101,regression,89,0,1
NN-Patching [ungated],tt100k_signs/resnet50,101,regression,91,18,341
NN-Patching [ungated],tt100k_signs/resnet50,101,regression,92,166,170
NN-Patching [ungated],tt100k_signs/resnet50,101,regression,93,299,299
NN-Patching [ungated],tt100k_signs/resnet50,101,regression,94,227,227
NN-Patching [ungated],tt100k_signs/resnet50,101,regression,96,34,34
NN-Patching [ungated],tt100k_signs/resnet50,101,regression,97,230,231
NN-Patching [ungated],tt100k_signs/resnet50,101,regression,98,8,8
NN-Patching [ungated],tt100k_signs/resnet50,101,regression,100,27,27
NN-Patching [ungated],tt100k_signs/resnet50,101,regression,102,16,16
NN-Patching [ungated],tt100k_signs/resnet50,101,regression,103,3,3
NN-Patching [ungated],tt100k_signs/resnet50,101,regression,105,43,43
NN-Patching [ungated],tt100k_signs/resnet50,101,regression,107,23,23
NN-Patching [ungated],tt100k_signs/resnet50,101,regression,109,5,5
NN-Patching [ungated],tt100k_signs/resnet50,101,regression,111,13,13
NN-Patching [ungated],tt100k_signs/resnet50,101,regression,112,6,6
NN-Patching [ungated],tt100k_signs/resnet50,101,regression,113,27,27
NN-Patching [ungated],tt100k_signs/resnet50,101,regression,114,5,5
NN-Patching [ungated],tt100k_signs/resnet50,101,regression,115,873,874
NN-Patching [ungated],tt100k_signs/resnet50,101,regression,116,626,626
NN-Patching [ungated],tt100k_signs/resnet50,101,regression,117,119,268
NN-Patching [ungated],tt100k_signs/resnet50,101,regression,120,0,13
NN-Patching [ungated],tt100k_signs/resnet50,101,regression,121,1,24
NN-Patching [ungated],tt100k_signs/resnet50,101,regression,122,48,48
NN-Patching [ungated],tt100k_signs/resnet50,101,regression,124,0,18
NN-Patching [ungated],tt100k_signs/resnet50,101,regression,125,29,29
NN-Patching [ungated],tt100k_signs/resnet50,101,regression,126,10,10
NN-Patching [ungated],tt100k_signs/resnet50,101,regression,127,10,10
NN-Patching [ungated],tt100k_signs/resnet50,101,regression,128,22,42
NN-Patching [ungated],tt100k_signs/resnet50,101,regression,132,9,9
NN-Patching [ungated],tt100k_signs/resnet50,101,regression,134,3,3
NN-Patching [ungated],tt100k_signs/resnet50,101,regression,139,1,1
NN-Patching [ungated],tt100k_signs/resnet50,101,regression,140,30,30
NN-Patching [ungated],tt100k_signs/resnet50,101,regression,143,2,4
NN-Patching [ungated],tt100k_signs/resnet50,101,regression,145,5,5
NN-Patching [ungated],tt100k_signs/resnet50,101,regression,146,38,38
NN-Patching [ungated],tt100k_signs/resnet50,101,regression,147,8,37
NN-Patching [ungated],tt100k_signs/resnet50,101,regression,151,6,6
NN-Patching [ungated],tt100k_signs/resnet50,101,regression,152,41,41
NN-Patching [ungated],tt100k_signs/resnet50,101,regression,154,21,24
NN-Patching [ungated],tt100k_signs/resnet50,101,regression,155,9,9
NN-Patching [ungated],tt100k_signs/resnet50,101,regression,156,1,1
NN-Patching [ungated],tt100k_signs/resnet50,101,regression,158,1,1
NN-Patching [ungated],tt100k_signs/resnet50,101,regression,159,1,1
NN-Patching [ungated],tt100k_signs/resnet50,101,regression,160,4,10
NN-Patching [ungated],tt100k_signs/resnet50,101,regression,163,1,9
NN-Patching [ungated],tt100k_signs/resnet50,101,regression,164,2,2
NN-Patching [ungated],tt100k_signs/resnet50,101,regression,165,1,17
NN-Patching [ungated],tt100k_signs/resnet50,101,regression,170,52,52
NN-Patching [ungated],tt100k_signs/resnet50,101,regression,172,5,104
NN-Patching [ungated],tt100k_signs/resnet50,101,regression,173,23,23
NN-Patching [ungated],tt100k_signs/resnet50,101,regression,174,49,49
NN-Patching [ungated],tt100k_signs/resnet50,101,regression,177,42,44
NN-Patching [ungated],tt100k_signs/resnet50,101,regression,180,24,24
NN-Patching [ungated],tt100k_signs/resnet50,202,repair,3,0,2
NN-Patching [ungated],tt100k_signs/resnet50,202,repair,4,0,2
NN-Patching [ungated],tt100k_signs/resnet50,202,repair,6,2,2
NN-Patching [ungated],tt100k_signs/resnet50,202,repair,7,2,3
NN-Patching [ungated],tt100k_signs/resnet50,202,repair,8,0,1
NN-Patching [ungated],tt100k_signs/resnet50,202,repair,12,0,1
NN-Patching [ungated],tt100k_signs/resnet50,202,repair,14,0,1
NN-Patching [ungated],tt100k_signs/resnet50,202,repair,16,0,1
NN-Patching [ungated],tt100k_signs/resnet50,202,repair,18,5,7
NN-Patching [ungated],tt100k_signs/resnet50,202,repair,22,1,2
NN-Patching [ungated],tt100k_signs/resnet50,202,repair,23,0,1
NN-Patching [ungated],tt100k_signs/resnet50,202,repair,27,0,2
NN-Patching [ungated],tt100k_signs/resnet50,202,repair,29,4,4
NN-Patching [ungated],tt100k_signs/resnet50,202,repair,30,0,1
NN-Patching [ungated],tt100k_signs/resnet50,202,repair,34,0,1
NN-Patching [ungated],tt100k_signs/resnet50,202,repair,38,1,2
NN-Patching [ungated],tt100k_signs/resnet50,202,repair,41,0,1
NN-Patching [ungated],tt100k_signs/resnet50,202,repair,45,0,1
NN-Patching [ungated],tt100k_signs/resnet50,202,repair,50,0,1
NN-Patching [ungated],tt100k_signs/resnet50,202,repair,54,1,1
NN-Patching [ungated],tt100k_signs/resnet50,202,repair,57,1,3
NN-Patching [ungated],tt100k_signs/resnet50,202,repair,59,0,1
NN-Patching [ungated],tt100k_signs/resnet50,202,repair,60,0,1
NN-Patching [ungated],tt100k_signs/resnet50,202,repair,62,0,3
NN-Patching [ungated],tt100k_signs/resnet50,202,repair,63,6,6
NN-Patching [ungated],tt100k_signs/resnet50,202,repair,65,0,1
NN-Patching [ungated],tt100k_signs/resnet50,202,repair,66,0,1
NN-Patching [ungated],tt100k_signs/resnet50,202,repair,67,10,10
NN-Patching [ungated],tt100k_signs/resnet50,202,repair,68,0,1
NN-Patching [ungated],tt100k_signs/resnet50,202,repair,72,1,1
NN-Patching [ungated],tt100k_signs/resnet50,202,repair,74,2,2
NN-Patching [ungated],tt100k_signs/resnet50,202,repair,75,5,5
NN-Patching [ungated],tt100k_signs/resnet50,202,repair,76,0,1
NN-Patching [ungated],tt100k_signs/resnet50,202,repair,79,1,1
NN-Patching [ungated],tt100k_signs/resnet50,202,repair,81,0,2
NN-Patching [ungated],tt100k_signs/resnet50,202,repair,82,0,1
NN-Patching [ungated],tt100k_signs/resnet50,202,repair,83,9,9
NN-Patching [ungated],tt100k_signs/resnet50,202,repair,87,0,1
NN-Patching [ungated],tt100k_signs/resnet50,202,repair,88,0,1
NN-Patching [ungated],tt100k_signs/resnet50,202,repair,89,8,8
NN-Patching [ungated],tt100k_signs/resnet50,202,repair,90,0,1
NN-Patching [ungated],tt100k_signs/resnet50,202,repair,91,2,4
NN-Patching [ungated],tt100k_signs/resnet50,202,repair,92,0,1
NN-Patching [ungated],tt100k_signs/resnet50,202,repair,93,0,1
NN-Patching [ungated],tt100k_signs/resnet50,202,repair,94,0,3
NN-Patching [ungated],tt100k_signs/resnet50,202,repair,95,0,2
NN-Patching [ungated],tt100k_signs/resnet50,202,repair,97,1,3
NN-Patching [ungated],tt100k_signs/resnet50,202,repair,99,0,2
NN-Patching [ungated],tt100k_signs/resnet50,202,repair,100,0,1
NN-Patching [ungated],tt100k_signs/resnet50,202,repair,101,0,1
NN-Patching [ungated],tt100k_signs/resnet50,202,repair,104,0,1
NN-Patching [ungated],tt100k_signs/resnet50,202,repair,105,0,1
NN-Patching [ungated],tt100k_signs/resnet50,202,repair,106,3,3
NN-Patching [ungated],tt100k_signs/resnet50,202,repair,107,0,1
NN-Patching [ungated],tt100k_signs/resnet50,202,repair,108,0,1
NN-Patching [ungated],tt100k_signs/resnet50,202,repair,110,4,4
NN-Patching [ungated],tt100k_signs/resnet50,202,repair,115,0,3
NN-Patching [ungated],tt100k_signs/resnet50,202,repair,117,27,30
NN-Patching [ungated],tt100k_signs/resnet50,202,repair,120,0,2
NN-Patching [ungated],tt100k_signs/resnet50,202,repair,121,0,2
NN-Patching [ungated],tt100k_signs/resnet50,202,repair,123,0,1
NN-Patching [ungated],tt100k_signs/resnet50,202,repair,124,0,1
NN-Patching [ungated],tt100k_signs/resnet50,202,repair,126,0,1
NN-Patching [ungated],tt100k_signs/resnet50,202,repair,128,2,2
NN-Patching [ungated],tt100k_signs/resnet50,202,repair,137,0,1
NN-Patching [ungated],tt100k_signs/resnet50,202,repair,141,9,9
NN-Patching [ungated],tt100k_signs/resnet50,202,repair,142,20,21
NN-Patching [ungated],tt100k_signs/resnet50,202,repair,143,0,1
NN-Patching [ungated],tt100k_signs/resnet50,202,repair,147,1,1
NN-Patching [ungated],tt100k_signs/resnet50,202,repair,148,6,7
NN-Patching [ungated],tt100k_signs/resnet50,202,repair,149,3,3
NN-Patching [ungated],tt100k_signs/resnet50,202,repair,150,0,1
NN-Patching [ungated],tt100k_signs/resnet50,202,repair,152,3,3
NN-Patching [ungated],tt100k_signs/resnet50,202,repair,153,1,1
NN-Patching [ungated],tt100k_signs/resnet50,202,repair,154,0,1
NN-Patching [ungated],tt100k_signs/resnet50,202,repair,155,0,1
NN-Patching [ungated],tt100k_signs/resnet50,202,repair,157,1,1
NN-Patching [ungated],tt100k_signs/resnet50,202,repair,160,5,5
NN-Patching [ungated],tt100k_signs/resnet50,202,repair,161,2,2
NN-Patching [ungated],tt100k_signs/resnet50,202,repair,162,0,1
NN-Patching [ungated],tt100k_signs/resnet50,202,repair,163,0,3
NN-Patching [ungated],tt100k_signs/resnet50,202,repair,165,6,7
NN-Patching [ungated],tt100k_signs/resnet50,202,repair,166,0,1
NN-Patching [ungated],tt100k_signs/resnet50,202,repair,167,0,1
NN-Patching [ungated],tt100k_signs/resnet50,202,repair,169,1,1
NN-Patching [ungated],tt100k_signs/resnet50,202,repair,172,1,3
NN-Patching [ungated],tt100k_signs/resnet50,202,repair,174,0,1
NN-Patching [ungated],tt100k_signs/resnet50,202,repair,175,0,1
NN-Patching [ungated],tt100k_signs/resnet50,202,repair,176,0,1
NN-Patching [ungated],tt100k_signs/resnet50,202,repair,178,0,3
NN-Patching [ungated],tt100k_signs/resnet50,202,repair,179,2,2
NN-Patching [ungated],tt100k_signs/resnet50,202,repair,180,3,7
NN-Patching [ungated],tt100k_signs/resnet50,202,regression,1,32,34
NN-Patching [ungated],tt100k_signs/resnet50,202,regression,3,1,1
NN-Patching [ungated],tt100k_signs/resnet50,202,regression,4,1,1
NN-Patching [ungated],tt100k_signs/resnet50,202,regression,5,0,1
NN-Patching [ungated],tt100k_signs/resnet50,202,regression,7,5,107
NN-Patching [ungated],tt100k_signs/resnet50,202,regression,8,4,4
NN-Patching [ungated],tt100k_signs/resnet50,202,regression,9,203,203
NN-Patching [ungated],tt100k_signs/resnet50,202,regression,10,445,463
NN-Patching [ungated],tt100k_signs/resnet50,202,regression,11,35,35
NN-Patching [ungated],tt100k_signs/resnet50,202,regression,13,3,3
NN-Patching [ungated],tt100k_signs/resnet50,202,regression,14,111,111
NN-Patching [ungated],tt100k_signs/resnet50,202,regression,15,4,4
NN-Patching [ungated],tt100k_signs/resnet50,202,regression,16,80,80
NN-Patching [ungated],tt100k_signs/resnet50,202,regression,17,15,15
NN-Patching [ungated],tt100k_signs/resnet50,202,regression,18,94,203
NN-Patching [ungated],tt100k_signs/resnet50,202,regression,19,108,108
NN-Patching [ungated],tt100k_signs/resnet50,202,regression,20,1,36
NN-Patching [ungated],tt100k_signs/resnet50,202,regression,21,73,73
NN-Patching [ungated],tt100k_signs/resnet50,202,regression,22,401,401
NN-Patching [ungated],tt100k_signs/resnet50,202,regression,23,57,57
NN-Patching [ungated],tt100k_signs/resnet50,202,regression,25,0,24
NN-Patching [ungated],tt100k_signs/resnet50,202,regression,26,1,1
NN-Patching [ungated],tt100k_signs/resnet50,202,regression,27,6,6
NN-Patching [ungated],tt100k_signs/resnet50,202,regression,28,3,7
NN-Patching [ungated],tt100k_signs/resnet50,202,regression,29,0,3
NN-Patching [ungated],tt100k_signs/resnet50,202,regression,30,28,28
NN-Patching [ungated],tt100k_signs/resnet50,202,regression,31,5,5
NN-Patching [ungated],tt100k_signs/resnet50,202,regression,34,8,8
NN-Patching [ungated],tt100k_signs/resnet50,202,regression,35,86,86
NN-Patching [ungated],tt100k_signs/resnet50,202,regression,37,13,13
NN-Patching [ungated],tt100k_signs/resnet50,202,regression,38,191,194
NN-Patching [ungated],tt100k_signs/resnet50,202,regression,39,40,40
NN-Patching [ungated],tt100k_signs/resnet50,202,regression,40,2,2
NN-Patching [ungated],tt100k_signs/resnet50,202,regression,41,30,43
NN-Patching [ungated],tt100k_signs/resnet50,202,regression,42,0,1
NN-Patching [ungated],tt100k_signs/resnet50,202,regression,43,104,104
NN-Patching [ungated],tt100k_signs/resnet50,202,regression,44,0,31
NN-Patching [ungated],tt100k_signs/resnet50,202,regression,46,4,4
NN-Patching [ungated],tt100k_signs/resnet50,202,regression,47,2,17
NN-Patching [ungated],tt100k_signs/resnet50,202,regression,48,5,5
NN-Patching [ungated],tt100k_signs/resnet50,202,regression,50,11,11
NN-Patching [ungated],tt100k_signs/resnet50,202,regression,51,14,14
NN-Patching [ungated],tt100k_signs/resnet50,202,regression,53,17,18
NN-Patching [ungated],tt100k_signs/resnet50,202,regression,55,34,34
NN-Patching [ungated],tt100k_signs/resnet50,202,regression,57,0,2
NN-Patching [ungated],tt100k_signs/resnet50,202,regression,59,3,3
NN-Patching [ungated],tt100k_signs/resnet50,202,regression,60,1,1
NN-Patching [ungated],tt100k_signs/resnet50,202,regression,61,5,5
NN-Patching [ungated],tt100k_signs/resnet50,202,regression,65,9,9
NN-Patching [ungated],tt100k_signs/resnet50,202,regression,68,3,3
NN-Patching [ungated],tt100k_signs/resnet50,202,regression,70,26,26
NN-Patching [ungated],tt100k_signs/resnet50,202,regression,71,12,12
NN-Patching [ungated],tt100k_signs/resnet50,202,regression,74,15,46
NN-Patching [ungated],tt100k_signs/resnet50,202,regression,76,33,33
NN-Patching [ungated],tt100k_signs/resnet50,202,regression,77,3,3
NN-Patching [ungated],tt100k_signs/resnet50,202,regression,80,2,18
NN-Patching [ungated],tt100k_signs/resnet50,202,regression,81,159,160
NN-Patching [ungated],tt100k_signs/resnet50,202,regression,82,10,10
NN-Patching [ungated],tt100k_signs/resnet50,202,regression,83,0,56
NN-Patching [ungated],tt100k_signs/resnet50,202,regression,84,46,46
NN-Patching [ungated],tt100k_signs/resnet50,202,regression,85,49,49
NN-Patching [ungated],tt100k_signs/resnet50,202,regression,86,2,2
NN-Patching [ungated],tt100k_signs/resnet50,202,regression,88,170,170
NN-Patching [ungated],tt100k_signs/resnet50,202,regression,89,0,2
NN-Patching [ungated],tt100k_signs/resnet50,202,regression,91,354,368
NN-Patching [ungated],tt100k_signs/resnet50,202,regression,92,169,169
NN-Patching [ungated],tt100k_signs/resnet50,202,regression,93,289,289
NN-Patching [ungated],tt100k_signs/resnet50,202,regression,94,218,223
NN-Patching [ungated],tt100k_signs/resnet50,202,regression,96,31,31
NN-Patching [ungated],tt100k_signs/resnet50,202,regression,97,14,236
NN-Patching [ungated],tt100k_signs/resnet50,202,regression,98,12,12
NN-Patching [ungated],tt100k_signs/resnet50,202,regression,100,26,26
NN-Patching [ungated],tt100k_signs/resnet50,202,regression,102,20,20
NN-Patching [ungated],tt100k_signs/resnet50,202,regression,103,3,3
NN-Patching [ungated],tt100k_signs/resnet50,202,regression,105,41,41
NN-Patching [ungated],tt100k_signs/resnet50,202,regression,107,24,24
NN-Patching [ungated],tt100k_signs/resnet50,202,regression,109,1,1
NN-Patching [ungated],tt100k_signs/resnet50,202,regression,111,12,12
NN-Patching [ungated],tt100k_signs/resnet50,202,regression,112,8,8
NN-Patching [ungated],tt100k_signs/resnet50,202,regression,113,32,32
NN-Patching [ungated],tt100k_signs/resnet50,202,regression,114,0,4
NN-Patching [ungated],tt100k_signs/resnet50,202,regression,115,848,849
NN-Patching [ungated],tt100k_signs/resnet50,202,regression,116,605,605
NN-Patching [ungated],tt100k_signs/resnet50,202,regression,117,160,272
NN-Patching [ungated],tt100k_signs/resnet50,202,regression,120,11,11
NN-Patching [ungated],tt100k_signs/resnet50,202,regression,121,0,23
NN-Patching [ungated],tt100k_signs/resnet50,202,regression,122,51,51
NN-Patching [ungated],tt100k_signs/resnet50,202,regression,124,19,19
NN-Patching [ungated],tt100k_signs/resnet50,202,regression,125,2,31
NN-Patching [ungated],tt100k_signs/resnet50,202,regression,126,10,10
NN-Patching [ungated],tt100k_signs/resnet50,202,regression,127,9,9
NN-Patching [ungated],tt100k_signs/resnet50,202,regression,128,2,45
NN-Patching [ungated],tt100k_signs/resnet50,202,regression,131,1,1
NN-Patching [ungated],tt100k_signs/resnet50,202,regression,132,5,5
NN-Patching [ungated],tt100k_signs/resnet50,202,regression,134,2,2
NN-Patching [ungated],tt100k_signs/resnet50,202,regression,139,1,1
NN-Patching [ungated],tt100k_signs/resnet50,202,regression,140,31,31
NN-Patching [ungated],tt100k_signs/resnet50,202,regression,143,5,5
NN-Patching [ungated],tt100k_signs/resnet50,202,regression,145,7,7
NN-Patching [ungated],tt100k_signs/resnet50,202,regression,146,36,36
NN-Patching [ungated],tt100k_signs/resnet50,202,regression,147,18,34
NN-Patching [ungated],tt100k_signs/resnet50,202,regression,151,7,7
NN-Patching [ungated],tt100k_signs/resnet50,202,regression,152,12,42
NN-Patching [ungated],tt100k_signs/resnet50,202,regression,154,27,27
NN-Patching [ungated],tt100k_signs/resnet50,202,regression,155,8,8
NN-Patching [ungated],tt100k_signs/resnet50,202,regression,158,1,1
NN-Patching [ungated],tt100k_signs/resnet50,202,regression,159,1,1
NN-Patching [ungated],tt100k_signs/resnet50,202,regression,160,2,9
NN-Patching [ungated],tt100k_signs/resnet50,202,regression,163,8,8
NN-Patching [ungated],tt100k_signs/resnet50,202,regression,164,1,3
NN-Patching [ungated],tt100k_signs/resnet50,202,regression,165,1,15
NN-Patching [ungated],tt100k_signs/resnet50,202,regression,170,45,45
NN-Patching [ungated],tt100k_signs/resnet50,202,regression,172,0,105
NN-Patching [ungated],tt100k_signs/resnet50,202,regression,173,22,22
NN-Patching [ungated],tt100k_signs/resnet50,202,regression,174,48,48
NN-Patching [ungated],tt100k_signs/resnet50,202,regression,177,0,41
NN-Patching [ungated],tt100k_signs/resnet50,202,regression,180,16,18
NN-Patching [ungated],tt100k_signs/resnet50,303,repair,2,0,2
NN-Patching [ungated],tt100k_signs/resnet50,303,repair,3,1,1
NN-Patching [ungated],tt100k_signs/resnet50,303,repair,6,3,3
NN-Patching [ungated],tt100k_signs/resnet50,303,repair,7,0,5
NN-Patching [ungated],tt100k_signs/resnet50,303,repair,10,0,1
NN-Patching [ungated],tt100k_signs/resnet50,303,repair,18,7,8
NN-Patching [ungated],tt100k_signs/resnet50,303,repair,20,1,1
NN-Patching [ungated],tt100k_signs/resnet50,303,repair,22,0,2
NN-Patching [ungated],tt100k_signs/resnet50,303,repair,23,0,1
NN-Patching [ungated],tt100k_signs/resnet50,303,repair,24,0,2
NN-Patching [ungated],tt100k_signs/resnet50,303,repair,28,0,1
NN-Patching [ungated],tt100k_signs/resnet50,303,repair,29,2,3
NN-Patching [ungated],tt100k_signs/resnet50,303,repair,30,0,1
NN-Patching [ungated],tt100k_signs/resnet50,303,repair,35,0,1
NN-Patching [ungated],tt100k_signs/resnet50,303,repair,38,1,2
NN-Patching [ungated],tt100k_signs/resnet50,303,repair,41,0,3
NN-Patching [ungated],tt100k_signs/resnet50,303,repair,42,0,1
NN-Patching [ungated],tt100k_signs/resnet50,303,repair,43,0,1
NN-Patching [ungated],tt100k_signs/resnet50,303,repair,44,0,1
NN-Patching [ungated],tt100k_signs/resnet50,303,repair,45,0,1
NN-Patching [ungated],tt100k_signs/resnet50,303,repair,53,0,1
NN-Patching [ungated],tt100k_signs/resnet50,303,repair,54,0,2
NN-Patching [ungated],tt100k_signs/resnet50,303,repair,57,2,2
NN-Patching [ungated],tt100k_signs/resnet50,303,repair,59,0,1
NN-Patching [ungated],tt100k_signs/resnet50,303,repair,60,0,1
NN-Patching [ungated],tt100k_signs/resnet50,303,repair,63,6,6
NN-Patching [ungated],tt100k_signs/resnet50,303,repair,67,9,9
NN-Patching [ungated],tt100k_signs/resnet50,303,repair,68,0,1
NN-Patching [ungated],tt100k_signs/resnet50,303,repair,69,0,1
NN-Patching [ungated],tt100k_signs/resnet50,303,repair,70,0,1
NN-Patching [ungated],tt100k_signs/resnet50,303,repair,72,1,2
NN-Patching [ungated],tt100k_signs/resnet50,303,repair,73,0,1
NN-Patching [ungated],tt100k_signs/resnet50,303,repair,74,1,2
NN-Patching [ungated],tt100k_signs/resnet50,303,repair,75,4,4
NN-Patching [ungated],tt100k_signs/resnet50,303,repair,78,1,1
NN-Patching [ungated],tt100k_signs/resnet50,303,repair,79,1,1
NN-Patching [ungated],tt100k_signs/resnet50,303,repair,80,0,1
NN-Patching [ungated],tt100k_signs/resnet50,303,repair,81,0,1
NN-Patching [ungated],tt100k_signs/resnet50,303,repair,82,2,2
NN-Patching [ungated],tt100k_signs/resnet50,303,repair,83,5,5
NN-Patching [ungated],tt100k_signs/resnet50,303,repair,88,0,1
NN-Patching [ungated],tt100k_signs/resnet50,303,repair,89,6,6
NN-Patching [ungated],tt100k_signs/resnet50,303,repair,90,0,1
NN-Patching [ungated],tt100k_signs/resnet50,303,repair,91,1,6
NN-Patching [ungated],tt100k_signs/resnet50,303,repair,92,0,2
NN-Patching [ungated],tt100k_signs/resnet50,303,repair,97,2,3
NN-Patching [ungated],tt100k_signs/resnet50,303,repair,98,0,1
NN-Patching [ungated],tt100k_signs/resnet50,303,repair,99,0,2
NN-Patching [ungated],tt100k_signs/resnet50,303,repair,104,0,1
NN-Patching [ungated],tt100k_signs/resnet50,303,repair,106,3,3
NN-Patching [ungated],tt100k_signs/resnet50,303,repair,107,0,1
NN-Patching [ungated],tt100k_signs/resnet50,303,repair,110,5,5
NN-Patching [ungated],tt100k_signs/resnet50,303,repair,115,0,4
NN-Patching [ungated],tt100k_signs/resnet50,303,repair,117,31,34
NN-Patching [ungated],tt100k_signs/resnet50,303,repair,120,0,2
NN-Patching [ungated],tt100k_signs/resnet50,303,repair,121,0,2
NN-Patching [ungated],tt100k_signs/resnet50,303,repair,123,0,2
NN-Patching [ungated],tt100k_signs/resnet50,303,repair,124,0,2
NN-Patching [ungated],tt100k_signs/resnet50,303,repair,125,0,1
NN-Patching [ungated],tt100k_signs/resnet50,303,repair,126,0,1
NN-Patching [ungated],tt100k_signs/resnet50,303,repair,128,3,3
NN-Patching [ungated],tt100k_signs/resnet50,303,repair,133,0,1
NN-Patching [ungated],tt100k_signs/resnet50,303,repair,138,0,1
NN-Patching [ungated],tt100k_signs/resnet50,303,repair,141,12,12
NN-Patching [ungated],tt100k_signs/resnet50,303,repair,142,13,13
NN-Patching [ungated],tt100k_signs/resnet50,303,repair,143,0,1
NN-Patching [ungated],tt100k_signs/resnet50,303,repair,144,0,1
NN-Patching [ungated],tt100k_signs/resnet50,303,repair,146,0,1
NN-Patching [ungated],tt100k_signs/resnet50,303,repair,147,0,3
NN-Patching [ungated],tt100k_signs/resnet50,303,repair,148,6,7
NN-Patching [ungated],tt100k_signs/resnet50,303,repair,149,7,7
NN-Patching [ungated],tt100k_signs/resnet50,303,repair,150,0,1
NN-Patching [ungated],tt100k_signs/resnet50,303,repair,152,1,3
NN-Patching [ungated],tt100k_signs/resnet50,303,repair,153,0,3
NN-Patching [ungated],tt100k_signs/resnet50,303,repair,157,0,2
NN-Patching [ungated],tt100k_signs/resnet50,303,repair,160,3,3
NN-Patching [ungated],tt100k_signs/resnet50,303,repair,161,3,3
NN-Patching [ungated],tt100k_signs/resnet50,303,repair,163,2,3
NN-Patching [ungated],tt100k_signs/resnet50,303,repair,165,2,2
NN-Patching [ungated],tt100k_signs/resnet50,303,repair,166,0,1
NN-Patching [ungated],tt100k_signs/resnet50,303,repair,169,1,1
NN-Patching [ungated],tt100k_signs/resnet50,303,repair,171,0,1
NN-Patching [ungated],tt100k_signs/resnet50,303,repair,172,2,4
NN-Patching [ungated],tt100k_signs/resnet50,303,repair,174,0,1
NN-Patching [ungated],tt100k_signs/resnet50,303,repair,175,0,1
NN-Patching [ungated],tt100k_signs/resnet50,303,repair,177,0,1
NN-Patching [ungated],tt100k_signs/resnet50,303,repair,178,2,2
NN-Patching [ungated],tt100k_signs/resnet50,303,repair,179,3,3
NN-Patching [ungated],tt100k_signs/resnet50,303,repair,180,0,7
NN-Patching [ungated],tt100k_signs/resnet50,303,regression,1,35,35
NN-Patching [ungated],tt100k_signs/resnet50,303,regression,3,2,4
NN-Patching [ungated],tt100k_signs/resnet50,303,regression,4,0,2
NN-Patching [ungated],tt100k_signs/resnet50,303,regression,7,109,109
NN-Patching [ungated],tt100k_signs/resnet50,303,regression,8,4,4
NN-Patching [ungated],tt100k_signs/resnet50,303,regression,9,201,201
NN-Patching [ungated],tt100k_signs/resnet50,303,regression,10,455,457
NN-Patching [ungated],tt100k_signs/resnet50,303,regression,11,31,31
NN-Patching [ungated],tt100k_signs/resnet50,303,regression,12,0,1
NN-Patching [ungated],tt100k_signs/resnet50,303,regression,13,4,4
NN-Patching [ungated],tt100k_signs/resnet50,303,regression,14,116,116
NN-Patching [ungated],tt100k_signs/resnet50,303,regression,15,5,5
NN-Patching [ungated],tt100k_signs/resnet50,303,regression,16,65,80
NN-Patching [ungated],tt100k_signs/resnet50,303,regression,17,13,13
NN-Patching [ungated],tt100k_signs/resnet50,303,regression,18,115,201
NN-Patching [ungated],tt100k_signs/resnet50,303,regression,19,108,108
NN-Patching [ungated],tt100k_signs/resnet50,303,regression,20,6,33
NN-Patching [ungated],tt100k_signs/resnet50,303,regression,21,67,67
NN-Patching [ungated],tt100k_signs/resnet50,303,regression,22,408,410
NN-Patching [ungated],tt100k_signs/resnet50,303,regression,23,49,54
NN-Patching [ungated],tt100k_signs/resnet50,303,regression,25,0,26
NN-Patching [ungated],tt100k_signs/resnet50,303,regression,26,1,1
NN-Patching [ungated],tt100k_signs/resnet50,303,regression,27,1,4
NN-Patching [ungated],tt100k_signs/resnet50,303,regression,28,7,7
NN-Patching [ungated],tt100k_signs/resnet50,303,regression,29,4,4
NN-Patching [ungated],tt100k_signs/resnet50,303,regression,30,30,30
NN-Patching [ungated],tt100k_signs/resnet50,303,regression,31,6,6
NN-Patching [ungated],tt100k_signs/resnet50,303,regression,34,8,9
NN-Patching [ungated],tt100k_signs/resnet50,303,regression,35,76,76
NN-Patching [ungated],tt100k_signs/resnet50,303,regression,37,10,10
NN-Patching [ungated],tt100k_signs/resnet50,303,regression,38,173,179
NN-Patching [ungated],tt100k_signs/resnet50,303,regression,39,37,37
NN-Patching [ungated],tt100k_signs/resnet50,303,regression,40,1,1
NN-Patching [ungated],tt100k_signs/resnet50,303,regression,41,44,44
NN-Patching [ungated],tt100k_signs/resnet50,303,regression,42,1,1
NN-Patching [ungated],tt100k_signs/resnet50,303,regression,43,103,103
NN-Patching [ungated],tt100k_signs/resnet50,303,regression,44,1,31
NN-Patching [ungated],tt100k_signs/resnet50,303,regression,46,2,2
NN-Patching [ungated],tt100k_signs/resnet50,303,regression,47,17,17
NN-Patching [ungated],tt100k_signs/resnet50,303,regression,48,6,6
NN-Patching [ungated],tt100k_signs/resnet50,303,regression,50,7,10
NN-Patching [ungated],tt100k_signs/resnet50,303,regression,51,14,14
NN-Patching [ungated],tt100k_signs/resnet50,303,regression,53,17,17
NN-Patching [ungated],tt100k_signs/resnet50,303,regression,55,36,36
NN-Patching [ungated],tt100k_signs/resnet50,303,regression,57,0,2
NN-Patching [ungated],tt100k_signs/resnet50,303,regression,59,5,5
NN-Patching [ungated],tt100k_signs/resnet50,303,regression,60,1,1
NN-Patching [ungated],tt100k_signs/resnet50,303,regression,61,4,4
NN-Patching [ungated],tt100k_signs/resnet50,303,regression,65,9,9
NN-Patching [ungated],tt100k_signs/resnet50,303,regression,68,2,2
NN-Patching [ungated],tt100k_signs/resnet50,303,regression,70,30,30
NN-Patching [ungated],tt100k_signs/resnet50,303,regression,71,12,12
NN-Patching [ungated],tt100k_signs/resnet50,303,regression,74,6,44
NN-Patching [ungated],tt100k_signs/resnet50,303,regression,76,31,31
NN-Patching [ungated],tt100k_signs/resnet50,303,regression,77,3,3
NN-Patching [ungated],tt100k_signs/resnet50,303,regression,80,20,20
NN-Patching [ungated],tt100k_signs/resnet50,303,regression,81,164,164
NN-Patching [ungated],tt100k_signs/resnet50,303,regression,82,1,12
NN-Patching [ungated],tt100k_signs/resnet50,303,regression,83,0,61
NN-Patching [ungated],tt100k_signs/resnet50,303,regression,84,49,49
NN-Patching [ungated],tt100k_signs/resnet50,303,regression,85,45,45
NN-Patching [ungated],tt100k_signs/resnet50,303,regression,86,3,3
NN-Patching [ungated],tt100k_signs/resnet50,303,regression,88,166,167
NN-Patching [ungated],tt100k_signs/resnet50,303,regression,89,0,1
NN-Patching [ungated],tt100k_signs/resnet50,303,regression,91,335,363
NN-Patching [ungated],tt100k_signs/resnet50,303,regression,92,148,171
NN-Patching [ungated],tt100k_signs/resnet50,303,regression,93,292,292
NN-Patching [ungated],tt100k_signs/resnet50,303,regression,94,0,230
NN-Patching [ungated],tt100k_signs/resnet50,303,regression,96,33,33
NN-Patching [ungated],tt100k_signs/resnet50,303,regression,97,179,224
NN-Patching [ungated],tt100k_signs/resnet50,303,regression,98,11,11
NN-Patching [ungated],tt100k_signs/resnet50,303,regression,100,27,27
NN-Patching [ungated],tt100k_signs/resnet50,303,regression,102,12,12
NN-Patching [ungated],tt100k_signs/resnet50,303,regression,103,2,2
NN-Patching [ungated],tt100k_signs/resnet50,303,regression,105,43,43
NN-Patching [ungated],tt100k_signs/resnet50,303,regression,107,24,24
NN-Patching [ungated],tt100k_signs/resnet50,303,regression,109,3,3
NN-Patching [ungated],tt100k_signs/resnet50,303,regression,111,7,7
NN-Patching [ungated],tt100k_signs/resnet50,303,regression,112,0,7
NN-Patching [ungated],tt100k_signs/resnet50,303,regression,113,33,33
NN-Patching [ungated],tt100k_signs/resnet50,303,regression,114,0,5
NN-Patching [ungated],tt100k_signs/resnet50,303,regression,115,851,861
NN-Patching [ungated],tt100k_signs/resnet50,303,regression,116,612,612
NN-Patching [ungated],tt100k_signs/resnet50,303,regression,117,106,269
NN-Patching [ungated],tt100k_signs/resnet50,303,regression,120,15,15
NN-Patching [ungated],tt100k_signs/resnet50,303,regression,121,26,26
NN-Patching [ungated],tt100k_signs/resnet50,303,regression,122,52,52
NN-Patching [ungated],tt100k_signs/resnet50,303,regression,124,20,20
NN-Patching [ungated],tt100k_signs/resnet50,303,regression,125,4,33
NN-Patching [ungated],tt100k_signs/resnet50,303,regression,126,10,10
NN-Patching [ungated],tt100k_signs/resnet50,303,regression,127,6,6
NN-Patching [ungated],tt100k_signs/resnet50,303,regression,128,1,41
NN-Patching [ungated],tt100k_signs/resnet50,303,regression,131,1,1
NN-Patching [ungated],tt100k_signs/resnet50,303,regression,132,9,9
NN-Patching [ungated],tt100k_signs/resnet50,303,regression,134,1,1
NN-Patching [ungated],tt100k_signs/resnet50,303,regression,140,26,28
NN-Patching [ungated],tt100k_signs/resnet50,303,regression,143,4,4
NN-Patching [ungated],tt100k_signs/resnet50,303,regression,145,5,5
NN-Patching [ungated],tt100k_signs/resnet50,303,regression,146,39,39
NN-Patching [ungated],tt100k_signs/resnet50,303,regression,147,35,35
NN-Patching [ungated],tt100k_signs/resnet50,303,regression,151,9,9
NN-Patching [ungated],tt100k_signs/resnet50,303,regression,152,6,44
NN-Patching [ungated],tt100k_signs/resnet50,303,regression,154,28,28
NN-Patching [ungated],tt100k_signs/resnet50,303,regression,155,0,9
NN-Patching [ungated],tt100k_signs/resnet50,303,regression,156,1,1
NN-Patching [ungated],tt100k_signs/resnet50,303,regression,159,1,1
NN-Patching [ungated],tt100k_signs/resnet50,303,regression,160,0,11
NN-Patching [ungated],tt100k_signs/resnet50,303,regression,163,4,8
NN-Patching [ungated],tt100k_signs/resnet50,303,regression,164,1,1
NN-Patching [ungated],tt100k_signs/resnet50,303,regression,165,0,16
NN-Patching [ungated],tt100k_signs/resnet50,303,regression,170,54,54
NN-Patching [ungated],tt100k_signs/resnet50,303,regression,172,3,97
NN-Patching [ungated],tt100k_signs/resnet50,303,regression,173,26,26
NN-Patching [ungated],tt100k_signs/resnet50,303,regression,174,46,46
NN-Patching [ungated],tt100k_signs/resnet50,303,regression,177,2,45
NN-Patching [ungated],tt100k_signs/resnet50,303,regression,180,20,20
NN-Patching [ungated],tt100k_signs/convnext_tiny,101,repair,4,0,1
NN-Patching [ungated],tt100k_signs/convnext_tiny,101,repair,6,5,5
NN-Patching [ungated],tt100k_signs/convnext_tiny,101,repair,7,0,4
NN-Patching [ungated],tt100k_signs/convnext_tiny,101,repair,8,0,1
NN-Patching [ungated],tt100k_signs/convnext_tiny,101,repair,14,0,2
NN-Patching [ungated],tt100k_signs/convnext_tiny,101,repair,18,3,4
NN-Patching [ungated],tt100k_signs/convnext_tiny,101,repair,19,0,1
NN-Patching [ungated],tt100k_signs/convnext_tiny,101,repair,21,0,2
NN-Patching [ungated],tt100k_signs/convnext_tiny,101,repair,23,0,1
NN-Patching [ungated],tt100k_signs/convnext_tiny,101,repair,24,0,1
NN-Patching [ungated],tt100k_signs/convnext_tiny,101,repair,27,0,1
NN-Patching [ungated],tt100k_signs/convnext_tiny,101,repair,29,2,4
NN-Patching [ungated],tt100k_signs/convnext_tiny,101,repair,34,1,1
NN-Patching [ungated],tt100k_signs/convnext_tiny,101,repair,38,0,1
NN-Patching [ungated],tt100k_signs/convnext_tiny,101,repair,40,0,1
NN-Patching [ungated],tt100k_signs/convnext_tiny,101,repair,41,0,2
NN-Patching [ungated],tt100k_signs/convnext_tiny,101,repair,42,0,1
NN-Patching [ungated],tt100k_signs/convnext_tiny,101,repair,44,1,1
NN-Patching [ungated],tt100k_signs/convnext_tiny,101,repair,50,0,1
NN-Patching [ungated],tt100k_signs/convnext_tiny,101,repair,54,0,1
NN-Patching [ungated],tt100k_signs/convnext_tiny,101,repair,62,1,2
NN-Patching [ungated],tt100k_signs/convnext_tiny,101,repair,63,6,6
NN-Patching [ungated],tt100k_signs/convnext_tiny,101,repair,66,0,1
NN-Patching [ungated],tt100k_signs/convnext_tiny,101,repair,67,11,11
NN-Patching [ungated],tt100k_signs/convnext_tiny,101,repair,68,0,2
NN-Patching [ungated],tt100k_signs/convnext_tiny,101,repair,69,0,1
NN-Patching [ungated],tt100k_signs/convnext_tiny,101,repair,70,0,1
NN-Patching [ungated],tt100k_signs/convnext_tiny,101,repair,71,0,1
NN-Patching [ungated],tt100k_signs/convnext_tiny,101,repair,72,0,3
NN-Patching [ungated],tt100k_signs/convnext_tiny,101,repair,73,0,1
NN-Patching [ungated],tt100k_signs/convnext_tiny,101,repair,74,1,1
NN-Patching [ungated],tt100k_signs/convnext_tiny,101,repair,75,2,2
NN-Patching [ungated],tt100k_signs/convnext_tiny,101,repair,77,1,1
NN-Patching [ungated],tt100k_signs/convnext_tiny,101,repair,78,1,1
NN-Patching [ungated],tt100k_signs/convnext_tiny,101,repair,79,1,1
NN-Patching [ungated],tt100k_signs/convnext_tiny,101,repair,80,2,2
NN-Patching [ungated],tt100k_signs/convnext_tiny,101,repair,81,0,1
NN-Patching [ungated],tt100k_signs/convnext_tiny,101,repair,82,0,3
NN-Patching [ungated],tt100k_signs/convnext_tiny,101,repair,88,0,2
NN-Patching [ungated],tt100k_signs/convnext_tiny,101,repair,91,1,2
NN-Patching [ungated],tt100k_signs/convnext_tiny,101,repair,92,0,1
NN-Patching [ungated],tt100k_signs/convnext_tiny,101,repair,93,0,1
NN-Patching [ungated],tt100k_signs/convnext_tiny,101,repair,94,8,8
NN-Patching [ungated],tt100k_signs/convnext_tiny,101,repair,95,0,2
NN-Patching [ungated],tt100k_signs/convnext_tiny,101,repair,97,0,1
NN-Patching [ungated],tt100k_signs/convnext_tiny,101,repair,99,1,1
NN-Patching [ungated],tt100k_signs/convnext_tiny,101,repair,100,0,2
NN-Patching [ungated],tt100k_signs/convnext_tiny,101,repair,104,0,1
NN-Patching [ungated],tt100k_signs/convnext_tiny,101,repair,106,7,7
NN-Patching [ungated],tt100k_signs/convnext_tiny,101,repair,110,2,2
NN-Patching [ungated],tt100k_signs/convnext_tiny,101,repair,111,5,5
NN-Patching [ungated],tt100k_signs/convnext_tiny,101,repair,114,0,4
NN-Patching [ungated],tt100k_signs/convnext_tiny,101,repair,115,1,2
NN-Patching [ungated],tt100k_signs/convnext_tiny,101,repair,117,12,23
NN-Patching [ungated],tt100k_signs/convnext_tiny,101,repair,123,0,2
NN-Patching [ungated],tt100k_signs/convnext_tiny,101,repair,126,2,2
NN-Patching [ungated],tt100k_signs/convnext_tiny,101,repair,128,0,3
NN-Patching [ungated],tt100k_signs/convnext_tiny,101,repair,132,0,1
NN-Patching [ungated],tt100k_signs/convnext_tiny,101,repair,138,0,1
NN-Patching [ungated],tt100k_signs/convnext_tiny,101,repair,140,2,3
NN-Patching [ungated],tt100k_signs/convnext_tiny,101,repair,141,6,6
NN-Patching [ungated],tt100k_signs/convnext_tiny,101,repair,142,10,10
NN-Patching [ungated],tt100k_signs/convnext_tiny,101,repair,143,0,2
NN-Patching [ungated],tt100k_signs/convnext_tiny,101,repair,145,3,3
NN-Patching [ungated],tt100k_signs/convnext_tiny,101,repair,147,2,3
NN-Patching [ungated],tt100k_signs/convnext_tiny,101,repair,148,6,7
NN-Patching [ungated],tt100k_signs/convnext_tiny,101,repair,149,3,3
NN-Patching [ungated],tt100k_signs/convnext_tiny,101,repair,150,0,1
NN-Patching [ungated],tt100k_signs/convnext_tiny,101,repair,152,0,4
NN-Patching [ungated],tt100k_signs/convnext_tiny,101,repair,153,1,1
NN-Patching [ungated],tt100k_signs/convnext_tiny,101,repair,154,0,1
NN-Patching [ungated],tt100k_signs/convnext_tiny,101,repair,160,1,1
NN-Patching [ungated],tt100k_signs/convnext_tiny,101,repair,161,2,2
NN-Patching [ungated],tt100k_signs/convnext_tiny,101,repair,162,0,1
NN-Patching [ungated],tt100k_signs/convnext_tiny,101,repair,163,0,1
NN-Patching [ungated],tt100k_signs/convnext_tiny,101,repair,164,0,1
NN-Patching [ungated],tt100k_signs/convnext_tiny,101,repair,165,0,5
NN-Patching [ungated],tt100k_signs/convnext_tiny,101,repair,166,0,1
NN-Patching [ungated],tt100k_signs/convnext_tiny,101,repair,169,1,1
NN-Patching [ungated],tt100k_signs/convnext_tiny,101,repair,172,0,1
NN-Patching [ungated],tt100k_signs/convnext_tiny,101,repair,173,0,1
NN-Patching [ungated],tt100k_signs/convnext_tiny,101,repair,174,0,2
NN-Patching [ungated],tt100k_signs/convnext_tiny,101,repair,175,0,1
NN-Patching [ungated],tt100k_signs/convnext_tiny,101,repair,176,0,1
NN-Patching [ungated],tt100k_signs/convnext_tiny,101,repair,177,0,3
NN-Patching [ungated],tt100k_signs/convnext_tiny,101,repair,179,1,1
NN-Patching [ungated],tt100k_signs/convnext_tiny,101,repair,180,0,1
NN-Patching [ungated],tt100k_signs/convnext_tiny,101,regression,1,34,34
NN-Patching [ungated],tt100k_signs/convnext_tiny,101,regression,3,3,6
NN-Patching [ungated],tt100k_signs/convnext_tiny,101,regression,4,4,4
NN-Patching [ungated],tt100k_signs/convnext_tiny,101,regression,5,2,2
NN-Patching [ungated],tt100k_signs/convnext_tiny,101,regression,7,116,116
NN-Patching [ungated],tt100k_signs/convnext_tiny,101,regression,8,3,3
NN-Patching [ungated],tt100k_signs/convnext_tiny,101,regression,9,187,187
NN-Patching [ungated],tt100k_signs/convnext_tiny,101,regression,10,467,467
NN-Patching [ungated],tt100k_signs/convnext_tiny,101,regression,11,33,33
NN-Patching [ungated],tt100k_signs/convnext_tiny,101,regression,12,1,1
NN-Patching [ungated],tt100k_signs/convnext_tiny,101,regression,13,4,4
NN-Patching [ungated],tt100k_signs/convnext_tiny,101,regression,14,115,115
NN-Patching [ungated],tt100k_signs/convnext_tiny,101,regression,15,5,5
NN-Patching [ungated],tt100k_signs/convnext_tiny,101,regression,16,77,77
NN-Patching [ungated],tt100k_signs/convnext_tiny,101,regression,17,16,16
NN-Patching [ungated],tt100k_signs/convnext_tiny,101,regression,18,0,209
NN-Patching [ungated],tt100k_signs/convnext_tiny,101,regression,19,102,102
NN-Patching [ungated],tt100k_signs/convnext_tiny,101,regression,20,33,33
NN-Patching [ungated],tt100k_signs/convnext_tiny,101,regression,21,73,73
NN-Patching [ungated],tt100k_signs/convnext_tiny,101,regression,22,405,405
NN-Patching [ungated],tt100k_signs/convnext_tiny,101,regression,23,59,59
NN-Patching [ungated],tt100k_signs/convnext_tiny,101,regression,25,0,24
NN-Patching [ungated],tt100k_signs/convnext_tiny,101,regression,26,1,1
NN-Patching [ungated],tt100k_signs/convnext_tiny,101,regression,27,6,6
NN-Patching [ungated],tt100k_signs/convnext_tiny,101,regression,28,9,9
NN-Patching [ungated],tt100k_signs/convnext_tiny,101,regression,29,3,5
NN-Patching [ungated],tt100k_signs/convnext_tiny,101,regression,30,29,29
NN-Patching [ungated],tt100k_signs/convnext_tiny,101,regression,31,7,7
NN-Patching [ungated],tt100k_signs/convnext_tiny,101,regression,34,7,7
NN-Patching [ungated],tt100k_signs/convnext_tiny,101,regression,35,85,85
NN-Patching [ungated],tt100k_signs/convnext_tiny,101,regression,37,11,11
NN-Patching [ungated],tt100k_signs/convnext_tiny,101,regression,38,183,183
NN-Patching [ungated],tt100k_signs/convnext_tiny,101,regression,39,39,39
NN-Patching [ungated],tt100k_signs/convnext_tiny,101,regression,41,15,47
NN-Patching [ungated],tt100k_signs/convnext_tiny,101,regression,42,1,1
NN-Patching [ungated],tt100k_signs/convnext_tiny,101,regression,43,110,110
NN-Patching [ungated],tt100k_signs/convnext_tiny,101,regression,44,1,33
NN-Patching [ungated],tt100k_signs/convnext_tiny,101,regression,46,4,4
NN-Patching [ungated],tt100k_signs/convnext_tiny,101,regression,47,19,19
NN-Patching [ungated],tt100k_signs/convnext_tiny,101,regression,48,3,3
NN-Patching [ungated],tt100k_signs/convnext_tiny,101,regression,50,11,11
NN-Patching [ungated],tt100k_signs/convnext_tiny,101,regression,51,15,15
NN-Patching [ungated],tt100k_signs/convnext_tiny,101,regression,53,17,20
NN-Patching [ungated],tt100k_signs/convnext_tiny,101,regression,55,36,36
NN-Patching [ungated],tt100k_signs/convnext_tiny,101,regression,57,7,7
NN-Patching [ungated],tt100k_signs/convnext_tiny,101,regression,59,6,6
NN-Patching [ungated],tt100k_signs/convnext_tiny,101,regression,60,0,1
NN-Patching [ungated],tt100k_signs/convnext_tiny,101,regression,61,5,5
NN-Patching [ungated],tt100k_signs/convnext_tiny,101,regression,65,7,7
NN-Patching [ungated],tt100k_signs/convnext_tiny,101,regression,68,1,1
NN-Patching [ungated],tt100k_signs/convnext_tiny,101,regression,70,29,29
NN-Patching [ungated],tt100k_signs/convnext_tiny,101,regression,71,10,10
NN-Patching [ungated],tt100k_signs/convnext_tiny,101,regression,74,41,43
NN-Patching [ungated],tt100k_signs/convnext_tiny,101,regression,75,0,4
NN-Patching [ungated],tt100k_signs/convnext_tiny,101,regression,76,30,30
NN-Patching [ungated],tt100k_signs/convnext_tiny,101,regression,80,0,10
NN-Patching [ungated],tt100k_signs/convnext_tiny,101,regression,81,166,166
NN-Patching [ungated],tt100k_signs/convnext_tiny,101,regression,82,8,12
NN-Patching [ungated],tt100k_signs/convnext_tiny,101,regression,83,70,70
NN-Patching [ungated],tt100k_signs/convnext_tiny,101,regression,84,47,47
NN-Patching [ungated],tt100k_signs/convnext_tiny,101,regression,85,1,46
NN-Patching [ungated],tt100k_signs/convnext_tiny,101,regression,86,2,2
NN-Patching [ungated],tt100k_signs/convnext_tiny,101,regression,88,166,166
NN-Patching [ungated],tt100k_signs/convnext_tiny,101,regression,89,0,15
NN-Patching [ungated],tt100k_signs/convnext_tiny,101,regression,91,360,360
NN-Patching [ungated],tt100k_signs/convnext_tiny,101,regression,92,174,174
NN-Patching [ungated],tt100k_signs/convnext_tiny,101,regression,93,286,286
NN-Patching [ungated],tt100k_signs/convnext_tiny,101,regression,94,1,210
NN-Patching [ungated],tt100k_signs/convnext_tiny,101,regression,96,31,31
NN-Patching [ungated],tt100k_signs/convnext_tiny,101,regression,97,224,224
NN-Patching [ungated],tt100k_signs/convnext_tiny,101,regression,98,12,12
NN-Patching [ungated],tt100k_signs/convnext_tiny,101,regression,100,27,27
NN-Patching [ungated],tt100k_signs/convnext_tiny,101,regression,102,20,20
NN-Patching [ungated],tt100k_signs/convnext_tiny,101,regression,103,2,2
NN-Patching [ungated],tt100k_signs/convnext_tiny,101,regression,105,41,41
NN-Patching [ungated],tt100k_signs/convnext_tiny,101,regression,107,25,25
NN-Patching [ungated],tt100k_signs/convnext_tiny,101,regression,108,1,1
NN-Patching [ungated],tt100k_signs/convnext_tiny,101,regression,109,4,4
NN-Patching [ungated],tt100k_signs/convnext_tiny,101,regression,111,0,1
NN-Patching [ungated],tt100k_signs/convnext_tiny,101,regression,112,0,3
NN-Patching [ungated],tt100k_signs/convnext_tiny,101,regression,113,31,31
NN-Patching [ungated],tt100k_signs/convnext_tiny,101,regression,114,3,3
NN-Patching [ungated],tt100k_signs/convnext_tiny,101,regression,115,843,845
NN-Patching [ungated],tt100k_signs/convnext_tiny,101,regression,116,635,635
NN-Patching [ungated],tt100k_signs/convnext_tiny,101,regression,117,265,296
NN-Patching [ungated],tt100k_signs/convnext_tiny,101,regression,120,16,16
NN-Patching [ungated],tt100k_signs/convnext_tiny,101,regression,121,29,29
NN-Patching [ungated],tt100k_signs/convnext_tiny,101,regression,122,53,53
NN-Patching [ungated],tt100k_signs/convnext_tiny,101,regression,124,23,23
NN-Patching [ungated],tt100k_signs/convnext_tiny,101,regression,125,1,34
NN-Patching [ungated],tt100k_signs/convnext_tiny,101,regression,126,0,9
NN-Patching [ungated],tt100k_signs/convnext_tiny,101,regression,127,8,8
NN-Patching [ungated],tt100k_signs/convnext_tiny,101,regression,128,43,43
NN-Patching [ungated],tt100k_signs/convnext_tiny,101,regression,131,1,1
NN-Patching [ungated],tt100k_signs/convnext_tiny,101,regression,132,8,8
NN-Patching [ungated],tt100k_signs/convnext_tiny,101,regression,134,3,3
NN-Patching [ungated],tt100k_signs/convnext_tiny,101,regression,139,1,1
NN-Patching [ungated],tt100k_signs/convnext_tiny,101,regression,140,11,26
NN-Patching [ungated],tt100k_signs/convnext_tiny,101,regression,143,6,6
NN-Patching [ungated],tt100k_signs/convnext_tiny,101,regression,145,0,1
NN-Patching [ungated],tt100k_signs/convnext_tiny,101,regression,146,35,35
NN-Patching [ungated],tt100k_signs/convnext_tiny,101,regression,147,31,34
NN-Patching [ungated],tt100k_signs/convnext_tiny,101,regression,151,9,9
NN-Patching [ungated],tt100k_signs/convnext_tiny,101,regression,152,32,32
NN-Patching [ungated],tt100k_signs/convnext_tiny,101,regression,154,28,28
NN-Patching [ungated],tt100k_signs/convnext_tiny,101,regression,155,0,8
NN-Patching [ungated],tt100k_signs/convnext_tiny,101,regression,157,2,2
NN-Patching [ungated],tt100k_signs/convnext_tiny,101,regression,159,1,1
NN-Patching [ungated],tt100k_signs/convnext_tiny,101,regression,160,1,17
NN-Patching [ungated],tt100k_signs/convnext_tiny,101,regression,163,0,4
NN-Patching [ungated],tt100k_signs/convnext_tiny,101,regression,164,2,2
NN-Patching [ungated],tt100k_signs/convnext_tiny,101,regression,165,21,21
NN-Patching [ungated],tt100k_signs/convnext_tiny,101,regression,170,45,45
NN-Patching [ungated],tt100k_signs/convnext_tiny,101,regression,172,106,106
NN-Patching [ungated],tt100k_signs/convnext_tiny,101,regression,173,25,25
NN-Patching [ungated],tt100k_signs/convnext_tiny,101,regression,174,48,48
NN-Patching [ungated],tt100k_signs/convnext_tiny,101,regression,177,23,38
NN-Patching [ungated],tt100k_signs/convnext_tiny,101,regression,178,0,2
NN-Patching [ungated],tt100k_signs/convnext_tiny,101,regression,180,20,24
NN-Patching [ungated],tt100k_signs/convnext_tiny,202,repair,4,0,1
NN-Patching [ungated],tt100k_signs/convnext_tiny,202,repair,6,3,3
NN-Patching [ungated],tt100k_signs/convnext_tiny,202,repair,7,0,2
NN-Patching [ungated],tt100k_signs/convnext_tiny,202,repair,14,0,1
NN-Patching [ungated],tt100k_signs/convnext_tiny,202,repair,18,4,5
NN-Patching [ungated],tt100k_signs/convnext_tiny,202,repair,19,0,1
NN-Patching [ungated],tt100k_signs/convnext_tiny,202,repair,20,0,1
NN-Patching [ungated],tt100k_signs/convnext_tiny,202,repair,24,0,1
NN-Patching [ungated],tt100k_signs/convnext_tiny,202,repair,25,0,1
NN-Patching [ungated],tt100k_signs/convnext_tiny,202,repair,29,3,3
NN-Patching [ungated],tt100k_signs/convnext_tiny,202,repair,38,1,3
NN-Patching [ungated],tt100k_signs/convnext_tiny,202,repair,40,0,2
NN-Patching [ungated],tt100k_signs/convnext_tiny,202,repair,41,2,2
NN-Patching [ungated],tt100k_signs/convnext_tiny,202,repair,44,1,1
NN-Patching [ungated],tt100k_signs/convnext_tiny,202,repair,50,0,1
NN-Patching [ungated],tt100k_signs/convnext_tiny,202,repair,54,0,1
NN-Patching [ungated],tt100k_signs/convnext_tiny,202,repair,60,0,1
NN-Patching [ungated],tt100k_signs/convnext_tiny,202,repair,62,0,1
NN-Patching [ungated],tt100k_signs/convnext_tiny,202,repair,63,2,2
NN-Patching [ungated],tt100k_signs/convnext_tiny,202,repair,67,14,14
NN-Patching [ungated],tt100k_signs/convnext_tiny,202,repair,68,1,1
NN-Patching [ungated],tt100k_signs/convnext_tiny,202,repair,69,0,1
NN-Patching [ungated],tt100k_signs/convnext_tiny,202,repair,72,2,2
NN-Patching [ungated],tt100k_signs/convnext_tiny,202,repair,75,2,2
NN-Patching [ungated],tt100k_signs/convnext_tiny,202,repair,76,0,1
NN-Patching [ungated],tt100k_signs/convnext_tiny,202,repair,77,2,2
NN-Patching [ungated],tt100k_signs/convnext_tiny,202,repair,78,0,2
NN-Patching [ungated],tt100k_signs/convnext_tiny,202,repair,79,1,1
NN-Patching [ungated],tt100k_signs/convnext_tiny,202,repair,80,1,1
NN-Patching [ungated],tt100k_signs/convnext_tiny,202,repair,81,1,1
NN-Patching [ungated],tt100k_signs/convnext_tiny,202,repair,82,1,2
NN-Patching [ungated],tt100k_signs/convnext_tiny,202,repair,88,0,2
NN-Patching [ungated],tt100k_signs/convnext_tiny,202,repair,89,0,1
NN-Patching [ungated],tt100k_signs/convnext_tiny,202,repair,91,0,4
NN-Patching [ungated],tt100k_signs/convnext_tiny,202,repair,92,0,1
NN-Patching [ungated],tt100k_signs/convnext_tiny,202,repair,93,0,1
NN-Patching [ungated],tt100k_signs/convnext_tiny,202,repair,94,7,7
NN-Patching [ungated],tt100k_signs/convnext_tiny,202,repair,97,0,1
NN-Patching [ungated],tt100k_signs/convnext_tiny,202,repair,99,1,1
NN-Patching [ungated],tt100k_signs/convnext_tiny,202,repair,100,0,2
NN-Patching [ungated],tt100k_signs/convnext_tiny,202,repair,101,0,1
NN-Patching [ungated],tt100k_signs/convnext_tiny,202,repair,104,0,1
NN-Patching [ungated],tt100k_signs/convnext_tiny,202,repair,106,3,3
NN-Patching [ungated],tt100k_signs/convnext_tiny,202,repair,107,0,1
NN-Patching [ungated],tt100k_signs/convnext_tiny,202,repair,110,4,4
NN-Patching [ungated],tt100k_signs/convnext_tiny,202,repair,111,7,7
NN-Patching [ungated],tt100k_signs/convnext_tiny,202,repair,112,3,3
NN-Patching [ungated],tt100k_signs/convnext_tiny,202,repair,114,2,2
NN-Patching [ungated],tt100k_signs/convnext_tiny,202,repair,115,1,2
NN-Patching [ungated],tt100k_signs/convnext_tiny,202,repair,117,22,26
NN-Patching [ungated],tt100k_signs/convnext_tiny,202,repair,123,1,1
NN-Patching [ungated],tt100k_signs/convnext_tiny,202,repair,126,1,1
NN-Patching [ungated],tt100k_signs/convnext_tiny,202,repair,128,1,2
NN-Patching [ungated],tt100k_signs/convnext_tiny,202,repair,132,0,1
NN-Patching [ungated],tt100k_signs/convnext_tiny,202,repair,133,0,1
NN-Patching [ungated],tt100k_signs/convnext_tiny,202,repair,138,0,1
NN-Patching [ungated],tt100k_signs/convnext_tiny,202,repair,140,2,3
NN-Patching [ungated],tt100k_signs/convnext_tiny,202,repair,141,7,7
NN-Patching [ungated],tt100k_signs/convnext_tiny,202,repair,142,16,16
NN-Patching [ungated],tt100k_signs/convnext_tiny,202,repair,143,0,1
NN-Patching [ungated],tt100k_signs/convnext_tiny,202,repair,144,0,1
NN-Patching [ungated],tt100k_signs/convnext_tiny,202,repair,145,2,2
NN-Patching [ungated],tt100k_signs/convnext_tiny,202,repair,147,1,1
NN-Patching [ungated],tt100k_signs/convnext_tiny,202,repair,148,8,9
NN-Patching [ungated],tt100k_signs/convnext_tiny,202,repair,149,4,5
NN-Patching [ungated],tt100k_signs/convnext_tiny,202,repair,152,0,1
NN-Patching [ungated],tt100k_signs/convnext_tiny,202,repair,153,1,1
NN-Patching [ungated],tt100k_signs/convnext_tiny,202,repair,154,0,1
NN-Patching [ungated],tt100k_signs/convnext_tiny,202,repair,160,0,3
NN-Patching [ungated],tt100k_signs/convnext_tiny,202,repair,161,3,3
NN-Patching [ungated],tt100k_signs/convnext_tiny,202,repair,162,0,1
NN-Patching [ungated],tt100k_signs/convnext_tiny,202,repair,163,1,2
NN-Patching [ungated],tt100k_signs/convnext_tiny,202,repair,164,0,1
NN-Patching [ungated],tt100k_signs/convnext_tiny,202,repair,165,2,2
NN-Patching [ungated],tt100k_signs/convnext_tiny,202,repair,166,0,1
NN-Patching [ungated],tt100k_signs/convnext_tiny,202,repair,167,0,1
NN-Patching [ungated],tt100k_signs/convnext_tiny,202,repair,169,1,1
NN-Patching [ungated],tt100k_signs/convnext_tiny,202,repair,170,0,1
NN-Patching [ungated],tt100k_signs/convnext_tiny,202,repair,173,0,1
NN-Patching [ungated],tt100k_signs/convnext_tiny,202,repair,174,0,1
NN-Patching [ungated],tt100k_signs/convnext_tiny,202,repair,175,0,1
NN-Patching [ungated],tt100k_signs/convnext_tiny,202,repair,176,0,1
NN-Patching [ungated],tt100k_signs/convnext_tiny,202,repair,177,0,4
NN-Patching [ungated],tt100k_signs/convnext_tiny,202,repair,179,3,3
NN-Patching [ungated],tt100k_signs/convnext_tiny,202,repair,180,0,2
NN-Patching [ungated],tt100k_signs/convnext_tiny,202,regression,1,38,38
NN-Patching [ungated],tt100k_signs/convnext_tiny,202,regression,2,0,1
NN-Patching [ungated],tt100k_signs/convnext_tiny,202,regression,3,4,4
NN-Patching [ungated],tt100k_signs/convnext_tiny,202,regression,4,2,2
NN-Patching [ungated],tt100k_signs/convnext_tiny,202,regression,5,2,2
NN-Patching [ungated],tt100k_signs/convnext_tiny,202,regression,7,112,112
NN-Patching [ungated],tt100k_signs/convnext_tiny,202,regression,8,4,4
NN-Patching [ungated],tt100k_signs/convnext_tiny,202,regression,9,198,198
NN-Patching [ungated],tt100k_signs/convnext_tiny,202,regression,10,58,464
NN-Patching [ungated],tt100k_signs/convnext_tiny,202,regression,11,31,31
NN-Patching [ungated],tt100k_signs/convnext_tiny,202,regression,12,1,1
NN-Patching [ungated],tt100k_signs/convnext_tiny,202,regression,13,3,3
NN-Patching [ungated],tt100k_signs/convnext_tiny,202,regression,14,9,111
NN-Patching [ungated],tt100k_signs/convnext_tiny,202,regression,15,5,5
NN-Patching [ungated],tt100k_signs/convnext_tiny,202,regression,16,81,81
NN-Patching [ungated],tt100k_signs/convnext_tiny,202,regression,17,16,16
NN-Patching [ungated],tt100k_signs/convnext_tiny,202,regression,18,0,216
NN-Patching [ungated],tt100k_signs/convnext_tiny,202,regression,19,102,102
NN-Patching [ungated],tt100k_signs/convnext_tiny,202,regression,20,32,32
NN-Patching [ungated],tt100k_signs/convnext_tiny,202,regression,21,66,66
NN-Patching [ungated],tt100k_signs/convnext_tiny,202,regression,22,408,408
NN-Patching [ungated],tt100k_signs/convnext_tiny,202,regression,23,59,59
NN-Patching [ungated],tt100k_signs/convnext_tiny,202,regression,25,28,28
NN-Patching [ungated],tt100k_signs/convnext_tiny,202,regression,26,1,1
NN-Patching [ungated],tt100k_signs/convnext_tiny,202,regression,27,0,3
NN-Patching [ungated],tt100k_signs/convnext_tiny,202,regression,28,8,8
NN-Patching [ungated],tt100k_signs/convnext_tiny,202,regression,29,4,4
NN-Patching [ungated],tt100k_signs/convnext_tiny,202,regression,30,30,30
NN-Patching [ungated],tt100k_signs/convnext_tiny,202,regression,31,6,6
NN-Patching [ungated],tt100k_signs/convnext_tiny,202,regression,34,7,7
NN-Patching [ungated],tt100k_signs/convnext_tiny,202,regression,35,86,86
NN-Patching [ungated],tt100k_signs/convnext_tiny,202,regression,37,10,10
NN-Patching [ungated],tt100k_signs/convnext_tiny,202,regression,38,178,178
NN-Patching [ungated],tt100k_signs/convnext_tiny,202,regression,39,36,36
NN-Patching [ungated],tt100k_signs/convnext_tiny,202,regression,41,0,41
NN-Patching [ungated],tt100k_signs/convnext_tiny,202,regression,43,108,108
NN-Patching [ungated],tt100k_signs/convnext_tiny,202,regression,44,2,34
NN-Patching [ungated],tt100k_signs/convnext_tiny,202,regression,46,3,3
NN-Patching [ungated],tt100k_signs/convnext_tiny,202,regression,47,16,16
NN-Patching [ungated],tt100k_signs/convnext_tiny,202,regression,48,4,4
NN-Patching [ungated],tt100k_signs/convnext_tiny,202,regression,50,9,9
NN-Patching [ungated],tt100k_signs/convnext_tiny,202,regression,51,14,14
NN-Patching [ungated],tt100k_signs/convnext_tiny,202,regression,53,19,19
NN-Patching [ungated],tt100k_signs/convnext_tiny,202,regression,55,40,40
NN-Patching [ungated],tt100k_signs/convnext_tiny,202,regression,57,8,8
NN-Patching [ungated],tt100k_signs/convnext_tiny,202,regression,59,6,6
NN-Patching [ungated],tt100k_signs/convnext_tiny,202,regression,60,1,1
NN-Patching [ungated],tt100k_signs/convnext_tiny,202,regression,61,6,6
NN-Patching [ungated],tt100k_signs/convnext_tiny,202,regression,65,8,8
NN-Patching [ungated],tt100k_signs/convnext_tiny,202,regression,68,0,2
NN-Patching [ungated],tt100k_signs/convnext_tiny,202,regression,70,30,30
NN-Patching [ungated],tt100k_signs/convnext_tiny,202,regression,71,8,8
NN-Patching [ungated],tt100k_signs/convnext_tiny,202,regression,74,46,47
NN-Patching [ungated],tt100k_signs/convnext_tiny,202,regression,75,1,4
NN-Patching [ungated],tt100k_signs/convnext_tiny,202,regression,76,34,34
NN-Patching [ungated],tt100k_signs/convnext_tiny,202,regression,80,0,12
NN-Patching [ungated],tt100k_signs/convnext_tiny,202,regression,81,169,169
NN-Patching [ungated],tt100k_signs/convnext_tiny,202,regression,82,7,12
NN-Patching [ungated],tt100k_signs/convnext_tiny,202,regression,83,71,71
NN-Patching [ungated],tt100k_signs/convnext_tiny,202,regression,84,47,47
NN-Patching [ungated],tt100k_signs/convnext_tiny,202,regression,85,1,47
NN-Patching [ungated],tt100k_signs/convnext_tiny,202,regression,86,2,2
NN-Patching [ungated],tt100k_signs/convnext_tiny,202,regression,88,175,175
NN-Patching [ungated],tt100k_signs/convnext_tiny,202,regression,89,15,15
NN-Patching [ungated],tt100k_signs/convnext_tiny,202,regression,91,372,372
NN-Patching [ungated],tt100k_signs/convnext_tiny,202,regression,92,153,153
NN-Patching [ungated],tt100k_signs/convnext_tiny,202,regression,93,283,283
NN-Patching [ungated],tt100k_signs/convnext_tiny,202,regression,94,2,209
NN-Patching [ungated],tt100k_signs/convnext_tiny,202,regression,96,33,33
NN-Patching [ungated],tt100k_signs/convnext_tiny,202,regression,97,246,246
NN-Patching [ungated],tt100k_signs/convnext_tiny,202,regression,98,10,10
NN-Patching [ungated],tt100k_signs/convnext_tiny,202,regression,100,28,28
NN-Patching [ungated],tt100k_signs/convnext_tiny,202,regression,102,20,20
NN-Patching [ungated],tt100k_signs/convnext_tiny,202,regression,103,1,1
NN-Patching [ungated],tt100k_signs/convnext_tiny,202,regression,105,35,35
NN-Patching [ungated],tt100k_signs/convnext_tiny,202,regression,107,22,22
NN-Patching [ungated],tt100k_signs/convnext_tiny,202,regression,108,1,1
NN-Patching [ungated],tt100k_signs/convnext_tiny,202,regression,109,5,5
NN-Patching [ungated],tt100k_signs/convnext_tiny,202,regression,111,0,2
NN-Patching [ungated],tt100k_signs/convnext_tiny,202,regression,112,0,2
NN-Patching [ungated],tt100k_signs/convnext_tiny,202,regression,113,30,30
NN-Patching [ungated],tt100k_signs/convnext_tiny,202,regression,114,0,4
NN-Patching [ungated],tt100k_signs/convnext_tiny,202,regression,115,860,861
NN-Patching [ungated],tt100k_signs/convnext_tiny,202,regression,116,621,621
NN-Patching [ungated],tt100k_signs/convnext_tiny,202,regression,117,258,281
NN-Patching [ungated],tt100k_signs/convnext_tiny,202,regression,120,17,17
NN-Patching [ungated],tt100k_signs/convnext_tiny,202,regression,121,28,28
NN-Patching [ungated],tt100k_signs/convnext_tiny,202,regression,122,50,50
NN-Patching [ungated],tt100k_signs/convnext_tiny,202,regression,124,21,21
NN-Patching [ungated],tt100k_signs/convnext_tiny,202,regression,125,30,30
NN-Patching [ungated],tt100k_signs/convnext_tiny,202,regression,126,0,10
NN-Patching [ungated],tt100k_signs/convnext_tiny,202,regression,127,7,7
NN-Patching [ungated],tt100k_signs/convnext_tiny,202,regression,128,41,45
NN-Patching [ungated],tt100k_signs/convnext_tiny,202,regression,132,8,8
NN-Patching [ungated],tt100k_signs/convnext_tiny,202,regression,134,2,2
NN-Patching [ungated],tt100k_signs/convnext_tiny,202,regression,139,1,1
NN-Patching [ungated],tt100k_signs/convnext_tiny,202,regression,140,21,27
NN-Patching [ungated],tt100k_signs/convnext_tiny,202,regression,143,2,5
NN-Patching [ungated],tt100k_signs/convnext_tiny,202,regression,145,0,3
NN-Patching [ungated],tt100k_signs/convnext_tiny,202,regression,146,39,42
NN-Patching [ungated],tt100k_signs/convnext_tiny,202,regression,147,0,32
NN-Patching [ungated],tt100k_signs/convnext_tiny,202,regression,151,10,10
NN-Patching [ungated],tt100k_signs/convnext_tiny,202,regression,152,41,42
NN-Patching [ungated],tt100k_signs/convnext_tiny,202,regression,154,24,24
NN-Patching [ungated],tt100k_signs/convnext_tiny,202,regression,155,0,7
NN-Patching [ungated],tt100k_signs/convnext_tiny,202,regression,156,1,1
NN-Patching [ungated],tt100k_signs/convnext_tiny,202,regression,157,1,1
NN-Patching [ungated],tt100k_signs/convnext_tiny,202,regression,158,1,1
NN-Patching [ungated],tt100k_signs/convnext_tiny,202,regression,159,1,1
NN-Patching [ungated],tt100k_signs/convnext_tiny,202,regression,160,13,13
NN-Patching [ungated],tt100k_signs/convnext_tiny,202,regression,163,0,7
NN-Patching [ungated],tt100k_signs/convnext_tiny,202,regression,164,2,2
NN-Patching [ungated],tt100k_signs/convnext_tiny,202,regression,165,4,19
NN-Patching [ungated],tt100k_signs/convnext_tiny,202,regression,170,51,51
NN-Patching [ungated],tt100k_signs/convnext_tiny,202,regression,172,97,98
NN-Patching [ungated],tt100k_signs/convnext_tiny,202,regression,173,27,27
NN-Patching [ungated],tt100k_signs/convnext_tiny,202,regression,174,41,41
NN-Patching [ungated],tt100k_signs/convnext_tiny,202,regression,177,35,39
NN-Patching [ungated],tt100k_signs/convnext_tiny,202,regression,178,0,2
NN-Patching [ungated],tt100k_signs/convnext_tiny,202,regression,180,25,28
NN-Patching [ungated],tt100k_signs/convnext_tiny,303,repair,2,0,1
NN-Patching [ungated],tt100k_signs/convnext_tiny,303,repair,3,0,1
NN-Patching [ungated],tt100k_signs/convnext_tiny,303,repair,6,1,1
NN-Patching [ungated],tt100k_signs/convnext_tiny,303,repair,7,0,3
NN-Patching [ungated],tt100k_signs/convnext_tiny,303,repair,8,0,1
NN-Patching [ungated],tt100k_signs/convnext_tiny,303,repair,14,1,2
NN-Patching [ungated],tt100k_signs/convnext_tiny,303,repair,18,3,4
NN-Patching [ungated],tt100k_signs/convnext_tiny,303,repair,20,0,1
NN-Patching [ungated],tt100k_signs/convnext_tiny,303,repair,21,0,1
NN-Patching [ungated],tt100k_signs/convnext_tiny,303,repair,24,0,2
NN-Patching [ungated],tt100k_signs/convnext_tiny,303,repair,27,0,1
NN-Patching [ungated],tt100k_signs/convnext_tiny,303,repair,29,5,5
NN-Patching [ungated],tt100k_signs/convnext_tiny,303,repair,34,0,1
NN-Patching [ungated],tt100k_signs/convnext_tiny,303,repair,38,0,1
NN-Patching [ungated],tt100k_signs/convnext_tiny,303,repair,40,0,1
NN-Patching [ungated],tt100k_signs/convnext_tiny,303,repair,41,0,1
NN-Patching [ungated],tt100k_signs/convnext_tiny,303,repair,44,1,1
NN-Patching [ungated],tt100k_signs/convnext_tiny,303,repair,50,0,1
NN-Patching [ungated],tt100k_signs/convnext_tiny,303,repair,54,1,1
NN-Patching [ungated],tt100k_signs/convnext_tiny,303,repair,60,0,1
NN-Patching [ungated],tt100k_signs/convnext_tiny,303,repair,62,2,2
NN-Patching [ungated],tt100k_signs/convnext_tiny,303,repair,63,6,6
NN-Patching [ungated],tt100k_signs/convnext_tiny,303,repair,67,9,9
NN-Patching [ungated],tt100k_signs/convnext_tiny,303,repair,68,0,2
NN-Patching [ungated],tt100k_signs/convnext_tiny,303,repair,70,0,1
NN-Patching [ungated],tt100k_signs/convnext_tiny,303,repair,72,1,1
NN-Patching [ungated],tt100k_signs/convnext_tiny,303,repair,74,0,1
NN-Patching [ungated],tt100k_signs/convnext_tiny,303,repair,75,0,3
NN-Patching [ungated],tt100k_signs/convnext_tiny,303,repair,77,1,1
NN-Patching [ungated],tt100k_signs/convnext_tiny,303,repair,78,0,2
NN-Patching [ungated],tt100k_signs/convnext_tiny,303,repair,79,1,1
NN-Patching [ungated],tt100k_signs/convnext_tiny,303,repair,80,3,4
NN-Patching [ungated],tt100k_signs/convnext_tiny,303,repair,81,1,2
NN-Patching [ungated],tt100k_signs/convnext_tiny,303,repair,82,1,2
NN-Patching [ungated],tt100k_signs/convnext_tiny,303,repair,85,0,1
NN-Patching [ungated],tt100k_signs/convnext_tiny,303,repair,87,0,1
NN-Patching [ungated],tt100k_signs/convnext_tiny,303,repair,88,0,1
NN-Patching [ungated],tt100k_signs/convnext_tiny,303,repair,90,0,1
NN-Patching [ungated],tt100k_signs/convnext_tiny,303,repair,91,0,2
NN-Patching [ungated],tt100k_signs/convnext_tiny,303,repair,94,4,4
NN-Patching [ungated],tt100k_signs/convnext_tiny,303,repair,95,0,2
NN-Patching [ungated],tt100k_signs/convnext_tiny,303,repair,97,0,1
NN-Patching [ungated],tt100k_signs/convnext_tiny,303,repair,99,1,1
NN-Patching [ungated],tt100k_signs/convnext_tiny,303,repair,101,0,1
NN-Patching [ungated],tt100k_signs/convnext_tiny,303,repair,105,0,1
NN-Patching [ungated],tt100k_signs/convnext_tiny,303,repair,106,5,5
NN-Patching [ungated],tt100k_signs/convnext_tiny,303,repair,110,1,1
NN-Patching [ungated],tt100k_signs/convnext_tiny,303,repair,111,4,4
NN-Patching [ungated],tt100k_signs/convnext_tiny,303,repair,112,3,4
NN-Patching [ungated],tt100k_signs/convnext_tiny,303,repair,114,2,2
NN-Patching [ungated],tt100k_signs/convnext_tiny,303,repair,115,1,3
NN-Patching [ungated],tt100k_signs/convnext_tiny,303,repair,117,14,20
NN-Patching [ungated],tt100k_signs/convnext_tiny,303,repair,123,1,1
NN-Patching [ungated],tt100k_signs/convnext_tiny,303,repair,125,0,1
NN-Patching [ungated],tt100k_signs/convnext_tiny,303,repair,126,1,1
NN-Patching [ungated],tt100k_signs/convnext_tiny,303,repair,128,1,2
NN-Patching [ungated],tt100k_signs/convnext_tiny,303,repair,132,0,1
NN-Patching [ungated],tt100k_signs/convnext_tiny,303,repair,137,0,1
NN-Patching [ungated],tt100k_signs/convnext_tiny,303,repair,140,3,4
NN-Patching [ungated],tt100k_signs/convnext_tiny,303,repair,141,11,11
NN-Patching [ungated],tt100k_signs/convnext_tiny,303,repair,142,19,19
NN-Patching [ungated],tt100k_signs/convnext_tiny,303,repair,143,0,1
NN-Patching [ungated],tt100k_signs/convnext_tiny,303,repair,145,3,3
NN-Patching [ungated],tt100k_signs/convnext_tiny,303,repair,147,1,1
NN-Patching [ungated],tt100k_signs/convnext_tiny,303,repair,148,10,11
NN-Patching [ungated],tt100k_signs/convnext_tiny,303,repair,149,5,5
NN-Patching [ungated],tt100k_signs/convnext_tiny,303,repair,152,2,2
NN-Patching [ungated],tt100k_signs/convnext_tiny,303,repair,153,0,3
NN-Patching [ungated],tt100k_signs/convnext_tiny,303,repair,155,1,1
NN-Patching [ungated],tt100k_signs/convnext_tiny,303,repair,160,4,4
NN-Patching [ungated],tt100k_signs/convnext_tiny,303,repair,161,3,3
NN-Patching [ungated],tt100k_signs/convnext_tiny,303,repair,163,0,1
NN-Patching [ungated],tt100k_signs/convnext_tiny,303,repair,165,1,2
NN-Patching [ungated],tt100k_signs/convnext_tiny,303,repair,166,0,1
NN-Patching [ungated],tt100k_signs/convnext_tiny,303,repair,167,0,1
NN-Patching [ungated],tt100k_signs/convnext_tiny,303,repair,169,0,3
NN-Patching [ungated],tt100k_signs/convnext_tiny,303,repair,173,0,1
NN-Patching [ungated],tt100k_signs/convnext_tiny,303,repair,174,0,1
NN-Patching [ungated],tt100k_signs/convnext_tiny,303,repair,175,0,1
NN-Patching [ungated],tt100k_signs/convnext_tiny,303,repair,176,0,1
NN-Patching [ungated],tt100k_signs/convnext_tiny,303,repair,177,0,1
NN-Patching [ungated],tt100k_signs/convnext_tiny,303,repair,178,0,1
NN-Patching [ungated],tt100k_signs/convnext_tiny,303,repair,179,3,3
NN-Patching [ungated],tt100k_signs/convnext_tiny,303,repair,180,0,3
NN-Patching [ungated],tt100k_signs/convnext_tiny,303,regression,1,35,35
NN-Patching [ungated],tt100k_signs/convnext_tiny,303,regression,2,1,1
NN-Patching [ungated],tt100k_signs/convnext_tiny,303,regression,3,5,5
NN-Patching [ungated],tt100k_signs/convnext_tiny,303,regression,4,1,3
NN-Patching [ungated],tt100k_signs/convnext_tiny,303,regression,5,2,2
NN-Patching [ungated],tt100k_signs/convnext_tiny,303,regression,7,101,113
NN-Patching [ungated],tt100k_signs/convnext_tiny,303,regression,8,5,5
NN-Patching [ungated],tt100k_signs/convnext_tiny,303,regression,9,202,202
NN-Patching [ungated],tt100k_signs/convnext_tiny,303,regression,10,289,453
NN-Patching [ungated],tt100k_signs/convnext_tiny,303,regression,11,32,32
NN-Patching [ungated],tt100k_signs/convnext_tiny,303,regression,13,4,4
NN-Patching [ungated],tt100k_signs/convnext_tiny,303,regression,14,13,111
NN-Patching [ungated],tt100k_signs/convnext_tiny,303,regression,15,5,5
NN-Patching [ungated],tt100k_signs/convnext_tiny,303,regression,16,74,74
NN-Patching [ungated],tt100k_signs/convnext_tiny,303,regression,17,16,16
NN-Patching [ungated],tt100k_signs/convnext_tiny,303,regression,18,0,215
NN-Patching [ungated],tt100k_signs/convnext_tiny,303,regression,19,95,95
NN-Patching [ungated],tt100k_signs/convnext_tiny,303,regression,20,34,34
NN-Patching [ungated],tt100k_signs/convnext_tiny,303,regression,21,66,66
NN-Patching [ungated],tt100k_signs/convnext_tiny,303,regression,22,409,409
NN-Patching [ungated],tt100k_signs/convnext_tiny,303,regression,23,0,55
NN-Patching [ungated],tt100k_signs/convnext_tiny,303,regression,25,0,24
NN-Patching [ungated],tt100k_signs/convnext_tiny,303,regression,27,5,5
NN-Patching [ungated],tt100k_signs/convnext_tiny,303,regression,28,7,7
NN-Patching [ungated],tt100k_signs/convnext_tiny,303,regression,29,3,4
NN-Patching [ungated],tt100k_signs/convnext_tiny,303,regression,30,29,29
NN-Patching [ungated],tt100k_signs/convnext_tiny,303,regression,31,7,7
NN-Patching [ungated],tt100k_signs/convnext_tiny,303,regression,34,8,8
NN-Patching [ungated],tt100k_signs/convnext_tiny,303,regression,35,89,89
NN-Patching [ungated],tt100k_signs/convnext_tiny,303,regression,37,9,9
NN-Patching [ungated],tt100k_signs/convnext_tiny,303,regression,38,193,195
NN-Patching [ungated],tt100k_signs/convnext_tiny,303,regression,39,36,36
NN-Patching [ungated],tt100k_signs/convnext_tiny,303,regression,41,0,41
NN-Patching [ungated],tt100k_signs/convnext_tiny,303,regression,42,1,1
NN-Patching [ungated],tt100k_signs/convnext_tiny,303,regression,43,102,102
NN-Patching [ungated],tt100k_signs/convnext_tiny,303,regression,44,0,34
NN-Patching [ungated],tt100k_signs/convnext_tiny,303,regression,46,4,4
NN-Patching [ungated],tt100k_signs/convnext_tiny,303,regression,47,16,16
NN-Patching [ungated],tt100k_signs/convnext_tiny,303,regression,48,4,4
NN-Patching [ungated],tt100k_signs/convnext_tiny,303,regression,50,10,10
NN-Patching [ungated],tt100k_signs/convnext_tiny,303,regression,51,10,10
NN-Patching [ungated],tt100k_signs/convnext_tiny,303,regression,53,14,18
NN-Patching [ungated],tt100k_signs/convnext_tiny,303,regression,55,32,32
NN-Patching [ungated],tt100k_signs/convnext_tiny,303,regression,57,7,7
NN-Patching [ungated],tt100k_signs/convnext_tiny,303,regression,59,5,5
NN-Patching [ungated],tt100k_signs/convnext_tiny,303,regression,61,6,6
NN-Patching [ungated],tt100k_signs/convnext_tiny,303,regression,65,10,10
NN-Patching [ungated],tt100k_signs/convnext_tiny,303,regression,68,1,1
NN-Patching [ungated],tt100k_signs/convnext_tiny,303,regression,70,28,28
NN-Patching [ungated],tt100k_signs/convnext_tiny,303,regression,71,12,12
NN-Patching [ungated],tt100k_signs/convnext_tiny,303,regression,74,48,48
NN-Patching [ungated],tt100k_signs/convnext_tiny,303,regression,75,5,5
NN-Patching [ungated],tt100k_signs/convnext_tiny,303,regression,76,34,34
NN-Patching [ungated],tt100k_signs/convnext_tiny,303,regression,80,0,16
NN-Patching [ungated],tt100k_signs/convnext_tiny,303,regression,81,179,179
NN-Patching [ungated],tt100k_signs/convnext_tiny,303,regression,82,0,12
NN-Patching [ungated],tt100k_signs/convnext_tiny,303,regression,83,66,69
NN-Patching [ungated],tt100k_signs/convnext_tiny,303,regression,84,46,46
NN-Patching [ungated],tt100k_signs/convnext_tiny,303,regression,85,44,44
NN-Patching [ungated],tt100k_signs/convnext_tiny,303,regression,86,1,1
NN-Patching [ungated],tt100k_signs/convnext_tiny,303,regression,88,166,167
NN-Patching [ungated],tt100k_signs/convnext_tiny,303,regression,89,1,16
NN-Patching [ungated],tt100k_signs/convnext_tiny,303,regression,91,365,366
NN-Patching [ungated],tt100k_signs/convnext_tiny,303,regression,92,171,171
NN-Patching [ungated],tt100k_signs/convnext_tiny,303,regression,93,294,295
NN-Patching [ungated],tt100k_signs/convnext_tiny,303,regression,94,0,216
NN-Patching [ungated],tt100k_signs/convnext_tiny,303,regression,96,30,30
NN-Patching [ungated],tt100k_signs/convnext_tiny,303,regression,97,245,245
NN-Patching [ungated],tt100k_signs/convnext_tiny,303,regression,98,13,13
NN-Patching [ungated],tt100k_signs/convnext_tiny,303,regression,100,0,28
NN-Patching [ungated],tt100k_signs/convnext_tiny,303,regression,102,18,18
NN-Patching [ungated],tt100k_signs/convnext_tiny,303,regression,103,2,2
NN-Patching [ungated],tt100k_signs/convnext_tiny,303,regression,105,42,42
NN-Patching [ungated],tt100k_signs/convnext_tiny,303,regression,107,28,28
NN-Patching [ungated],tt100k_signs/convnext_tiny,303,regression,108,1,1
NN-Patching [ungated],tt100k_signs/convnext_tiny,303,regression,109,4,4
NN-Patching [ungated],tt100k_signs/convnext_tiny,303,regression,111,0,1
NN-Patching [ungated],tt100k_signs/convnext_tiny,303,regression,112,0,1
NN-Patching [ungated],tt100k_signs/convnext_tiny,303,regression,113,26,26
NN-Patching [ungated],tt100k_signs/convnext_tiny,303,regression,114,0,2
NN-Patching [ungated],tt100k_signs/convnext_tiny,303,regression,115,836,844
NN-Patching [ungated],tt100k_signs/convnext_tiny,303,regression,116,619,619
NN-Patching [ungated],tt100k_signs/convnext_tiny,303,regression,117,244,274
NN-Patching [ungated],tt100k_signs/convnext_tiny,303,regression,120,15,15
NN-Patching [ungated],tt100k_signs/convnext_tiny,303,regression,121,35,35
NN-Patching [ungated],tt100k_signs/convnext_tiny,303,regression,122,56,56
NN-Patching [ungated],tt100k_signs/convnext_tiny,303,regression,124,21,21
NN-Patching [ungated],tt100k_signs/convnext_tiny,303,regression,125,36,36
NN-Patching [ungated],tt100k_signs/convnext_tiny,303,regression,126,0,10
NN-Patching [ungated],tt100k_signs/convnext_tiny,303,regression,127,8,8
NN-Patching [ungated],tt100k_signs/convnext_tiny,303,regression,128,43,43
NN-Patching [ungated],tt100k_signs/convnext_tiny,303,regression,131,1,1
NN-Patching [ungated],tt100k_signs/convnext_tiny,303,regression,132,8,8
NN-Patching [ungated],tt100k_signs/convnext_tiny,303,regression,134,3,3
NN-Patching [ungated],tt100k_signs/convnext_tiny,303,regression,139,1,1
NN-Patching [ungated],tt100k_signs/convnext_tiny,303,regression,140,3,28
NN-Patching [ungated],tt100k_signs/convnext_tiny,303,regression,143,1,3
NN-Patching [ungated],tt100k_signs/convnext_tiny,303,regression,145,0,3
NN-Patching [ungated],tt100k_signs/convnext_tiny,303,regression,146,33,33
NN-Patching [ungated],tt100k_signs/convnext_tiny,303,regression,147,26,34
NN-Patching [ungated],tt100k_signs/convnext_tiny,303,regression,151,10,10
NN-Patching [ungated],tt100k_signs/convnext_tiny,303,regression,152,5,39
NN-Patching [ungated],tt100k_signs/convnext_tiny,303,regression,154,25,25
NN-Patching [ungated],tt100k_signs/convnext_tiny,303,regression,155,0,5
NN-Patching [ungated],tt100k_signs/convnext_tiny,303,regression,156,1,1
NN-Patching [ungated],tt100k_signs/convnext_tiny,303,regression,157,2,2
NN-Patching [ungated],tt100k_signs/convnext_tiny,303,regression,158,1,1
NN-Patching [ungated],tt100k_signs/convnext_tiny,303,regression,160,1,13
NN-Patching [ungated],tt100k_signs/convnext_tiny,303,regression,163,0,10
NN-Patching [ungated],tt100k_signs/convnext_tiny,303,regression,164,2,2
NN-Patching [ungated],tt100k_signs/convnext_tiny,303,regression,165,0,17
NN-Patching [ungated],tt100k_signs/convnext_tiny,303,regression,170,49,50
NN-Patching [ungated],tt100k_signs/convnext_tiny,303,regression,172,109,109
NN-Patching [ungated],tt100k_signs/convnext_tiny,303,regression,173,22,22
NN-Patching [ungated],tt100k_signs/convnext_tiny,303,regression,174,46,46
NN-Patching [ungated],tt100k_signs/convnext_tiny,303,regression,177,0,37
NN-Patching [ungated],tt100k_signs/convnext_tiny,303,regression,178,1,1
NN-Patching [ungated],tt100k_signs/convnext_tiny,303,regression,180,23,26
NN-Patching [ungated],tt100k_signs/densenet121,101,repair,2,1,1
NN-Patching [ungated],tt100k_signs/densenet121,101,repair,6,2,2
NN-Patching [ungated],tt100k_signs/densenet121,101,repair,7,8,11
NN-Patching [ungated],tt100k_signs/densenet121,101,repair,8,0,1
NN-Patching [ungated],tt100k_signs/densenet121,101,repair,10,0,1
NN-Patching [ungated],tt100k_signs/densenet121,101,repair,14,4,5
NN-Patching [ungated],tt100k_signs/densenet121,101,repair,16,0,1
NN-Patching [ungated],tt100k_signs/densenet121,101,repair,17,0,1
NN-Patching [ungated],tt100k_signs/densenet121,101,repair,18,0,1
NN-Patching [ungated],tt100k_signs/densenet121,101,repair,21,0,1
NN-Patching [ungated],tt100k_signs/densenet121,101,repair,22,1,3
NN-Patching [ungated],tt100k_signs/densenet121,101,repair,23,1,3
NN-Patching [ungated],tt100k_signs/densenet121,101,repair,24,1,1
NN-Patching [ungated],tt100k_signs/densenet121,101,repair,27,1,1
NN-Patching [ungated],tt100k_signs/densenet121,101,repair,29,0,4
NN-Patching [ungated],tt100k_signs/densenet121,101,repair,34,1,1
NN-Patching [ungated],tt100k_signs/densenet121,101,repair,35,0,1
NN-Patching [ungated],tt100k_signs/densenet121,101,repair,38,2,6
NN-Patching [ungated],tt100k_signs/densenet121,101,repair,40,1,1
NN-Patching [ungated],tt100k_signs/densenet121,101,repair,42,0,1
NN-Patching [ungated],tt100k_signs/densenet121,101,repair,45,0,1
NN-Patching [ungated],tt100k_signs/densenet121,101,repair,48,1,1
NN-Patching [ungated],tt100k_signs/densenet121,101,repair,53,2,2
NN-Patching [ungated],tt100k_signs/densenet121,101,repair,54,0,2
NN-Patching [ungated],tt100k_signs/densenet121,101,repair,57,4,4
NN-Patching [ungated],tt100k_signs/densenet121,101,repair,60,1,1
NN-Patching [ungated],tt100k_signs/densenet121,101,repair,62,0,1
NN-Patching [ungated],tt100k_signs/densenet121,101,repair,63,8,8
NN-Patching [ungated],tt100k_signs/densenet121,101,repair,67,10,10
NN-Patching [ungated],tt100k_signs/densenet121,101,repair,68,1,1
NN-Patching [ungated],tt100k_signs/densenet121,101,repair,71,0,1
NN-Patching [ungated],tt100k_signs/densenet121,101,repair,73,0,1
NN-Patching [ungated],tt100k_signs/densenet121,101,repair,75,5,5
NN-Patching [ungated],tt100k_signs/densenet121,101,repair,76,0,1
NN-Patching [ungated],tt100k_signs/densenet121,101,repair,77,1,1
NN-Patching [ungated],tt100k_signs/densenet121,101,repair,81,0,4
NN-Patching [ungated],tt100k_signs/densenet121,101,repair,85,0,1
NN-Patching [ungated],tt100k_signs/densenet121,101,repair,87,0,1
NN-Patching [ungated],tt100k_signs/densenet121,101,repair,90,0,1
NN-Patching [ungated],tt100k_signs/densenet121,101,repair,91,0,2
NN-Patching [ungated],tt100k_signs/densenet121,101,repair,92,0,2
NN-Patching [ungated],tt100k_signs/densenet121,101,repair,94,12,12
NN-Patching [ungated],tt100k_signs/densenet121,101,repair,95,1,1
NN-Patching [ungated],tt100k_signs/densenet121,101,repair,97,0,1
NN-Patching [ungated],tt100k_signs/densenet121,101,repair,98,0,1
NN-Patching [ungated],tt100k_signs/densenet121,101,repair,99,1,1
NN-Patching [ungated],tt100k_signs/densenet121,101,repair,104,0,1
NN-Patching [ungated],tt100k_signs/densenet121,101,repair,105,0,1
NN-Patching [ungated],tt100k_signs/densenet121,101,repair,106,5,5
NN-Patching [ungated],tt100k_signs/densenet121,101,repair,107,0,1
NN-Patching [ungated],tt100k_signs/densenet121,101,repair,110,2,2
NN-Patching [ungated],tt100k_signs/densenet121,101,repair,111,5,6
NN-Patching [ungated],tt100k_signs/densenet121,101,repair,112,0,1
NN-Patching [ungated],tt100k_signs/densenet121,101,repair,114,4,4
NN-Patching [ungated],tt100k_signs/densenet121,101,repair,115,1,5
NN-Patching [ungated],tt100k_signs/densenet121,101,repair,116,0,2
NN-Patching [ungated],tt100k_signs/densenet121,101,repair,117,23,28
NN-Patching [ungated],tt100k_signs/densenet121,101,repair,121,24,25
NN-Patching [ungated],tt100k_signs/densenet121,101,repair,123,1,1
NN-Patching [ungated],tt100k_signs/densenet121,101,repair,124,0,1
NN-Patching [ungated],tt100k_signs/densenet121,101,repair,125,7,9
NN-Patching [ungated],tt100k_signs/densenet121,101,repair,126,1,1
NN-Patching [ungated],tt100k_signs/densenet121,101,repair,133,0,1
NN-Patching [ungated],tt100k_signs/densenet121,101,repair,134,0,1
NN-Patching [ungated],tt100k_signs/densenet121,101,repair,138,0,1
NN-Patching [ungated],tt100k_signs/densenet121,101,repair,140,3,3
NN-Patching [ungated],tt100k_signs/densenet121,101,repair,141,6,6
NN-Patching [ungated],tt100k_signs/densenet121,101,repair,142,13,13
NN-Patching [ungated],tt100k_signs/densenet121,101,repair,143,3,4
NN-Patching [ungated],tt100k_signs/densenet121,101,repair,144,0,1
NN-Patching [ungated],tt100k_signs/densenet121,101,repair,145,0,1
NN-Patching [ungated],tt100k_signs/densenet121,101,repair,147,23,23
NN-Patching [ungated],tt100k_signs/densenet121,101,repair,148,5,5
NN-Patching [ungated],tt100k_signs/densenet121,101,repair,149,4,4
NN-Patching [ungated],tt100k_signs/densenet121,101,repair,152,0,4
NN-Patching [ungated],tt100k_signs/densenet121,101,repair,153,1,1
NN-Patching [ungated],tt100k_signs/densenet121,101,repair,154,0,1
NN-Patching [ungated],tt100k_signs/densenet121,101,repair,155,0,1
NN-Patching [ungated],tt100k_signs/densenet121,101,repair,160,2,3
NN-Patching [ungated],tt100k_signs/densenet121,101,repair,161,4,4
NN-Patching [ungated],tt100k_signs/densenet121,101,repair,163,0,2
NN-Patching [ungated],tt100k_signs/densenet121,101,repair,165,5,5
NN-Patching [ungated],tt100k_signs/densenet121,101,repair,166,0,1
NN-Patching [ungated],tt100k_signs/densenet121,101,repair,167,0,1
NN-Patching [ungated],tt100k_signs/densenet121,101,repair,169,1,1
NN-Patching [ungated],tt100k_signs/densenet121,101,repair,171,0,1
NN-Patching [ungated],tt100k_signs/densenet121,101,repair,172,0,1
NN-Patching [ungated],tt100k_signs/densenet121,101,repair,173,0,1
NN-Patching [ungated],tt100k_signs/densenet121,101,repair,177,4,4
NN-Patching [ungated],tt100k_signs/densenet121,101,repair,178,1,1
NN-Patching [ungated],tt100k_signs/densenet121,101,repair,179,2,2
NN-Patching [ungated],tt100k_signs/densenet121,101,repair,180,2,8
NN-Patching [ungated],tt100k_signs/densenet121,101,regression,1,38,39
NN-Patching [ungated],tt100k_signs/densenet121,101,regression,3,3,4
NN-Patching [ungated],tt100k_signs/densenet121,101,regression,4,3,3
NN-Patching [ungated],tt100k_signs/densenet121,101,regression,5,2,2
NN-Patching [ungated],tt100k_signs/densenet121,101,regression,7,8,110
NN-Patching [ungated],tt100k_signs/densenet121,101,regression,8,2,2
NN-Patching [ungated],tt100k_signs/densenet121,101,regression,9,187,187
NN-Patching [ungated],tt100k_signs/densenet121,101,regression,10,448,448
NN-Patching [ungated],tt100k_signs/densenet121,101,regression,11,30,30
NN-Patching [ungated],tt100k_signs/densenet121,101,regression,12,2,2
NN-Patching [ungated],tt100k_signs/densenet121,101,regression,13,4,4
NN-Patching [ungated],tt100k_signs/densenet121,101,regression,14,0,97
NN-Patching [ungated],tt100k_signs/densenet121,101,regression,15,3,3
NN-Patching [ungated],tt100k_signs/densenet121,101,regression,16,23,77
NN-Patching [ungated],tt100k_signs/densenet121,101,regression,17,10,12
NN-Patching [ungated],tt100k_signs/densenet121,101,regression,18,204,208
NN-Patching [ungated],tt100k_signs/densenet121,101,regression,19,101,101
NN-Patching [ungated],tt100k_signs/densenet121,101,regression,20,35,35
NN-Patching [ungated],tt100k_signs/densenet121,101,regression,21,67,67
NN-Patching [ungated],tt100k_signs/densenet121,101,regression,22,398,401
NN-Patching [ungated],tt100k_signs/densenet121,101,regression,23,50,56
NN-Patching [ungated],tt100k_signs/densenet121,101,regression,25,24,24
NN-Patching [ungated],tt100k_signs/densenet121,101,regression,26,1,1
NN-Patching [ungated],tt100k_signs/densenet121,101,regression,27,2,6
NN-Patching [ungated],tt100k_signs/densenet121,101,regression,28,10,10
NN-Patching [ungated],tt100k_signs/densenet121,101,regression,29,7,7
NN-Patching [ungated],tt100k_signs/densenet121,101,regression,30,32,32
NN-Patching [ungated],tt100k_signs/densenet121,101,regression,31,6,6
NN-Patching [ungated],tt100k_signs/densenet121,101,regression,34,0,6
NN-Patching [ungated],tt100k_signs/densenet121,101,regression,35,84,84
NN-Patching [ungated],tt100k_signs/densenet121,101,regression,37,11,11
NN-Patching [ungated],tt100k_signs/densenet121,101,regression,38,193,193
NN-Patching [ungated],tt100k_signs/densenet121,101,regression,39,32,32
NN-Patching [ungated],tt100k_signs/densenet121,101,regression,41,47,47
NN-Patching [ungated],tt100k_signs/densenet121,101,regression,43,99,99
NN-Patching [ungated],tt100k_signs/densenet121,101,regression,44,32,33
NN-Patching [ungated],tt100k_signs/densenet121,101,regression,46,2,2
NN-Patching [ungated],tt100k_signs/densenet121,101,regression,47,18,18
NN-Patching [ungated],tt100k_signs/densenet121,101,regression,48,0,3
NN-Patching [ungated],tt100k_signs/densenet121,101,regression,50,10,11
NN-Patching [ungated],tt100k_signs/densenet121,101,regression,51,15,15
NN-Patching [ungated],tt100k_signs/densenet121,101,regression,53,0,17
NN-Patching [ungated],tt100k_signs/densenet121,101,regression,55,33,33
NN-Patching [ungated],tt100k_signs/densenet121,101,regression,57,0,1
NN-Patching [ungated],tt100k_signs/densenet121,101,regression,59,5,5
NN-Patching [ungated],tt100k_signs/densenet121,101,regression,61,6,6
NN-Patching [ungated],tt100k_signs/densenet121,101,regression,65,9,9
NN-Patching [ungated],tt100k_signs/densenet121,101,regression,66,1,1
NN-Patching [ungated],tt100k_signs/densenet121,101,regression,68,2,2
NN-Patching [ungated],tt100k_signs/densenet121,101,regression,70,30,30
NN-Patching [ungated],tt100k_signs/densenet121,101,regression,71,11,11
NN-Patching [ungated],tt100k_signs/densenet121,101,regression,74,46,46
NN-Patching [ungated],tt100k_signs/densenet121,101,regression,76,29,29
NN-Patching [ungated],tt100k_signs/densenet121,101,regression,80,21,21
NN-Patching [ungated],tt100k_signs/densenet121,101,regression,81,171,171
NN-Patching [ungated],tt100k_signs/densenet121,101,regression,82,14,14
NN-Patching [ungated],tt100k_signs/densenet121,101,regression,83,28,72
NN-Patching [ungated],tt100k_signs/densenet121,101,regression,84,43,43
NN-Patching [ungated],tt100k_signs/densenet121,101,regression,85,41,41
NN-Patching [ungated],tt100k_signs/densenet121,101,regression,86,1,1
NN-Patching [ungated],tt100k_signs/densenet121,101,regression,88,4,169
NN-Patching [ungated],tt100k_signs/densenet121,101,regression,89,12,12
NN-Patching [ungated],tt100k_signs/densenet121,101,regression,91,379,380
NN-Patching [ungated],tt100k_signs/densenet121,101,regression,92,168,168
NN-Patching [ungated],tt100k_signs/densenet121,101,regression,93,300,300
NN-Patching [ungated],tt100k_signs/densenet121,101,regression,94,0,215
NN-Patching [ungated],tt100k_signs/densenet121,101,regression,96,34,34
NN-Patching [ungated],tt100k_signs/densenet121,101,regression,97,239,239
NN-Patching [ungated],tt100k_signs/densenet121,101,regression,98,10,10
NN-Patching [ungated],tt100k_signs/densenet121,101,regression,100,29,29
NN-Patching [ungated],tt100k_signs/densenet121,101,regression,102,15,15
NN-Patching [ungated],tt100k_signs/densenet121,101,regression,103,1,1
NN-Patching [ungated],tt100k_signs/densenet121,101,regression,105,41,41
NN-Patching [ungated],tt100k_signs/densenet121,101,regression,107,26,26
NN-Patching [ungated],tt100k_signs/densenet121,101,regression,108,1,1
NN-Patching [ungated],tt100k_signs/densenet121,101,regression,109,4,4
NN-Patching [ungated],tt100k_signs/densenet121,101,regression,112,0,3
NN-Patching [ungated],tt100k_signs/densenet121,101,regression,113,30,30
NN-Patching [ungated],tt100k_signs/densenet121,101,regression,115,839,841
NN-Patching [ungated],tt100k_signs/densenet121,101,regression,116,542,628
NN-Patching [ungated],tt100k_signs/densenet121,101,regression,117,176,267
NN-Patching [ungated],tt100k_signs/densenet121,101,regression,120,15,15
NN-Patching [ungated],tt100k_signs/densenet121,101,regression,122,55,55
NN-Patching [ungated],tt100k_signs/densenet121,101,regression,124,20,20
NN-Patching [ungated],tt100k_signs/densenet121,101,regression,125,0,25
NN-Patching [ungated],tt100k_signs/densenet121,101,regression,126,0,8
NN-Patching [ungated],tt100k_signs/densenet121,101,regression,127,8,8
NN-Patching [ungated],tt100k_signs/densenet121,101,regression,128,0,42
NN-Patching [ungated],tt100k_signs/densenet121,101,regression,132,9,9
NN-Patching [ungated],tt100k_signs/densenet121,101,regression,134,2,2
NN-Patching [ungated],tt100k_signs/densenet121,101,regression,140,4,22
NN-Patching [ungated],tt100k_signs/densenet121,101,regression,143,0,1
NN-Patching [ungated],tt100k_signs/densenet121,101,regression,145,4,5
NN-Patching [ungated],tt100k_signs/densenet121,101,regression,146,36,36
NN-Patching [ungated],tt100k_signs/densenet121,101,regression,151,6,6
NN-Patching [ungated],tt100k_signs/densenet121,101,regression,152,0,36
NN-Patching [ungated],tt100k_signs/densenet121,101,regression,154,25,29
NN-Patching [ungated],tt100k_signs/densenet121,101,regression,155,9,9
NN-Patching [ungated],tt100k_signs/densenet121,101,regression,156,1,1
NN-Patching [ungated],tt100k_signs/densenet121,101,regression,157,2,2
NN-Patching [ungated],tt100k_signs/densenet121,101,regression,158,1,1
NN-Patching [ungated],tt100k_signs/densenet121,101,regression,159,1,1
NN-Patching [ungated],tt100k_signs/densenet121,101,regression,160,1,10
NN-Patching [ungated],tt100k_signs/densenet121,101,regression,163,8,8
NN-Patching [ungated],tt100k_signs/densenet121,101,regression,164,3,3
NN-Patching [ungated],tt100k_signs/densenet121,101,regression,165,13,21
NN-Patching [ungated],tt100k_signs/densenet121,101,regression,170,49,49
NN-Patching [ungated],tt100k_signs/densenet121,101,regression,172,101,101
NN-Patching [ungated],tt100k_signs/densenet121,101,regression,173,29,29
NN-Patching [ungated],tt100k_signs/densenet121,101,regression,174,50,50
NN-Patching [ungated],tt100k_signs/densenet121,101,regression,177,0,39
NN-Patching [ungated],tt100k_signs/densenet121,101,regression,180,18,18
NN-Patching [ungated],tt100k_signs/densenet121,202,repair,6,0,5
NN-Patching [ungated],tt100k_signs/densenet121,202,repair,7,7,9
NN-Patching [ungated],tt100k_signs/densenet121,202,repair,10,0,1
NN-Patching [ungated],tt100k_signs/densenet121,202,repair,14,3,5
NN-Patching [ungated],tt100k_signs/densenet121,202,repair,16,0,1
NN-Patching [ungated],tt100k_signs/densenet121,202,repair,17,0,1
NN-Patching [ungated],tt100k_signs/densenet121,202,repair,19,0,1
NN-Patching [ungated],tt100k_signs/densenet121,202,repair,22,2,3
NN-Patching [ungated],tt100k_signs/densenet121,202,repair,23,0,2
NN-Patching [ungated],tt100k_signs/densenet121,202,repair,24,0,2
NN-Patching [ungated],tt100k_signs/densenet121,202,repair,34,0,2
NN-Patching [ungated],tt100k_signs/densenet121,202,repair,38,2,4
NN-Patching [ungated],tt100k_signs/densenet121,202,repair,40,1,1
NN-Patching [ungated],tt100k_signs/densenet121,202,repair,45,0,1
NN-Patching [ungated],tt100k_signs/densenet121,202,repair,48,1,1
NN-Patching [ungated],tt100k_signs/densenet121,202,repair,53,1,1
NN-Patching [ungated],tt100k_signs/densenet121,202,repair,54,1,1
NN-Patching [ungated],tt100k_signs/densenet121,202,repair,57,0,6
NN-Patching [ungated],tt100k_signs/densenet121,202,repair,60,0,2
NN-Patching [ungated],tt100k_signs/densenet121,202,repair,62,0,2
NN-Patching [ungated],tt100k_signs/densenet121,202,repair,63,7,7
NN-Patching [ungated],tt100k_signs/densenet121,202,repair,67,11,11
NN-Patching [ungated],tt100k_signs/densenet121,202,repair,69,0,1
NN-Patching [ungated],tt100k_signs/densenet121,202,repair,70,0,1
NN-Patching [ungated],tt100k_signs/densenet121,202,repair,71,0,1
NN-Patching [ungated],tt100k_signs/densenet121,202,repair,75,6,6
NN-Patching [ungated],tt100k_signs/densenet121,202,repair,77,1,1
NN-Patching [ungated],tt100k_signs/densenet121,202,repair,78,1,1
NN-Patching [ungated],tt100k_signs/densenet121,202,repair,81,2,2
NN-Patching [ungated],tt100k_signs/densenet121,202,repair,83,0,1
NN-Patching [ungated],tt100k_signs/densenet121,202,repair,85,0,1
NN-Patching [ungated],tt100k_signs/densenet121,202,repair,87,0,1
NN-Patching [ungated],tt100k_signs/densenet121,202,repair,88,0,1
NN-Patching [ungated],tt100k_signs/densenet121,202,repair,91,1,1
NN-Patching [ungated],tt100k_signs/densenet121,202,repair,92,0,1
NN-Patching [ungated],tt100k_signs/densenet121,202,repair,93,0,1
NN-Patching [ungated],tt100k_signs/densenet121,202,repair,94,15,15
NN-Patching [ungated],tt100k_signs/densenet121,202,repair,95,0,1
NN-Patching [ungated],tt100k_signs/densenet121,202,repair,99,1,1
NN-Patching [ungated],tt100k_signs/densenet121,202,repair,104,0,1
NN-Patching [ungated],tt100k_signs/densenet121,202,repair,106,6,6
NN-Patching [ungated],tt100k_signs/densenet121,202,repair,107,0,1
NN-Patching [ungated],tt100k_signs/densenet121,202,repair,110,1,1
NN-Patching [ungated],tt100k_signs/densenet121,202,repair,111,7,8
NN-Patching [ungated],tt100k_signs/densenet121,202,repair,112,2,4
NN-Patching [ungated],tt100k_signs/densenet121,202,repair,114,3,3
NN-Patching [ungated],tt100k_signs/densenet121,202,repair,115,1,2
NN-Patching [ungated],tt100k_signs/densenet121,202,repair,116,0,3
NN-Patching [ungated],tt100k_signs/densenet121,202,repair,117,24,33
NN-Patching [ungated],tt100k_signs/densenet121,202,repair,121,21,22
NN-Patching [ungated],tt100k_signs/densenet121,202,repair,124,0,1
NN-Patching [ungated],tt100k_signs/densenet121,202,repair,125,3,4
NN-Patching [ungated],tt100k_signs/densenet121,202,repair,126,2,2
NN-Patching [ungated],tt100k_signs/densenet121,202,repair,128,0,4
NN-Patching [ungated],tt100k_signs/densenet121,202,repair,131,0,1
NN-Patching [ungated],tt100k_signs/densenet121,202,repair,133,0,1
NN-Patching [ungated],tt100k_signs/densenet121,202,repair,137,0,1
NN-Patching [ungated],tt100k_signs/densenet121,202,repair,140,6,7
NN-Patching [ungated],tt100k_signs/densenet121,202,repair,141,8,8
NN-Patching [ungated],tt100k_signs/densenet121,202,repair,142,13,13
NN-Patching [ungated],tt100k_signs/densenet121,202,repair,143,1,2
NN-Patching [ungated],tt100k_signs/densenet121,202,repair,147,26,28
NN-Patching [ungated],tt100k_signs/densenet121,202,repair,148,5,6
NN-Patching [ungated],tt100k_signs/densenet121,202,repair,149,7,7
NN-Patching [ungated],tt100k_signs/densenet121,202,repair,152,0,4
NN-Patching [ungated],tt100k_signs/densenet121,202,repair,154,0,1
NN-Patching [ungated],tt100k_signs/densenet121,202,repair,155,0,1
NN-Patching [ungated],tt100k_signs/densenet121,202,repair,160,2,2
NN-Patching [ungated],tt100k_signs/densenet121,202,repair,161,4,4
NN-Patching [ungated],tt100k_signs/densenet121,202,repair,163,0,1
NN-Patching [ungated],tt100k_signs/densenet121,202,repair,164,0,1
NN-Patching [ungated],tt100k_signs/densenet121,202,repair,165,2,2
NN-Patching [ungated],tt100k_signs/densenet121,202,repair,166,0,1
NN-Patching [ungated],tt100k_signs/densenet121,202,repair,169,1,2
NN-Patching [ungated],tt100k_signs/densenet121,202,repair,172,0,1
NN-Patching [ungated],tt100k_signs/densenet121,202,repair,174,0,1
NN-Patching [ungated],tt100k_signs/densenet121,202,repair,175,0,1
NN-Patching [ungated],tt100k_signs/densenet121,202,repair,176,0,1
NN-Patching [ungated],tt100k_signs/densenet121,202,repair,177,4,5
NN-Patching [ungated],tt100k_signs/densenet121,202,repair,178,1,1
NN-Patching [ungated],tt100k_signs/densenet121,202,repair,179,3,3
NN-Patching [ungated],tt100k_signs/densenet121,202,repair,180,3,5
NN-Patching [ungated],tt100k_signs/densenet121,202,regression,0,1,1
NN-Patching [ungated],tt100k_signs/densenet121,202,regression,1,21,31
NN-Patching [ungated],tt100k_signs/densenet121,202,regression,3,1,3
NN-Patching [ungated],tt100k_signs/densenet121,202,regression,4,5,5
NN-Patching [ungated],tt100k_signs/densenet121,202,regression,5,2,2
NN-Patching [ungated],tt100k_signs/densenet121,202,regression,7,16,98
NN-Patching [ungated],tt100k_signs/densenet121,202,regression,8,4,4
NN-Patching [ungated],tt100k_signs/densenet121,202,regression,9,198,198
NN-Patching [ungated],tt100k_signs/densenet121,202,regression,10,468,468
NN-Patching [ungated],tt100k_signs/densenet121,202,regression,11,34,34
NN-Patching [ungated],tt100k_signs/densenet121,202,regression,12,2,2
NN-Patching [ungated],tt100k_signs/densenet121,202,regression,13,4,4
NN-Patching [ungated],tt100k_signs/densenet121,202,regression,14,1,108
NN-Patching [ungated],tt100k_signs/densenet121,202,regression,15,5,5
NN-Patching [ungated],tt100k_signs/densenet121,202,regression,16,79,79
NN-Patching [ungated],tt100k_signs/densenet121,202,regression,17,8,12
NN-Patching [ungated],tt100k_signs/densenet121,202,regression,18,206,209
NN-Patching [ungated],tt100k_signs/densenet121,202,regression,19,99,99
NN-Patching [ungated],tt100k_signs/densenet121,202,regression,20,35,35
NN-Patching [ungated],tt100k_signs/densenet121,202,regression,21,65,66
NN-Patching [ungated],tt100k_signs/densenet121,202,regression,22,308,398
NN-Patching [ungated],tt100k_signs/densenet121,202,regression,23,57,57
NN-Patching [ungated],tt100k_signs/densenet121,202,regression,25,25,25
NN-Patching [ungated],tt100k_signs/densenet121,202,regression,26,1,1
NN-Patching [ungated],tt100k_signs/densenet121,202,regression,27,0,4
NN-Patching [ungated],tt100k_signs/densenet121,202,regression,28,9,9
NN-Patching [ungated],tt100k_signs/densenet121,202,regression,29,4,5
NN-Patching [ungated],tt100k_signs/densenet121,202,regression,30,28,28
NN-Patching [ungated],tt100k_signs/densenet121,202,regression,31,6,6
NN-Patching [ungated],tt100k_signs/densenet121,202,regression,34,7,7
NN-Patching [ungated],tt100k_signs/densenet121,202,regression,35,0,87
NN-Patching [ungated],tt100k_signs/densenet121,202,regression,37,11,11
NN-Patching [ungated],tt100k_signs/densenet121,202,regression,38,138,179
NN-Patching [ungated],tt100k_signs/densenet121,202,regression,39,37,37
NN-Patching [ungated],tt100k_signs/densenet121,202,regression,41,49,49
NN-Patching [ungated],tt100k_signs/densenet121,202,regression,42,1,1
NN-Patching [ungated],tt100k_signs/densenet121,202,regression,43,117,117
NN-Patching [ungated],tt100k_signs/densenet121,202,regression,44,24,28
NN-Patching [ungated],tt100k_signs/densenet121,202,regression,46,3,3
NN-Patching [ungated],tt100k_signs/densenet121,202,regression,47,17,17
NN-Patching [ungated],tt100k_signs/densenet121,202,regression,48,0,3
NN-Patching [ungated],tt100k_signs/densenet121,202,regression,50,10,11
NN-Patching [ungated],tt100k_signs/densenet121,202,regression,51,13,13
NN-Patching [ungated],tt100k_signs/densenet121,202,regression,53,0,16
NN-Patching [ungated],tt100k_signs/densenet121,202,regression,55,39,39
NN-Patching [ungated],tt100k_signs/densenet121,202,regression,57,1,1
NN-Patching [ungated],tt100k_signs/densenet121,202,regression,59,6,6
NN-Patching [ungated],tt100k_signs/densenet121,202,regression,61,6,6
NN-Patching [ungated],tt100k_signs/densenet121,202,regression,65,6,6
NN-Patching [ungated],tt100k_signs/densenet121,202,regression,66,1,1
NN-Patching [ungated],tt100k_signs/densenet121,202,regression,68,0,1
NN-Patching [ungated],tt100k_signs/densenet121,202,regression,70,29,29
NN-Patching [ungated],tt100k_signs/densenet121,202,regression,71,9,9
NN-Patching [ungated],tt100k_signs/densenet121,202,regression,74,47,47
NN-Patching [ungated],tt100k_signs/densenet121,202,regression,76,29,29
NN-Patching [ungated],tt100k_signs/densenet121,202,regression,80,20,20
NN-Patching [ungated],tt100k_signs/densenet121,202,regression,81,66,173
NN-Patching [ungated],tt100k_signs/densenet121,202,regression,82,14,14
NN-Patching [ungated],tt100k_signs/densenet121,202,regression,83,67,67
NN-Patching [ungated],tt100k_signs/densenet121,202,regression,84,49,49
NN-Patching [ungated],tt100k_signs/densenet121,202,regression,85,44,44
NN-Patching [ungated],tt100k_signs/densenet121,202,regression,86,2,2
NN-Patching [ungated],tt100k_signs/densenet121,202,regression,88,144,164
NN-Patching [ungated],tt100k_signs/densenet121,202,regression,89,17,17
NN-Patching [ungated],tt100k_signs/densenet121,202,regression,91,359,359
NN-Patching [ungated],tt100k_signs/densenet121,202,regression,92,172,172
NN-Patching [ungated],tt100k_signs/densenet121,202,regression,93,294,294
NN-Patching [ungated],tt100k_signs/densenet121,202,regression,94,0,210
NN-Patching [ungated],tt100k_signs/densenet121,202,regression,96,31,31
NN-Patching [ungated],tt100k_signs/densenet121,202,regression,97,239,239
NN-Patching [ungated],tt100k_signs/densenet121,202,regression,98,0,11
NN-Patching [ungated],tt100k_signs/densenet121,202,regression,100,32,32
NN-Patching [ungated],tt100k_signs/densenet121,202,regression,102,17,17
NN-Patching [ungated],tt100k_signs/densenet121,202,regression,103,3,3
NN-Patching [ungated],tt100k_signs/densenet121,202,regression,105,44,44
NN-Patching [ungated],tt100k_signs/densenet121,202,regression,107,21,21
NN-Patching [ungated],tt100k_signs/densenet121,202,regression,109,4,4
NN-Patching [ungated],tt100k_signs/densenet121,202,regression,112,1,2
NN-Patching [ungated],tt100k_signs/densenet121,202,regression,113,31,31
NN-Patching [ungated],tt100k_signs/densenet121,202,regression,115,844,849
NN-Patching [ungated],tt100k_signs/densenet121,202,regression,116,625,628
NN-Patching [ungated],tt100k_signs/densenet121,202,regression,117,130,258
NN-Patching [ungated],tt100k_signs/densenet121,202,regression,120,14,14
NN-Patching [ungated],tt100k_signs/densenet121,202,regression,122,48,48
NN-Patching [ungated],tt100k_signs/densenet121,202,regression,124,22,22
NN-Patching [ungated],tt100k_signs/densenet121,202,regression,125,0,22
NN-Patching [ungated],tt100k_signs/densenet121,202,regression,126,0,9
NN-Patching [ungated],tt100k_signs/densenet121,202,regression,127,7,7
NN-Patching [ungated],tt100k_signs/densenet121,202,regression,128,41,41
NN-Patching [ungated],tt100k_signs/densenet121,202,regression,132,6,6
NN-Patching [ungated],tt100k_signs/densenet121,202,regression,134,0,2
NN-Patching [ungated],tt100k_signs/densenet121,202,regression,140,22,23
NN-Patching [ungated],tt100k_signs/densenet121,202,regression,143,0,1
NN-Patching [ungated],tt100k_signs/densenet121,202,regression,145,2,6
NN-Patching [ungated],tt100k_signs/densenet121,202,regression,146,37,37
NN-Patching [ungated],tt100k_signs/densenet121,202,regression,151,7,7
NN-Patching [ungated],tt100k_signs/densenet121,202,regression,152,24,40
NN-Patching [ungated],tt100k_signs/densenet121,202,regression,154,32,32
NN-Patching [ungated],tt100k_signs/densenet121,202,regression,155,9,9
NN-Patching [ungated],tt100k_signs/densenet121,202,regression,156,1,1
NN-Patching [ungated],tt100k_signs/densenet121,202,regression,158,1,1
NN-Patching [ungated],tt100k_signs/densenet121,202,regression,160,2,9
NN-Patching [ungated],tt100k_signs/densenet121,202,regression,163,0,10
NN-Patching [ungated],tt100k_signs/densenet121,202,regression,164,3,3
NN-Patching [ungated],tt100k_signs/densenet121,202,regression,165,11,16
NN-Patching [ungated],tt100k_signs/densenet121,202,regression,170,53,53
NN-Patching [ungated],tt100k_signs/densenet121,202,regression,172,103,103
NN-Patching [ungated],tt100k_signs/densenet121,202,regression,173,19,19
NN-Patching [ungated],tt100k_signs/densenet121,202,regression,174,50,50
NN-Patching [ungated],tt100k_signs/densenet121,202,regression,177,17,39
NN-Patching [ungated],tt100k_signs/densenet121,202,regression,180,21,21
NN-Patching [ungated],tt100k_signs/densenet121,303,repair,2,1,1
NN-Patching [ungated],tt100k_signs/densenet121,303,repair,3,0,2
NN-Patching [ungated],tt100k_signs/densenet121,303,repair,6,2,2
NN-Patching [ungated],tt100k_signs/densenet121,303,repair,7,8,8
NN-Patching [ungated],tt100k_signs/densenet121,303,repair,14,4,8
NN-Patching [ungated],tt100k_signs/densenet121,303,repair,16,0,1
NN-Patching [ungated],tt100k_signs/densenet121,303,repair,18,0,1
NN-Patching [ungated],tt100k_signs/densenet121,303,repair,19,0,1
NN-Patching [ungated],tt100k_signs/densenet121,303,repair,22,1,2
NN-Patching [ungated],tt100k_signs/densenet121,303,repair,23,1,2
NN-Patching [ungated],tt100k_signs/densenet121,303,repair,24,1,1
NN-Patching [ungated],tt100k_signs/densenet121,303,repair,27,0,1
NN-Patching [ungated],tt100k_signs/densenet121,303,repair,29,1,2
NN-Patching [ungated],tt100k_signs/densenet121,303,repair,34,0,1
NN-Patching [ungated],tt100k_signs/densenet121,303,repair,35,0,1
NN-Patching [ungated],tt100k_signs/densenet121,303,repair,38,0,5
NN-Patching [ungated],tt100k_signs/densenet121,303,repair,48,0,2
NN-Patching [ungated],tt100k_signs/densenet121,303,repair,50,0,1
NN-Patching [ungated],tt100k_signs/densenet121,303,repair,53,2,3
NN-Patching [ungated],tt100k_signs/densenet121,303,repair,57,2,2
NN-Patching [ungated],tt100k_signs/densenet121,303,repair,60,1,1
NN-Patching [ungated],tt100k_signs/densenet121,303,repair,62,0,2
NN-Patching [ungated],tt100k_signs/densenet121,303,repair,63,4,4
NN-Patching [ungated],tt100k_signs/densenet121,303,repair,67,12,12
NN-Patching [ungated],tt100k_signs/densenet121,303,repair,68,1,1
NN-Patching [ungated],tt100k_signs/densenet121,303,repair,69,0,1
NN-Patching [ungated],tt100k_signs/densenet121,303,repair,73,0,1
NN-Patching [ungated],tt100k_signs/densenet121,303,repair,75,5,7
NN-Patching [ungated],tt100k_signs/densenet121,303,repair,76,0,1
NN-Patching [ungated],tt100k_signs/densenet121,303,repair,77,0,2
NN-Patching [ungated],tt100k_signs/densenet121,303,repair,78,1,1
NN-Patching [ungated],tt100k_signs/densenet121,303,repair,79,0,2
NN-Patching [ungated],tt100k_signs/densenet121,303,repair,81,2,3
NN-Patching [ungated],tt100k_signs/densenet121,303,repair,83,0,1
NN-Patching [ungated],tt100k_signs/densenet121,303,repair,88,0,1
NN-Patching [ungated],tt100k_signs/densenet121,303,repair,91,0,3
NN-Patching [ungated],tt100k_signs/densenet121,303,repair,92,0,2
NN-Patching [ungated],tt100k_signs/densenet121,303,repair,93,0,1
NN-Patching [ungated],tt100k_signs/densenet121,303,repair,94,13,13
NN-Patching [ungated],tt100k_signs/densenet121,303,repair,95,1,1
NN-Patching [ungated],tt100k_signs/densenet121,303,repair,97,0,1
NN-Patching [ungated],tt100k_signs/densenet121,303,repair,98,0,1
NN-Patching [ungated],tt100k_signs/densenet121,303,repair,101,0,1
NN-Patching [ungated],tt100k_signs/densenet121,303,repair,106,3,3
NN-Patching [ungated],tt100k_signs/densenet121,303,repair,107,0,1
NN-Patching [ungated],tt100k_signs/densenet121,303,repair,110,3,3
NN-Patching [ungated],tt100k_signs/densenet121,303,repair,111,6,6
NN-Patching [ungated],tt100k_signs/densenet121,303,repair,112,4,4
NN-Patching [ungated],tt100k_signs/densenet121,303,repair,114,5,6
NN-Patching [ungated],tt100k_signs/densenet121,303,repair,115,2,3
NN-Patching [ungated],tt100k_signs/densenet121,303,repair,116,0,2
NN-Patching [ungated],tt100k_signs/densenet121,303,repair,117,17,27
NN-Patching [ungated],tt100k_signs/densenet121,303,repair,121,18,19
NN-Patching [ungated],tt100k_signs/densenet121,303,repair,123,1,1
NN-Patching [ungated],tt100k_signs/densenet121,303,repair,125,6,6
NN-Patching [ungated],tt100k_signs/densenet121,303,repair,126,1,1
NN-Patching [ungated],tt100k_signs/densenet121,303,repair,128,1,3
NN-Patching [ungated],tt100k_signs/densenet121,303,repair,134,0,1
NN-Patching [ungated],tt100k_signs/densenet121,303,repair,139,0,1
NN-Patching [ungated],tt100k_signs/densenet121,303,repair,140,5,7
NN-Patching [ungated],tt100k_signs/densenet121,303,repair,141,8,8
NN-Patching [ungated],tt100k_signs/densenet121,303,repair,142,16,16
NN-Patching [ungated],tt100k_signs/densenet121,303,repair,143,2,4
NN-Patching [ungated],tt100k_signs/densenet121,303,repair,145,0,1
NN-Patching [ungated],tt100k_signs/densenet121,303,repair,146,0,1
NN-Patching [ungated],tt100k_signs/densenet121,303,repair,147,17,21
NN-Patching [ungated],tt100k_signs/densenet121,303,repair,148,6,6
NN-Patching [ungated],tt100k_signs/densenet121,303,repair,149,5,5
NN-Patching [ungated],tt100k_signs/densenet121,303,repair,150,0,1
NN-Patching [ungated],tt100k_signs/densenet121,303,repair,152,2,3
NN-Patching [ungated],tt100k_signs/densenet121,303,repair,153,2,2
NN-Patching [ungated],tt100k_signs/densenet121,303,repair,154,0,1
NN-Patching [ungated],tt100k_signs/densenet121,303,repair,160,3,3
NN-Patching [ungated],tt100k_signs/densenet121,303,repair,161,2,3
NN-Patching [ungated],tt100k_signs/densenet121,303,repair,163,0,3
NN-Patching [ungated],tt100k_signs/densenet121,303,repair,165,3,3
NN-Patching [ungated],tt100k_signs/densenet121,303,repair,166,0,1
NN-Patching [ungated],tt100k_signs/densenet121,303,repair,167,0,1
NN-Patching [ungated],tt100k_signs/densenet121,303,repair,169,1,2
NN-Patching [ungated],tt100k_signs/densenet121,303,repair,172,0,1
NN-Patching [ungated],tt100k_signs/densenet121,303,repair,173,0,1
NN-Patching [ungated],tt100k_signs/densenet121,303,repair,176,0,1
NN-Patching [ungated],tt100k_signs/densenet121,303,repair,177,4,4
NN-Patching [ungated],tt100k_signs/densenet121,303,repair,178,0,3
NN-Patching [ungated],tt100k_signs/densenet121,303,repair,179,2,2
NN-Patching [ungated],tt100k_signs/densenet121,303,repair,180,0,11
NN-Patching [ungated],tt100k_signs/densenet121,303,regression,0,1,1
NN-Patching [ungated],tt100k_signs/densenet121,303,regression,1,24,30
NN-Patching [ungated],tt100k_signs/densenet121,303,regression,3,4,4
NN-Patching [ungated],tt100k_signs/densenet121,303,regression,4,5,5
NN-Patching [ungated],tt100k_signs/densenet121,303,regression,5,1,1
NN-Patching [ungated],tt100k_signs/densenet121,303,regression,7,0,105
NN-Patching [ungated],tt100k_signs/densenet121,303,regression,8,5,5
NN-Patching [ungated],tt100k_signs/densenet121,303,regression,9,198,198
NN-Patching [ungated],tt100k_signs/densenet121,303,regression,10,454,454
NN-Patching [ungated],tt100k_signs/densenet121,303,regression,11,33,33
NN-Patching [ungated],tt100k_signs/densenet121,303,regression,12,2,2
NN-Patching [ungated],tt100k_signs/densenet121,303,regression,13,2,2
NN-Patching [ungated],tt100k_signs/densenet121,303,regression,14,0,97
NN-Patching [ungated],tt100k_signs/densenet121,303,regression,15,4,4
NN-Patching [ungated],tt100k_signs/densenet121,303,regression,16,72,72
NN-Patching [ungated],tt100k_signs/densenet121,303,regression,17,11,15
NN-Patching [ungated],tt100k_signs/densenet121,303,regression,18,213,216
NN-Patching [ungated],tt100k_signs/densenet121,303,regression,19,91,91
NN-Patching [ungated],tt100k_signs/densenet121,303,regression,20,34,34
NN-Patching [ungated],tt100k_signs/densenet121,303,regression,21,75,75
NN-Patching [ungated],tt100k_signs/densenet121,303,regression,22,328,396
NN-Patching [ungated],tt100k_signs/densenet121,303,regression,23,35,52
NN-Patching [ungated],tt100k_signs/densenet121,303,regression,25,23,23
NN-Patching [ungated],tt100k_signs/densenet121,303,regression,26,1,1
NN-Patching [ungated],tt100k_signs/densenet121,303,regression,27,2,6
NN-Patching [ungated],tt100k_signs/densenet121,303,regression,28,9,9
NN-Patching [ungated],tt100k_signs/densenet121,303,regression,29,8,8
NN-Patching [ungated],tt100k_signs/densenet121,303,regression,30,30,30
NN-Patching [ungated],tt100k_signs/densenet121,303,regression,31,5,5
NN-Patching [ungated],tt100k_signs/densenet121,303,regression,34,8,8
NN-Patching [ungated],tt100k_signs/densenet121,303,regression,35,87,87
NN-Patching [ungated],tt100k_signs/densenet121,303,regression,37,10,10
NN-Patching [ungated],tt100k_signs/densenet121,303,regression,38,189,189
NN-Patching [ungated],tt100k_signs/densenet121,303,regression,39,35,35
NN-Patching [ungated],tt100k_signs/densenet121,303,regression,41,46,46
NN-Patching [ungated],tt100k_signs/densenet121,303,regression,42,1,1
NN-Patching [ungated],tt100k_signs/densenet121,303,regression,43,109,109
NN-Patching [ungated],tt100k_signs/densenet121,303,regression,44,32,32
NN-Patching [ungated],tt100k_signs/densenet121,303,regression,46,3,3
NN-Patching [ungated],tt100k_signs/densenet121,303,regression,47,17,17
NN-Patching [ungated],tt100k_signs/densenet121,303,regression,48,4,4
NN-Patching [ungated],tt100k_signs/densenet121,303,regression,50,8,8
NN-Patching [ungated],tt100k_signs/densenet121,303,regression,51,13,13
NN-Patching [ungated],tt100k_signs/densenet121,303,regression,53,0,14
NN-Patching [ungated],tt100k_signs/densenet121,303,regression,55,33,33
NN-Patching [ungated],tt100k_signs/densenet121,303,regression,57,0,1
NN-Patching [ungated],tt100k_signs/densenet121,303,regression,59,5,5
NN-Patching [ungated],tt100k_signs/densenet121,303,regression,61,2,2
NN-Patching [ungated],tt100k_signs/densenet121,303,regression,65,10,10
NN-Patching [ungated],tt100k_signs/densenet121,303,regression,68,3,3
NN-Patching [ungated],tt100k_signs/densenet121,303,regression,70,26,26
NN-Patching [ungated],tt100k_signs/densenet121,303,regression,71,11,11
NN-Patching [ungated],tt100k_signs/densenet121,303,regression,74,49,49
NN-Patching [ungated],tt100k_signs/densenet121,303,regression,76,33,33
NN-Patching [ungated],tt100k_signs/densenet121,303,regression,80,18,18
NN-Patching [ungated],tt100k_signs/densenet121,303,regression,81,176,176
NN-Patching [ungated],tt100k_signs/densenet121,303,regression,82,14,14
NN-Patching [ungated],tt100k_signs/densenet121,303,regression,83,70,70
NN-Patching [ungated],tt100k_signs/densenet121,303,regression,84,45,45
NN-Patching [ungated],tt100k_signs/densenet121,303,regression,85,24,47
NN-Patching [ungated],tt100k_signs/densenet121,303,regression,86,3,3
NN-Patching [ungated],tt100k_signs/densenet121,303,regression,88,178,178
NN-Patching [ungated],tt100k_signs/densenet121,303,regression,89,12,12
NN-Patching [ungated],tt100k_signs/densenet121,303,regression,91,366,366
NN-Patching [ungated],tt100k_signs/densenet121,303,regression,92,172,172
NN-Patching [ungated],tt100k_signs/densenet121,303,regression,93,303,303
NN-Patching [ungated],tt100k_signs/densenet121,303,regression,94,1,214
NN-Patching [ungated],tt100k_signs/densenet121,303,regression,96,31,31
NN-Patching [ungated],tt100k_signs/densenet121,303,regression,97,240,240
NN-Patching [ungated],tt100k_signs/densenet121,303,regression,98,8,8
NN-Patching [ungated],tt100k_signs/densenet121,303,regression,100,23,23
NN-Patching [ungated],tt100k_signs/densenet121,303,regression,102,20,20
NN-Patching [ungated],tt100k_signs/densenet121,303,regression,103,3,3
NN-Patching [ungated],tt100k_signs/densenet121,303,regression,105,36,36
NN-Patching [ungated],tt100k_signs/densenet121,303,regression,107,19,19
NN-Patching [ungated],tt100k_signs/densenet121,303,regression,108,1,1
NN-Patching [ungated],tt100k_signs/densenet121,303,regression,109,4,4
NN-Patching [ungated],tt100k_signs/densenet121,303,regression,112,0,2
NN-Patching [ungated],tt100k_signs/densenet121,303,regression,113,31,31
NN-Patching [ungated],tt100k_signs/densenet121,303,regression,115,854,862
NN-Patching [ungated],tt100k_signs/densenet121,303,regression,116,608,614
NN-Patching [ungated],tt100k_signs/densenet121,303,regression,117,191,276
NN-Patching [ungated],tt100k_signs/densenet121,303,regression,120,16,16
NN-Patching [ungated],tt100k_signs/densenet121,303,regression,122,50,50
NN-Patching [ungated],tt100k_signs/densenet121,303,regression,124,6,19
NN-Patching [ungated],tt100k_signs/densenet121,303,regression,125,0,24
NN-Patching [ungated],tt100k_signs/densenet121,303,regression,126,0,10
NN-Patching [ungated],tt100k_signs/densenet121,303,regression,127,10,10
NN-Patching [ungated],tt100k_signs/densenet121,303,regression,128,44,44
NN-Patching [ungated],tt100k_signs/densenet121,303,regression,132,8,8
NN-Patching [ungated],tt100k_signs/densenet121,303,regression,134,1,1
NN-Patching [ungated],tt100k_signs/densenet121,303,regression,140,18,22
NN-Patching [ungated],tt100k_signs/densenet121,303,regression,143,0,2
NN-Patching [ungated],tt100k_signs/densenet121,303,regression,145,4,5
NN-Patching [ungated],tt100k_signs/densenet121,303,regression,146,33,33
NN-Patching [ungated],tt100k_signs/densenet121,303,regression,151,7,7
NN-Patching [ungated],tt100k_signs/densenet121,303,regression,152,39,39
NN-Patching [ungated],tt100k_signs/densenet121,303,regression,154,22,22
NN-Patching [ungated],tt100k_signs/densenet121,303,regression,155,2,9
NN-Patching [ungated],tt100k_signs/densenet121,303,regression,156,1,1
NN-Patching [ungated],tt100k_signs/densenet121,303,regression,157,1,1
NN-Patching [ungated],tt100k_signs/densenet121,303,regression,158,1,1
NN-Patching [ungated],tt100k_signs/densenet121,303,regression,159,1,1
NN-Patching [ungated],tt100k_signs/densenet121,303,regression,160,1,9
NN-Patching [ungated],tt100k_signs/densenet121,303,regression,163,9,9
NN-Patching [ungated],tt100k_signs/densenet121,303,regression,164,0,2
NN-Patching [ungated],tt100k_signs/densenet121,303,regression,165,13,22
NN-Patching [ungated],tt100k_signs/densenet121,303,regression,170,51,51
NN-Patching [ungated],tt100k_signs/densenet121,303,regression,172,99,99
NN-Patching [ungated],tt100k_signs/densenet121,303,regression,173,26,26
NN-Patching [ungated],tt100k_signs/densenet121,303,regression,174,44,44
NN-Patching [ungated],tt100k_signs/densenet121,303,regression,177,0,38
NN-Patching [ungated],tt100k_signs/densenet121,303,regression,180,19,19
NN-Patching [ungated],tt100k_signs/vgg16,101,repair,1,1,2
NN-Patching [ungated],tt100k_signs/vgg16,101,repair,2,1,1
NN-Patching [ungated],tt100k_signs/vgg16,101,repair,6,5,5
NN-Patching [ungated],tt100k_signs/vgg16,101,repair,7,1,7
NN-Patching [ungated],tt100k_signs/vgg16,101,repair,8,0,2
NN-Patching [ungated],tt100k_signs/vgg16,101,repair,9,0,2
NN-Patching [ungated],tt100k_signs/vgg16,101,repair,10,0,1
NN-Patching [ungated],tt100k_signs/vgg16,101,repair,16,2,2
NN-Patching [ungated],tt100k_signs/vgg16,101,repair,17,0,1
NN-Patching [ungated],tt100k_signs/vgg16,101,repair,18,0,2
NN-Patching [ungated],tt100k_signs/vgg16,101,repair,19,0,4
NN-Patching [ungated],tt100k_signs/vgg16,101,repair,20,0,1
NN-Patching [ungated],tt100k_signs/vgg16,101,repair,21,1,3
NN-Patching [ungated],tt100k_signs/vgg16,101,repair,22,2,7
NN-Patching [ungated],tt100k_signs/vgg16,101,repair,23,1,3
NN-Patching [ungated],tt100k_signs/vgg16,101,repair,24,0,2
NN-Patching [ungated],tt100k_signs/vgg16,101,repair,26,0,1
NN-Patching [ungated],tt100k_signs/vgg16,101,repair,27,0,1
NN-Patching [ungated],tt100k_signs/vgg16,101,repair,29,2,4
NN-Patching [ungated],tt100k_signs/vgg16,101,repair,31,0,2
NN-Patching [ungated],tt100k_signs/vgg16,101,repair,34,1,2
NN-Patching [ungated],tt100k_signs/vgg16,101,repair,37,0,1
NN-Patching [ungated],tt100k_signs/vgg16,101,repair,38,0,2
NN-Patching [ungated],tt100k_signs/vgg16,101,repair,39,0,1
NN-Patching [ungated],tt100k_signs/vgg16,101,repair,40,1,1
NN-Patching [ungated],tt100k_signs/vgg16,101,repair,41,2,3
NN-Patching [ungated],tt100k_signs/vgg16,101,repair,42,0,1
NN-Patching [ungated],tt100k_signs/vgg16,101,repair,44,0,3
NN-Patching [ungated],tt100k_signs/vgg16,101,repair,45,0,1
NN-Patching [ungated],tt100k_signs/vgg16,101,repair,53,1,1
NN-Patching [ungated],tt100k_signs/vgg16,101,repair,57,1,2
NN-Patching [ungated],tt100k_signs/vgg16,101,repair,60,0,1
NN-Patching [ungated],tt100k_signs/vgg16,101,repair,62,0,2
NN-Patching [ungated],tt100k_signs/vgg16,101,repair,63,6,7
NN-Patching [ungated],tt100k_signs/vgg16,101,repair,67,8,8
NN-Patching [ungated],tt100k_signs/vgg16,101,repair,70,2,3
NN-Patching [ungated],tt100k_signs/vgg16,101,repair,71,0,2
NN-Patching [ungated],tt100k_signs/vgg16,101,repair,75,2,6
NN-Patching [ungated],tt100k_signs/vgg16,101,repair,77,1,1
NN-Patching [ungated],tt100k_signs/vgg16,101,repair,78,1,1
NN-Patching [ungated],tt100k_signs/vgg16,101,repair,79,0,2
NN-Patching [ungated],tt100k_signs/vgg16,101,repair,80,4,4
NN-Patching [ungated],tt100k_signs/vgg16,101,repair,81,1,3
NN-Patching [ungated],tt100k_signs/vgg16,101,repair,82,0,3
NN-Patching [ungated],tt100k_signs/vgg16,101,repair,83,0,1
NN-Patching [ungated],tt100k_signs/vgg16,101,repair,85,0,2
NN-Patching [ungated],tt100k_signs/vgg16,101,repair,87,0,1
NN-Patching [ungated],tt100k_signs/vgg16,101,repair,90,0,1
NN-Patching [ungated],tt100k_signs/vgg16,101,repair,91,0,2
NN-Patching [ungated],tt100k_signs/vgg16,101,repair,92,1,2
NN-Patching [ungated],tt100k_signs/vgg16,101,repair,93,4,6
NN-Patching [ungated],tt100k_signs/vgg16,101,repair,95,1,1
NN-Patching [ungated],tt100k_signs/vgg16,101,repair,96,0,1
NN-Patching [ungated],tt100k_signs/vgg16,101,repair,97,2,6
NN-Patching [ungated],tt100k_signs/vgg16,101,repair,98,0,1
NN-Patching [ungated],tt100k_signs/vgg16,101,repair,99,1,1
NN-Patching [ungated],tt100k_signs/vgg16,101,repair,100,5,5
NN-Patching [ungated],tt100k_signs/vgg16,101,repair,101,0,1
NN-Patching [ungated],tt100k_signs/vgg16,101,repair,105,0,1
NN-Patching [ungated],tt100k_signs/vgg16,101,repair,106,3,3
NN-Patching [ungated],tt100k_signs/vgg16,101,repair,110,4,4
NN-Patching [ungated],tt100k_signs/vgg16,101,repair,111,3,3
NN-Patching [ungated],tt100k_signs/vgg16,101,repair,114,4,4
NN-Patching [ungated],tt100k_signs/vgg16,101,repair,115,1,4
NN-Patching [ungated],tt100k_signs/vgg16,101,repair,116,3,7
NN-Patching [ungated],tt100k_signs/vgg16,101,repair,117,3,33
NN-Patching [ungated],tt100k_signs/vgg16,101,repair,121,1,4
NN-Patching [ungated],tt100k_signs/vgg16,101,repair,123,1,1
NN-Patching [ungated],tt100k_signs/vgg16,101,repair,124,0,1
NN-Patching [ungated],tt100k_signs/vgg16,101,repair,125,1,4
NN-Patching [ungated],tt100k_signs/vgg16,101,repair,126,0,1
NN-Patching [ungated],tt100k_signs/vgg16,101,repair,128,4,8
NN-Patching [ungated],tt100k_signs/vgg16,101,repair,132,0,1
NN-Patching [ungated],tt100k_signs/vgg16,101,repair,137,0,1
NN-Patching [ungated],tt100k_signs/vgg16,101,repair,140,0,2
NN-Patching [ungated],tt100k_signs/vgg16,101,repair,141,5,6
NN-Patching [ungated],tt100k_signs/vgg16,101,repair,142,14,15
NN-Patching [ungated],tt100k_signs/vgg16,101,repair,143,0,2
NN-Patching [ungated],tt100k_signs/vgg16,101,repair,146,2,2
NN-Patching [ungated],tt100k_signs/vgg16,101,repair,147,1,2
NN-Patching [ungated],tt100k_signs/vgg16,101,repair,148,5,9
NN-Patching [ungated],tt100k_signs/vgg16,101,repair,149,2,6
NN-Patching [ungated],tt100k_signs/vgg16,101,repair,152,0,1
NN-Patching [ungated],tt100k_signs/vgg16,101,repair,153,1,1
NN-Patching [ungated],tt100k_signs/vgg16,101,repair,155,0,4
NN-Patching [ungated],tt100k_signs/vgg16,101,repair,157,0,2
NN-Patching [ungated],tt100k_signs/vgg16,101,repair,160,6,6
NN-Patching [ungated],tt100k_signs/vgg16,101,repair,161,2,3
NN-Patching [ungated],tt100k_signs/vgg16,101,repair,163,1,1
NN-Patching [ungated],tt100k_signs/vgg16,101,repair,164,0,1
NN-Patching [ungated],tt100k_signs/vgg16,101,repair,165,4,6
NN-Patching [ungated],tt100k_signs/vgg16,101,repair,169,0,3
NN-Patching [ungated],tt100k_signs/vgg16,101,repair,170,0,1
NN-Patching [ungated],tt100k_signs/vgg16,101,repair,171,0,1
NN-Patching [ungated],tt100k_signs/vgg16,101,repair,172,0,2
NN-Patching [ungated],tt100k_signs/vgg16,101,repair,173,8,10
NN-Patching [ungated],tt100k_signs/vgg16,101,repair,176,0,1
NN-Patching [ungated],tt100k_signs/vgg16,101,repair,177,0,5
NN-Patching [ungated],tt100k_signs/vgg16,101,repair,179,4,4
NN-Patching [ungated],tt100k_signs/vgg16,101,repair,180,1,7
NN-Patching [ungated],tt100k_signs/vgg16,101,regression,1,26,35
NN-Patching [ungated],tt100k_signs/vgg16,101,regression,3,5,5
NN-Patching [ungated],tt100k_signs/vgg16,101,regression,4,3,3
NN-Patching [ungated],tt100k_signs/vgg16,101,regression,5,2,2
NN-Patching [ungated],tt100k_signs/vgg16,101,regression,7,101,101
NN-Patching [ungated],tt100k_signs/vgg16,101,regression,8,2,2
NN-Patching [ungated],tt100k_signs/vgg16,101,regression,9,184,184
NN-Patching [ungated],tt100k_signs/vgg16,101,regression,10,428,430
NN-Patching [ungated],tt100k_signs/vgg16,101,regression,11,27,27
NN-Patching [ungated],tt100k_signs/vgg16,101,regression,12,1,1
NN-Patching [ungated],tt100k_signs/vgg16,101,regression,13,2,2
NN-Patching [ungated],tt100k_signs/vgg16,101,regression,14,110,111
NN-Patching [ungated],tt100k_signs/vgg16,101,regression,15,5,5
NN-Patching [ungated],tt100k_signs/vgg16,101,regression,16,67,72
NN-Patching [ungated],tt100k_signs/vgg16,101,regression,17,14,14
NN-Patching [ungated],tt100k_signs/vgg16,101,regression,18,200,209
NN-Patching [ungated],tt100k_signs/vgg16,101,regression,19,101,101
NN-Patching [ungated],tt100k_signs/vgg16,101,regression,20,27,27
NN-Patching [ungated],tt100k_signs/vgg16,101,regression,21,67,67
NN-Patching [ungated],tt100k_signs/vgg16,101,regression,22,395,397
NN-Patching [ungated],tt100k_signs/vgg16,101,regression,23,45,50
NN-Patching [ungated],tt100k_signs/vgg16,101,regression,25,8,24
NN-Patching [ungated],tt100k_signs/vgg16,101,regression,27,5,5
NN-Patching [ungated],tt100k_signs/vgg16,101,regression,28,10,10
NN-Patching [ungated],tt100k_signs/vgg16,101,regression,29,4,4
NN-Patching [ungated],tt100k_signs/vgg16,101,regression,30,30,30
NN-Patching [ungated],tt100k_signs/vgg16,101,regression,31,3,3
NN-Patching [ungated],tt100k_signs/vgg16,101,regression,34,3,4
NN-Patching [ungated],tt100k_signs/vgg16,101,regression,35,86,86
NN-Patching [ungated],tt100k_signs/vgg16,101,regression,37,6,6
NN-Patching [ungated],tt100k_signs/vgg16,101,regression,38,188,188
NN-Patching [ungated],tt100k_signs/vgg16,101,regression,39,37,37
NN-Patching [ungated],tt100k_signs/vgg16,101,regression,41,43,44
NN-Patching [ungated],tt100k_signs/vgg16,101,regression,42,1,1
NN-Patching [ungated],tt100k_signs/vgg16,101,regression,43,102,102
NN-Patching [ungated],tt100k_signs/vgg16,101,regression,44,29,29
NN-Patching [ungated],tt100k_signs/vgg16,101,regression,46,1,1
NN-Patching [ungated],tt100k_signs/vgg16,101,regression,47,15,15
NN-Patching [ungated],tt100k_signs/vgg16,101,regression,48,5,5
NN-Patching [ungated],tt100k_signs/vgg16,101,regression,50,1,11
NN-Patching [ungated],tt100k_signs/vgg16,101,regression,51,14,14
NN-Patching [ungated],tt100k_signs/vgg16,101,regression,53,10,16
NN-Patching [ungated],tt100k_signs/vgg16,101,regression,55,17,38
NN-Patching [ungated],tt100k_signs/vgg16,101,regression,57,0,3
NN-Patching [ungated],tt100k_signs/vgg16,101,regression,59,7,7
NN-Patching [ungated],tt100k_signs/vgg16,101,regression,61,1,4
NN-Patching [ungated],tt100k_signs/vgg16,101,regression,65,7,7
NN-Patching [ungated],tt100k_signs/vgg16,101,regression,68,2,2
NN-Patching [ungated],tt100k_signs/vgg16,101,regression,70,0,25
NN-Patching [ungated],tt100k_signs/vgg16,101,regression,71,11,12
NN-Patching [ungated],tt100k_signs/vgg16,101,regression,74,48,48
NN-Patching [ungated],tt100k_signs/vgg16,101,regression,76,36,36
NN-Patching [ungated],tt100k_signs/vgg16,101,regression,80,1,12
NN-Patching [ungated],tt100k_signs/vgg16,101,regression,81,151,167
NN-Patching [ungated],tt100k_signs/vgg16,101,regression,82,12,12
NN-Patching [ungated],tt100k_signs/vgg16,101,regression,83,70,70
NN-Patching [ungated],tt100k_signs/vgg16,101,regression,84,39,39
NN-Patching [ungated],tt100k_signs/vgg16,101,regression,85,40,40
NN-Patching [ungated],tt100k_signs/vgg16,101,regression,86,3,3
NN-Patching [ungated],tt100k_signs/vgg16,101,regression,88,177,177
NN-Patching [ungated],tt100k_signs/vgg16,101,regression,89,14,14
NN-Patching [ungated],tt100k_signs/vgg16,101,regression,91,363,377
NN-Patching [ungated],tt100k_signs/vgg16,101,regression,92,149,165
NN-Patching [ungated],tt100k_signs/vgg16,101,regression,93,268,285
NN-Patching [ungated],tt100k_signs/vgg16,101,regression,94,231,231
NN-Patching [ungated],tt100k_signs/vgg16,101,regression,96,35,35
NN-Patching [ungated],tt100k_signs/vgg16,101,regression,97,223,225
NN-Patching [ungated],tt100k_signs/vgg16,101,regression,98,10,10
NN-Patching [ungated],tt100k_signs/vgg16,101,regression,100,6,19
NN-Patching [ungated],tt100k_signs/vgg16,101,regression,102,19,19
NN-Patching [ungated],tt100k_signs/vgg16,101,regression,103,1,1
NN-Patching [ungated],tt100k_signs/vgg16,101,regression,105,38,38
NN-Patching [ungated],tt100k_signs/vgg16,101,regression,107,29,29
NN-Patching [ungated],tt100k_signs/vgg16,101,regression,108,1,1
NN-Patching [ungated],tt100k_signs/vgg16,101,regression,109,4,4
NN-Patching [ungated],tt100k_signs/vgg16,101,regression,111,0,6
NN-Patching [ungated],tt100k_signs/vgg16,101,regression,112,4,7
NN-Patching [ungated],tt100k_signs/vgg16,101,regression,113,29,29
NN-Patching [ungated],tt100k_signs/vgg16,101,regression,114,0,2
NN-Patching [ungated],tt100k_signs/vgg16,101,regression,115,838,838
NN-Patching [ungated],tt100k_signs/vgg16,101,regression,116,622,627
NN-Patching [ungated],tt100k_signs/vgg16,101,regression,117,280,290
NN-Patching [ungated],tt100k_signs/vgg16,101,regression,120,14,14
NN-Patching [ungated],tt100k_signs/vgg16,101,regression,121,0,23
NN-Patching [ungated],tt100k_signs/vgg16,101,regression,122,56,56
NN-Patching [ungated],tt100k_signs/vgg16,101,regression,124,21,21
NN-Patching [ungated],tt100k_signs/vgg16,101,regression,125,26,32
NN-Patching [ungated],tt100k_signs/vgg16,101,regression,126,0,11
NN-Patching [ungated],tt100k_signs/vgg16,101,regression,127,0,7
NN-Patching [ungated],tt100k_signs/vgg16,101,regression,128,39,43
NN-Patching [ungated],tt100k_signs/vgg16,101,regression,131,1,1
NN-Patching [ungated],tt100k_signs/vgg16,101,regression,132,7,7
NN-Patching [ungated],tt100k_signs/vgg16,101,regression,134,2,2
NN-Patching [ungated],tt100k_signs/vgg16,101,regression,140,28,28
NN-Patching [ungated],tt100k_signs/vgg16,101,regression,141,3,3
NN-Patching [ungated],tt100k_signs/vgg16,101,regression,143,5,5
NN-Patching [ungated],tt100k_signs/vgg16,101,regression,145,2,6
NN-Patching [ungated],tt100k_signs/vgg16,101,regression,146,7,26
NN-Patching [ungated],tt100k_signs/vgg16,101,regression,147,23,31
NN-Patching [ungated],tt100k_signs/vgg16,101,regression,151,8,8
NN-Patching [ungated],tt100k_signs/vgg16,101,regression,152,30,36
NN-Patching [ungated],tt100k_signs/vgg16,101,regression,154,27,27
NN-Patching [ungated],tt100k_signs/vgg16,101,regression,155,7,7
NN-Patching [ungated],tt100k_signs/vgg16,101,regression,158,1,1
NN-Patching [ungated],tt100k_signs/vgg16,101,regression,159,1,1
NN-Patching [ungated],tt100k_signs/vgg16,101,regression,160,0,6
NN-Patching [ungated],tt100k_signs/vgg16,101,regression,163,0,8
NN-Patching [ungated],tt100k_signs/vgg16,101,regression,164,1,1
NN-Patching [ungated],tt100k_signs/vgg16,101,regression,165,3,17
NN-Patching [ungated],tt100k_signs/vgg16,101,regression,170,42,42
NN-Patching [ungated],tt100k_signs/vgg16,101,regression,172,104,104
NN-Patching [ungated],tt100k_signs/vgg16,101,regression,173,6,9
NN-Patching [ungated],tt100k_signs/vgg16,101,regression,174,52,52
NN-Patching [ungated],tt100k_signs/vgg16,101,regression,177,1,40
NN-Patching [ungated],tt100k_signs/vgg16,101,regression,180,21,21
NN-Patching [ungated],tt100k_signs/vgg16,202,repair,1,1,3
NN-Patching [ungated],tt100k_signs/vgg16,202,repair,2,0,1
NN-Patching [ungated],tt100k_signs/vgg16,202,repair,3,0,2
NN-Patching [ungated],tt100k_signs/vgg16,202,repair,6,2,2
NN-Patching [ungated],tt100k_signs/vgg16,202,repair,7,1,7
NN-Patching [ungated],tt100k_signs/vgg16,202,repair,9,0,3
NN-Patching [ungated],tt100k_signs/vgg16,202,repair,10,0,3
NN-Patching [ungated],tt100k_signs/vgg16,202,repair,16,0,3
NN-Patching [ungated],tt100k_signs/vgg16,202,repair,17,0,1
NN-Patching [ungated],tt100k_signs/vgg16,202,repair,18,0,1
NN-Patching [ungated],tt100k_signs/vgg16,202,repair,19,0,3
NN-Patching [ungated],tt100k_signs/vgg16,202,repair,20,0,2
NN-Patching [ungated],tt100k_signs/vgg16,202,repair,21,0,2
NN-Patching [ungated],tt100k_signs/vgg16,202,repair,22,3,4
NN-Patching [ungated],tt100k_signs/vgg16,202,repair,23,0,2
NN-Patching [ungated],tt100k_signs/vgg16,202,repair,24,0,1
NN-Patching [ungated],tt100k_signs/vgg16,202,repair,25,0,1
NN-Patching [ungated],tt100k_signs/vgg16,202,repair,27,0,1
NN-Patching [ungated],tt100k_signs/vgg16,202,repair,28,0,1
NN-Patching [ungated],tt100k_signs/vgg16,202,repair,29,1,2
NN-Patching [ungated],tt100k_signs/vgg16,202,repair,31,0,1
NN-Patching [ungated],tt100k_signs/vgg16,202,repair,34,0,4
NN-Patching [ungated],tt100k_signs/vgg16,202,repair,37,0,1
NN-Patching [ungated],tt100k_signs/vgg16,202,repair,38,0,4
NN-Patching [ungated],tt100k_signs/vgg16,202,repair,39,0,1
NN-Patching [ungated],tt100k_signs/vgg16,202,repair,41,0,2
NN-Patching [ungated],tt100k_signs/vgg16,202,repair,42,0,1
NN-Patching [ungated],tt100k_signs/vgg16,202,repair,44,0,1
NN-Patching [ungated],tt100k_signs/vgg16,202,repair,45,0,1
NN-Patching [ungated],tt100k_signs/vgg16,202,repair,50,0,1
NN-Patching [ungated],tt100k_signs/vgg16,202,repair,53,0,3
NN-Patching [ungated],tt100k_signs/vgg16,202,repair,54,0,2
NN-Patching [ungated],tt100k_signs/vgg16,202,repair,57,0,3
NN-Patching [ungated],tt100k_signs/vgg16,202,repair,61,0,1
NN-Patching [ungated],tt100k_signs/vgg16,202,repair,62,0,1
NN-Patching [ungated],tt100k_signs/vgg16,202,repair,63,5,5
NN-Patching [ungated],tt100k_signs/vgg16,202,repair,67,10,10
NN-Patching [ungated],tt100k_signs/vgg16,202,repair,68,0,1
NN-Patching [ungated],tt100k_signs/vgg16,202,repair,69,0,1
NN-Patching [ungated],tt100k_signs/vgg16,202,repair,70,1,1
NN-Patching [ungated],tt100k_signs/vgg16,202,repair,71,0,1
NN-Patching [ungated],tt100k_signs/vgg16,202,repair,72,0,4
NN-Patching [ungated],tt100k_signs/vgg16,202,repair,74,0,1
NN-Patching [ungated],tt100k_signs/vgg16,202,repair,75,2,6
NN-Patching [ungated],tt100k_signs/vgg16,202,repair,76,0,1
NN-Patching [ungated],tt100k_signs/vgg16,202,repair,78,0,2
NN-Patching [ungated],tt100k_signs/vgg16,202,repair,80,6,6
NN-Patching [ungated],tt100k_signs/vgg16,202,repair,81,0,1
NN-Patching [ungated],tt100k_signs/vgg16,202,repair,82,2,2
NN-Patching [ungated],tt100k_signs/vgg16,202,repair,83,0,2
NN-Patching [ungated],tt100k_signs/vgg16,202,repair,85,0,2
NN-Patching [ungated],tt100k_signs/vgg16,202,repair,91,0,3
NN-Patching [ungated],tt100k_signs/vgg16,202,repair,92,0,2
NN-Patching [ungated],tt100k_signs/vgg16,202,repair,93,1,8
NN-Patching [ungated],tt100k_signs/vgg16,202,repair,97,2,8
NN-Patching [ungated],tt100k_signs/vgg16,202,repair,99,1,1
NN-Patching [ungated],tt100k_signs/vgg16,202,repair,100,4,4
NN-Patching [ungated],tt100k_signs/vgg16,202,repair,101,0,1
NN-Patching [ungated],tt100k_signs/vgg16,202,repair,105,0,1
NN-Patching [ungated],tt100k_signs/vgg16,202,repair,106,4,4
NN-Patching [ungated],tt100k_signs/vgg16,202,repair,107,0,1
NN-Patching [ungated],tt100k_signs/vgg16,202,repair,110,3,3
NN-Patching [ungated],tt100k_signs/vgg16,202,repair,111,2,3
NN-Patching [ungated],tt100k_signs/vgg16,202,repair,114,0,5
NN-Patching [ungated],tt100k_signs/vgg16,202,repair,115,1,3
NN-Patching [ungated],tt100k_signs/vgg16,202,repair,116,3,7
NN-Patching [ungated],tt100k_signs/vgg16,202,repair,117,10,27
NN-Patching [ungated],tt100k_signs/vgg16,202,repair,120,0,1
NN-Patching [ungated],tt100k_signs/vgg16,202,repair,121,4,5
NN-Patching [ungated],tt100k_signs/vgg16,202,repair,123,1,1
NN-Patching [ungated],tt100k_signs/vgg16,202,repair,125,1,2
NN-Patching [ungated],tt100k_signs/vgg16,202,repair,126,0,2
NN-Patching [ungated],tt100k_signs/vgg16,202,repair,127,1,1
NN-Patching [ungated],tt100k_signs/vgg16,202,repair,128,7,7
NN-Patching [ungated],tt100k_signs/vgg16,202,repair,137,0,1
NN-Patching [ungated],tt100k_signs/vgg16,202,repair,138,0,1
NN-Patching [ungated],tt100k_signs/vgg16,202,repair,139,0,1
NN-Patching [ungated],tt100k_signs/vgg16,202,repair,140,0,3
NN-Patching [ungated],tt100k_signs/vgg16,202,repair,141,6,9
NN-Patching [ungated],tt100k_signs/vgg16,202,repair,142,13,18
NN-Patching [ungated],tt100k_signs/vgg16,202,repair,143,0,1
NN-Patching [ungated],tt100k_signs/vgg16,202,repair,146,3,3
NN-Patching [ungated],tt100k_signs/vgg16,202,repair,147,3,5
NN-Patching [ungated],tt100k_signs/vgg16,202,repair,148,4,6
NN-Patching [ungated],tt100k_signs/vgg16,202,repair,149,2,3
NN-Patching [ungated],tt100k_signs/vgg16,202,repair,150,0,1
NN-Patching [ungated],tt100k_signs/vgg16,202,repair,152,2,3
NN-Patching [ungated],tt100k_signs/vgg16,202,repair,153,2,2
NN-Patching [ungated],tt100k_signs/vgg16,202,repair,155,1,1
NN-Patching [ungated],tt100k_signs/vgg16,202,repair,157,1,1
NN-Patching [ungated],tt100k_signs/vgg16,202,repair,160,6,6
NN-Patching [ungated],tt100k_signs/vgg16,202,repair,161,2,2
NN-Patching [ungated],tt100k_signs/vgg16,202,repair,162,0,1
NN-Patching [ungated],tt100k_signs/vgg16,202,repair,163,2,2
NN-Patching [ungated],tt100k_signs/vgg16,202,repair,165,4,7
NN-Patching [ungated],tt100k_signs/vgg16,202,repair,167,0,1
NN-Patching [ungated],tt100k_signs/vgg16,202,repair,169,1,2
NN-Patching [ungated],tt100k_signs/vgg16,202,repair,172,0,3
NN-Patching [ungated],tt100k_signs/vgg16,202,repair,173,9,11
NN-Patching [ungated],tt100k_signs/vgg16,202,repair,175,0,1
NN-Patching [ungated],tt100k_signs/vgg16,202,repair,177,2,6
NN-Patching [ungated],tt100k_signs/vgg16,202,repair,179,3,5
NN-Patching [ungated],tt100k_signs/vgg16,202,repair,180,2,4
NN-Patching [ungated],tt100k_signs/vgg16,202,regression,0,1,1
NN-Patching [ungated],tt100k_signs/vgg16,202,regression,1,31,33
NN-Patching [ungated],tt100k_signs/vgg16,202,regression,3,2,2
NN-Patching [ungated],tt100k_signs/vgg16,202,regression,4,5,5
NN-Patching [ungated],tt100k_signs/vgg16,202,regression,5,2,2
NN-Patching [ungated],tt100k_signs/vgg16,202,regression,7,110,111
NN-Patching [ungated],tt100k_signs/vgg16,202,regression,8,4,4
NN-Patching [ungated],tt100k_signs/vgg16,202,regression,9,196,196
NN-Patching [ungated],tt100k_signs/vgg16,202,regression,10,436,436
NN-Patching [ungated],tt100k_signs/vgg16,202,regression,11,33,33
NN-Patching [ungated],tt100k_signs/vgg16,202,regression,12,1,1
NN-Patching [ungated],tt100k_signs/vgg16,202,regression,13,3,3
NN-Patching [ungated],tt100k_signs/vgg16,202,regression,14,111,112
NN-Patching [ungated],tt100k_signs/vgg16,202,regression,15,4,4
NN-Patching [ungated],tt100k_signs/vgg16,202,regression,16,77,77
NN-Patching [ungated],tt100k_signs/vgg16,202,regression,17,14,14
NN-Patching [ungated],tt100k_signs/vgg16,202,regression,18,201,211
NN-Patching [ungated],tt100k_signs/vgg16,202,regression,19,88,103
NN-Patching [ungated],tt100k_signs/vgg16,202,regression,20,37,37
NN-Patching [ungated],tt100k_signs/vgg16,202,regression,21,68,68
NN-Patching [ungated],tt100k_signs/vgg16,202,regression,22,377,402
NN-Patching [ungated],tt100k_signs/vgg16,202,regression,23,47,51
NN-Patching [ungated],tt100k_signs/vgg16,202,regression,25,22,22
NN-Patching [ungated],tt100k_signs/vgg16,202,regression,27,6,6
NN-Patching [ungated],tt100k_signs/vgg16,202,regression,28,9,9
NN-Patching [ungated],tt100k_signs/vgg16,202,regression,29,3,4
NN-Patching [ungated],tt100k_signs/vgg16,202,regression,30,28,28
NN-Patching [ungated],tt100k_signs/vgg16,202,regression,31,2,3
NN-Patching [ungated],tt100k_signs/vgg16,202,regression,34,5,5
NN-Patching [ungated],tt100k_signs/vgg16,202,regression,35,86,86
NN-Patching [ungated],tt100k_signs/vgg16,202,regression,37,7,7
NN-Patching [ungated],tt100k_signs/vgg16,202,regression,38,188,188
NN-Patching [ungated],tt100k_signs/vgg16,202,regression,39,37,37
NN-Patching [ungated],tt100k_signs/vgg16,202,regression,41,45,45
NN-Patching [ungated],tt100k_signs/vgg16,202,regression,42,1,1
NN-Patching [ungated],tt100k_signs/vgg16,202,regression,43,110,110
NN-Patching [ungated],tt100k_signs/vgg16,202,regression,44,28,28
NN-Patching [ungated],tt100k_signs/vgg16,202,regression,46,4,4
NN-Patching [ungated],tt100k_signs/vgg16,202,regression,47,18,18
NN-Patching [ungated],tt100k_signs/vgg16,202,regression,48,4,4
NN-Patching [ungated],tt100k_signs/vgg16,202,regression,50,8,8
NN-Patching [ungated],tt100k_signs/vgg16,202,regression,51,12,12
NN-Patching [ungated],tt100k_signs/vgg16,202,regression,53,6,17
NN-Patching [ungated],tt100k_signs/vgg16,202,regression,55,32,39
NN-Patching [ungated],tt100k_signs/vgg16,202,regression,57,4,4
NN-Patching [ungated],tt100k_signs/vgg16,202,regression,59,4,4
NN-Patching [ungated],tt100k_signs/vgg16,202,regression,61,3,3
NN-Patching [ungated],tt100k_signs/vgg16,202,regression,65,8,8
NN-Patching [ungated],tt100k_signs/vgg16,202,regression,68,4,4
NN-Patching [ungated],tt100k_signs/vgg16,202,regression,70,0,26
NN-Patching [ungated],tt100k_signs/vgg16,202,regression,71,10,10
NN-Patching [ungated],tt100k_signs/vgg16,202,regression,74,47,47
NN-Patching [ungated],tt100k_signs/vgg16,202,regression,76,32,32
NN-Patching [ungated],tt100k_signs/vgg16,202,regression,80,6,11
NN-Patching [ungated],tt100k_signs/vgg16,202,regression,81,175,175
NN-Patching [ungated],tt100k_signs/vgg16,202,regression,82,10,11
NN-Patching [ungated],tt100k_signs/vgg16,202,regression,83,66,66
NN-Patching [ungated],tt100k_signs/vgg16,202,regression,84,46,46
NN-Patching [ungated],tt100k_signs/vgg16,202,regression,85,51,51
NN-Patching [ungated],tt100k_signs/vgg16,202,regression,86,2,2
NN-Patching [ungated],tt100k_signs/vgg16,202,regression,88,162,169
NN-Patching [ungated],tt100k_signs/vgg16,202,regression,89,18,18
NN-Patching [ungated],tt100k_signs/vgg16,202,regression,91,363,367
NN-Patching [ungated],tt100k_signs/vgg16,202,regression,92,146,171
NN-Patching [ungated],tt100k_signs/vgg16,202,regression,93,277,282
NN-Patching [ungated],tt100k_signs/vgg16,202,regression,94,213,213
NN-Patching [ungated],tt100k_signs/vgg16,202,regression,96,32,32
NN-Patching [ungated],tt100k_signs/vgg16,202,regression,97,214,215
NN-Patching [ungated],tt100k_signs/vgg16,202,regression,98,9,9
NN-Patching [ungated],tt100k_signs/vgg16,202,regression,100,5,18
NN-Patching [ungated],tt100k_signs/vgg16,202,regression,102,20,20
NN-Patching [ungated],tt100k_signs/vgg16,202,regression,103,2,2
NN-Patching [ungated],tt100k_signs/vgg16,202,regression,105,39,40
NN-Patching [ungated],tt100k_signs/vgg16,202,regression,107,25,25
NN-Patching [ungated],tt100k_signs/vgg16,202,regression,108,1,1
NN-Patching [ungated],tt100k_signs/vgg16,202,regression,109,4,4
NN-Patching [ungated],tt100k_signs/vgg16,202,regression,111,0,5
NN-Patching [ungated],tt100k_signs/vgg16,202,regression,112,2,8
NN-Patching [ungated],tt100k_signs/vgg16,202,regression,113,32,32
NN-Patching [ungated],tt100k_signs/vgg16,202,regression,114,3,3
NN-Patching [ungated],tt100k_signs/vgg16,202,regression,115,842,842
NN-Patching [ungated],tt100k_signs/vgg16,202,regression,116,530,622
NN-Patching [ungated],tt100k_signs/vgg16,202,regression,117,240,278
NN-Patching [ungated],tt100k_signs/vgg16,202,regression,120,13,13
NN-Patching [ungated],tt100k_signs/vgg16,202,regression,121,0,24
NN-Patching [ungated],tt100k_signs/vgg16,202,regression,122,54,54
NN-Patching [ungated],tt100k_signs/vgg16,202,regression,124,0,17
NN-Patching [ungated],tt100k_signs/vgg16,202,regression,125,9,25
NN-Patching [ungated],tt100k_signs/vgg16,202,regression,126,9,9
NN-Patching [ungated],tt100k_signs/vgg16,202,regression,127,0,6
NN-Patching [ungated],tt100k_signs/vgg16,202,regression,128,23,32
NN-Patching [ungated],tt100k_signs/vgg16,202,regression,131,1,1
NN-Patching [ungated],tt100k_signs/vgg16,202,regression,132,4,4
NN-Patching [ungated],tt100k_signs/vgg16,202,regression,134,2,2
NN-Patching [ungated],tt100k_signs/vgg16,202,regression,140,28,28
NN-Patching [ungated],tt100k_signs/vgg16,202,regression,141,3,3
NN-Patching [ungated],tt100k_signs/vgg16,202,regression,143,0,5
NN-Patching [ungated],tt100k_signs/vgg16,202,regression,145,8,8
NN-Patching [ungated],tt100k_signs/vgg16,202,regression,146,5,28
NN-Patching [ungated],tt100k_signs/vgg16,202,regression,147,31,32
NN-Patching [ungated],tt100k_signs/vgg16,202,regression,151,8,8
NN-Patching [ungated],tt100k_signs/vgg16,202,regression,152,37,38
NN-Patching [ungated],tt100k_signs/vgg16,202,regression,154,25,25
NN-Patching [ungated],tt100k_signs/vgg16,202,regression,155,0,7
NN-Patching [ungated],tt100k_signs/vgg16,202,regression,156,1,1
NN-Patching [ungated],tt100k_signs/vgg16,202,regression,158,1,1
NN-Patching [ungated],tt100k_signs/vgg16,202,regression,159,1,1
NN-Patching [ungated],tt100k_signs/vgg16,202,regression,160,0,5
NN-Patching [ungated],tt100k_signs/vgg16,202,regression,163,4,7
NN-Patching [ungated],tt100k_signs/vgg16,202,regression,164,0,1
NN-Patching [ungated],tt100k_signs/vgg16,202,regression,165,2,17
NN-Patching [ungated],tt100k_signs/vgg16,202,regression,170,48,48
NN-Patching [ungated],tt100k_signs/vgg16,202,regression,172,104,105
NN-Patching [ungated],tt100k_signs/vgg16,202,regression,173,7,9
NN-Patching [ungated],tt100k_signs/vgg16,202,regression,174,51,51
NN-Patching [ungated],tt100k_signs/vgg16,202,regression,177,4,35
NN-Patching [ungated],tt100k_signs/vgg16,202,regression,180,16,17
NN-Patching [ungated],tt100k_signs/vgg16,303,repair,1,1,3
NN-Patching [ungated],tt100k_signs/vgg16,303,repair,3,0,2
NN-Patching [ungated],tt100k_signs/vgg16,303,repair,6,2,2
NN-Patching [ungated],tt100k_signs/vgg16,303,repair,7,1,6
NN-Patching [ungated],tt100k_signs/vgg16,303,repair,9,0,3
NN-Patching [ungated],tt100k_signs/vgg16,303,repair,10,0,3
NN-Patching [ungated],tt100k_signs/vgg16,303,repair,14,0,1
NN-Patching [ungated],tt100k_signs/vgg16,303,repair,16,1,1
NN-Patching [ungated],tt100k_signs/vgg16,303,repair,18,0,2
NN-Patching [ungated],tt100k_signs/vgg16,303,repair,19,0,2
NN-Patching [ungated],tt100k_signs/vgg16,303,repair,20,0,1
NN-Patching [ungated],tt100k_signs/vgg16,303,repair,21,1,3
NN-Patching [ungated],tt100k_signs/vgg16,303,repair,22,0,5
NN-Patching [ungated],tt100k_signs/vgg16,303,repair,23,1,3
NN-Patching [ungated],tt100k_signs/vgg16,303,repair,24,0,2
NN-Patching [ungated],tt100k_signs/vgg16,303,repair,27,0,1
NN-Patching [ungated],tt100k_signs/vgg16,303,repair,28,0,1
NN-Patching [ungated],tt100k_signs/vgg16,303,repair,29,0,5
NN-Patching [ungated],tt100k_signs/vgg16,303,repair,31,0,1
NN-Patching [ungated],tt100k_signs/vgg16,303,repair,37,0,1
NN-Patching [ungated],tt100k_signs/vgg16,303,repair,38,0,4
NN-Patching [ungated],tt100k_signs/vgg16,303,repair,41,0,1
NN-Patching [ungated],tt100k_signs/vgg16,303,repair,42,0,1
NN-Patching [ungated],tt100k_signs/vgg16,303,repair,44,0,1
NN-Patching [ungated],tt100k_signs/vgg16,303,repair,45,0,1
NN-Patching [ungated],tt100k_signs/vgg16,303,repair,53,1,2
NN-Patching [ungated],tt100k_signs/vgg16,303,repair,57,0,2
NN-Patching [ungated],tt100k_signs/vgg16,303,repair,60,0,2
NN-Patching [ungated],tt100k_signs/vgg16,303,repair,61,0,1
NN-Patching [ungated],tt100k_signs/vgg16,303,repair,62,0,2
NN-Patching [ungated],tt100k_signs/vgg16,303,repair,63,6,6
NN-Patching [ungated],tt100k_signs/vgg16,303,repair,66,0,1
NN-Patching [ungated],tt100k_signs/vgg16,303,repair,67,13,13
NN-Patching [ungated],tt100k_signs/vgg16,303,repair,69,0,1
NN-Patching [ungated],tt100k_signs/vgg16,303,repair,70,1,4
NN-Patching [ungated],tt100k_signs/vgg16,303,repair,71,0,3
NN-Patching [ungated],tt100k_signs/vgg16,303,repair,72,0,3
NN-Patching [ungated],tt100k_signs/vgg16,303,repair,75,3,6
NN-Patching [ungated],tt100k_signs/vgg16,303,repair,77,1,1
NN-Patching [ungated],tt100k_signs/vgg16,303,repair,78,0,2
NN-Patching [ungated],tt100k_signs/vgg16,303,repair,80,3,5
NN-Patching [ungated],tt100k_signs/vgg16,303,repair,81,1,1
NN-Patching [ungated],tt100k_signs/vgg16,303,repair,82,1,1
NN-Patching [ungated],tt100k_signs/vgg16,303,repair,85,0,2
NN-Patching [ungated],tt100k_signs/vgg16,303,repair,87,0,1
NN-Patching [ungated],tt100k_signs/vgg16,303,repair,90,0,1
NN-Patching [ungated],tt100k_signs/vgg16,303,repair,91,0,6
NN-Patching [ungated],tt100k_signs/vgg16,303,repair,92,0,3
NN-Patching [ungated],tt100k_signs/vgg16,303,repair,93,3,8
NN-Patching [ungated],tt100k_signs/vgg16,303,repair,95,0,2
NN-Patching [ungated],tt100k_signs/vgg16,303,repair,96,0,1
NN-Patching [ungated],tt100k_signs/vgg16,303,repair,97,3,5
NN-Patching [ungated],tt100k_signs/vgg16,303,repair,99,0,2
NN-Patching [ungated],tt100k_signs/vgg16,303,repair,100,4,4
NN-Patching [ungated],tt100k_signs/vgg16,303,repair,101,0,1
NN-Patching [ungated],tt100k_signs/vgg16,303,repair,105,0,1
NN-Patching [ungated],tt100k_signs/vgg16,303,repair,106,5,5
NN-Patching [ungated],tt100k_signs/vgg16,303,repair,110,1,1
NN-Patching [ungated],tt100k_signs/vgg16,303,repair,111,3,3
NN-Patching [ungated],tt100k_signs/vgg16,303,repair,114,2,2
NN-Patching [ungated],tt100k_signs/vgg16,303,repair,115,0,7
NN-Patching [ungated],tt100k_signs/vgg16,303,repair,116,1,4
NN-Patching [ungated],tt100k_signs/vgg16,303,repair,117,9,27
NN-Patching [ungated],tt100k_signs/vgg16,303,repair,120,0,1
NN-Patching [ungated],tt100k_signs/vgg16,303,repair,121,5,6
NN-Patching [ungated],tt100k_signs/vgg16,303,repair,123,0,2
NN-Patching [ungated],tt100k_signs/vgg16,303,repair,125,1,2
NN-Patching [ungated],tt100k_signs/vgg16,303,repair,127,0,2
NN-Patching [ungated],tt100k_signs/vgg16,303,repair,128,4,5
NN-Patching [ungated],tt100k_signs/vgg16,303,repair,132,0,1
NN-Patching [ungated],tt100k_signs/vgg16,303,repair,139,0,1
NN-Patching [ungated],tt100k_signs/vgg16,303,repair,140,0,3
NN-Patching [ungated],tt100k_signs/vgg16,303,repair,141,3,6
NN-Patching [ungated],tt100k_signs/vgg16,303,repair,142,10,10
NN-Patching [ungated],tt100k_signs/vgg16,303,repair,143,0,1
NN-Patching [ungated],tt100k_signs/vgg16,303,repair,145,0,1
NN-Patching [ungated],tt100k_signs/vgg16,303,repair,146,5,5
NN-Patching [ungated],tt100k_signs/vgg16,303,repair,147,1,3
NN-Patching [ungated],tt100k_signs/vgg16,303,repair,148,8,11
NN-Patching [ungated],tt100k_signs/vgg16,303,repair,149,3,3
NN-Patching [ungated],tt100k_signs/vgg16,303,repair,152,2,3
NN-Patching [ungated],tt100k_signs/vgg16,303,repair,153,1,1
NN-Patching [ungated],tt100k_signs/vgg16,303,repair,154,0,1
NN-Patching [ungated],tt100k_signs/vgg16,303,repair,155,2,2
NN-Patching [ungated],tt100k_signs/vgg16,303,repair,157,0,2
NN-Patching [ungated],tt100k_signs/vgg16,303,repair,160,6,9
NN-Patching [ungated],tt100k_signs/vgg16,303,repair,161,2,5
NN-Patching [ungated],tt100k_signs/vgg16,303,repair,162,0,1
NN-Patching [ungated],tt100k_signs/vgg16,303,repair,163,0,1
NN-Patching [ungated],tt100k_signs/vgg16,303,repair,164,0,1
NN-Patching [ungated],tt100k_signs/vgg16,303,repair,165,4,4
NN-Patching [ungated],tt100k_signs/vgg16,303,repair,166,0,1
NN-Patching [ungated],tt100k_signs/vgg16,303,repair,167,0,1
NN-Patching [ungated],tt100k_signs/vgg16,303,repair,169,0,1
NN-Patching [ungated],tt100k_signs/vgg16,303,repair,170,0,1
NN-Patching [ungated],tt100k_signs/vgg16,303,repair,172,0,4
NN-Patching [ungated],tt100k_signs/vgg16,303,repair,173,10,10
NN-Patching [ungated],tt100k_signs/vgg16,303,repair,176,0,1
NN-Patching [ungated],tt100k_signs/vgg16,303,repair,177,0,4
NN-Patching [ungated],tt100k_signs/vgg16,303,repair,178,1,1
NN-Patching [ungated],tt100k_signs/vgg16,303,repair,179,3,4
NN-Patching [ungated],tt100k_signs/vgg16,303,repair,180,3,9
NN-Patching [ungated],tt100k_signs/vgg16,303,regression,0,1,1
NN-Patching [ungated],tt100k_signs/vgg16,303,regression,1,20,31
NN-Patching [ungated],tt100k_signs/vgg16,303,regression,3,3,3
NN-Patching [ungated],tt100k_signs/vgg16,303,regression,4,1,1
NN-Patching [ungated],tt100k_signs/vgg16,303,regression,5,2,2
NN-Patching [ungated],tt100k_signs/vgg16,303,regression,7,103,104
NN-Patching [ungated],tt100k_signs/vgg16,303,regression,8,4,4
NN-Patching [ungated],tt100k_signs/vgg16,303,regression,9,192,192
NN-Patching [ungated],tt100k_signs/vgg16,303,regression,10,454,454
NN-Patching [ungated],tt100k_signs/vgg16,303,regression,11,27,27
NN-Patching [ungated],tt100k_signs/vgg16,303,regression,12,2,2
NN-Patching [ungated],tt100k_signs/vgg16,303,regression,13,4,4
NN-Patching [ungated],tt100k_signs/vgg16,303,regression,14,113,113
NN-Patching [ungated],tt100k_signs/vgg16,303,regression,15,5,5
NN-Patching [ungated],tt100k_signs/vgg16,303,regression,16,68,73
NN-Patching [ungated],tt100k_signs/vgg16,303,regression,17,13,13
NN-Patching [ungated],tt100k_signs/vgg16,303,regression,18,201,203
NN-Patching [ungated],tt100k_signs/vgg16,303,regression,19,99,99
NN-Patching [ungated],tt100k_signs/vgg16,303,regression,20,32,32
NN-Patching [ungated],tt100k_signs/vgg16,303,regression,21,67,70
NN-Patching [ungated],tt100k_signs/vgg16,303,regression,22,409,410
NN-Patching [ungated],tt100k_signs/vgg16,303,regression,23,45,50
NN-Patching [ungated],tt100k_signs/vgg16,303,regression,25,22,22
NN-Patching [ungated],tt100k_signs/vgg16,303,regression,27,3,3
NN-Patching [ungated],tt100k_signs/vgg16,303,regression,28,9,9
NN-Patching [ungated],tt100k_signs/vgg16,303,regression,29,2,2
NN-Patching [ungated],tt100k_signs/vgg16,303,regression,30,30,30
NN-Patching [ungated],tt100k_signs/vgg16,303,regression,31,1,2
NN-Patching [ungated],tt100k_signs/vgg16,303,regression,34,3,5
NN-Patching [ungated],tt100k_signs/vgg16,303,regression,35,82,82
NN-Patching [ungated],tt100k_signs/vgg16,303,regression,37,10,10
NN-Patching [ungated],tt100k_signs/vgg16,303,regression,38,181,181
NN-Patching [ungated],tt100k_signs/vgg16,303,regression,39,36,36
NN-Patching [ungated],tt100k_signs/vgg16,303,regression,41,45,46
NN-Patching [ungated],tt100k_signs/vgg16,303,regression,42,1,1
NN-Patching [ungated],tt100k_signs/vgg16,303,regression,43,117,117
NN-Patching [ungated],tt100k_signs/vgg16,303,regression,44,19,28
NN-Patching [ungated],tt100k_signs/vgg16,303,regression,46,3,3
NN-Patching [ungated],tt100k_signs/vgg16,303,regression,47,18,18
NN-Patching [ungated],tt100k_signs/vgg16,303,regression,48,6,6
NN-Patching [ungated],tt100k_signs/vgg16,303,regression,50,1,13
NN-Patching [ungated],tt100k_signs/vgg16,303,regression,51,15,15
NN-Patching [ungated],tt100k_signs/vgg16,303,regression,53,5,15
NN-Patching [ungated],tt100k_signs/vgg16,303,regression,55,34,34
NN-Patching [ungated],tt100k_signs/vgg16,303,regression,57,0,4
NN-Patching [ungated],tt100k_signs/vgg16,303,regression,59,5,5
NN-Patching [ungated],tt100k_signs/vgg16,303,regression,61,5,5
NN-Patching [ungated],tt100k_signs/vgg16,303,regression,65,10,10
NN-Patching [ungated],tt100k_signs/vgg16,303,regression,68,3,3
NN-Patching [ungated],tt100k_signs/vgg16,303,regression,70,2,26
NN-Patching [ungated],tt100k_signs/vgg16,303,regression,71,12,12
NN-Patching [ungated],tt100k_signs/vgg16,303,regression,74,49,49
NN-Patching [ungated],tt100k_signs/vgg16,303,regression,76,31,31
NN-Patching [ungated],tt100k_signs/vgg16,303,regression,80,5,13
NN-Patching [ungated],tt100k_signs/vgg16,303,regression,81,154,167
NN-Patching [ungated],tt100k_signs/vgg16,303,regression,82,7,9
NN-Patching [ungated],tt100k_signs/vgg16,303,regression,83,61,61
NN-Patching [ungated],tt100k_signs/vgg16,303,regression,84,48,48
NN-Patching [ungated],tt100k_signs/vgg16,303,regression,85,43,43
NN-Patching [ungated],tt100k_signs/vgg16,303,regression,86,3,3
NN-Patching [ungated],tt100k_signs/vgg16,303,regression,88,161,169
NN-Patching [ungated],tt100k_signs/vgg16,303,regression,89,18,18
NN-Patching [ungated],tt100k_signs/vgg16,303,regression,91,362,362
NN-Patching [ungated],tt100k_signs/vgg16,303,regression,92,175,175
NN-Patching [ungated],tt100k_signs/vgg16,303,regression,93,260,275
NN-Patching [ungated],tt100k_signs/vgg16,303,regression,94,227,227
NN-Patching [ungated],tt100k_signs/vgg16,303,regression,96,35,35
NN-Patching [ungated],tt100k_signs/vgg16,303,regression,97,217,219
NN-Patching [ungated],tt100k_signs/vgg16,303,regression,98,11,11
NN-Patching [ungated],tt100k_signs/vgg16,303,regression,100,5,22
NN-Patching [ungated],tt100k_signs/vgg16,303,regression,102,20,20
NN-Patching [ungated],tt100k_signs/vgg16,303,regression,103,3,3
NN-Patching [ungated],tt100k_signs/vgg16,303,regression,105,40,40
NN-Patching [ungated],tt100k_signs/vgg16,303,regression,107,26,28
NN-Patching [ungated],tt100k_signs/vgg16,303,regression,109,4,4
NN-Patching [ungated],tt100k_signs/vgg16,303,regression,111,0,7
NN-Patching [ungated],tt100k_signs/vgg16,303,regression,112,5,5
NN-Patching [ungated],tt100k_signs/vgg16,303,regression,113,27,27
NN-Patching [ungated],tt100k_signs/vgg16,303,regression,114,0,2
NN-Patching [ungated],tt100k_signs/vgg16,303,regression,115,847,850
NN-Patching [ungated],tt100k_signs/vgg16,303,regression,116,612,616
NN-Patching [ungated],tt100k_signs/vgg16,303,regression,117,256,270
NN-Patching [ungated],tt100k_signs/vgg16,303,regression,120,15,15
NN-Patching [ungated],tt100k_signs/vgg16,303,regression,121,0,24
NN-Patching [ungated],tt100k_signs/vgg16,303,regression,122,50,50
NN-Patching [ungated],tt100k_signs/vgg16,303,regression,124,18,18
NN-Patching [ungated],tt100k_signs/vgg16,303,regression,125,3,29
NN-Patching [ungated],tt100k_signs/vgg16,303,regression,126,0,8
NN-Patching [ungated],tt100k_signs/vgg16,303,regression,127,6,6
NN-Patching [ungated],tt100k_signs/vgg16,303,regression,128,19,38
NN-Patching [ungated],tt100k_signs/vgg16,303,regression,131,1,1
NN-Patching [ungated],tt100k_signs/vgg16,303,regression,132,9,9
NN-Patching [ungated],tt100k_signs/vgg16,303,regression,134,2,2
NN-Patching [ungated],tt100k_signs/vgg16,303,regression,140,26,26
NN-Patching [ungated],tt100k_signs/vgg16,303,regression,141,3,3
NN-Patching [ungated],tt100k_signs/vgg16,303,regression,143,5,5
NN-Patching [ungated],tt100k_signs/vgg16,303,regression,145,6,6
NN-Patching [ungated],tt100k_signs/vgg16,303,regression,146,8,30
NN-Patching [ungated],tt100k_signs/vgg16,303,regression,147,28,32
NN-Patching [ungated],tt100k_signs/vgg16,303,regression,151,7,7
NN-Patching [ungated],tt100k_signs/vgg16,303,regression,152,39,39
NN-Patching [ungated],tt100k_signs/vgg16,303,regression,154,29,29
NN-Patching [ungated],tt100k_signs/vgg16,303,regression,155,1,7
NN-Patching [ungated],tt100k_signs/vgg16,303,regression,156,1,1
NN-Patching [ungated],tt100k_signs/vgg16,303,regression,159,1,1
NN-Patching [ungated],tt100k_signs/vgg16,303,regression,160,0,6
NN-Patching [ungated],tt100k_signs/vgg16,303,regression,163,7,8
NN-Patching [ungated],tt100k_signs/vgg16,303,regression,164,1,2
NN-Patching [ungated],tt100k_signs/vgg16,303,regression,165,1,16
NN-Patching [ungated],tt100k_signs/vgg16,303,regression,170,46,46
NN-Patching [ungated],tt100k_signs/vgg16,303,regression,172,100,100
NN-Patching [ungated],tt100k_signs/vgg16,303,regression,173,8,8
NN-Patching [ungated],tt100k_signs/vgg16,303,regression,174,51,51
NN-Patching [ungated],tt100k_signs/vgg16,303,regression,177,2,40
NN-Patching [ungated],tt100k_signs/vgg16,303,regression,180,22,22
NN-Patching [ungated],lisa_signs/resnet50,101,repair,6,0,2
NN-Patching [ungated],lisa_signs/resnet50,101,repair,17,0,1
NN-Patching [ungated],lisa_signs/resnet50,101,repair,19,1,1
NN-Patching [ungated],lisa_signs/resnet50,101,repair,20,1,1
NN-Patching [ungated],lisa_signs/resnet50,101,repair,29,0,2
NN-Patching [ungated],lisa_signs/resnet50,101,repair,34,1,5
NN-Patching [ungated],lisa_signs/resnet50,101,repair,35,9,9
NN-Patching [ungated],lisa_signs/resnet50,101,repair,36,1,1
NN-Patching [ungated],lisa_signs/resnet50,101,repair,37,1,1
NN-Patching [ungated],lisa_signs/resnet50,101,repair,41,0,1
NN-Patching [ungated],lisa_signs/resnet50,101,repair,42,2,6
NN-Patching [ungated],lisa_signs/resnet50,101,repair,43,0,2
NN-Patching [ungated],lisa_signs/resnet50,101,repair,52,2,2
NN-Patching [ungated],lisa_signs/resnet50,101,regression,0,10,46
NN-Patching [ungated],lisa_signs/resnet50,101,regression,1,29,29
NN-Patching [ungated],lisa_signs/resnet50,101,regression,2,38,115
NN-Patching [ungated],lisa_signs/resnet50,101,regression,3,14,14
NN-Patching [ungated],lisa_signs/resnet50,101,regression,4,28,28
NN-Patching [ungated],lisa_signs/resnet50,101,regression,5,17,17
NN-Patching [ungated],lisa_signs/resnet50,101,regression,6,8,8
NN-Patching [ungated],lisa_signs/resnet50,101,regression,7,3,3
NN-Patching [ungated],lisa_signs/resnet50,101,regression,8,2,2
NN-Patching [ungated],lisa_signs/resnet50,101,regression,9,5,5
NN-Patching [ungated],lisa_signs/resnet50,101,regression,10,27,27
NN-Patching [ungated],lisa_signs/resnet50,101,regression,11,23,23
NN-Patching [ungated],lisa_signs/resnet50,101,regression,12,15,15
NN-Patching [ungated],lisa_signs/resnet50,101,regression,13,87,87
NN-Patching [ungated],lisa_signs/resnet50,101,regression,14,30,30
NN-Patching [ungated],lisa_signs/resnet50,101,regression,15,55,55
NN-Patching [ungated],lisa_signs/resnet50,101,regression,16,10,10
NN-Patching [ungated],lisa_signs/resnet50,101,regression,17,37,37
NN-Patching [ungated],lisa_signs/resnet50,101,regression,18,2,2
NN-Patching [ungated],lisa_signs/resnet50,101,regression,19,0,227
NN-Patching [ungated],lisa_signs/resnet50,101,regression,20,0,3
NN-Patching [ungated],lisa_signs/resnet50,101,regression,21,1,1
NN-Patching [ungated],lisa_signs/resnet50,101,regression,23,5,5
NN-Patching [ungated],lisa_signs/resnet50,101,regression,24,2,2
NN-Patching [ungated],lisa_signs/resnet50,101,regression,26,16,16
NN-Patching [ungated],lisa_signs/resnet50,101,regression,27,13,13
NN-Patching [ungated],lisa_signs/resnet50,101,regression,28,22,22
NN-Patching [ungated],lisa_signs/resnet50,101,regression,29,17,17
NN-Patching [ungated],lisa_signs/resnet50,101,regression,30,183,183
NN-Patching [ungated],lisa_signs/resnet50,101,regression,31,6,6
NN-Patching [ungated],lisa_signs/resnet50,101,regression,32,3,3
NN-Patching [ungated],lisa_signs/resnet50,101,regression,33,3,3
NN-Patching [ungated],lisa_signs/resnet50,101,regression,34,70,77
NN-Patching [ungated],lisa_signs/resnet50,101,regression,35,0,10
NN-Patching [ungated],lisa_signs/resnet50,101,regression,36,98,99
NN-Patching [ungated],lisa_signs/resnet50,101,regression,37,0,10
NN-Patching [ungated],lisa_signs/resnet50,101,regression,38,38,38
NN-Patching [ungated],lisa_signs/resnet50,101,regression,39,10,10
NN-Patching [ungated],lisa_signs/resnet50,101,regression,41,18,18
NN-Patching [ungated],lisa_signs/resnet50,101,regression,42,4,17
NN-Patching [ungated],lisa_signs/resnet50,101,regression,43,336,336
NN-Patching [ungated],lisa_signs/resnet50,101,regression,44,31,31
NN-Patching [ungated],lisa_signs/resnet50,101,regression,46,2,2
NN-Patching [ungated],lisa_signs/resnet50,101,regression,47,6,6
NN-Patching [ungated],lisa_signs/resnet50,101,regression,48,12,12
NN-Patching [ungated],lisa_signs/resnet50,101,regression,49,8,8
NN-Patching [ungated],lisa_signs/resnet50,101,regression,50,23,23
NN-Patching [ungated],lisa_signs/resnet50,101,regression,51,31,46
NN-Patching [ungated],lisa_signs/resnet50,101,regression,52,28,53
NN-Patching [ungated],lisa_signs/resnet50,101,regression,53,11,11
NN-Patching [ungated],lisa_signs/resnet50,101,regression,54,3,3
NN-Patching [ungated],lisa_signs/resnet50,101,regression,55,2,2
NN-Patching [ungated],lisa_signs/resnet50,202,repair,2,0,2
NN-Patching [ungated],lisa_signs/resnet50,202,repair,19,1,1
NN-Patching [ungated],lisa_signs/resnet50,202,repair,20,1,1
NN-Patching [ungated],lisa_signs/resnet50,202,repair,34,2,3
NN-Patching [ungated],lisa_signs/resnet50,202,repair,35,7,7
NN-Patching [ungated],lisa_signs/resnet50,202,repair,37,0,4
NN-Patching [ungated],lisa_signs/resnet50,202,repair,42,6,9
NN-Patching [ungated],lisa_signs/resnet50,202,repair,43,0,2
NN-Patching [ungated],lisa_signs/resnet50,202,repair,45,0,1
NN-Patching [ungated],lisa_signs/resnet50,202,repair,51,0,1
NN-Patching [ungated],lisa_signs/resnet50,202,repair,52,3,3
NN-Patching [ungated],lisa_signs/resnet50,202,regression,0,3,44
NN-Patching [ungated],lisa_signs/resnet50,202,regression,1,26,26
NN-Patching [ungated],lisa_signs/resnet50,202,regression,2,117,117
NN-Patching [ungated],lisa_signs/resnet50,202,regression,3,13,13
NN-Patching [ungated],lisa_signs/resnet50,202,regression,4,34,34
NN-Patching [ungated],lisa_signs/resnet50,202,regression,5,17,17
NN-Patching [ungated],lisa_signs/resnet50,202,regression,6,0,6
NN-Patching [ungated],lisa_signs/resnet50,202,regression,7,3,3
NN-Patching [ungated],lisa_signs/resnet50,202,regression,8,1,1
NN-Patching [ungated],lisa_signs/resnet50,202,regression,9,5,5
NN-Patching [ungated],lisa_signs/resnet50,202,regression,10,26,26
NN-Patching [ungated],lisa_signs/resnet50,202,regression,11,28,28
NN-Patching [ungated],lisa_signs/resnet50,202,regression,12,12,12
NN-Patching [ungated],lisa_signs/resnet50,202,regression,13,82,82
NN-Patching [ungated],lisa_signs/resnet50,202,regression,14,27,27
NN-Patching [ungated],lisa_signs/resnet50,202,regression,15,48,48
NN-Patching [ungated],lisa_signs/resnet50,202,regression,16,8,8
NN-Patching [ungated],lisa_signs/resnet50,202,regression,17,0,39
NN-Patching [ungated],lisa_signs/resnet50,202,regression,19,0,243
NN-Patching [ungated],lisa_signs/resnet50,202,regression,20,0,4
NN-Patching [ungated],lisa_signs/resnet50,202,regression,21,1,1
NN-Patching [ungated],lisa_signs/resnet50,202,regression,22,1,1
NN-Patching [ungated],lisa_signs/resnet50,202,regression,23,4,4
NN-Patching [ungated],lisa_signs/resnet50,202,regression,24,3,3
NN-Patching [ungated],lisa_signs/resnet50,202,regression,26,14,14
NN-Patching [ungated],lisa_signs/resnet50,202,regression,27,12,12
NN-Patching [ungated],lisa_signs/resnet50,202,regression,28,20,20
NN-Patching [ungated],lisa_signs/resnet50,202,regression,29,7,20
NN-Patching [ungated],lisa_signs/resnet50,202,regression,30,176,176
NN-Patching [ungated],lisa_signs/resnet50,202,regression,31,6,6
NN-Patching [ungated],lisa_signs/resnet50,202,regression,32,4,4
NN-Patching [ungated],lisa_signs/resnet50,202,regression,33,2,2
NN-Patching [ungated],lisa_signs/resnet50,202,regression,34,2,71
NN-Patching [ungated],lisa_signs/resnet50,202,regression,35,0,12
NN-Patching [ungated],lisa_signs/resnet50,202,regression,36,98,100
NN-Patching [ungated],lisa_signs/resnet50,202,regression,37,11,11
NN-Patching [ungated],lisa_signs/resnet50,202,regression,38,28,28
NN-Patching [ungated],lisa_signs/resnet50,202,regression,39,10,10
NN-Patching [ungated],lisa_signs/resnet50,202,regression,41,1,17
NN-Patching [ungated],lisa_signs/resnet50,202,regression,42,9,19
NN-Patching [ungated],lisa_signs/resnet50,202,regression,43,345,356
NN-Patching [ungated],lisa_signs/resnet50,202,regression,44,33,33
NN-Patching [ungated],lisa_signs/resnet50,202,regression,46,1,1
NN-Patching [ungated],lisa_signs/resnet50,202,regression,47,6,6
NN-Patching [ungated],lisa_signs/resnet50,202,regression,48,12,12
NN-Patching [ungated],lisa_signs/resnet50,202,regression,49,5,5
NN-Patching [ungated],lisa_signs/resnet50,202,regression,50,26,26
NN-Patching [ungated],lisa_signs/resnet50,202,regression,51,46,46
NN-Patching [ungated],lisa_signs/resnet50,202,regression,52,26,51
NN-Patching [ungated],lisa_signs/resnet50,202,regression,53,10,11
NN-Patching [ungated],lisa_signs/resnet50,202,regression,54,3,3
NN-Patching [ungated],lisa_signs/resnet50,202,regression,55,2,2
NN-Patching [ungated],lisa_signs/resnet50,303,repair,0,0,1
NN-Patching [ungated],lisa_signs/resnet50,303,repair,2,0,1
NN-Patching [ungated],lisa_signs/resnet50,303,repair,6,0,2
NN-Patching [ungated],lisa_signs/resnet50,303,repair,17,0,1
NN-Patching [ungated],lisa_signs/resnet50,303,repair,19,0,2
NN-Patching [ungated],lisa_signs/resnet50,303,repair,20,1,1
NN-Patching [ungated],lisa_signs/resnet50,303,repair,29,0,2
NN-Patching [ungated],lisa_signs/resnet50,303,repair,34,0,3
NN-Patching [ungated],lisa_signs/resnet50,303,repair,35,7,7
NN-Patching [ungated],lisa_signs/resnet50,303,repair,36,0,3
NN-Patching [ungated],lisa_signs/resnet50,303,repair,37,0,1
NN-Patching [ungated],lisa_signs/resnet50,303,repair,41,0,1
NN-Patching [ungated],lisa_signs/resnet50,303,repair,42,2,4
NN-Patching [ungated],lisa_signs/resnet50,303,repair,43,0,1
NN-Patching [ungated],lisa_signs/resnet50,303,repair,45,0,1
NN-Patching [ungated],lisa_signs/resnet50,303,repair,51,0,1
NN-Patching [ungated],lisa_signs/resnet50,303,repair,52,2,2
NN-Patching [ungated],lisa_signs/resnet50,303,regression,0,47,47
NN-Patching [ungated],lisa_signs/resnet50,303,regression,1,28,28
NN-Patching [ungated],lisa_signs/resnet50,303,regression,2,107,123
NN-Patching [ungated],lisa_signs/resnet50,303,regression,3,12,12
NN-Patching [ungated],lisa_signs/resnet50,303,regression,4,35,35
NN-Patching [ungated],lisa_signs/resnet50,303,regression,5,17,17
NN-Patching [ungated],lisa_signs/resnet50,303,regression,6,7,7
NN-Patching [ungated],lisa_signs/resnet50,303,regression,7,4,4
NN-Patching [ungated],lisa_signs/resnet50,303,regression,8,1,1
NN-Patching [ungated],lisa_signs/resnet50,303,regression,9,3,3
NN-Patching [ungated],lisa_signs/resnet50,303,regression,10,28,28
NN-Patching [ungated],lisa_signs/resnet50,303,regression,11,26,26
NN-Patching [ungated],lisa_signs/resnet50,303,regression,12,12,12
NN-Patching [ungated],lisa_signs/resnet50,303,regression,13,75,75
NN-Patching [ungated],lisa_signs/resnet50,303,regression,14,33,33
NN-Patching [ungated],lisa_signs/resnet50,303,regression,15,55,55
NN-Patching [ungated],lisa_signs/resnet50,303,regression,16,8,8
NN-Patching [ungated],lisa_signs/resnet50,303,regression,17,40,40
NN-Patching [ungated],lisa_signs/resnet50,303,regression,18,1,1
NN-Patching [ungated],lisa_signs/resnet50,303,regression,19,229,229
NN-Patching [ungated],lisa_signs/resnet50,303,regression,20,3,3
NN-Patching [ungated],lisa_signs/resnet50,303,regression,21,1,1
NN-Patching [ungated],lisa_signs/resnet50,303,regression,22,1,1
NN-Patching [ungated],lisa_signs/resnet50,303,regression,23,3,3
NN-Patching [ungated],lisa_signs/resnet50,303,regression,24,3,3
NN-Patching [ungated],lisa_signs/resnet50,303,regression,26,14,14
NN-Patching [ungated],lisa_signs/resnet50,303,regression,27,13,15
NN-Patching [ungated],lisa_signs/resnet50,303,regression,28,18,18
NN-Patching [ungated],lisa_signs/resnet50,303,regression,29,19,19
NN-Patching [ungated],lisa_signs/resnet50,303,regression,30,180,180
NN-Patching [ungated],lisa_signs/resnet50,303,regression,31,7,7
NN-Patching [ungated],lisa_signs/resnet50,303,regression,32,4,4
NN-Patching [ungated],lisa_signs/resnet50,303,regression,33,2,2
NN-Patching [ungated],lisa_signs/resnet50,303,regression,34,1,67
NN-Patching [ungated],lisa_signs/resnet50,303,regression,35,0,15
NN-Patching [ungated],lisa_signs/resnet50,303,regression,36,111,111
NN-Patching [ungated],lisa_signs/resnet50,303,regression,37,0,8
NN-Patching [ungated],lisa_signs/resnet50,303,regression,38,32,32
NN-Patching [ungated],lisa_signs/resnet50,303,regression,39,8,8
NN-Patching [ungated],lisa_signs/resnet50,303,regression,41,14,14
NN-Patching [ungated],lisa_signs/resnet50,303,regression,42,1,17
NN-Patching [ungated],lisa_signs/resnet50,303,regression,43,355,355
NN-Patching [ungated],lisa_signs/resnet50,303,regression,44,28,28
NN-Patching [ungated],lisa_signs/resnet50,303,regression,46,1,1
NN-Patching [ungated],lisa_signs/resnet50,303,regression,47,7,7
NN-Patching [ungated],lisa_signs/resnet50,303,regression,48,8,8
NN-Patching [ungated],lisa_signs/resnet50,303,regression,49,4,6
NN-Patching [ungated],lisa_signs/resnet50,303,regression,50,23,23
NN-Patching [ungated],lisa_signs/resnet50,303,regression,51,46,46
NN-Patching [ungated],lisa_signs/resnet50,303,regression,52,0,51
NN-Patching [ungated],lisa_signs/resnet50,303,regression,53,9,9
NN-Patching [ungated],lisa_signs/resnet50,303,regression,54,4,4
NN-Patching [ungated],lisa_signs/resnet50,303,regression,55,2,2
NN-Patching [ungated],lisa_signs/convnext_tiny,101,repair,2,1,1
NN-Patching [ungated],lisa_signs/convnext_tiny,101,repair,20,0,2
NN-Patching [ungated],lisa_signs/convnext_tiny,101,repair,30,0,1
NN-Patching [ungated],lisa_signs/convnext_tiny,101,repair,36,0,1
NN-Patching [ungated],lisa_signs/convnext_tiny,101,repair,42,5,7
NN-Patching [ungated],lisa_signs/convnext_tiny,101,repair,52,0,2
NN-Patching [ungated],lisa_signs/convnext_tiny,101,regression,0,48,48
NN-Patching [ungated],lisa_signs/convnext_tiny,101,regression,1,26,26
NN-Patching [ungated],lisa_signs/convnext_tiny,101,regression,2,118,118
NN-Patching [ungated],lisa_signs/convnext_tiny,101,regression,3,8,8
NN-Patching [ungated],lisa_signs/convnext_tiny,101,regression,4,26,26
NN-Patching [ungated],lisa_signs/convnext_tiny,101,regression,5,18,18
NN-Patching [ungated],lisa_signs/convnext_tiny,101,regression,6,11,11
NN-Patching [ungated],lisa_signs/convnext_tiny,101,regression,7,4,4
NN-Patching [ungated],lisa_signs/convnext_tiny,101,regression,8,2,2
NN-Patching [ungated],lisa_signs/convnext_tiny,101,regression,9,6,6
NN-Patching [ungated],lisa_signs/convnext_tiny,101,regression,10,23,23
NN-Patching [ungated],lisa_signs/convnext_tiny,101,regression,11,29,29
NN-Patching [ungated],lisa_signs/convnext_tiny,101,regression,12,12,12
NN-Patching [ungated],lisa_signs/convnext_tiny,101,regression,13,80,80
NN-Patching [ungated],lisa_signs/convnext_tiny,101,regression,14,29,29
NN-Patching [ungated],lisa_signs/convnext_tiny,101,regression,15,53,53
NN-Patching [ungated],lisa_signs/convnext_tiny,101,regression,16,9,9
NN-Patching [ungated],lisa_signs/convnext_tiny,101,regression,17,42,42
NN-Patching [ungated],lisa_signs/convnext_tiny,101,regression,18,1,1
NN-Patching [ungated],lisa_signs/convnext_tiny,101,regression,19,227,227
NN-Patching [ungated],lisa_signs/convnext_tiny,101,regression,20,4,4
NN-Patching [ungated],lisa_signs/convnext_tiny,101,regression,21,1,1
NN-Patching [ungated],lisa_signs/convnext_tiny,101,regression,23,3,3
NN-Patching [ungated],lisa_signs/convnext_tiny,101,regression,24,2,2
NN-Patching [ungated],lisa_signs/convnext_tiny,101,regression,26,13,13
NN-Patching [ungated],lisa_signs/convnext_tiny,101,regression,27,15,15
NN-Patching [ungated],lisa_signs/convnext_tiny,101,regression,28,20,20
NN-Patching [ungated],lisa_signs/convnext_tiny,101,regression,29,18,18
NN-Patching [ungated],lisa_signs/convnext_tiny,101,regression,30,180,181
NN-Patching [ungated],lisa_signs/convnext_tiny,101,regression,31,8,8
NN-Patching [ungated],lisa_signs/convnext_tiny,101,regression,32,3,3
NN-Patching [ungated],lisa_signs/convnext_tiny,101,regression,33,2,2
NN-Patching [ungated],lisa_signs/convnext_tiny,101,regression,34,87,87
NN-Patching [ungated],lisa_signs/convnext_tiny,101,regression,35,23,23
NN-Patching [ungated],lisa_signs/convnext_tiny,101,regression,36,108,111
NN-Patching [ungated],lisa_signs/convnext_tiny,101,regression,37,14,14
NN-Patching [ungated],lisa_signs/convnext_tiny,101,regression,38,31,31
NN-Patching [ungated],lisa_signs/convnext_tiny,101,regression,39,5,5
NN-Patching [ungated],lisa_signs/convnext_tiny,101,regression,41,3,16
NN-Patching [ungated],lisa_signs/convnext_tiny,101,regression,42,6,19
NN-Patching [ungated],lisa_signs/convnext_tiny,101,regression,43,357,357
NN-Patching [ungated],lisa_signs/convnext_tiny,101,regression,44,30,30
NN-Patching [ungated],lisa_signs/convnext_tiny,101,regression,45,1,1
NN-Patching [ungated],lisa_signs/convnext_tiny,101,regression,46,2,2
NN-Patching [ungated],lisa_signs/convnext_tiny,101,regression,47,4,4
NN-Patching [ungated],lisa_signs/convnext_tiny,101,regression,48,0,9
NN-Patching [ungated],lisa_signs/convnext_tiny,101,regression,49,8,8
NN-Patching [ungated],lisa_signs/convnext_tiny,101,regression,50,0,17
NN-Patching [ungated],lisa_signs/convnext_tiny,101,regression,51,49,49
NN-Patching [ungated],lisa_signs/convnext_tiny,101,regression,52,57,57
NN-Patching [ungated],lisa_signs/convnext_tiny,101,regression,53,12,12
NN-Patching [ungated],lisa_signs/convnext_tiny,101,regression,54,4,4
NN-Patching [ungated],lisa_signs/convnext_tiny,101,regression,55,1,1
NN-Patching [ungated],lisa_signs/convnext_tiny,202,repair,2,0,2
NN-Patching [ungated],lisa_signs/convnext_tiny,202,repair,20,0,1
NN-Patching [ungated],lisa_signs/convnext_tiny,202,repair,36,0,1
NN-Patching [ungated],lisa_signs/convnext_tiny,202,repair,42,4,5
NN-Patching [ungated],lisa_signs/convnext_tiny,202,repair,48,0,1
NN-Patching [ungated],lisa_signs/convnext_tiny,202,repair,50,2,2
NN-Patching [ungated],lisa_signs/convnext_tiny,202,repair,51,0,1
NN-Patching [ungated],lisa_signs/convnext_tiny,202,repair,52,1,1
NN-Patching [ungated],lisa_signs/convnext_tiny,202,regression,0,50,50
NN-Patching [ungated],lisa_signs/convnext_tiny,202,regression,1,24,24
NN-Patching [ungated],lisa_signs/convnext_tiny,202,regression,2,128,128
NN-Patching [ungated],lisa_signs/convnext_tiny,202,regression,3,13,13
NN-Patching [ungated],lisa_signs/convnext_tiny,202,regression,4,30,30
NN-Patching [ungated],lisa_signs/convnext_tiny,202,regression,5,17,17
NN-Patching [ungated],lisa_signs/convnext_tiny,202,regression,6,8,8
NN-Patching [ungated],lisa_signs/convnext_tiny,202,regression,7,3,3
NN-Patching [ungated],lisa_signs/convnext_tiny,202,regression,8,2,2
NN-Patching [ungated],lisa_signs/convnext_tiny,202,regression,9,7,7
NN-Patching [ungated],lisa_signs/convnext_tiny,202,regression,10,24,24
NN-Patching [ungated],lisa_signs/convnext_tiny,202,regression,11,25,25
NN-Patching [ungated],lisa_signs/convnext_tiny,202,regression,12,11,11
NN-Patching [ungated],lisa_signs/convnext_tiny,202,regression,13,76,76
NN-Patching [ungated],lisa_signs/convnext_tiny,202,regression,14,27,27
NN-Patching [ungated],lisa_signs/convnext_tiny,202,regression,15,54,54
NN-Patching [ungated],lisa_signs/convnext_tiny,202,regression,16,9,9
NN-Patching [ungated],lisa_signs/convnext_tiny,202,regression,17,45,45
NN-Patching [ungated],lisa_signs/convnext_tiny,202,regression,18,2,2
NN-Patching [ungated],lisa_signs/convnext_tiny,202,regression,19,0,216
NN-Patching [ungated],lisa_signs/convnext_tiny,202,regression,20,4,4
NN-Patching [ungated],lisa_signs/convnext_tiny,202,regression,23,5,5
NN-Patching [ungated],lisa_signs/convnext_tiny,202,regression,24,1,1
NN-Patching [ungated],lisa_signs/convnext_tiny,202,regression,26,10,10
NN-Patching [ungated],lisa_signs/convnext_tiny,202,regression,27,12,12
NN-Patching [ungated],lisa_signs/convnext_tiny,202,regression,28,14,23
NN-Patching [ungated],lisa_signs/convnext_tiny,202,regression,29,21,21
NN-Patching [ungated],lisa_signs/convnext_tiny,202,regression,30,181,183
NN-Patching [ungated],lisa_signs/convnext_tiny,202,regression,31,7,7
NN-Patching [ungated],lisa_signs/convnext_tiny,202,regression,32,4,4
NN-Patching [ungated],lisa_signs/convnext_tiny,202,regression,33,1,1
NN-Patching [ungated],lisa_signs/convnext_tiny,202,regression,34,79,79
NN-Patching [ungated],lisa_signs/convnext_tiny,202,regression,35,20,20
NN-Patching [ungated],lisa_signs/convnext_tiny,202,regression,36,101,104
NN-Patching [ungated],lisa_signs/convnext_tiny,202,regression,37,17,17
NN-Patching [ungated],lisa_signs/convnext_tiny,202,regression,38,30,30
NN-Patching [ungated],lisa_signs/convnext_tiny,202,regression,39,9,9
NN-Patching [ungated],lisa_signs/convnext_tiny,202,regression,41,11,17
NN-Patching [ungated],lisa_signs/convnext_tiny,202,regression,42,4,21
NN-Patching [ungated],lisa_signs/convnext_tiny,202,regression,43,369,369
NN-Patching [ungated],lisa_signs/convnext_tiny,202,regression,44,29,29
NN-Patching [ungated],lisa_signs/convnext_tiny,202,regression,45,1,1
NN-Patching [ungated],lisa_signs/convnext_tiny,202,regression,46,1,1
NN-Patching [ungated],lisa_signs/convnext_tiny,202,regression,47,5,5
NN-Patching [ungated],lisa_signs/convnext_tiny,202,regression,48,11,11
NN-Patching [ungated],lisa_signs/convnext_tiny,202,regression,49,7,7
NN-Patching [ungated],lisa_signs/convnext_tiny,202,regression,50,0,22
NN-Patching [ungated],lisa_signs/convnext_tiny,202,regression,51,45,45
NN-Patching [ungated],lisa_signs/convnext_tiny,202,regression,52,54,54
NN-Patching [ungated],lisa_signs/convnext_tiny,202,regression,53,10,10
NN-Patching [ungated],lisa_signs/convnext_tiny,202,regression,54,3,3
NN-Patching [ungated],lisa_signs/convnext_tiny,202,regression,55,3,3
NN-Patching [ungated],lisa_signs/convnext_tiny,303,repair,2,1,1
NN-Patching [ungated],lisa_signs/convnext_tiny,303,repair,17,0,1
NN-Patching [ungated],lisa_signs/convnext_tiny,303,repair,20,0,2
NN-Patching [ungated],lisa_signs/convnext_tiny,303,repair,30,0,1
NN-Patching [ungated],lisa_signs/convnext_tiny,303,repair,36,0,1
NN-Patching [ungated],lisa_signs/convnext_tiny,303,repair,42,3,4
NN-Patching [ungated],lisa_signs/convnext_tiny,303,repair,50,2,2
NN-Patching [ungated],lisa_signs/convnext_tiny,303,repair,51,0,1
NN-Patching [ungated],lisa_signs/convnext_tiny,303,repair,52,0,1
NN-Patching [ungated],lisa_signs/convnext_tiny,303,regression,0,53,53
NN-Patching [ungated],lisa_signs/convnext_tiny,303,regression,1,26,26
NN-Patching [ungated],lisa_signs/convnext_tiny,303,regression,2,0,115
NN-Patching [ungated],lisa_signs/convnext_tiny,303,regression,3,15,15
NN-Patching [ungated],lisa_signs/convnext_tiny,303,regression,4,37,37
NN-Patching [ungated],lisa_signs/convnext_tiny,303,regression,5,19,19
NN-Patching [ungated],lisa_signs/convnext_tiny,303,regression,6,8,8
NN-Patching [ungated],lisa_signs/convnext_tiny,303,regression,7,2,2
NN-Patching [ungated],lisa_signs/convnext_tiny,303,regression,8,2,2
NN-Patching [ungated],lisa_signs/convnext_tiny,303,regression,9,7,7
NN-Patching [ungated],lisa_signs/convnext_tiny,303,regression,10,27,27
NN-Patching [ungated],lisa_signs/convnext_tiny,303,regression,11,27,27
NN-Patching [ungated],lisa_signs/convnext_tiny,303,regression,12,13,13
NN-Patching [ungated],lisa_signs/convnext_tiny,303,regression,13,71,71
NN-Patching [ungated],lisa_signs/convnext_tiny,303,regression,14,26,26
NN-Patching [ungated],lisa_signs/convnext_tiny,303,regression,15,52,52
NN-Patching [ungated],lisa_signs/convnext_tiny,303,regression,16,8,8
NN-Patching [ungated],lisa_signs/convnext_tiny,303,regression,17,42,42
NN-Patching [ungated],lisa_signs/convnext_tiny,303,regression,18,1,1
NN-Patching [ungated],lisa_signs/convnext_tiny,303,regression,19,0,236
NN-Patching [ungated],lisa_signs/convnext_tiny,303,regression,20,4,4
NN-Patching [ungated],lisa_signs/convnext_tiny,303,regression,21,1,1
NN-Patching [ungated],lisa_signs/convnext_tiny,303,regression,22,1,1
NN-Patching [ungated],lisa_signs/convnext_tiny,303,regression,23,5,5
NN-Patching [ungated],lisa_signs/convnext_tiny,303,regression,24,3,3
NN-Patching [ungated],lisa_signs/convnext_tiny,303,regression,26,13,13
NN-Patching [ungated],lisa_signs/convnext_tiny,303,regression,27,11,11
NN-Patching [ungated],lisa_signs/convnext_tiny,303,regression,28,21,21
NN-Patching [ungated],lisa_signs/convnext_tiny,303,regression,29,25,25
NN-Patching [ungated],lisa_signs/convnext_tiny,303,regression,30,189,189
NN-Patching [ungated],lisa_signs/convnext_tiny,303,regression,31,8,8
NN-Patching [ungated],lisa_signs/convnext_tiny,303,regression,32,3,3
NN-Patching [ungated],lisa_signs/convnext_tiny,303,regression,33,3,3
NN-Patching [ungated],lisa_signs/convnext_tiny,303,regression,34,72,72
NN-Patching [ungated],lisa_signs/convnext_tiny,303,regression,35,22,22
NN-Patching [ungated],lisa_signs/convnext_tiny,303,regression,36,110,110
NN-Patching [ungated],lisa_signs/convnext_tiny,303,regression,37,13,13
NN-Patching [ungated],lisa_signs/convnext_tiny,303,regression,38,28,28
NN-Patching [ungated],lisa_signs/convnext_tiny,303,regression,39,10,10
NN-Patching [ungated],lisa_signs/convnext_tiny,303,regression,41,11,18
NN-Patching [ungated],lisa_signs/convnext_tiny,303,regression,42,0,19
NN-Patching [ungated],lisa_signs/convnext_tiny,303,regression,43,351,351
NN-Patching [ungated],lisa_signs/convnext_tiny,303,regression,44,29,29
NN-Patching [ungated],lisa_signs/convnext_tiny,303,regression,45,1,1
NN-Patching [ungated],lisa_signs/convnext_tiny,303,regression,46,2,2
NN-Patching [ungated],lisa_signs/convnext_tiny,303,regression,47,6,6
NN-Patching [ungated],lisa_signs/convnext_tiny,303,regression,48,0,9
NN-Patching [ungated],lisa_signs/convnext_tiny,303,regression,49,8,8
NN-Patching [ungated],lisa_signs/convnext_tiny,303,regression,50,0,19
NN-Patching [ungated],lisa_signs/convnext_tiny,303,regression,51,41,41
NN-Patching [ungated],lisa_signs/convnext_tiny,303,regression,52,52,52
NN-Patching [ungated],lisa_signs/convnext_tiny,303,regression,53,11,11
NN-Patching [ungated],lisa_signs/convnext_tiny,303,regression,54,2,2
NN-Patching [ungated],lisa_signs/convnext_tiny,303,regression,55,2,2
NN-Patching [ungated],lisa_signs/densenet121,101,repair,17,0,1
NN-Patching [ungated],lisa_signs/densenet121,101,repair,19,0,1
NN-Patching [ungated],lisa_signs/densenet121,101,repair,30,0,3
NN-Patching [ungated],lisa_signs/densenet121,101,repair,34,3,3
NN-Patching [ungated],lisa_signs/densenet121,101,repair,37,0,2
NN-Patching [ungated],lisa_signs/densenet121,101,repair,39,1,1
NN-Patching [ungated],lisa_signs/densenet121,101,repair,42,2,3
NN-Patching [ungated],lisa_signs/densenet121,101,repair,43,0,1
NN-Patching [ungated],lisa_signs/densenet121,101,repair,48,0,1
NN-Patching [ungated],lisa_signs/densenet121,101,repair,50,0,1
NN-Patching [ungated],lisa_signs/densenet121,101,regression,0,51,51
NN-Patching [ungated],lisa_signs/densenet121,101,regression,1,20,20
NN-Patching [ungated],lisa_signs/densenet121,101,regression,2,3,119
NN-Patching [ungated],lisa_signs/densenet121,101,regression,3,14,14
NN-Patching [ungated],lisa_signs/densenet121,101,regression,4,32,32
NN-Patching [ungated],lisa_signs/densenet121,101,regression,5,15,15
NN-Patching [ungated],lisa_signs/densenet121,101,regression,6,9,9
NN-Patching [ungated],lisa_signs/densenet121,101,regression,7,4,4
NN-Patching [ungated],lisa_signs/densenet121,101,regression,8,2,2
NN-Patching [ungated],lisa_signs/densenet121,101,regression,9,5,5
NN-Patching [ungated],lisa_signs/densenet121,101,regression,10,27,27
NN-Patching [ungated],lisa_signs/densenet121,101,regression,11,25,25
NN-Patching [ungated],lisa_signs/densenet121,101,regression,12,12,12
NN-Patching [ungated],lisa_signs/densenet121,101,regression,13,81,81
NN-Patching [ungated],lisa_signs/densenet121,101,regression,14,30,30
NN-Patching [ungated],lisa_signs/densenet121,101,regression,15,56,56
NN-Patching [ungated],lisa_signs/densenet121,101,regression,16,6,6
NN-Patching [ungated],lisa_signs/densenet121,101,regression,17,42,42
NN-Patching [ungated],lisa_signs/densenet121,101,regression,18,2,2
NN-Patching [ungated],lisa_signs/densenet121,101,regression,19,237,237
NN-Patching [ungated],lisa_signs/densenet121,101,regression,20,0,3
NN-Patching [ungated],lisa_signs/densenet121,101,regression,21,1,1
NN-Patching [ungated],lisa_signs/densenet121,101,regression,23,3,3
NN-Patching [ungated],lisa_signs/densenet121,101,regression,24,3,3
NN-Patching [ungated],lisa_signs/densenet121,101,regression,26,11,11
NN-Patching [ungated],lisa_signs/densenet121,101,regression,27,13,13
NN-Patching [ungated],lisa_signs/densenet121,101,regression,28,18,18
NN-Patching [ungated],lisa_signs/densenet121,101,regression,29,21,21
NN-Patching [ungated],lisa_signs/densenet121,101,regression,30,177,177
NN-Patching [ungated],lisa_signs/densenet121,101,regression,31,9,9
NN-Patching [ungated],lisa_signs/densenet121,101,regression,32,3,3
NN-Patching [ungated],lisa_signs/densenet121,101,regression,33,2,2
NN-Patching [ungated],lisa_signs/densenet121,101,regression,34,0,80
NN-Patching [ungated],lisa_signs/densenet121,101,regression,35,24,24
NN-Patching [ungated],lisa_signs/densenet121,101,regression,36,122,123
NN-Patching [ungated],lisa_signs/densenet121,101,regression,37,14,14
NN-Patching [ungated],lisa_signs/densenet121,101,regression,38,36,36
NN-Patching [ungated],lisa_signs/densenet121,101,regression,39,0,6
NN-Patching [ungated],lisa_signs/densenet121,101,regression,41,3,17
NN-Patching [ungated],lisa_signs/densenet121,101,regression,42,18,22
NN-Patching [ungated],lisa_signs/densenet121,101,regression,43,107,338
NN-Patching [ungated],lisa_signs/densenet121,101,regression,44,27,27
NN-Patching [ungated],lisa_signs/densenet121,101,regression,46,2,2
NN-Patching [ungated],lisa_signs/densenet121,101,regression,47,6,6
NN-Patching [ungated],lisa_signs/densenet121,101,regression,48,11,11
NN-Patching [ungated],lisa_signs/densenet121,101,regression,49,6,6
NN-Patching [ungated],lisa_signs/densenet121,101,regression,50,16,16
NN-Patching [ungated],lisa_signs/densenet121,101,regression,51,49,49
NN-Patching [ungated],lisa_signs/densenet121,101,regression,52,50,50
NN-Patching [ungated],lisa_signs/densenet121,101,regression,53,10,10
NN-Patching [ungated],lisa_signs/densenet121,101,regression,54,2,2
NN-Patching [ungated],lisa_signs/densenet121,101,regression,55,2,2
NN-Patching [ungated],lisa_signs/densenet121,202,repair,17,0,1
NN-Patching [ungated],lisa_signs/densenet121,202,repair,30,1,2
NN-Patching [ungated],lisa_signs/densenet121,202,repair,34,2,2
NN-Patching [ungated],lisa_signs/densenet121,202,repair,36,0,1
NN-Patching [ungated],lisa_signs/densenet121,202,repair,37,0,1
NN-Patching [ungated],lisa_signs/densenet121,202,repair,39,1,1
NN-Patching [ungated],lisa_signs/densenet121,202,repair,42,1,3
NN-Patching [ungated],lisa_signs/densenet121,202,repair,45,0,1
NN-Patching [ungated],lisa_signs/densenet121,202,repair,48,0,2
NN-Patching [ungated],lisa_signs/densenet121,202,repair,50,0,1
NN-Patching [ungated],lisa_signs/densenet121,202,repair,52,0,2
NN-Patching [ungated],lisa_signs/densenet121,202,regression,0,48,48
NN-Patching [ungated],lisa_signs/densenet121,202,regression,1,28,28
NN-Patching [ungated],lisa_signs/densenet121,202,regression,2,29,121
NN-Patching [ungated],lisa_signs/densenet121,202,regression,3,14,14
NN-Patching [ungated],lisa_signs/densenet121,202,regression,4,35,35
NN-Patching [ungated],lisa_signs/densenet121,202,regression,5,19,19
NN-Patching [ungated],lisa_signs/densenet121,202,regression,6,7,7
NN-Patching [ungated],lisa_signs/densenet121,202,regression,7,4,4
NN-Patching [ungated],lisa_signs/densenet121,202,regression,8,1,1
NN-Patching [ungated],lisa_signs/densenet121,202,regression,9,5,5
NN-Patching [ungated],lisa_signs/densenet121,202,regression,10,28,28
NN-Patching [ungated],lisa_signs/densenet121,202,regression,11,26,26
NN-Patching [ungated],lisa_signs/densenet121,202,regression,12,12,12
NN-Patching [ungated],lisa_signs/densenet121,202,regression,13,77,77
NN-Patching [ungated],lisa_signs/densenet121,202,regression,14,30,30
NN-Patching [ungated],lisa_signs/densenet121,202,regression,15,60,60
NN-Patching [ungated],lisa_signs/densenet121,202,regression,16,5,5
NN-Patching [ungated],lisa_signs/densenet121,202,regression,17,39,39
NN-Patching [ungated],lisa_signs/densenet121,202,regression,18,2,2
NN-Patching [ungated],lisa_signs/densenet121,202,regression,19,88,232
NN-Patching [ungated],lisa_signs/densenet121,202,regression,20,0,1
NN-Patching [ungated],lisa_signs/densenet121,202,regression,21,1,1
NN-Patching [ungated],lisa_signs/densenet121,202,regression,22,1,1
NN-Patching [ungated],lisa_signs/densenet121,202,regression,23,4,4
NN-Patching [ungated],lisa_signs/densenet121,202,regression,24,2,2
NN-Patching [ungated],lisa_signs/densenet121,202,regression,26,12,12
NN-Patching [ungated],lisa_signs/densenet121,202,regression,27,11,11
NN-Patching [ungated],lisa_signs/densenet121,202,regression,28,24,24
NN-Patching [ungated],lisa_signs/densenet121,202,regression,29,23,23
NN-Patching [ungated],lisa_signs/densenet121,202,regression,30,13,188
NN-Patching [ungated],lisa_signs/densenet121,202,regression,31,9,9
NN-Patching [ungated],lisa_signs/densenet121,202,regression,32,4,4
NN-Patching [ungated],lisa_signs/densenet121,202,regression,33,2,2
NN-Patching [ungated],lisa_signs/densenet121,202,regression,34,0,74
NN-Patching [ungated],lisa_signs/densenet121,202,regression,35,21,21
NN-Patching [ungated],lisa_signs/densenet121,202,regression,36,105,105
NN-Patching [ungated],lisa_signs/densenet121,202,regression,37,12,12
NN-Patching [ungated],lisa_signs/densenet121,202,regression,38,33,33
NN-Patching [ungated],lisa_signs/densenet121,202,regression,39,1,7
NN-Patching [ungated],lisa_signs/densenet121,202,regression,41,15,15
NN-Patching [ungated],lisa_signs/densenet121,202,regression,42,22,25
NN-Patching [ungated],lisa_signs/densenet121,202,regression,43,87,344
NN-Patching [ungated],lisa_signs/densenet121,202,regression,44,28,28
NN-Patching [ungated],lisa_signs/densenet121,202,regression,46,2,2
NN-Patching [ungated],lisa_signs/densenet121,202,regression,47,6,6
NN-Patching [ungated],lisa_signs/densenet121,202,regression,48,9,9
NN-Patching [ungated],lisa_signs/densenet121,202,regression,49,6,6
NN-Patching [ungated],lisa_signs/densenet121,202,regression,50,20,20
NN-Patching [ungated],lisa_signs/densenet121,202,regression,51,47,47
NN-Patching [ungated],lisa_signs/densenet121,202,regression,52,50,50
NN-Patching [ungated],lisa_signs/densenet121,202,regression,53,8,8
NN-Patching [ungated],lisa_signs/densenet121,202,regression,54,4,4
NN-Patching [ungated],lisa_signs/densenet121,202,regression,55,3,3
NN-Patching [ungated],lisa_signs/densenet121,303,repair,19,0,1
NN-Patching [ungated],lisa_signs/densenet121,303,repair,30,0,3
NN-Patching [ungated],lisa_signs/densenet121,303,repair,34,1,1
NN-Patching [ungated],lisa_signs/densenet121,303,repair,36,0,1
NN-Patching [ungated],lisa_signs/densenet121,303,repair,37,0,1
NN-Patching [ungated],lisa_signs/densenet121,303,repair,39,1,1
NN-Patching [ungated],lisa_signs/densenet121,303,repair,41,0,1
NN-Patching [ungated],lisa_signs/densenet121,303,repair,42,0,3
NN-Patching [ungated],lisa_signs/densenet121,303,repair,43,0,1
NN-Patching [ungated],lisa_signs/densenet121,303,repair,45,0,1
NN-Patching [ungated],lisa_signs/densenet121,303,repair,48,1,1
NN-Patching [ungated],lisa_signs/densenet121,303,repair,52,0,2
NN-Patching [ungated],lisa_signs/densenet121,303,regression,0,50,50
NN-Patching [ungated],lisa_signs/densenet121,303,regression,1,29,29
NN-Patching [ungated],lisa_signs/densenet121,303,regression,2,8,119
NN-Patching [ungated],lisa_signs/densenet121,303,regression,3,13,13
NN-Patching [ungated],lisa_signs/densenet121,303,regression,4,31,31
NN-Patching [ungated],lisa_signs/densenet121,303,regression,5,16,16
NN-Patching [ungated],lisa_signs/densenet121,303,regression,6,9,9
NN-Patching [ungated],lisa_signs/densenet121,303,regression,7,4,4
NN-Patching [ungated],lisa_signs/densenet121,303,regression,8,2,2
NN-Patching [ungated],lisa_signs/densenet121,303,regression,9,4,4
NN-Patching [ungated],lisa_signs/densenet121,303,regression,10,32,32
NN-Patching [ungated],lisa_signs/densenet121,303,regression,11,24,24
NN-Patching [ungated],lisa_signs/densenet121,303,regression,12,11,11
NN-Patching [ungated],lisa_signs/densenet121,303,regression,13,74,74
NN-Patching [ungated],lisa_signs/densenet121,303,regression,14,30,30
NN-Patching [ungated],lisa_signs/densenet121,303,regression,15,54,54
NN-Patching [ungated],lisa_signs/densenet121,303,regression,16,9,9
NN-Patching [ungated],lisa_signs/densenet121,303,regression,17,40,40
NN-Patching [ungated],lisa_signs/densenet121,303,regression,18,2,2
NN-Patching [ungated],lisa_signs/densenet121,303,regression,19,232,232
NN-Patching [ungated],lisa_signs/densenet121,303,regression,20,0,4
NN-Patching [ungated],lisa_signs/densenet121,303,regression,21,1,1
NN-Patching [ungated],lisa_signs/densenet121,303,regression,22,1,1
NN-Patching [ungated],lisa_signs/densenet121,303,regression,23,3,3
NN-Patching [ungated],lisa_signs/densenet121,303,regression,24,2,2
NN-Patching [ungated],lisa_signs/densenet121,303,regression,26,13,13
NN-Patching [ungated],lisa_signs/densenet121,303,regression,27,11,11
NN-Patching [ungated],lisa_signs/densenet121,303,regression,28,22,22
NN-Patching [ungated],lisa_signs/densenet121,303,regression,29,22,22
NN-Patching [ungated],lisa_signs/densenet121,303,regression,30,164,185
NN-Patching [ungated],lisa_signs/densenet121,303,regression,31,7,7
NN-Patching [ungated],lisa_signs/densenet121,303,regression,32,2,2
NN-Patching [ungated],lisa_signs/densenet121,303,regression,33,2,2
NN-Patching [ungated],lisa_signs/densenet121,303,regression,34,2,72
NN-Patching [ungated],lisa_signs/densenet121,303,regression,35,23,23
NN-Patching [ungated],lisa_signs/densenet121,303,regression,36,110,110
NN-Patching [ungated],lisa_signs/densenet121,303,regression,37,0,12
NN-Patching [ungated],lisa_signs/densenet121,303,regression,38,36,36
NN-Patching [ungated],lisa_signs/densenet121,303,regression,39,0,8
NN-Patching [ungated],lisa_signs/densenet121,303,regression,41,14,14
NN-Patching [ungated],lisa_signs/densenet121,303,regression,42,15,24
NN-Patching [ungated],lisa_signs/densenet121,303,regression,43,27,344
NN-Patching [ungated],lisa_signs/densenet121,303,regression,44,31,31
NN-Patching [ungated],lisa_signs/densenet121,303,regression,46,1,1
NN-Patching [ungated],lisa_signs/densenet121,303,regression,47,7,7
NN-Patching [ungated],lisa_signs/densenet121,303,regression,48,0,12
NN-Patching [ungated],lisa_signs/densenet121,303,regression,49,7,7
NN-Patching [ungated],lisa_signs/densenet121,303,regression,50,0,22
NN-Patching [ungated],lisa_signs/densenet121,303,regression,51,46,46
NN-Patching [ungated],lisa_signs/densenet121,303,regression,52,52,52
NN-Patching [ungated],lisa_signs/densenet121,303,regression,53,8,8
NN-Patching [ungated],lisa_signs/densenet121,303,regression,54,3,3
NN-Patching [ungated],lisa_signs/densenet121,303,regression,55,2,2
NN-Patching [ungated],lisa_signs/vgg16,101,repair,1,0,1
NN-Patching [ungated],lisa_signs/vgg16,101,repair,12,1,3
NN-Patching [ungated],lisa_signs/vgg16,101,repair,14,0,1
NN-Patching [ungated],lisa_signs/vgg16,101,repair,15,0,1
NN-Patching [ungated],lisa_signs/vgg16,101,repair,17,0,2
NN-Patching [ungated],lisa_signs/vgg16,101,repair,19,1,3
NN-Patching [ungated],lisa_signs/vgg16,101,repair,20,0,1
NN-Patching [ungated],lisa_signs/vgg16,101,repair,22,0,1
NN-Patching [ungated],lisa_signs/vgg16,101,repair,23,0,1
NN-Patching [ungated],lisa_signs/vgg16,101,repair,30,0,6
NN-Patching [ungated],lisa_signs/vgg16,101,repair,32,0,1
NN-Patching [ungated],lisa_signs/vgg16,101,repair,35,0,1
NN-Patching [ungated],lisa_signs/vgg16,101,repair,36,0,3
NN-Patching [ungated],lisa_signs/vgg16,101,repair,38,0,1
NN-Patching [ungated],lisa_signs/vgg16,101,repair,41,0,1
NN-Patching [ungated],lisa_signs/vgg16,101,repair,42,0,4
NN-Patching [ungated],lisa_signs/vgg16,101,repair,43,0,1
NN-Patching [ungated],lisa_signs/vgg16,101,repair,44,0,1
NN-Patching [ungated],lisa_signs/vgg16,101,repair,47,0,1
NN-Patching [ungated],lisa_signs/vgg16,101,repair,48,0,1
NN-Patching [ungated],lisa_signs/vgg16,101,repair,52,0,1
NN-Patching [ungated],lisa_signs/vgg16,101,regression,0,51,51
NN-Patching [ungated],lisa_signs/vgg16,101,regression,1,22,22
NN-Patching [ungated],lisa_signs/vgg16,101,regression,2,123,123
NN-Patching [ungated],lisa_signs/vgg16,101,regression,3,15,15
NN-Patching [ungated],lisa_signs/vgg16,101,regression,4,33,35
NN-Patching [ungated],lisa_signs/vgg16,101,regression,5,19,19
NN-Patching [ungated],lisa_signs/vgg16,101,regression,6,2,9
NN-Patching [ungated],lisa_signs/vgg16,101,regression,7,4,4
NN-Patching [ungated],lisa_signs/vgg16,101,regression,8,2,2
NN-Patching [ungated],lisa_signs/vgg16,101,regression,9,6,6
NN-Patching [ungated],lisa_signs/vgg16,101,regression,10,25,25
NN-Patching [ungated],lisa_signs/vgg16,101,regression,11,22,22
NN-Patching [ungated],lisa_signs/vgg16,101,regression,12,5,6
NN-Patching [ungated],lisa_signs/vgg16,101,regression,13,82,82
NN-Patching [ungated],lisa_signs/vgg16,101,regression,14,29,29
NN-Patching [ungated],lisa_signs/vgg16,101,regression,15,54,54
NN-Patching [ungated],lisa_signs/vgg16,101,regression,16,7,7
NN-Patching [ungated],lisa_signs/vgg16,101,regression,17,37,37
NN-Patching [ungated],lisa_signs/vgg16,101,regression,18,2,2
NN-Patching [ungated],lisa_signs/vgg16,101,regression,19,230,231
NN-Patching [ungated],lisa_signs/vgg16,101,regression,20,3,3
NN-Patching [ungated],lisa_signs/vgg16,101,regression,21,1,1
NN-Patching [ungated],lisa_signs/vgg16,101,regression,23,3,3
NN-Patching [ungated],lisa_signs/vgg16,101,regression,24,3,3
NN-Patching [ungated],lisa_signs/vgg16,101,regression,26,0,14
NN-Patching [ungated],lisa_signs/vgg16,101,regression,27,13,13
NN-Patching [ungated],lisa_signs/vgg16,101,regression,28,18,18
NN-Patching [ungated],lisa_signs/vgg16,101,regression,29,22,22
NN-Patching [ungated],lisa_signs/vgg16,101,regression,30,174,174
NN-Patching [ungated],lisa_signs/vgg16,101,regression,31,8,8
NN-Patching [ungated],lisa_signs/vgg16,101,regression,32,1,1
NN-Patching [ungated],lisa_signs/vgg16,101,regression,33,1,1
NN-Patching [ungated],lisa_signs/vgg16,101,regression,34,71,71
NN-Patching [ungated],lisa_signs/vgg16,101,regression,35,21,21
NN-Patching [ungated],lisa_signs/vgg16,101,regression,36,103,103
NN-Patching [ungated],lisa_signs/vgg16,101,regression,37,16,16
NN-Patching [ungated],lisa_signs/vgg16,101,regression,38,26,30
NN-Patching [ungated],lisa_signs/vgg16,101,regression,39,8,8
NN-Patching [ungated],lisa_signs/vgg16,101,regression,41,16,16
NN-Patching [ungated],lisa_signs/vgg16,101,regression,42,24,24
NN-Patching [ungated],lisa_signs/vgg16,101,regression,43,351,351
NN-Patching [ungated],lisa_signs/vgg16,101,regression,44,28,29
NN-Patching [ungated],lisa_signs/vgg16,101,regression,46,1,1
NN-Patching [ungated],lisa_signs/vgg16,101,regression,47,5,5
NN-Patching [ungated],lisa_signs/vgg16,101,regression,48,8,9
NN-Patching [ungated],lisa_signs/vgg16,101,regression,49,7,7
NN-Patching [ungated],lisa_signs/vgg16,101,regression,50,20,20
NN-Patching [ungated],lisa_signs/vgg16,101,regression,51,47,47
NN-Patching [ungated],lisa_signs/vgg16,101,regression,52,47,47
NN-Patching [ungated],lisa_signs/vgg16,101,regression,53,10,10
NN-Patching [ungated],lisa_signs/vgg16,101,regression,54,4,4
NN-Patching [ungated],lisa_signs/vgg16,101,regression,55,3,3
NN-Patching [ungated],lisa_signs/vgg16,202,repair,1,0,1
NN-Patching [ungated],lisa_signs/vgg16,202,repair,12,1,2
NN-Patching [ungated],lisa_signs/vgg16,202,repair,14,0,1
NN-Patching [ungated],lisa_signs/vgg16,202,repair,17,0,2
NN-Patching [ungated],lisa_signs/vgg16,202,repair,19,0,1
NN-Patching [ungated],lisa_signs/vgg16,202,repair,30,0,6
NN-Patching [ungated],lisa_signs/vgg16,202,repair,32,0,1
NN-Patching [ungated],lisa_signs/vgg16,202,repair,34,0,1
NN-Patching [ungated],lisa_signs/vgg16,202,repair,35,0,1
NN-Patching [ungated],lisa_signs/vgg16,202,repair,36,0,3
NN-Patching [ungated],lisa_signs/vgg16,202,repair,38,0,2
NN-Patching [ungated],lisa_signs/vgg16,202,repair,41,0,1
NN-Patching [ungated],lisa_signs/vgg16,202,repair,42,0,5
NN-Patching [ungated],lisa_signs/vgg16,202,repair,43,0,4
NN-Patching [ungated],lisa_signs/vgg16,202,repair,44,0,1
NN-Patching [ungated],lisa_signs/vgg16,202,repair,48,0,2
NN-Patching [ungated],lisa_signs/vgg16,202,repair,50,0,1
NN-Patching [ungated],lisa_signs/vgg16,202,repair,52,0,1
NN-Patching [ungated],lisa_signs/vgg16,202,regression,0,49,49
NN-Patching [ungated],lisa_signs/vgg16,202,regression,1,20,20
NN-Patching [ungated],lisa_signs/vgg16,202,regression,2,117,117
NN-Patching [ungated],lisa_signs/vgg16,202,regression,3,13,13
NN-Patching [ungated],lisa_signs/vgg16,202,regression,4,33,33
NN-Patching [ungated],lisa_signs/vgg16,202,regression,5,15,15
NN-Patching [ungated],lisa_signs/vgg16,202,regression,6,7,7
NN-Patching [ungated],lisa_signs/vgg16,202,regression,7,4,4
NN-Patching [ungated],lisa_signs/vgg16,202,regression,8,2,2
NN-Patching [ungated],lisa_signs/vgg16,202,regression,9,5,5
NN-Patching [ungated],lisa_signs/vgg16,202,regression,10,28,28
NN-Patching [ungated],lisa_signs/vgg16,202,regression,11,27,27
NN-Patching [ungated],lisa_signs/vgg16,202,regression,12,7,7
NN-Patching [ungated],lisa_signs/vgg16,202,regression,13,75,75
NN-Patching [ungated],lisa_signs/vgg16,202,regression,14,28,28
NN-Patching [ungated],lisa_signs/vgg16,202,regression,15,50,52
NN-Patching [ungated],lisa_signs/vgg16,202,regression,16,9,9
NN-Patching [ungated],lisa_signs/vgg16,202,regression,17,39,39
NN-Patching [ungated],lisa_signs/vgg16,202,regression,18,2,2
NN-Patching [ungated],lisa_signs/vgg16,202,regression,19,220,223
NN-Patching [ungated],lisa_signs/vgg16,202,regression,20,4,4
NN-Patching [ungated],lisa_signs/vgg16,202,regression,21,1,1
NN-Patching [ungated],lisa_signs/vgg16,202,regression,23,3,3
NN-Patching [ungated],lisa_signs/vgg16,202,regression,24,2,2
NN-Patching [ungated],lisa_signs/vgg16,202,regression,26,1,15
NN-Patching [ungated],lisa_signs/vgg16,202,regression,27,13,13
NN-Patching [ungated],lisa_signs/vgg16,202,regression,28,24,24
NN-Patching [ungated],lisa_signs/vgg16,202,regression,29,19,19
NN-Patching [ungated],lisa_signs/vgg16,202,regression,30,173,173
NN-Patching [ungated],lisa_signs/vgg16,202,regression,31,7,7
NN-Patching [ungated],lisa_signs/vgg16,202,regression,32,1,1
NN-Patching [ungated],lisa_signs/vgg16,202,regression,33,2,2
NN-Patching [ungated],lisa_signs/vgg16,202,regression,34,79,79
NN-Patching [ungated],lisa_signs/vgg16,202,regression,35,22,22
NN-Patching [ungated],lisa_signs/vgg16,202,regression,36,105,105
NN-Patching [ungated],lisa_signs/vgg16,202,regression,37,14,14
NN-Patching [ungated],lisa_signs/vgg16,202,regression,38,27,30
NN-Patching [ungated],lisa_signs/vgg16,202,regression,39,7,7
NN-Patching [ungated],lisa_signs/vgg16,202,regression,41,17,17
NN-Patching [ungated],lisa_signs/vgg16,202,regression,42,24,24
NN-Patching [ungated],lisa_signs/vgg16,202,regression,43,342,343
NN-Patching [ungated],lisa_signs/vgg16,202,regression,44,31,31
NN-Patching [ungated],lisa_signs/vgg16,202,regression,45,1,1
NN-Patching [ungated],lisa_signs/vgg16,202,regression,46,2,2
NN-Patching [ungated],lisa_signs/vgg16,202,regression,47,5,5
NN-Patching [ungated],lisa_signs/vgg16,202,regression,48,10,10
NN-Patching [ungated],lisa_signs/vgg16,202,regression,49,9,9
NN-Patching [ungated],lisa_signs/vgg16,202,regression,50,22,22
NN-Patching [ungated],lisa_signs/vgg16,202,regression,51,51,51
NN-Patching [ungated],lisa_signs/vgg16,202,regression,52,55,55
NN-Patching [ungated],lisa_signs/vgg16,202,regression,53,11,11
NN-Patching [ungated],lisa_signs/vgg16,202,regression,54,4,4
NN-Patching [ungated],lisa_signs/vgg16,202,regression,55,0,3
NN-Patching [ungated],lisa_signs/vgg16,303,repair,1,0,3
NN-Patching [ungated],lisa_signs/vgg16,303,repair,12,1,6
NN-Patching [ungated],lisa_signs/vgg16,303,repair,15,0,2
NN-Patching [ungated],lisa_signs/vgg16,303,repair,17,0,1
NN-Patching [ungated],lisa_signs/vgg16,303,repair,19,0,3
NN-Patching [ungated],lisa_signs/vgg16,303,repair,20,0,1
NN-Patching [ungated],lisa_signs/vgg16,303,repair,23,0,1
NN-Patching [ungated],lisa_signs/vgg16,303,repair,30,0,4
NN-Patching [ungated],lisa_signs/vgg16,303,repair,32,0,2
NN-Patching [ungated],lisa_signs/vgg16,303,repair,34,1,3
NN-Patching [ungated],lisa_signs/vgg16,303,repair,36,0,2
NN-Patching [ungated],lisa_signs/vgg16,303,repair,38,0,2
NN-Patching [ungated],lisa_signs/vgg16,303,repair,41,0,1
NN-Patching [ungated],lisa_signs/vgg16,303,repair,43,0,1
NN-Patching [ungated],lisa_signs/vgg16,303,repair,44,0,1
NN-Patching [ungated],lisa_signs/vgg16,303,repair,48,0,2
NN-Patching [ungated],lisa_signs/vgg16,303,repair,52,0,1
NN-Patching [ungated],lisa_signs/vgg16,303,regression,0,49,49
NN-Patching [ungated],lisa_signs/vgg16,303,regression,1,23,23
NN-Patching [ungated],lisa_signs/vgg16,303,regression,2,122,122
NN-Patching [ungated],lisa_signs/vgg16,303,regression,3,14,14
NN-Patching [ungated],lisa_signs/vgg16,303,regression,4,32,33
NN-Patching [ungated],lisa_signs/vgg16,303,regression,5,17,17
NN-Patching [ungated],lisa_signs/vgg16,303,regression,6,9,9
NN-Patching [ungated],lisa_signs/vgg16,303,regression,7,4,4
NN-Patching [ungated],lisa_signs/vgg16,303,regression,8,2,2
NN-Patching [ungated],lisa_signs/vgg16,303,regression,9,5,5
NN-Patching [ungated],lisa_signs/vgg16,303,regression,10,29,29
NN-Patching [ungated],lisa_signs/vgg16,303,regression,11,26,26
NN-Patching [ungated],lisa_signs/vgg16,303,regression,12,4,6
NN-Patching [ungated],lisa_signs/vgg16,303,regression,13,72,72
NN-Patching [ungated],lisa_signs/vgg16,303,regression,14,28,28
NN-Patching [ungated],lisa_signs/vgg16,303,regression,15,53,53
NN-Patching [ungated],lisa_signs/vgg16,303,regression,16,9,9
NN-Patching [ungated],lisa_signs/vgg16,303,regression,17,36,36
NN-Patching [ungated],lisa_signs/vgg16,303,regression,18,2,2
NN-Patching [ungated],lisa_signs/vgg16,303,regression,19,234,234
NN-Patching [ungated],lisa_signs/vgg16,303,regression,20,3,3
NN-Patching [ungated],lisa_signs/vgg16,303,regression,21,1,1
NN-Patching [ungated],lisa_signs/vgg16,303,regression,23,3,3
NN-Patching [ungated],lisa_signs/vgg16,303,regression,24,2,2
NN-Patching [ungated],lisa_signs/vgg16,303,regression,26,1,14
NN-Patching [ungated],lisa_signs/vgg16,303,regression,27,15,15
NN-Patching [ungated],lisa_signs/vgg16,303,regression,28,19,19
NN-Patching [ungated],lisa_signs/vgg16,303,regression,29,21,21
NN-Patching [ungated],lisa_signs/vgg16,303,regression,30,181,181
NN-Patching [ungated],lisa_signs/vgg16,303,regression,31,6,6
NN-Patching [ungated],lisa_signs/vgg16,303,regression,32,1,1
NN-Patching [ungated],lisa_signs/vgg16,303,regression,33,3,3
NN-Patching [ungated],lisa_signs/vgg16,303,regression,34,70,70
NN-Patching [ungated],lisa_signs/vgg16,303,regression,35,22,22
NN-Patching [ungated],lisa_signs/vgg16,303,regression,36,112,112
NN-Patching [ungated],lisa_signs/vgg16,303,regression,37,16,16
NN-Patching [ungated],lisa_signs/vgg16,303,regression,38,30,30
NN-Patching [ungated],lisa_signs/vgg16,303,regression,39,8,8
NN-Patching [ungated],lisa_signs/vgg16,303,regression,41,18,18
NN-Patching [ungated],lisa_signs/vgg16,303,regression,42,24,24
NN-Patching [ungated],lisa_signs/vgg16,303,regression,43,338,338
NN-Patching [ungated],lisa_signs/vgg16,303,regression,44,21,21
NN-Patching [ungated],lisa_signs/vgg16,303,regression,45,1,1
NN-Patching [ungated],lisa_signs/vgg16,303,regression,46,2,2
NN-Patching [ungated],lisa_signs/vgg16,303,regression,47,2,6
NN-Patching [ungated],lisa_signs/vgg16,303,regression,48,10,10
NN-Patching [ungated],lisa_signs/vgg16,303,regression,49,8,8
NN-Patching [ungated],lisa_signs/vgg16,303,regression,50,21,21
NN-Patching [ungated],lisa_signs/vgg16,303,regression,51,51,51
NN-Patching [ungated],lisa_signs/vgg16,303,regression,52,50,51
NN-Patching [ungated],lisa_signs/vgg16,303,regression,53,7,7
NN-Patching [ungated],lisa_signs/vgg16,303,regression,54,4,4
NN-Patching [ungated],lisa_signs/vgg16,303,regression,55,2,2
PatchNAS [ungated],gtsrb/resnet50,101,repair,2,0,1
PatchNAS [ungated],gtsrb/resnet50,101,repair,3,2,3
PatchNAS [ungated],gtsrb/resnet50,101,repair,4,0,3
PatchNAS [ungated],gtsrb/resnet50,101,repair,6,1,1
PatchNAS [ungated],gtsrb/resnet50,101,repair,8,0,2
PatchNAS [ungated],gtsrb/resnet50,101,repair,9,0,2
PatchNAS [ungated],gtsrb/resnet50,101,repair,10,3,3
PatchNAS [ungated],gtsrb/resnet50,101,repair,11,5,6
PatchNAS [ungated],gtsrb/resnet50,101,repair,12,1,1
PatchNAS [ungated],gtsrb/resnet50,101,repair,13,1,2
PatchNAS [ungated],gtsrb/resnet50,101,repair,15,1,2
PatchNAS [ungated],gtsrb/resnet50,101,repair,18,3,3
PatchNAS [ungated],gtsrb/resnet50,101,repair,22,1,1
PatchNAS [ungated],gtsrb/resnet50,101,repair,24,4,4
PatchNAS [ungated],gtsrb/resnet50,101,repair,25,6,6
PatchNAS [ungated],gtsrb/resnet50,101,repair,26,1,1
PatchNAS [ungated],gtsrb/resnet50,101,repair,27,0,1
PatchNAS [ungated],gtsrb/resnet50,101,repair,33,0,1
PatchNAS [ungated],gtsrb/resnet50,101,repair,36,1,4
PatchNAS [ungated],gtsrb/resnet50,101,repair,40,0,1
PatchNAS [ungated],gtsrb/resnet50,101,regression,0,48,48
PatchNAS [ungated],gtsrb/resnet50,101,regression,1,571,571
PatchNAS [ungated],gtsrb/resnet50,101,regression,2,615,615
PatchNAS [ungated],gtsrb/resnet50,101,regression,3,314,358
PatchNAS [ungated],gtsrb/resnet50,101,regression,4,508,519
PatchNAS [ungated],gtsrb/resnet50,101,regression,5,507,507
PatchNAS [ungated],gtsrb/resnet50,101,regression,6,31,117
PatchNAS [ungated],gtsrb/resnet50,101,regression,7,256,348
PatchNAS [ungated],gtsrb/resnet50,101,regression,8,354,354
PatchNAS [ungated],gtsrb/resnet50,101,regression,9,365,365
PatchNAS [ungated],gtsrb/resnet50,101,regression,10,339,514
PatchNAS [ungated],gtsrb/resnet50,101,regression,11,225,309
PatchNAS [ungated],gtsrb/resnet50,101,regression,12,515,546
PatchNAS [ungated],gtsrb/resnet50,101,regression,13,587,588
PatchNAS [ungated],gtsrb/resnet50,101,regression,14,218,218
PatchNAS [ungated],gtsrb/resnet50,101,regression,15,31,161
PatchNAS [ungated],gtsrb/resnet50,101,regression,16,125,125
PatchNAS [ungated],gtsrb/resnet50,101,regression,17,306,306
PatchNAS [ungated],gtsrb/resnet50,101,regression,18,192,310
PatchNAS [ungated],gtsrb/resnet50,101,regression,19,46,46
PatchNAS [ungated],gtsrb/resnet50,101,regression,20,75,75
PatchNAS [ungated],gtsrb/resnet50,101,regression,21,72,72
PatchNAS [ungated],gtsrb/resnet50,101,regression,22,85,97
PatchNAS [ungated],gtsrb/resnet50,101,regression,23,95,124
PatchNAS [ungated],gtsrb/resnet50,101,regression,24,22,63
PatchNAS [ungated],gtsrb/resnet50,101,regression,25,321,362
PatchNAS [ungated],gtsrb/resnet50,101,regression,26,125,145
PatchNAS [ungated],gtsrb/resnet50,101,regression,27,44,44
PatchNAS [ungated],gtsrb/resnet50,101,regression,28,116,116
PatchNAS [ungated],gtsrb/resnet50,101,regression,29,73,73
PatchNAS [ungated],gtsrb/resnet50,101,regression,30,113,113
PatchNAS [ungated],gtsrb/resnet50,101,regression,31,218,218
PatchNAS [ungated],gtsrb/resnet50,101,regression,32,50,50
PatchNAS [ungated],gtsrb/resnet50,101,regression,33,163,163
PatchNAS [ungated],gtsrb/resnet50,101,regression,34,102,102
PatchNAS [ungated],gtsrb/resnet50,101,regression,35,323,323
PatchNAS [ungated],gtsrb/resnet50,101,regression,36,50,96
PatchNAS [ungated],gtsrb/resnet50,101,regression,37,33,49
PatchNAS [ungated],gtsrb/resnet50,101,regression,38,566,566
PatchNAS [ungated],gtsrb/resnet50,101,regression,39,65,65
PatchNAS [ungated],gtsrb/resnet50,101,regression,40,33,71
PatchNAS [ungated],gtsrb/resnet50,101,regression,41,12,46
PatchNAS [ungated],gtsrb/resnet50,101,regression,42,69,69
PatchNAS [ungated],gtsrb/resnet50,202,repair,3,1,2
PatchNAS [ungated],gtsrb/resnet50,202,repair,4,1,1
PatchNAS [ungated],gtsrb/resnet50,202,repair,6,0,2
PatchNAS [ungated],gtsrb/resnet50,202,repair,7,0,1
PatchNAS [ungated],gtsrb/resnet50,202,repair,8,0,3
PatchNAS [ungated],gtsrb/resnet50,202,repair,9,1,1
PatchNAS [ungated],gtsrb/resnet50,202,repair,10,3,3
PatchNAS [ungated],gtsrb/resnet50,202,repair,11,5,5
PatchNAS [ungated],gtsrb/resnet50,202,repair,12,1,1
PatchNAS [ungated],gtsrb/resnet50,202,repair,13,1,1
PatchNAS [ungated],gtsrb/resnet50,202,repair,15,2,3
PatchNAS [ungated],gtsrb/resnet50,202,repair,18,5,7
PatchNAS [ungated],gtsrb/resnet50,202,repair,22,1,1
PatchNAS [ungated],gtsrb/resnet50,202,repair,24,6,6
PatchNAS [ungated],gtsrb/resnet50,202,repair,25,4,5
PatchNAS [ungated],gtsrb/resnet50,202,repair,26,1,1
PatchNAS [ungated],gtsrb/resnet50,202,repair,33,1,1
PatchNAS [ungated],gtsrb/resnet50,202,repair,36,2,2
PatchNAS [ungated],gtsrb/resnet50,202,repair,40,0,1
PatchNAS [ungated],gtsrb/resnet50,202,repair,41,0,1
PatchNAS [ungated],gtsrb/resnet50,202,regression,0,47,47
PatchNAS [ungated],gtsrb/resnet50,202,regression,1,597,597
PatchNAS [ungated],gtsrb/resnet50,202,regression,2,599,599
PatchNAS [ungated],gtsrb/resnet50,202,regression,3,263,371
PatchNAS [ungated],gtsrb/resnet50,202,regression,4,467,528
PatchNAS [ungated],gtsrb/resnet50,202,regression,5,269,507
PatchNAS [ungated],gtsrb/resnet50,202,regression,6,121,121
PatchNAS [ungated],gtsrb/resnet50,202,regression,7,347,347
PatchNAS [ungated],gtsrb/resnet50,202,regression,8,347,347
PatchNAS [ungated],gtsrb/resnet50,202,regression,9,280,386
PatchNAS [ungated],gtsrb/resnet50,202,regression,10,378,514
PatchNAS [ungated],gtsrb/resnet50,202,regression,11,238,322
PatchNAS [ungated],gtsrb/resnet50,202,regression,12,530,557
PatchNAS [ungated],gtsrb/resnet50,202,regression,13,582,591
PatchNAS [ungated],gtsrb/resnet50,202,regression,14,214,214
PatchNAS [ungated],gtsrb/resnet50,202,regression,15,44,161
PatchNAS [ungated],gtsrb/resnet50,202,regression,16,121,121
PatchNAS [ungated],gtsrb/resnet50,202,regression,17,292,292
PatchNAS [ungated],gtsrb/resnet50,202,regression,18,278,296
PatchNAS [ungated],gtsrb/resnet50,202,regression,19,45,45
PatchNAS [ungated],gtsrb/resnet50,202,regression,20,69,69
PatchNAS [ungated],gtsrb/resnet50,202,regression,21,76,76
PatchNAS [ungated],gtsrb/resnet50,202,regression,22,79,99
PatchNAS [ungated],gtsrb/resnet50,202,regression,23,98,125
PatchNAS [ungated],gtsrb/resnet50,202,regression,24,35,67
PatchNAS [ungated],gtsrb/resnet50,202,regression,25,352,362
PatchNAS [ungated],gtsrb/resnet50,202,regression,26,128,141
PatchNAS [ungated],gtsrb/resnet50,202,regression,27,22,46
PatchNAS [ungated],gtsrb/resnet50,202,regression,28,118,118
PatchNAS [ungated],gtsrb/resnet50,202,regression,29,71,71
PatchNAS [ungated],gtsrb/resnet50,202,regression,30,116,116
PatchNAS [ungated],gtsrb/resnet50,202,regression,31,216,216
PatchNAS [ungated],gtsrb/resnet50,202,regression,32,45,45
PatchNAS [ungated],gtsrb/resnet50,202,regression,33,128,166
PatchNAS [ungated],gtsrb/resnet50,202,regression,34,97,97
PatchNAS [ungated],gtsrb/resnet50,202,regression,35,308,308
PatchNAS [ungated],gtsrb/resnet50,202,regression,36,25,89
PatchNAS [ungated],gtsrb/resnet50,202,regression,37,30,48
PatchNAS [ungated],gtsrb/resnet50,202,regression,38,540,540
PatchNAS [ungated],gtsrb/resnet50,202,regression,39,77,77
PatchNAS [ungated],gtsrb/resnet50,202,regression,40,47,71
PatchNAS [ungated],gtsrb/resnet50,202,regression,41,42,42
PatchNAS [ungated],gtsrb/resnet50,202,regression,42,75,75
PatchNAS [ungated],gtsrb/resnet50,303,repair,3,0,3
PatchNAS [ungated],gtsrb/resnet50,303,repair,4,2,2
PatchNAS [ungated],gtsrb/resnet50,303,repair,6,0,1
PatchNAS [ungated],gtsrb/resnet50,303,repair,8,0,3
PatchNAS [ungated],gtsrb/resnet50,303,repair,9,1,1
PatchNAS [ungated],gtsrb/resnet50,303,repair,10,3,3
PatchNAS [ungated],gtsrb/resnet50,303,repair,11,6,7
PatchNAS [ungated],gtsrb/resnet50,303,repair,12,1,1
PatchNAS [ungated],gtsrb/resnet50,303,repair,13,1,1
PatchNAS [ungated],gtsrb/resnet50,303,repair,15,0,5
PatchNAS [ungated],gtsrb/resnet50,303,repair,18,3,5
PatchNAS [ungated],gtsrb/resnet50,303,repair,22,0,1
PatchNAS [ungated],gtsrb/resnet50,303,repair,23,0,1
PatchNAS [ungated],gtsrb/resnet50,303,repair,24,2,2
PatchNAS [ungated],gtsrb/resnet50,303,repair,25,4,4
PatchNAS [ungated],gtsrb/resnet50,303,repair,26,1,1
PatchNAS [ungated],gtsrb/resnet50,303,repair,36,3,3
PatchNAS [ungated],gtsrb/resnet50,303,repair,37,0,1
PatchNAS [ungated],gtsrb/resnet50,303,repair,40,0,2
PatchNAS [ungated],gtsrb/resnet50,303,repair,41,0,1
PatchNAS [ungated],gtsrb/resnet50,303,regression,0,50,50
PatchNAS [ungated],gtsrb/resnet50,303,regression,1,583,583
PatchNAS [ungated],gtsrb/resnet50,303,regression,2,574,601
PatchNAS [ungated],gtsrb/resnet50,303,regression,3,321,342
PatchNAS [ungated],gtsrb/resnet50,303,regression,4,447,530
PatchNAS [ungated],gtsrb/resnet50,303,regression,5,235,507
PatchNAS [ungated],gtsrb/resnet50,303,regression,6,111,111
PatchNAS [ungated],gtsrb/resnet50,303,regression,7,255,351
PatchNAS [ungated],gtsrb/resnet50,303,regression,8,352,352
PatchNAS [ungated],gtsrb/resnet50,303,regression,9,302,384
PatchNAS [ungated],gtsrb/resnet50,303,regression,10,365,536
PatchNAS [ungated],gtsrb/resnet50,303,regression,11,218,307
PatchNAS [ungated],gtsrb/resnet50,303,regression,12,521,544
PatchNAS [ungated],gtsrb/resnet50,303,regression,13,555,564
PatchNAS [ungated],gtsrb/resnet50,303,regression,14,224,224
PatchNAS [ungated],gtsrb/resnet50,303,regression,15,164,164
PatchNAS [ungated],gtsrb/resnet50,303,regression,16,124,124
PatchNAS [ungated],gtsrb/resnet50,303,regression,17,289,289
PatchNAS [ungated],gtsrb/resnet50,303,regression,18,240,287
PatchNAS [ungated],gtsrb/resnet50,303,regression,19,45,45
PatchNAS [ungated],gtsrb/resnet50,303,regression,20,65,65
PatchNAS [ungated],gtsrb/resnet50,303,regression,21,76,76
PatchNAS [ungated],gtsrb/resnet50,303,regression,22,99,99
PatchNAS [ungated],gtsrb/resnet50,303,regression,23,118,118
PatchNAS [ungated],gtsrb/resnet50,303,regression,24,23,61
PatchNAS [ungated],gtsrb/resnet50,303,regression,25,335,382
PatchNAS [ungated],gtsrb/resnet50,303,regression,26,119,133
PatchNAS [ungated],gtsrb/resnet50,303,regression,27,22,48
PatchNAS [ungated],gtsrb/resnet50,303,regression,28,118,118
PatchNAS [ungated],gtsrb/resnet50,303,regression,29,71,71
PatchNAS [ungated],gtsrb/resnet50,303,regression,30,122,122
PatchNAS [ungated],gtsrb/resnet50,303,regression,31,226,226
PatchNAS [ungated],gtsrb/resnet50,303,regression,32,52,52
PatchNAS [ungated],gtsrb/resnet50,303,regression,33,93,177
PatchNAS [ungated],gtsrb/resnet50,303,regression,34,97,97
PatchNAS [ungated],gtsrb/resnet50,303,regression,35,317,317
PatchNAS [ungated],gtsrb/resnet50,303,regression,36,31,90
PatchNAS [ungated],gtsrb/resnet50,303,regression,37,45,45
PatchNAS [ungated],gtsrb/resnet50,303,regression,38,569,569
PatchNAS [ungated],gtsrb/resnet50,303,regression,39,69,69
PatchNAS [ungated],gtsrb/resnet50,303,regression,40,72,73
PatchNAS [ungated],gtsrb/resnet50,303,regression,41,47,47
PatchNAS [ungated],gtsrb/resnet50,303,regression,42,77,77
PatchNAS [ungated],gtsrb/convnext_tiny,101,repair,0,0,1
PatchNAS [ungated],gtsrb/convnext_tiny,101,repair,1,0,1
PatchNAS [ungated],gtsrb/convnext_tiny,101,repair,3,3,4
PatchNAS [ungated],gtsrb/convnext_tiny,101,repair,4,1,1
PatchNAS [ungated],gtsrb/convnext_tiny,101,repair,5,9,10
PatchNAS [ungated],gtsrb/convnext_tiny,101,repair,6,8,8
PatchNAS [ungated],gtsrb/convnext_tiny,101,repair,7,2,4
PatchNAS [ungated],gtsrb/convnext_tiny,101,repair,10,12,12
PatchNAS [ungated],gtsrb/convnext_tiny,101,repair,11,23,23
PatchNAS [ungated],gtsrb/convnext_tiny,101,repair,13,2,2
PatchNAS [ungated],gtsrb/convnext_tiny,101,repair,14,0,1
PatchNAS [ungated],gtsrb/convnext_tiny,101,repair,18,15,16
PatchNAS [ungated],gtsrb/convnext_tiny,101,repair,21,3,3
PatchNAS [ungated],gtsrb/convnext_tiny,101,repair,22,7,10
PatchNAS [ungated],gtsrb/convnext_tiny,101,repair,24,2,2
PatchNAS [ungated],gtsrb/convnext_tiny,101,repair,25,33,33
PatchNAS [ungated],gtsrb/convnext_tiny,101,repair,28,4,9
PatchNAS [ungated],gtsrb/convnext_tiny,101,repair,30,17,17
PatchNAS [ungated],gtsrb/convnext_tiny,101,repair,31,1,1
PatchNAS [ungated],gtsrb/convnext_tiny,101,repair,35,6,6
PatchNAS [ungated],gtsrb/convnext_tiny,101,repair,36,0,1
PatchNAS [ungated],gtsrb/convnext_tiny,101,repair,38,0,4
PatchNAS [ungated],gtsrb/convnext_tiny,101,repair,40,0,2
PatchNAS [ungated],gtsrb/convnext_tiny,101,repair,41,5,5
PatchNAS [ungated],gtsrb/convnext_tiny,101,repair,42,41,41
PatchNAS [ungated],gtsrb/convnext_tiny,101,regression,0,45,45
PatchNAS [ungated],gtsrb/convnext_tiny,101,regression,1,572,572
PatchNAS [ungated],gtsrb/convnext_tiny,101,regression,2,562,585
PatchNAS [ungated],gtsrb/convnext_tiny,101,regression,3,240,355
PatchNAS [ungated],gtsrb/convnext_tiny,101,regression,4,442,542
PatchNAS [ungated],gtsrb/convnext_tiny,101,regression,5,91,485
PatchNAS [ungated],gtsrb/convnext_tiny,101,regression,6,59,95
PatchNAS [ungated],gtsrb/convnext_tiny,101,regression,7,110,356
PatchNAS [ungated],gtsrb/convnext_tiny,101,regression,8,348,348
PatchNAS [ungated],gtsrb/convnext_tiny,101,regression,9,381,381
PatchNAS [ungated],gtsrb/convnext_tiny,101,regression,10,197,507
PatchNAS [ungated],gtsrb/convnext_tiny,101,regression,11,108,303
PatchNAS [ungated],gtsrb/convnext_tiny,101,regression,12,573,573
PatchNAS [ungated],gtsrb/convnext_tiny,101,regression,13,545,578
PatchNAS [ungated],gtsrb/convnext_tiny,101,regression,14,211,211
PatchNAS [ungated],gtsrb/convnext_tiny,101,regression,15,169,170
PatchNAS [ungated],gtsrb/convnext_tiny,101,regression,16,117,117
PatchNAS [ungated],gtsrb/convnext_tiny,101,regression,17,296,296
PatchNAS [ungated],gtsrb/convnext_tiny,101,regression,18,65,273
PatchNAS [ungated],gtsrb/convnext_tiny,101,regression,19,44,44
PatchNAS [ungated],gtsrb/convnext_tiny,101,regression,20,72,72
PatchNAS [ungated],gtsrb/convnext_tiny,101,regression,21,48,67
PatchNAS [ungated],gtsrb/convnext_tiny,101,regression,22,51,87
PatchNAS [ungated],gtsrb/convnext_tiny,101,regression,23,127,127
PatchNAS [ungated],gtsrb/convnext_tiny,101,regression,24,54,67
PatchNAS [ungated],gtsrb/convnext_tiny,101,regression,25,0,337
PatchNAS [ungated],gtsrb/convnext_tiny,101,regression,26,143,143
PatchNAS [ungated],gtsrb/convnext_tiny,101,regression,27,46,46
PatchNAS [ungated],gtsrb/convnext_tiny,101,regression,28,80,107
PatchNAS [ungated],gtsrb/convnext_tiny,101,regression,29,60,73
PatchNAS [ungated],gtsrb/convnext_tiny,101,regression,30,21,84
PatchNAS [ungated],gtsrb/convnext_tiny,101,regression,31,69,216
PatchNAS [ungated],gtsrb/convnext_tiny,101,regression,32,52,52
PatchNAS [ungated],gtsrb/convnext_tiny,101,regression,33,162,162
PatchNAS [ungated],gtsrb/convnext_tiny,101,regression,34,93,93
PatchNAS [ungated],gtsrb/convnext_tiny,101,regression,35,89,297
PatchNAS [ungated],gtsrb/convnext_tiny,101,regression,36,97,97
PatchNAS [ungated],gtsrb/convnext_tiny,101,regression,37,46,46
PatchNAS [ungated],gtsrb/convnext_tiny,101,regression,38,402,566
PatchNAS [ungated],gtsrb/convnext_tiny,101,regression,39,37,71
PatchNAS [ungated],gtsrb/convnext_tiny,101,regression,40,67,67
PatchNAS [ungated],gtsrb/convnext_tiny,101,regression,41,24,38
PatchNAS [ungated],gtsrb/convnext_tiny,101,regression,42,0,6
PatchNAS [ungated],gtsrb/convnext_tiny,202,repair,3,3,4
PatchNAS [ungated],gtsrb/convnext_tiny,202,repair,4,1,1
PatchNAS [ungated],gtsrb/convnext_tiny,202,repair,5,8,11
PatchNAS [ungated],gtsrb/convnext_tiny,202,repair,6,6,6
PatchNAS [ungated],gtsrb/convnext_tiny,202,repair,7,3,5
PatchNAS [ungated],gtsrb/convnext_tiny,202,repair,10,18,18
PatchNAS [ungated],gtsrb/convnext_tiny,202,repair,11,21,21
PatchNAS [ungated],gtsrb/convnext_tiny,202,repair,13,2,2
PatchNAS [ungated],gtsrb/convnext_tiny,202,repair,14,0,1
PatchNAS [ungated],gtsrb/convnext_tiny,202,repair,18,20,21
PatchNAS [ungated],gtsrb/convnext_tiny,202,repair,21,5,5
PatchNAS [ungated],gtsrb/convnext_tiny,202,repair,22,6,6
PatchNAS [ungated],gtsrb/convnext_tiny,202,repair,24,2,2
PatchNAS [ungated],gtsrb/convnext_tiny,202,repair,25,28,29
PatchNAS [ungated],gtsrb/convnext_tiny,202,repair,28,4,5
PatchNAS [ungated],gtsrb/convnext_tiny,202,repair,30,20,20
PatchNAS [ungated],gtsrb/convnext_tiny,202,repair,31,3,3
PatchNAS [ungated],gtsrb/convnext_tiny,202,repair,35,4,4
PatchNAS [ungated],gtsrb/convnext_tiny,202,repair,36,0,1
PatchNAS [ungated],gtsrb/convnext_tiny,202,repair,38,2,2
PatchNAS [ungated],gtsrb/convnext_tiny,202,repair,40,1,1
PatchNAS [ungated],gtsrb/convnext_tiny,202,repair,41,6,6
PatchNAS [ungated],gtsrb/convnext_tiny,202,repair,42,43,43
PatchNAS [ungated],gtsrb/convnext_tiny,202,regression,0,28,45
PatchNAS [ungated],gtsrb/convnext_tiny,202,regression,1,517,569
PatchNAS [ungated],gtsrb/convnext_tiny,202,regression,2,596,606
PatchNAS [ungated],gtsrb/convnext_tiny,202,regression,3,178,341
PatchNAS [ungated],gtsrb/convnext_tiny,202,regression,4,485,526
PatchNAS [ungated],gtsrb/convnext_tiny,202,regression,5,109,484
PatchNAS [ungated],gtsrb/convnext_tiny,202,regression,6,50,108
PatchNAS [ungated],gtsrb/convnext_tiny,202,regression,7,78,349
PatchNAS [ungated],gtsrb/convnext_tiny,202,regression,8,362,362
PatchNAS [ungated],gtsrb/convnext_tiny,202,regression,9,380,380
PatchNAS [ungated],gtsrb/convnext_tiny,202,regression,10,40,498
PatchNAS [ungated],gtsrb/convnext_tiny,202,regression,11,173,306
PatchNAS [ungated],gtsrb/convnext_tiny,202,regression,12,553,553
PatchNAS [ungated],gtsrb/convnext_tiny,202,regression,13,563,571
PatchNAS [ungated],gtsrb/convnext_tiny,202,regression,14,217,217
PatchNAS [ungated],gtsrb/convnext_tiny,202,regression,15,152,170
PatchNAS [ungated],gtsrb/convnext_tiny,202,regression,16,120,120
PatchNAS [ungated],gtsrb/convnext_tiny,202,regression,17,291,291
PatchNAS [ungated],gtsrb/convnext_tiny,202,regression,18,102,281
PatchNAS [ungated],gtsrb/convnext_tiny,202,regression,19,53,53
PatchNAS [ungated],gtsrb/convnext_tiny,202,regression,20,68,68
PatchNAS [ungated],gtsrb/convnext_tiny,202,regression,21,51,64
PatchNAS [ungated],gtsrb/convnext_tiny,202,regression,22,73,89
PatchNAS [ungated],gtsrb/convnext_tiny,202,regression,23,126,126
PatchNAS [ungated],gtsrb/convnext_tiny,202,regression,24,64,68
PatchNAS [ungated],gtsrb/convnext_tiny,202,regression,25,6,339
PatchNAS [ungated],gtsrb/convnext_tiny,202,regression,26,142,142
PatchNAS [ungated],gtsrb/convnext_tiny,202,regression,27,42,42
PatchNAS [ungated],gtsrb/convnext_tiny,202,regression,28,52,111
PatchNAS [ungated],gtsrb/convnext_tiny,202,regression,29,62,72
PatchNAS [ungated],gtsrb/convnext_tiny,202,regression,30,38,87
PatchNAS [ungated],gtsrb/convnext_tiny,202,regression,31,150,212
PatchNAS [ungated],gtsrb/convnext_tiny,202,regression,32,49,49
PatchNAS [ungated],gtsrb/convnext_tiny,202,regression,33,169,169
PatchNAS [ungated],gtsrb/convnext_tiny,202,regression,34,101,101
PatchNAS [ungated],gtsrb/convnext_tiny,202,regression,35,186,299
PatchNAS [ungated],gtsrb/convnext_tiny,202,regression,36,98,98
PatchNAS [ungated],gtsrb/convnext_tiny,202,regression,37,52,52
PatchNAS [ungated],gtsrb/convnext_tiny,202,regression,38,164,546
PatchNAS [ungated],gtsrb/convnext_tiny,202,regression,39,54,78
PatchNAS [ungated],gtsrb/convnext_tiny,202,regression,40,68,69
PatchNAS [ungated],gtsrb/convnext_tiny,202,regression,41,21,36
PatchNAS [ungated],gtsrb/convnext_tiny,202,regression,42,0,10
PatchNAS [ungated],gtsrb/convnext_tiny,303,repair,0,0,1
PatchNAS [ungated],gtsrb/convnext_tiny,303,repair,1,0,1
PatchNAS [ungated],gtsrb/convnext_tiny,303,repair,3,2,3
PatchNAS [ungated],gtsrb/convnext_tiny,303,repair,4,0,1
PatchNAS [ungated],gtsrb/convnext_tiny,303,repair,5,13,14
PatchNAS [ungated],gtsrb/convnext_tiny,303,repair,6,8,8
PatchNAS [ungated],gtsrb/convnext_tiny,303,repair,7,1,7
PatchNAS [ungated],gtsrb/convnext_tiny,303,repair,10,12,12
PatchNAS [ungated],gtsrb/convnext_tiny,303,repair,11,14,14
PatchNAS [ungated],gtsrb/convnext_tiny,303,repair,13,1,1
PatchNAS [ungated],gtsrb/convnext_tiny,303,repair,14,0,1
PatchNAS [ungated],gtsrb/convnext_tiny,303,repair,18,22,22
PatchNAS [ungated],gtsrb/convnext_tiny,303,repair,21,2,2
PatchNAS [ungated],gtsrb/convnext_tiny,303,repair,22,8,8
PatchNAS [ungated],gtsrb/convnext_tiny,303,repair,25,28,33
PatchNAS [ungated],gtsrb/convnext_tiny,303,repair,28,4,4
PatchNAS [ungated],gtsrb/convnext_tiny,303,repair,30,23,23
PatchNAS [ungated],gtsrb/convnext_tiny,303,repair,31,4,4
PatchNAS [ungated],gtsrb/convnext_tiny,303,repair,35,4,4
PatchNAS [ungated],gtsrb/convnext_tiny,303,repair,36,0,1
PatchNAS [ungated],gtsrb/convnext_tiny,303,repair,38,1,1
PatchNAS [ungated],gtsrb/convnext_tiny,303,repair,39,0,1
PatchNAS [ungated],gtsrb/convnext_tiny,303,repair,40,0,2
PatchNAS [ungated],gtsrb/convnext_tiny,303,repair,41,5,5
PatchNAS [ungated],gtsrb/convnext_tiny,303,repair,42,44,44
PatchNAS [ungated],gtsrb/convnext_tiny,303,regression,0,45,45
PatchNAS [ungated],gtsrb/convnext_tiny,303,regression,1,562,562
PatchNAS [ungated],gtsrb/convnext_tiny,303,regression,2,594,608
PatchNAS [ungated],gtsrb/convnext_tiny,303,regression,3,197,338
PatchNAS [ungated],gtsrb/convnext_tiny,303,regression,4,515,524
PatchNAS [ungated],gtsrb/convnext_tiny,303,regression,5,73,482
PatchNAS [ungated],gtsrb/convnext_tiny,303,regression,6,45,94
PatchNAS [ungated],gtsrb/convnext_tiny,303,regression,7,287,340
PatchNAS [ungated],gtsrb/convnext_tiny,303,regression,8,364,364
PatchNAS [ungated],gtsrb/convnext_tiny,303,regression,9,392,392
PatchNAS [ungated],gtsrb/convnext_tiny,303,regression,10,96,520
PatchNAS [ungated],gtsrb/convnext_tiny,303,regression,11,107,301
PatchNAS [ungated],gtsrb/convnext_tiny,303,regression,12,557,557
PatchNAS [ungated],gtsrb/convnext_tiny,303,regression,13,546,587
PatchNAS [ungated],gtsrb/convnext_tiny,303,regression,14,215,215
PatchNAS [ungated],gtsrb/convnext_tiny,303,regression,15,161,166
PatchNAS [ungated],gtsrb/convnext_tiny,303,regression,16,123,123
PatchNAS [ungated],gtsrb/convnext_tiny,303,regression,17,285,285
PatchNAS [ungated],gtsrb/convnext_tiny,303,regression,18,105,275
PatchNAS [ungated],gtsrb/convnext_tiny,303,regression,19,53,53
PatchNAS [ungated],gtsrb/convnext_tiny,303,regression,20,71,71
PatchNAS [ungated],gtsrb/convnext_tiny,303,regression,21,38,63
PatchNAS [ungated],gtsrb/convnext_tiny,303,regression,22,63,78
PatchNAS [ungated],gtsrb/convnext_tiny,303,regression,23,127,127
PatchNAS [ungated],gtsrb/convnext_tiny,303,regression,24,69,72
PatchNAS [ungated],gtsrb/convnext_tiny,303,regression,25,45,336
PatchNAS [ungated],gtsrb/convnext_tiny,303,regression,26,142,142
PatchNAS [ungated],gtsrb/convnext_tiny,303,regression,27,48,48
PatchNAS [ungated],gtsrb/convnext_tiny,303,regression,28,39,116
PatchNAS [ungated],gtsrb/convnext_tiny,303,regression,29,61,77
PatchNAS [ungated],gtsrb/convnext_tiny,303,regression,30,9,87
PatchNAS [ungated],gtsrb/convnext_tiny,303,regression,31,167,225
PatchNAS [ungated],gtsrb/convnext_tiny,303,regression,32,45,45
PatchNAS [ungated],gtsrb/convnext_tiny,303,regression,33,161,161
PatchNAS [ungated],gtsrb/convnext_tiny,303,regression,34,101,101
PatchNAS [ungated],gtsrb/convnext_tiny,303,regression,35,72,304
PatchNAS [ungated],gtsrb/convnext_tiny,303,regression,36,90,90
PatchNAS [ungated],gtsrb/convnext_tiny,303,regression,37,53,53
PatchNAS [ungated],gtsrb/convnext_tiny,303,regression,38,101,546
PatchNAS [ungated],gtsrb/convnext_tiny,303,regression,39,72,72
PatchNAS [ungated],gtsrb/convnext_tiny,303,regression,40,68,68
PatchNAS [ungated],gtsrb/convnext_tiny,303,regression,41,21,39
PatchNAS [ungated],gtsrb/convnext_tiny,303,regression,42,0,5
PatchNAS [ungated],gtsrb/densenet121,101,repair,1,2,2
PatchNAS [ungated],gtsrb/densenet121,101,repair,2,1,1
PatchNAS [ungated],gtsrb/densenet121,101,repair,3,2,7
PatchNAS [ungated],gtsrb/densenet121,101,repair,4,1,1
PatchNAS [ungated],gtsrb/densenet121,101,repair,6,1,2
PatchNAS [ungated],gtsrb/densenet121,101,repair,8,8,9
PatchNAS [ungated],gtsrb/densenet121,101,repair,11,2,3
PatchNAS [ungated],gtsrb/densenet121,101,repair,12,1,1
PatchNAS [ungated],gtsrb/densenet121,101,repair,18,1,4
PatchNAS [ungated],gtsrb/densenet121,101,repair,21,1,2
PatchNAS [ungated],gtsrb/densenet121,101,repair,22,0,1
PatchNAS [ungated],gtsrb/densenet121,101,repair,24,0,1
PatchNAS [ungated],gtsrb/densenet121,101,repair,25,5,7
PatchNAS [ungated],gtsrb/densenet121,101,repair,26,0,1
PatchNAS [ungated],gtsrb/densenet121,101,repair,27,9,9
PatchNAS [ungated],gtsrb/densenet121,101,repair,30,0,2
PatchNAS [ungated],gtsrb/densenet121,101,repair,31,10,10
PatchNAS [ungated],gtsrb/densenet121,101,repair,35,5,6
PatchNAS [ungated],gtsrb/densenet121,101,repair,38,0,1
PatchNAS [ungated],gtsrb/densenet121,101,repair,39,3,3
PatchNAS [ungated],gtsrb/densenet121,101,repair,40,0,1
PatchNAS [ungated],gtsrb/densenet121,101,repair,41,9,9
PatchNAS [ungated],gtsrb/densenet121,101,regression,0,46,46
PatchNAS [ungated],gtsrb/densenet121,101,regression,1,579,582
PatchNAS [ungated],gtsrb/densenet121,101,regression,2,587,605
PatchNAS [ungated],gtsrb/densenet121,101,regression,3,152,356
PatchNAS [ungated],gtsrb/densenet121,101,regression,4,422,522
PatchNAS [ungated],gtsrb/densenet121,101,regression,5,195,499
PatchNAS [ungated],gtsrb/densenet121,101,regression,6,42,127
PatchNAS [ungated],gtsrb/densenet121,101,regression,7,276,353
PatchNAS [ungated],gtsrb/densenet121,101,regression,8,292,338
PatchNAS [ungated],gtsrb/densenet121,101,regression,9,392,392
PatchNAS [ungated],gtsrb/densenet121,101,regression,10,524,524
PatchNAS [ungated],gtsrb/densenet121,101,regression,11,292,329
PatchNAS [ungated],gtsrb/densenet121,101,regression,12,545,552
PatchNAS [ungated],gtsrb/densenet121,101,regression,13,582,589
PatchNAS [ungated],gtsrb/densenet121,101,regression,14,213,213
PatchNAS [ungated],gtsrb/densenet121,101,regression,15,160,160
PatchNAS [ungated],gtsrb/densenet121,101,regression,16,67,113
PatchNAS [ungated],gtsrb/densenet121,101,regression,17,289,289
PatchNAS [ungated],gtsrb/densenet121,101,regression,18,269,305
PatchNAS [ungated],gtsrb/densenet121,101,regression,19,48,48
PatchNAS [ungated],gtsrb/densenet121,101,regression,20,73,73
PatchNAS [ungated],gtsrb/densenet121,101,regression,21,49,68
PatchNAS [ungated],gtsrb/densenet121,101,regression,22,91,91
PatchNAS [ungated],gtsrb/densenet121,101,regression,23,114,114
PatchNAS [ungated],gtsrb/densenet121,101,regression,24,77,77
PatchNAS [ungated],gtsrb/densenet121,101,regression,25,371,374
PatchNAS [ungated],gtsrb/densenet121,101,regression,26,145,145
PatchNAS [ungated],gtsrb/densenet121,101,regression,27,11,34
PatchNAS [ungated],gtsrb/densenet121,101,regression,28,113,113
PatchNAS [ungated],gtsrb/densenet121,101,regression,29,73,73
PatchNAS [ungated],gtsrb/densenet121,101,regression,30,110,115
PatchNAS [ungated],gtsrb/densenet121,101,regression,31,157,204
PatchNAS [ungated],gtsrb/densenet121,101,regression,32,47,47
PatchNAS [ungated],gtsrb/densenet121,101,regression,33,158,169
PatchNAS [ungated],gtsrb/densenet121,101,regression,34,90,90
PatchNAS [ungated],gtsrb/densenet121,101,regression,35,91,296
PatchNAS [ungated],gtsrb/densenet121,101,regression,36,106,106
PatchNAS [ungated],gtsrb/densenet121,101,regression,37,48,48
PatchNAS [ungated],gtsrb/densenet121,101,regression,38,559,559
PatchNAS [ungated],gtsrb/densenet121,101,regression,39,57,66
PatchNAS [ungated],gtsrb/densenet121,101,regression,40,66,67
PatchNAS [ungated],gtsrb/densenet121,101,regression,41,21,34
PatchNAS [ungated],gtsrb/densenet121,101,regression,42,67,67
PatchNAS [ungated],gtsrb/densenet121,202,repair,1,0,4
PatchNAS [ungated],gtsrb/densenet121,202,repair,2,1,2
PatchNAS [ungated],gtsrb/densenet121,202,repair,3,2,4
PatchNAS [ungated],gtsrb/densenet121,202,repair,4,1,1
PatchNAS [ungated],gtsrb/densenet121,202,repair,6,0,4
PatchNAS [ungated],gtsrb/densenet121,202,repair,7,0,1
PatchNAS [ungated],gtsrb/densenet121,202,repair,8,9,10
PatchNAS [ungated],gtsrb/densenet121,202,repair,11,0,3
PatchNAS [ungated],gtsrb/densenet121,202,repair,12,1,1
PatchNAS [ungated],gtsrb/densenet121,202,repair,13,0,1
PatchNAS [ungated],gtsrb/densenet121,202,repair,16,1,1
PatchNAS [ungated],gtsrb/densenet121,202,repair,18,1,5
PatchNAS [ungated],gtsrb/densenet121,202,repair,21,1,1
PatchNAS [ungated],gtsrb/densenet121,202,repair,25,8,8
PatchNAS [ungated],gtsrb/densenet121,202,repair,26,2,2
PatchNAS [ungated],gtsrb/densenet121,202,repair,27,3,3
PatchNAS [ungated],gtsrb/densenet121,202,repair,30,0,2
PatchNAS [ungated],gtsrb/densenet121,202,repair,31,9,10
PatchNAS [ungated],gtsrb/densenet121,202,repair,33,0,1
PatchNAS [ungated],gtsrb/densenet121,202,repair,35,3,3
PatchNAS [ungated],gtsrb/densenet121,202,repair,39,2,2
PatchNAS [ungated],gtsrb/densenet121,202,repair,40,1,1
PatchNAS [ungated],gtsrb/densenet121,202,repair,41,12,12
PatchNAS [ungated],gtsrb/densenet121,202,regression,0,51,51
PatchNAS [ungated],gtsrb/densenet121,202,regression,1,578,578
PatchNAS [ungated],gtsrb/densenet121,202,regression,2,613,622
PatchNAS [ungated],gtsrb/densenet121,202,regression,3,147,366
PatchNAS [ungated],gtsrb/densenet121,202,regression,4,450,530
PatchNAS [ungated],gtsrb/densenet121,202,regression,5,282,491
PatchNAS [ungated],gtsrb/densenet121,202,regression,6,113,113
PatchNAS [ungated],gtsrb/densenet121,202,regression,7,358,358
PatchNAS [ungated],gtsrb/densenet121,202,regression,8,328,343
PatchNAS [ungated],gtsrb/densenet121,202,regression,9,365,365
PatchNAS [ungated],gtsrb/densenet121,202,regression,10,523,523
PatchNAS [ungated],gtsrb/densenet121,202,regression,11,323,323
PatchNAS [ungated],gtsrb/densenet121,202,regression,12,547,553
PatchNAS [ungated],gtsrb/densenet121,202,regression,13,586,586
PatchNAS [ungated],gtsrb/densenet121,202,regression,14,220,220
PatchNAS [ungated],gtsrb/densenet121,202,regression,15,164,172
PatchNAS [ungated],gtsrb/densenet121,202,regression,16,64,113
PatchNAS [ungated],gtsrb/densenet121,202,regression,17,285,285
PatchNAS [ungated],gtsrb/densenet121,202,regression,18,263,308
PatchNAS [ungated],gtsrb/densenet121,202,regression,19,48,48
PatchNAS [ungated],gtsrb/densenet121,202,regression,20,68,68
PatchNAS [ungated],gtsrb/densenet121,202,regression,21,37,71
PatchNAS [ungated],gtsrb/densenet121,202,regression,22,70,96
PatchNAS [ungated],gtsrb/densenet121,202,regression,23,117,117
PatchNAS [ungated],gtsrb/densenet121,202,regression,24,55,59
PatchNAS [ungated],gtsrb/densenet121,202,regression,25,302,366
PatchNAS [ungated],gtsrb/densenet121,202,regression,26,136,143
PatchNAS [ungated],gtsrb/densenet121,202,regression,27,18,40
PatchNAS [ungated],gtsrb/densenet121,202,regression,28,115,115
PatchNAS [ungated],gtsrb/densenet121,202,regression,29,75,75
PatchNAS [ungated],gtsrb/densenet121,202,regression,30,112,123
PatchNAS [ungated],gtsrb/densenet121,202,regression,31,135,192
PatchNAS [ungated],gtsrb/densenet121,202,regression,32,48,48
PatchNAS [ungated],gtsrb/densenet121,202,regression,33,173,173
PatchNAS [ungated],gtsrb/densenet121,202,regression,34,94,94
PatchNAS [ungated],gtsrb/densenet121,202,regression,35,72,309
PatchNAS [ungated],gtsrb/densenet121,202,regression,36,91,91
PatchNAS [ungated],gtsrb/densenet121,202,regression,37,48,48
PatchNAS [ungated],gtsrb/densenet121,202,regression,38,545,557
PatchNAS [ungated],gtsrb/densenet121,202,regression,39,43,65
PatchNAS [ungated],gtsrb/densenet121,202,regression,40,69,72
PatchNAS [ungated],gtsrb/densenet121,202,regression,41,16,32
PatchNAS [ungated],gtsrb/densenet121,202,regression,42,70,70
PatchNAS [ungated],gtsrb/densenet121,303,repair,1,1,1
PatchNAS [ungated],gtsrb/densenet121,303,repair,2,2,2
PatchNAS [ungated],gtsrb/densenet121,303,repair,3,4,4
PatchNAS [ungated],gtsrb/densenet121,303,repair,4,1,1
PatchNAS [ungated],gtsrb/densenet121,303,repair,6,0,2
PatchNAS [ungated],gtsrb/densenet121,303,repair,7,0,1
PatchNAS [ungated],gtsrb/densenet121,303,repair,8,6,6
PatchNAS [ungated],gtsrb/densenet121,303,repair,11,0,3
PatchNAS [ungated],gtsrb/densenet121,303,repair,12,1,1
PatchNAS [ungated],gtsrb/densenet121,303,repair,13,1,1
PatchNAS [ungated],gtsrb/densenet121,303,repair,16,2,2
PatchNAS [ungated],gtsrb/densenet121,303,repair,18,0,3
PatchNAS [ungated],gtsrb/densenet121,303,repair,21,0,3
PatchNAS [ungated],gtsrb/densenet121,303,repair,22,0,1
PatchNAS [ungated],gtsrb/densenet121,303,repair,25,6,9
PatchNAS [ungated],gtsrb/densenet121,303,repair,27,7,7
PatchNAS [ungated],gtsrb/densenet121,303,repair,30,1,2
PatchNAS [ungated],gtsrb/densenet121,303,repair,31,11,12
PatchNAS [ungated],gtsrb/densenet121,303,repair,35,5,5
PatchNAS [ungated],gtsrb/densenet121,303,repair,39,1,1
PatchNAS [ungated],gtsrb/densenet121,303,repair,41,11,15
PatchNAS [ungated],gtsrb/densenet121,303,regression,0,48,48
PatchNAS [ungated],gtsrb/densenet121,303,regression,1,568,573
PatchNAS [ungated],gtsrb/densenet121,303,regression,2,559,585
PatchNAS [ungated],gtsrb/densenet121,303,regression,3,86,348
PatchNAS [ungated],gtsrb/densenet121,303,regression,4,487,534
PatchNAS [ungated],gtsrb/densenet121,303,regression,5,449,481
PatchNAS [ungated],gtsrb/densenet121,303,regression,6,71,124
PatchNAS [ungated],gtsrb/densenet121,303,regression,7,354,354
PatchNAS [ungated],gtsrb/densenet121,303,regression,8,248,356
PatchNAS [ungated],gtsrb/densenet121,303,regression,9,383,383
PatchNAS [ungated],gtsrb/densenet121,303,regression,10,534,534
PatchNAS [ungated],gtsrb/densenet121,303,regression,11,333,333
PatchNAS [ungated],gtsrb/densenet121,303,regression,12,559,560
PatchNAS [ungated],gtsrb/densenet121,303,regression,13,573,578
PatchNAS [ungated],gtsrb/densenet121,303,regression,14,215,215
PatchNAS [ungated],gtsrb/densenet121,303,regression,15,160,161
PatchNAS [ungated],gtsrb/densenet121,303,regression,16,105,124
PatchNAS [ungated],gtsrb/densenet121,303,regression,17,292,292
PatchNAS [ungated],gtsrb/densenet121,303,regression,18,209,308
PatchNAS [ungated],gtsrb/densenet121,303,regression,19,42,42
PatchNAS [ungated],gtsrb/densenet121,303,regression,20,80,80
PatchNAS [ungated],gtsrb/densenet121,303,regression,21,68,68
PatchNAS [ungated],gtsrb/densenet121,303,regression,22,91,91
PatchNAS [ungated],gtsrb/densenet121,303,regression,23,128,128
PatchNAS [ungated],gtsrb/densenet121,303,regression,24,66,75
PatchNAS [ungated],gtsrb/densenet121,303,regression,25,355,358
PatchNAS [ungated],gtsrb/densenet121,303,regression,26,136,143
PatchNAS [ungated],gtsrb/densenet121,303,regression,27,14,30
PatchNAS [ungated],gtsrb/densenet121,303,regression,28,123,123
PatchNAS [ungated],gtsrb/densenet121,303,regression,29,71,71
PatchNAS [ungated],gtsrb/densenet121,303,regression,30,99,122
PatchNAS [ungated],gtsrb/densenet121,303,regression,31,174,197
PatchNAS [ungated],gtsrb/densenet121,303,regression,32,51,51
PatchNAS [ungated],gtsrb/densenet121,303,regression,33,172,180
PatchNAS [ungated],gtsrb/densenet121,303,regression,34,100,100
PatchNAS [ungated],gtsrb/densenet121,303,regression,35,25,289
PatchNAS [ungated],gtsrb/densenet121,303,regression,36,94,94
PatchNAS [ungated],gtsrb/densenet121,303,regression,37,48,48
PatchNAS [ungated],gtsrb/densenet121,303,regression,38,542,555
PatchNAS [ungated],gtsrb/densenet121,303,regression,39,52,72
PatchNAS [ungated],gtsrb/densenet121,303,regression,40,66,68
PatchNAS [ungated],gtsrb/densenet121,303,regression,41,25,32
PatchNAS [ungated],gtsrb/densenet121,303,regression,42,64,64
PatchNAS [ungated],gtsrb/vgg16,101,repair,0,2,3
PatchNAS [ungated],gtsrb/vgg16,101,repair,1,0,3
PatchNAS [ungated],gtsrb/vgg16,101,repair,2,1,3
PatchNAS [ungated],gtsrb/vgg16,101,repair,3,0,3
PatchNAS [ungated],gtsrb/vgg16,101,repair,5,3,5
PatchNAS [ungated],gtsrb/vgg16,101,repair,6,6,7
PatchNAS [ungated],gtsrb/vgg16,101,repair,7,0,1
PatchNAS [ungated],gtsrb/vgg16,101,repair,8,8,9
PatchNAS [ungated],gtsrb/vgg16,101,repair,9,0,1
PatchNAS [ungated],gtsrb/vgg16,101,repair,10,3,10
PatchNAS [ungated],gtsrb/vgg16,101,repair,11,5,12
PatchNAS [ungated],gtsrb/vgg16,101,repair,12,13,14
PatchNAS [ungated],gtsrb/vgg16,101,repair,13,0,3
PatchNAS [ungated],gtsrb/vgg16,101,repair,17,2,3
PatchNAS [ungated],gtsrb/vgg16,101,repair,18,9,11
PatchNAS [ungated],gtsrb/vgg16,101,repair,21,4,7
PatchNAS [ungated],gtsrb/vgg16,101,repair,22,4,6
PatchNAS [ungated],gtsrb/vgg16,101,repair,24,13,14
PatchNAS [ungated],gtsrb/vgg16,101,repair,26,13,13
PatchNAS [ungated],gtsrb/vgg16,101,repair,30,4,5
PatchNAS [ungated],gtsrb/vgg16,101,repair,31,2,3
PatchNAS [ungated],gtsrb/vgg16,101,repair,33,0,2
PatchNAS [ungated],gtsrb/vgg16,101,repair,35,2,5
PatchNAS [ungated],gtsrb/vgg16,101,repair,36,0,1
PatchNAS [ungated],gtsrb/vgg16,101,repair,38,15,19
PatchNAS [ungated],gtsrb/vgg16,101,repair,39,12,14
PatchNAS [ungated],gtsrb/vgg16,101,repair,40,7,7
PatchNAS [ungated],gtsrb/vgg16,101,repair,41,0,1
PatchNAS [ungated],gtsrb/vgg16,101,repair,42,4,5
PatchNAS [ungated],gtsrb/vgg16,101,regression,0,2,38
PatchNAS [ungated],gtsrb/vgg16,101,regression,1,563,563
PatchNAS [ungated],gtsrb/vgg16,101,regression,2,567,592
PatchNAS [ungated],gtsrb/vgg16,101,regression,3,333,333
PatchNAS [ungated],gtsrb/vgg16,101,regression,4,318,525
PatchNAS [ungated],gtsrb/vgg16,101,regression,5,68,489
PatchNAS [ungated],gtsrb/vgg16,101,regression,6,83,115
PatchNAS [ungated],gtsrb/vgg16,101,regression,7,351,356
PatchNAS [ungated],gtsrb/vgg16,101,regression,8,350,353
PatchNAS [ungated],gtsrb/vgg16,101,regression,9,265,396
PatchNAS [ungated],gtsrb/vgg16,101,regression,10,496,509
PatchNAS [ungated],gtsrb/vgg16,101,regression,11,291,324
PatchNAS [ungated],gtsrb/vgg16,101,regression,12,513,531
PatchNAS [ungated],gtsrb/vgg16,101,regression,13,582,583
PatchNAS [ungated],gtsrb/vgg16,101,regression,14,218,218
PatchNAS [ungated],gtsrb/vgg16,101,regression,15,158,158
PatchNAS [ungated],gtsrb/vgg16,101,regression,16,133,133
PatchNAS [ungated],gtsrb/vgg16,101,regression,17,283,286
PatchNAS [ungated],gtsrb/vgg16,101,regression,18,252,298
PatchNAS [ungated],gtsrb/vgg16,101,regression,19,45,45
PatchNAS [ungated],gtsrb/vgg16,101,regression,20,65,65
PatchNAS [ungated],gtsrb/vgg16,101,regression,21,21,68
PatchNAS [ungated],gtsrb/vgg16,101,regression,22,65,87
PatchNAS [ungated],gtsrb/vgg16,101,regression,23,114,114
PatchNAS [ungated],gtsrb/vgg16,101,regression,24,50,50
PatchNAS [ungated],gtsrb/vgg16,101,regression,25,368,368
PatchNAS [ungated],gtsrb/vgg16,101,regression,26,49,132
PatchNAS [ungated],gtsrb/vgg16,101,regression,27,48,48
PatchNAS [ungated],gtsrb/vgg16,101,regression,28,122,122
PatchNAS [ungated],gtsrb/vgg16,101,regression,29,71,74
PatchNAS [ungated],gtsrb/vgg16,101,regression,30,68,114
PatchNAS [ungated],gtsrb/vgg16,101,regression,31,202,208
PatchNAS [ungated],gtsrb/vgg16,101,regression,32,49,49
PatchNAS [ungated],gtsrb/vgg16,101,regression,33,164,164
PatchNAS [ungated],gtsrb/vgg16,101,regression,34,54,99
PatchNAS [ungated],gtsrb/vgg16,101,regression,35,239,322
PatchNAS [ungated],gtsrb/vgg16,101,regression,36,84,84
PatchNAS [ungated],gtsrb/vgg16,101,regression,37,50,50
PatchNAS [ungated],gtsrb/vgg16,101,regression,38,270,526
PatchNAS [ungated],gtsrb/vgg16,101,regression,39,51,54
PatchNAS [ungated],gtsrb/vgg16,101,regression,40,42,56
PatchNAS [ungated],gtsrb/vgg16,101,regression,41,45,45
PatchNAS [ungated],gtsrb/vgg16,101,regression,42,48,57
PatchNAS [ungated],gtsrb/vgg16,202,repair,0,0,6
PatchNAS [ungated],gtsrb/vgg16,202,repair,1,2,2
PatchNAS [ungated],gtsrb/vgg16,202,repair,2,1,3
PatchNAS [ungated],gtsrb/vgg16,202,repair,3,1,3
PatchNAS [ungated],gtsrb/vgg16,202,repair,4,0,3
PatchNAS [ungated],gtsrb/vgg16,202,repair,5,0,6
PatchNAS [ungated],gtsrb/vgg16,202,repair,6,6,6
PatchNAS [ungated],gtsrb/vgg16,202,repair,7,0,1
PatchNAS [ungated],gtsrb/vgg16,202,repair,8,5,6
PatchNAS [ungated],gtsrb/vgg16,202,repair,9,0,1
PatchNAS [ungated],gtsrb/vgg16,202,repair,10,2,8
PatchNAS [ungated],gtsrb/vgg16,202,repair,11,3,11
PatchNAS [ungated],gtsrb/vgg16,202,repair,12,10,11
PatchNAS [ungated],gtsrb/vgg16,202,repair,13,0,2
PatchNAS [ungated],gtsrb/vgg16,202,repair,17,2,2
PatchNAS [ungated],gtsrb/vgg16,202,repair,18,11,14
PatchNAS [ungated],gtsrb/vgg16,202,repair,21,2,7
PatchNAS [ungated],gtsrb/vgg16,202,repair,22,5,7
PatchNAS [ungated],gtsrb/vgg16,202,repair,24,13,13
PatchNAS [ungated],gtsrb/vgg16,202,repair,26,12,13
PatchNAS [ungated],gtsrb/vgg16,202,repair,30,2,6
PatchNAS [ungated],gtsrb/vgg16,202,repair,31,3,5
PatchNAS [ungated],gtsrb/vgg16,202,repair,33,0,1
PatchNAS [ungated],gtsrb/vgg16,202,repair,35,0,7
PatchNAS [ungated],gtsrb/vgg16,202,repair,38,15,18
PatchNAS [ungated],gtsrb/vgg16,202,repair,39,10,12
PatchNAS [ungated],gtsrb/vgg16,202,repair,40,6,8
PatchNAS [ungated],gtsrb/vgg16,202,repair,41,0,1
PatchNAS [ungated],gtsrb/vgg16,202,repair,42,6,7
PatchNAS [ungated],gtsrb/vgg16,202,regression,0,37,42
PatchNAS [ungated],gtsrb/vgg16,202,regression,1,572,578
PatchNAS [ungated],gtsrb/vgg16,202,regression,2,198,598
PatchNAS [ungated],gtsrb/vgg16,202,regression,3,319,345
PatchNAS [ungated],gtsrb/vgg16,202,regression,4,526,526
PatchNAS [ungated],gtsrb/vgg16,202,regression,5,488,498
PatchNAS [ungated],gtsrb/vgg16,202,regression,6,21,113
PatchNAS [ungated],gtsrb/vgg16,202,regression,7,370,373
PatchNAS [ungated],gtsrb/vgg16,202,regression,8,321,328
PatchNAS [ungated],gtsrb/vgg16,202,regression,9,248,384
PatchNAS [ungated],gtsrb/vgg16,202,regression,10,480,520
PatchNAS [ungated],gtsrb/vgg16,202,regression,11,286,321
PatchNAS [ungated],gtsrb/vgg16,202,regression,12,175,526
PatchNAS [ungated],gtsrb/vgg16,202,regression,13,566,566
PatchNAS [ungated],gtsrb/vgg16,202,regression,14,213,213
PatchNAS [ungated],gtsrb/vgg16,202,regression,15,176,176
PatchNAS [ungated],gtsrb/vgg16,202,regression,16,126,126
PatchNAS [ungated],gtsrb/vgg16,202,regression,17,282,288
PatchNAS [ungated],gtsrb/vgg16,202,regression,18,160,301
PatchNAS [ungated],gtsrb/vgg16,202,regression,19,49,49
PatchNAS [ungated],gtsrb/vgg16,202,regression,20,72,72
PatchNAS [ungated],gtsrb/vgg16,202,regression,21,65,66
PatchNAS [ungated],gtsrb/vgg16,202,regression,22,74,83
PatchNAS [ungated],gtsrb/vgg16,202,regression,23,120,120
PatchNAS [ungated],gtsrb/vgg16,202,regression,24,43,43
PatchNAS [ungated],gtsrb/vgg16,202,regression,25,378,378
PatchNAS [ungated],gtsrb/vgg16,202,regression,26,98,122
PatchNAS [ungated],gtsrb/vgg16,202,regression,27,48,48
PatchNAS [ungated],gtsrb/vgg16,202,regression,28,121,121
PatchNAS [ungated],gtsrb/vgg16,202,regression,29,49,66
PatchNAS [ungated],gtsrb/vgg16,202,regression,30,98,115
PatchNAS [ungated],gtsrb/vgg16,202,regression,31,211,216
PatchNAS [ungated],gtsrb/vgg16,202,regression,32,46,46
PatchNAS [ungated],gtsrb/vgg16,202,regression,33,163,165
PatchNAS [ungated],gtsrb/vgg16,202,regression,34,93,93
PatchNAS [ungated],gtsrb/vgg16,202,regression,35,165,292
PatchNAS [ungated],gtsrb/vgg16,202,regression,36,94,94
PatchNAS [ungated],gtsrb/vgg16,202,regression,37,50,50
PatchNAS [ungated],gtsrb/vgg16,202,regression,38,364,518
PatchNAS [ungated],gtsrb/vgg16,202,regression,39,28,47
PatchNAS [ungated],gtsrb/vgg16,202,regression,40,62,63
PatchNAS [ungated],gtsrb/vgg16,202,regression,41,44,44
PatchNAS [ungated],gtsrb/vgg16,202,regression,42,49,68
PatchNAS [ungated],gtsrb/vgg16,303,repair,0,4,7
PatchNAS [ungated],gtsrb/vgg16,303,repair,1,2,2
PatchNAS [ungated],gtsrb/vgg16,303,repair,2,1,3
PatchNAS [ungated],gtsrb/vgg16,303,repair,3,0,1
PatchNAS [ungated],gtsrb/vgg16,303,repair,4,0,2
PatchNAS [ungated],gtsrb/vgg16,303,repair,5,0,5
PatchNAS [ungated],gtsrb/vgg16,303,repair,6,5,6
PatchNAS [ungated],gtsrb/vgg16,303,repair,7,0,1
PatchNAS [ungated],gtsrb/vgg16,303,repair,8,7,9
PatchNAS [ungated],gtsrb/vgg16,303,repair,9,0,1
PatchNAS [ungated],gtsrb/vgg16,303,repair,10,5,7
PatchNAS [ungated],gtsrb/vgg16,303,repair,11,4,9
PatchNAS [ungated],gtsrb/vgg16,303,repair,12,8,9
PatchNAS [ungated],gtsrb/vgg16,303,repair,13,0,1
PatchNAS [ungated],gtsrb/vgg16,303,repair,17,4,4
PatchNAS [ungated],gtsrb/vgg16,303,repair,18,9,11
PatchNAS [ungated],gtsrb/vgg16,303,repair,21,4,4
PatchNAS [ungated],gtsrb/vgg16,303,repair,22,9,10
PatchNAS [ungated],gtsrb/vgg16,303,repair,24,17,20
PatchNAS [ungated],gtsrb/vgg16,303,repair,26,12,12
PatchNAS [ungated],gtsrb/vgg16,303,repair,29,0,2
PatchNAS [ungated],gtsrb/vgg16,303,repair,30,3,7
PatchNAS [ungated],gtsrb/vgg16,303,repair,31,3,5
PatchNAS [ungated],gtsrb/vgg16,303,repair,33,0,1
PatchNAS [ungated],gtsrb/vgg16,303,repair,35,0,6
PatchNAS [ungated],gtsrb/vgg16,303,repair,36,0,1
PatchNAS [ungated],gtsrb/vgg16,303,repair,38,16,17
PatchNAS [ungated],gtsrb/vgg16,303,repair,39,14,15
PatchNAS [ungated],gtsrb/vgg16,303,repair,40,6,8
PatchNAS [ungated],gtsrb/vgg16,303,repair,42,4,4
PatchNAS [ungated],gtsrb/vgg16,303,regression,0,16,45
PatchNAS [ungated],gtsrb/vgg16,303,regression,1,564,565
PatchNAS [ungated],gtsrb/vgg16,303,regression,2,536,590
PatchNAS [ungated],gtsrb/vgg16,303,regression,3,362,362
PatchNAS [ungated],gtsrb/vgg16,303,regression,4,529,529
PatchNAS [ungated],gtsrb/vgg16,303,regression,5,453,481
PatchNAS [ungated],gtsrb/vgg16,303,regression,6,43,114
PatchNAS [ungated],gtsrb/vgg16,303,regression,7,355,358
PatchNAS [ungated],gtsrb/vgg16,303,regression,8,333,334
PatchNAS [ungated],gtsrb/vgg16,303,regression,9,377,397
PatchNAS [ungated],gtsrb/vgg16,303,regression,10,469,505
PatchNAS [ungated],gtsrb/vgg16,303,regression,11,84,317
PatchNAS [ungated],gtsrb/vgg16,303,regression,12,173,524
PatchNAS [ungated],gtsrb/vgg16,303,regression,13,570,570
PatchNAS [ungated],gtsrb/vgg16,303,regression,14,221,221
PatchNAS [ungated],gtsrb/vgg16,303,regression,15,160,160
PatchNAS [ungated],gtsrb/vgg16,303,regression,16,122,122
PatchNAS [ungated],gtsrb/vgg16,303,regression,17,263,286
PatchNAS [ungated],gtsrb/vgg16,303,regression,18,259,293
PatchNAS [ungated],gtsrb/vgg16,303,regression,19,47,47
PatchNAS [ungated],gtsrb/vgg16,303,regression,20,70,70
PatchNAS [ungated],gtsrb/vgg16,303,regression,21,43,60
PatchNAS [ungated],gtsrb/vgg16,303,regression,22,14,83
PatchNAS [ungated],gtsrb/vgg16,303,regression,23,113,113
PatchNAS [ungated],gtsrb/vgg16,303,regression,24,49,49
PatchNAS [ungated],gtsrb/vgg16,303,regression,25,400,400
PatchNAS [ungated],gtsrb/vgg16,303,regression,26,28,125
PatchNAS [ungated],gtsrb/vgg16,303,regression,27,46,46
PatchNAS [ungated],gtsrb/vgg16,303,regression,28,128,128
PatchNAS [ungated],gtsrb/vgg16,303,regression,29,67,67
PatchNAS [ungated],gtsrb/vgg16,303,regression,30,55,117
PatchNAS [ungated],gtsrb/vgg16,303,regression,31,206,213
PatchNAS [ungated],gtsrb/vgg16,303,regression,32,50,50
PatchNAS [ungated],gtsrb/vgg16,303,regression,33,172,172
PatchNAS [ungated],gtsrb/vgg16,303,regression,34,37,86
PatchNAS [ungated],gtsrb/vgg16,303,regression,35,236,304
PatchNAS [ungated],gtsrb/vgg16,303,regression,36,92,92
PatchNAS [ungated],gtsrb/vgg16,303,regression,37,53,53
PatchNAS [ungated],gtsrb/vgg16,303,regression,38,82,529
PatchNAS [ungated],gtsrb/vgg16,303,regression,39,50,53
PatchNAS [ungated],gtsrb/vgg16,303,regression,40,47,58
PatchNAS [ungated],gtsrb/vgg16,303,regression,41,37,48
PatchNAS [ungated],gtsrb/vgg16,303,regression,42,56,65
PatchNAS [ungated],tt100k_signs/resnet50,101,repair,3,0,2
PatchNAS [ungated],tt100k_signs/resnet50,101,repair,4,0,2
PatchNAS [ungated],tt100k_signs/resnet50,101,repair,5,0,1
PatchNAS [ungated],tt100k_signs/resnet50,101,repair,6,2,2
PatchNAS [ungated],tt100k_signs/resnet50,101,repair,7,1,5
PatchNAS [ungated],tt100k_signs/resnet50,101,repair,10,0,1
PatchNAS [ungated],tt100k_signs/resnet50,101,repair,12,0,1
PatchNAS [ungated],tt100k_signs/resnet50,101,repair,14,0,1
PatchNAS [ungated],tt100k_signs/resnet50,101,repair,18,9,13
PatchNAS [ungated],tt100k_signs/resnet50,101,repair,19,0,1
PatchNAS [ungated],tt100k_signs/resnet50,101,repair,20,1,1
PatchNAS [ungated],tt100k_signs/resnet50,101,repair,21,0,1
PatchNAS [ungated],tt100k_signs/resnet50,101,repair,23,0,2
PatchNAS [ungated],tt100k_signs/resnet50,101,repair,24,0,1
PatchNAS [ungated],tt100k_signs/resnet50,101,repair,27,0,2
PatchNAS [ungated],tt100k_signs/resnet50,101,repair,28,0,1
PatchNAS [ungated],tt100k_signs/resnet50,101,repair,29,2,2
PatchNAS [ungated],tt100k_signs/resnet50,101,repair,30,0,1
PatchNAS [ungated],tt100k_signs/resnet50,101,repair,35,0,1
PatchNAS [ungated],tt100k_signs/resnet50,101,repair,38,0,5
PatchNAS [ungated],tt100k_signs/resnet50,101,repair,42,0,1
PatchNAS [ungated],tt100k_signs/resnet50,101,repair,44,0,1
PatchNAS [ungated],tt100k_signs/resnet50,101,repair,54,0,2
PatchNAS [ungated],tt100k_signs/resnet50,101,repair,57,1,1
PatchNAS [ungated],tt100k_signs/resnet50,101,repair,59,0,1
PatchNAS [ungated],tt100k_signs/resnet50,101,repair,62,0,2
PatchNAS [ungated],tt100k_signs/resnet50,101,repair,63,8,8
PatchNAS [ungated],tt100k_signs/resnet50,101,repair,67,10,10
PatchNAS [ungated],tt100k_signs/resnet50,101,repair,68,0,1
PatchNAS [ungated],tt100k_signs/resnet50,101,repair,69,0,1
PatchNAS [ungated],tt100k_signs/resnet50,101,repair,70,0,1
PatchNAS [ungated],tt100k_signs/resnet50,101,repair,72,1,2
PatchNAS [ungated],tt100k_signs/resnet50,101,repair,74,0,1
PatchNAS [ungated],tt100k_signs/resnet50,101,repair,75,3,5
PatchNAS [ungated],tt100k_signs/resnet50,101,repair,78,0,2
PatchNAS [ungated],tt100k_signs/resnet50,101,repair,79,0,1
PatchNAS [ungated],tt100k_signs/resnet50,101,repair,81,0,3
PatchNAS [ungated],tt100k_signs/resnet50,101,repair,82,0,3
PatchNAS [ungated],tt100k_signs/resnet50,101,repair,83,7,10
PatchNAS [ungated],tt100k_signs/resnet50,101,repair,88,0,1
PatchNAS [ungated],tt100k_signs/resnet50,101,repair,89,6,6
PatchNAS [ungated],tt100k_signs/resnet50,101,repair,91,2,5
PatchNAS [ungated],tt100k_signs/resnet50,101,repair,92,0,2
PatchNAS [ungated],tt100k_signs/resnet50,101,repair,93,0,1
PatchNAS [ungated],tt100k_signs/resnet50,101,repair,94,0,3
PatchNAS [ungated],tt100k_signs/resnet50,101,repair,95,0,2
PatchNAS [ungated],tt100k_signs/resnet50,101,repair,97,0,5
PatchNAS [ungated],tt100k_signs/resnet50,101,repair,98,0,1
PatchNAS [ungated],tt100k_signs/resnet50,101,repair,99,0,2
PatchNAS [ungated],tt100k_signs/resnet50,101,repair,100,0,1
PatchNAS [ungated],tt100k_signs/resnet50,101,repair,101,0,1
PatchNAS [ungated],tt100k_signs/resnet50,101,repair,105,0,1
PatchNAS [ungated],tt100k_signs/resnet50,101,repair,106,2,2
PatchNAS [ungated],tt100k_signs/resnet50,101,repair,110,2,2
PatchNAS [ungated],tt100k_signs/resnet50,101,repair,112,0,1
PatchNAS [ungated],tt100k_signs/resnet50,101,repair,114,0,1
PatchNAS [ungated],tt100k_signs/resnet50,101,repair,115,0,3
PatchNAS [ungated],tt100k_signs/resnet50,101,repair,117,20,26
PatchNAS [ungated],tt100k_signs/resnet50,101,repair,121,0,2
PatchNAS [ungated],tt100k_signs/resnet50,101,repair,123,0,2
PatchNAS [ungated],tt100k_signs/resnet50,101,repair,125,0,2
PatchNAS [ungated],tt100k_signs/resnet50,101,repair,126,0,1
PatchNAS [ungated],tt100k_signs/resnet50,101,repair,128,1,3
PatchNAS [ungated],tt100k_signs/resnet50,101,repair,133,0,1
PatchNAS [ungated],tt100k_signs/resnet50,101,repair,137,0,1
PatchNAS [ungated],tt100k_signs/resnet50,101,repair,138,0,1
PatchNAS [ungated],tt100k_signs/resnet50,101,repair,140,0,1
PatchNAS [ungated],tt100k_signs/resnet50,101,repair,141,11,11
PatchNAS [ungated],tt100k_signs/resnet50,101,repair,142,12,12
PatchNAS [ungated],tt100k_signs/resnet50,101,repair,143,0,1
PatchNAS [ungated],tt100k_signs/resnet50,101,repair,144,0,1
PatchNAS [ungated],tt100k_signs/resnet50,101,repair,147,0,1
PatchNAS [ungated],tt100k_signs/resnet50,101,repair,148,6,6
PatchNAS [ungated],tt100k_signs/resnet50,101,repair,149,4,5
PatchNAS [ungated],tt100k_signs/resnet50,101,repair,152,1,4
PatchNAS [ungated],tt100k_signs/resnet50,101,repair,153,2,2
PatchNAS [ungated],tt100k_signs/resnet50,101,repair,155,0,1
PatchNAS [ungated],tt100k_signs/resnet50,101,repair,160,2,7
PatchNAS [ungated],tt100k_signs/resnet50,101,repair,161,2,3
PatchNAS [ungated],tt100k_signs/resnet50,101,repair,163,0,1
PatchNAS [ungated],tt100k_signs/resnet50,101,repair,164,0,1
PatchNAS [ungated],tt100k_signs/resnet50,101,repair,165,1,2
PatchNAS [ungated],tt100k_signs/resnet50,101,repair,169,0,1
PatchNAS [ungated],tt100k_signs/resnet50,101,repair,171,0,1
PatchNAS [ungated],tt100k_signs/resnet50,101,repair,172,1,3
PatchNAS [ungated],tt100k_signs/resnet50,101,repair,173,0,1
PatchNAS [ungated],tt100k_signs/resnet50,101,repair,174,0,1
PatchNAS [ungated],tt100k_signs/resnet50,101,repair,177,0,1
PatchNAS [ungated],tt100k_signs/resnet50,101,repair,178,0,2
PatchNAS [ungated],tt100k_signs/resnet50,101,repair,179,1,4
PatchNAS [ungated],tt100k_signs/resnet50,101,repair,180,2,4
PatchNAS [ungated],tt100k_signs/resnet50,101,regression,0,1,1
PatchNAS [ungated],tt100k_signs/resnet50,101,regression,1,32,34
PatchNAS [ungated],tt100k_signs/resnet50,101,regression,3,4,4
PatchNAS [ungated],tt100k_signs/resnet50,101,regression,4,2,2
PatchNAS [ungated],tt100k_signs/resnet50,101,regression,5,1,1
PatchNAS [ungated],tt100k_signs/resnet50,101,regression,7,79,102
PatchNAS [ungated],tt100k_signs/resnet50,101,regression,8,4,4
PatchNAS [ungated],tt100k_signs/resnet50,101,regression,9,198,198
PatchNAS [ungated],tt100k_signs/resnet50,101,regression,10,440,455
PatchNAS [ungated],tt100k_signs/resnet50,101,regression,11,31,31
PatchNAS [ungated],tt100k_signs/resnet50,101,regression,12,1,1
PatchNAS [ungated],tt100k_signs/resnet50,101,regression,13,4,4
PatchNAS [ungated],tt100k_signs/resnet50,101,regression,14,116,116
PatchNAS [ungated],tt100k_signs/resnet50,101,regression,15,4,4
PatchNAS [ungated],tt100k_signs/resnet50,101,regression,16,69,69
PatchNAS [ungated],tt100k_signs/resnet50,101,regression,17,15,15
PatchNAS [ungated],tt100k_signs/resnet50,101,regression,18,136,206
PatchNAS [ungated],tt100k_signs/resnet50,101,regression,19,98,98
PatchNAS [ungated],tt100k_signs/resnet50,101,regression,20,28,34
PatchNAS [ungated],tt100k_signs/resnet50,101,regression,21,66,66
PatchNAS [ungated],tt100k_signs/resnet50,101,regression,22,391,395
PatchNAS [ungated],tt100k_signs/resnet50,101,regression,23,58,58
PatchNAS [ungated],tt100k_signs/resnet50,101,regression,25,10,24
PatchNAS [ungated],tt100k_signs/resnet50,101,regression,27,3,3
PatchNAS [ungated],tt100k_signs/resnet50,101,regression,28,10,10
PatchNAS [ungated],tt100k_signs/resnet50,101,regression,29,1,3
PatchNAS [ungated],tt100k_signs/resnet50,101,regression,30,30,30
PatchNAS [ungated],tt100k_signs/resnet50,101,regression,31,5,5
PatchNAS [ungated],tt100k_signs/resnet50,101,regression,34,9,9
PatchNAS [ungated],tt100k_signs/resnet50,101,regression,35,83,83
PatchNAS [ungated],tt100k_signs/resnet50,101,regression,37,10,10
PatchNAS [ungated],tt100k_signs/resnet50,101,regression,38,202,202
PatchNAS [ungated],tt100k_signs/resnet50,101,regression,39,36,36
PatchNAS [ungated],tt100k_signs/resnet50,101,regression,40,2,2
PatchNAS [ungated],tt100k_signs/resnet50,101,regression,41,49,50
PatchNAS [ungated],tt100k_signs/resnet50,101,regression,42,1,1
PatchNAS [ungated],tt100k_signs/resnet50,101,regression,43,97,101
PatchNAS [ungated],tt100k_signs/resnet50,101,regression,44,26,26
PatchNAS [ungated],tt100k_signs/resnet50,101,regression,46,3,3
PatchNAS [ungated],tt100k_signs/resnet50,101,regression,47,15,15
PatchNAS [ungated],tt100k_signs/resnet50,101,regression,48,5,5
PatchNAS [ungated],tt100k_signs/resnet50,101,regression,50,11,11
PatchNAS [ungated],tt100k_signs/resnet50,101,regression,51,13,13
PatchNAS [ungated],tt100k_signs/resnet50,101,regression,53,18,18
PatchNAS [ungated],tt100k_signs/resnet50,101,regression,55,32,32
PatchNAS [ungated],tt100k_signs/resnet50,101,regression,57,0,2
PatchNAS [ungated],tt100k_signs/resnet50,101,regression,59,4,4
PatchNAS [ungated],tt100k_signs/resnet50,101,regression,61,6,6
PatchNAS [ungated],tt100k_signs/resnet50,101,regression,65,7,8
PatchNAS [ungated],tt100k_signs/resnet50,101,regression,68,2,2
PatchNAS [ungated],tt100k_signs/resnet50,101,regression,70,29,29
PatchNAS [ungated],tt100k_signs/resnet50,101,regression,71,14,14
PatchNAS [ungated],tt100k_signs/resnet50,101,regression,74,43,44
PatchNAS [ungated],tt100k_signs/resnet50,101,regression,76,33,33
PatchNAS [ungated],tt100k_signs/resnet50,101,regression,77,2,2
PatchNAS [ungated],tt100k_signs/resnet50,101,regression,80,16,19
PatchNAS [ungated],tt100k_signs/resnet50,101,regression,81,167,169
PatchNAS [ungated],tt100k_signs/resnet50,101,regression,82,10,10
PatchNAS [ungated],tt100k_signs/resnet50,101,regression,83,2,57
PatchNAS [ungated],tt100k_signs/resnet50,101,regression,84,48,48
PatchNAS [ungated],tt100k_signs/resnet50,101,regression,85,43,43
PatchNAS [ungated],tt100k_signs/resnet50,101,regression,86,3,3
PatchNAS [ungated],tt100k_signs/resnet50,101,regression,88,173,173
PatchNAS [ungated],tt100k_signs/resnet50,101,regression,89,0,1
PatchNAS [ungated],tt100k_signs/resnet50,101,regression,91,299,341
PatchNAS [ungated],tt100k_signs/resnet50,101,regression,92,158,170
PatchNAS [ungated],tt100k_signs/resnet50,101,regression,93,296,299
PatchNAS [ungated],tt100k_signs/resnet50,101,regression,94,227,227
PatchNAS [ungated],tt100k_signs/resnet50,101,regression,96,34,34
PatchNAS [ungated],tt100k_signs/resnet50,101,regression,97,229,231
PatchNAS [ungated],tt100k_signs/resnet50,101,regression,98,8,8
PatchNAS [ungated],tt100k_signs/resnet50,101,regression,100,27,27
PatchNAS [ungated],tt100k_signs/resnet50,101,regression,102,16,16
PatchNAS [ungated],tt100k_signs/resnet50,101,regression,103,3,3
PatchNAS [ungated],tt100k_signs/resnet50,101,regression,105,43,43
PatchNAS [ungated],tt100k_signs/resnet50,101,regression,107,23,23
PatchNAS [ungated],tt100k_signs/resnet50,101,regression,109,5,5
PatchNAS [ungated],tt100k_signs/resnet50,101,regression,111,13,13
PatchNAS [ungated],tt100k_signs/resnet50,101,regression,112,6,6
PatchNAS [ungated],tt100k_signs/resnet50,101,regression,113,27,27
PatchNAS [ungated],tt100k_signs/resnet50,101,regression,114,5,5
PatchNAS [ungated],tt100k_signs/resnet50,101,regression,115,874,874
PatchNAS [ungated],tt100k_signs/resnet50,101,regression,116,626,626
PatchNAS [ungated],tt100k_signs/resnet50,101,regression,117,89,268
PatchNAS [ungated],tt100k_signs/resnet50,101,regression,120,1,13
PatchNAS [ungated],tt100k_signs/resnet50,101,regression,121,24,24
PatchNAS [ungated],tt100k_signs/resnet50,101,regression,122,48,48
PatchNAS [ungated],tt100k_signs/resnet50,101,regression,124,12,18
PatchNAS [ungated],tt100k_signs/resnet50,101,regression,125,29,29
PatchNAS [ungated],tt100k_signs/resnet50,101,regression,126,10,10
PatchNAS [ungated],tt100k_signs/resnet50,101,regression,127,10,10
PatchNAS [ungated],tt100k_signs/resnet50,101,regression,128,24,42
PatchNAS [ungated],tt100k_signs/resnet50,101,regression,132,9,9
PatchNAS [ungated],tt100k_signs/resnet50,101,regression,134,3,3
PatchNAS [ungated],tt100k_signs/resnet50,101,regression,139,1,1
PatchNAS [ungated],tt100k_signs/resnet50,101,regression,140,30,30
PatchNAS [ungated],tt100k_signs/resnet50,101,regression,143,4,4
PatchNAS [ungated],tt100k_signs/resnet50,101,regression,145,5,5
PatchNAS [ungated],tt100k_signs/resnet50,101,regression,146,38,38
PatchNAS [ungated],tt100k_signs/resnet50,101,regression,147,36,37
PatchNAS [ungated],tt100k_signs/resnet50,101,regression,151,6,6
PatchNAS [ungated],tt100k_signs/resnet50,101,regression,152,41,41
PatchNAS [ungated],tt100k_signs/resnet50,101,regression,154,24,24
PatchNAS [ungated],tt100k_signs/resnet50,101,regression,155,9,9
PatchNAS [ungated],tt100k_signs/resnet50,101,regression,156,1,1
PatchNAS [ungated],tt100k_signs/resnet50,101,regression,158,1,1
PatchNAS [ungated],tt100k_signs/resnet50,101,regression,159,1,1
PatchNAS [ungated],tt100k_signs/resnet50,101,regression,160,9,10
PatchNAS [ungated],tt100k_signs/resnet50,101,regression,163,7,9
PatchNAS [ungated],tt100k_signs/resnet50,101,regression,164,2,2
PatchNAS [ungated],tt100k_signs/resnet50,101,regression,165,11,17
PatchNAS [ungated],tt100k_signs/resnet50,101,regression,170,52,52
PatchNAS [ungated],tt100k_signs/resnet50,101,regression,172,98,104
PatchNAS [ungated],tt100k_signs/resnet50,101,regression,173,23,23
PatchNAS [ungated],tt100k_signs/resnet50,101,regression,174,49,49
PatchNAS [ungated],tt100k_signs/resnet50,101,regression,177,37,44
PatchNAS [ungated],tt100k_signs/resnet50,101,regression,180,22,24
PatchNAS [ungated],tt100k_signs/resnet50,202,repair,3,0,2
PatchNAS [ungated],tt100k_signs/resnet50,202,repair,4,0,2
PatchNAS [ungated],tt100k_signs/resnet50,202,repair,6,1,2
PatchNAS [ungated],tt100k_signs/resnet50,202,repair,7,3,3
PatchNAS [ungated],tt100k_signs/resnet50,202,repair,8,0,1
PatchNAS [ungated],tt100k_signs/resnet50,202,repair,12,0,1
PatchNAS [ungated],tt100k_signs/resnet50,202,repair,14,0,1
PatchNAS [ungated],tt100k_signs/resnet50,202,repair,16,0,1
PatchNAS [ungated],tt100k_signs/resnet50,202,repair,18,3,7
PatchNAS [ungated],tt100k_signs/resnet50,202,repair,22,0,2
PatchNAS [ungated],tt100k_signs/resnet50,202,repair,23,0,1
PatchNAS [ungated],tt100k_signs/resnet50,202,repair,27,0,2
PatchNAS [ungated],tt100k_signs/resnet50,202,repair,29,0,4
PatchNAS [ungated],tt100k_signs/resnet50,202,repair,30,0,1
PatchNAS [ungated],tt100k_signs/resnet50,202,repair,34,0,1
PatchNAS [ungated],tt100k_signs/resnet50,202,repair,38,1,2
PatchNAS [ungated],tt100k_signs/resnet50,202,repair,41,1,1
PatchNAS [ungated],tt100k_signs/resnet50,202,repair,45,0,1
PatchNAS [ungated],tt100k_signs/resnet50,202,repair,50,0,1
PatchNAS [ungated],tt100k_signs/resnet50,202,repair,54,0,1
PatchNAS [ungated],tt100k_signs/resnet50,202,repair,57,1,3
PatchNAS [ungated],tt100k_signs/resnet50,202,repair,59,0,1
PatchNAS [ungated],tt100k_signs/resnet50,202,repair,60,0,1
PatchNAS [ungated],tt100k_signs/resnet50,202,repair,62,0,3
PatchNAS [ungated],tt100k_signs/resnet50,202,repair,63,6,6
PatchNAS [ungated],tt100k_signs/resnet50,202,repair,65,0,1
PatchNAS [ungated],tt100k_signs/resnet50,202,repair,66,0,1
PatchNAS [ungated],tt100k_signs/resnet50,202,repair,67,10,10
PatchNAS [ungated],tt100k_signs/resnet50,202,repair,68,0,1
PatchNAS [ungated],tt100k_signs/resnet50,202,repair,72,0,1
PatchNAS [ungated],tt100k_signs/resnet50,202,repair,74,1,2
PatchNAS [ungated],tt100k_signs/resnet50,202,repair,75,5,5
PatchNAS [ungated],tt100k_signs/resnet50,202,repair,76,0,1
PatchNAS [ungated],tt100k_signs/resnet50,202,repair,79,0,1
PatchNAS [ungated],tt100k_signs/resnet50,202,repair,81,0,2
PatchNAS [ungated],tt100k_signs/resnet50,202,repair,82,0,1
PatchNAS [ungated],tt100k_signs/resnet50,202,repair,83,7,9
PatchNAS [ungated],tt100k_signs/resnet50,202,repair,87,0,1
PatchNAS [ungated],tt100k_signs/resnet50,202,repair,88,0,1
PatchNAS [ungated],tt100k_signs/resnet50,202,repair,89,8,8
PatchNAS [ungated],tt100k_signs/resnet50,202,repair,90,0,1
PatchNAS [ungated],tt100k_signs/resnet50,202,repair,91,1,4
PatchNAS [ungated],tt100k_signs/resnet50,202,repair,92,0,1
PatchNAS [ungated],tt100k_signs/resnet50,202,repair,93,0,1
PatchNAS [ungated],tt100k_signs/resnet50,202,repair,94,0,3
PatchNAS [ungated],tt100k_signs/resnet50,202,repair,95,0,2
PatchNAS [ungated],tt100k_signs/resnet50,202,repair,97,1,3
PatchNAS [ungated],tt100k_signs/resnet50,202,repair,99,0,2
PatchNAS [ungated],tt100k_signs/resnet50,202,repair,100,0,1
PatchNAS [ungated],tt100k_signs/resnet50,202,repair,101,0,1
PatchNAS [ungated],tt100k_signs/resnet50,202,repair,104,0,1
PatchNAS [ungated],tt100k_signs/resnet50,202,repair,105,0,1
PatchNAS [ungated],tt100k_signs/resnet50,202,repair,106,3,3
PatchNAS [ungated],tt100k_signs/resnet50,202,repair,107,0,1
PatchNAS [ungated],tt100k_signs/resnet50,202,repair,108,0,1
PatchNAS [ungated],tt100k_signs/resnet50,202,repair,110,4,4
PatchNAS [ungated],tt100k_signs/resnet50,202,repair,115,0,3
PatchNAS [ungated],tt100k_signs/resnet50,202,repair,117,23,30
PatchNAS [ungated],tt100k_signs/resnet50,202,repair,120,0,2
PatchNAS [ungated],tt100k_signs/resnet50,202,repair,121,1,2
PatchNAS [ungated],tt100k_signs/resnet50,202,repair,123,0,1
PatchNAS [ungated],tt100k_signs/resnet50,202,repair,124,0,1
PatchNAS [ungated],tt100k_signs/resnet50,202,repair,126,0,1
PatchNAS [ungated],tt100k_signs/resnet50,202,repair,128,2,2
PatchNAS [ungated],tt100k_signs/resnet50,202,repair,137,0,1
PatchNAS [ungated],tt100k_signs/resnet50,202,repair,141,8,9
PatchNAS [ungated],tt100k_signs/resnet50,202,repair,142,21,21
PatchNAS [ungated],tt100k_signs/resnet50,202,repair,143,0,1
PatchNAS [ungated],tt100k_signs/resnet50,202,repair,147,1,1
PatchNAS [ungated],tt100k_signs/resnet50,202,repair,148,6,7
PatchNAS [ungated],tt100k_signs/resnet50,202,repair,149,3,3
PatchNAS [ungated],tt100k_signs/resnet50,202,repair,150,0,1
PatchNAS [ungated],tt100k_signs/resnet50,202,repair,152,2,3
PatchNAS [ungated],tt100k_signs/resnet50,202,repair,153,1,1
PatchNAS [ungated],tt100k_signs/resnet50,202,repair,154,0,1
PatchNAS [ungated],tt100k_signs/resnet50,202,repair,155,0,1
PatchNAS [ungated],tt100k_signs/resnet50,202,repair,157,0,1
PatchNAS [ungated],tt100k_signs/resnet50,202,repair,160,3,5
PatchNAS [ungated],tt100k_signs/resnet50,202,repair,161,2,2
PatchNAS [ungated],tt100k_signs/resnet50,202,repair,162,0,1
PatchNAS [ungated],tt100k_signs/resnet50,202,repair,163,0,3
PatchNAS [ungated],tt100k_signs/resnet50,202,repair,165,4,7
PatchNAS [ungated],tt100k_signs/resnet50,202,repair,166,0,1
PatchNAS [ungated],tt100k_signs/resnet50,202,repair,167,0,1
PatchNAS [ungated],tt100k_signs/resnet50,202,repair,169,1,1
PatchNAS [ungated],tt100k_signs/resnet50,202,repair,172,2,3
PatchNAS [ungated],tt100k_signs/resnet50,202,repair,174,0,1
PatchNAS [ungated],tt100k_signs/resnet50,202,repair,175,0,1
PatchNAS [ungated],tt100k_signs/resnet50,202,repair,176,0,1
PatchNAS [ungated],tt100k_signs/resnet50,202,repair,178,0,3
PatchNAS [ungated],tt100k_signs/resnet50,202,repair,179,2,2
PatchNAS [ungated],tt100k_signs/resnet50,202,repair,180,2,7
PatchNAS [ungated],tt100k_signs/resnet50,202,regression,1,31,34
PatchNAS [ungated],tt100k_signs/resnet50,202,regression,3,1,1
PatchNAS [ungated],tt100k_signs/resnet50,202,regression,4,1,1
PatchNAS [ungated],tt100k_signs/resnet50,202,regression,5,1,1
PatchNAS [ungated],tt100k_signs/resnet50,202,regression,7,31,107
PatchNAS [ungated],tt100k_signs/resnet50,202,regression,8,4,4
PatchNAS [ungated],tt100k_signs/resnet50,202,regression,9,203,203
PatchNAS [ungated],tt100k_signs/resnet50,202,regression,10,454,463
PatchNAS [ungated],tt100k_signs/resnet50,202,regression,11,35,35
PatchNAS [ungated],tt100k_signs/resnet50,202,regression,13,3,3
PatchNAS [ungated],tt100k_signs/resnet50,202,regression,14,111,111
PatchNAS [ungated],tt100k_signs/resnet50,202,regression,15,4,4
PatchNAS [ungated],tt100k_signs/resnet50,202,regression,16,80,80
PatchNAS [ungated],tt100k_signs/resnet50,202,regression,17,15,15
PatchNAS [ungated],tt100k_signs/resnet50,202,regression,18,125,203
PatchNAS [ungated],tt100k_signs/resnet50,202,regression,19,108,108
PatchNAS [ungated],tt100k_signs/resnet50,202,regression,20,25,36
PatchNAS [ungated],tt100k_signs/resnet50,202,regression,21,73,73
PatchNAS [ungated],tt100k_signs/resnet50,202,regression,22,401,401
PatchNAS [ungated],tt100k_signs/resnet50,202,regression,23,57,57
PatchNAS [ungated],tt100k_signs/resnet50,202,regression,25,7,24
PatchNAS [ungated],tt100k_signs/resnet50,202,regression,26,1,1
PatchNAS [ungated],tt100k_signs/resnet50,202,regression,27,6,6
PatchNAS [ungated],tt100k_signs/resnet50,202,regression,28,7,7
PatchNAS [ungated],tt100k_signs/resnet50,202,regression,29,3,3
PatchNAS [ungated],tt100k_signs/resnet50,202,regression,30,28,28
PatchNAS [ungated],tt100k_signs/resnet50,202,regression,31,5,5
PatchNAS [ungated],tt100k_signs/resnet50,202,regression,34,8,8
PatchNAS [ungated],tt100k_signs/resnet50,202,regression,35,86,86
PatchNAS [ungated],tt100k_signs/resnet50,202,regression,37,13,13
PatchNAS [ungated],tt100k_signs/resnet50,202,regression,38,184,194
PatchNAS [ungated],tt100k_signs/resnet50,202,regression,39,40,40
PatchNAS [ungated],tt100k_signs/resnet50,202,regression,40,2,2
PatchNAS [ungated],tt100k_signs/resnet50,202,regression,41,43,43
PatchNAS [ungated],tt100k_signs/resnet50,202,regression,42,1,1
PatchNAS [ungated],tt100k_signs/resnet50,202,regression,43,104,104
PatchNAS [ungated],tt100k_signs/resnet50,202,regression,44,26,31
PatchNAS [ungated],tt100k_signs/resnet50,202,regression,46,4,4
PatchNAS [ungated],tt100k_signs/resnet50,202,regression,47,17,17
PatchNAS [ungated],tt100k_signs/resnet50,202,regression,48,5,5
PatchNAS [ungated],tt100k_signs/resnet50,202,regression,50,11,11
PatchNAS [ungated],tt100k_signs/resnet50,202,regression,51,14,14
PatchNAS [ungated],tt100k_signs/resnet50,202,regression,53,18,18
PatchNAS [ungated],tt100k_signs/resnet50,202,regression,55,34,34
PatchNAS [ungated],tt100k_signs/resnet50,202,regression,57,1,2
PatchNAS [ungated],tt100k_signs/resnet50,202,regression,59,3,3
PatchNAS [ungated],tt100k_signs/resnet50,202,regression,60,1,1
PatchNAS [ungated],tt100k_signs/resnet50,202,regression,61,5,5
PatchNAS [ungated],tt100k_signs/resnet50,202,regression,65,9,9
PatchNAS [ungated],tt100k_signs/resnet50,202,regression,68,3,3
PatchNAS [ungated],tt100k_signs/resnet50,202,regression,70,26,26
PatchNAS [ungated],tt100k_signs/resnet50,202,regression,71,12,12
PatchNAS [ungated],tt100k_signs/resnet50,202,regression,74,39,46
PatchNAS [ungated],tt100k_signs/resnet50,202,regression,76,33,33
PatchNAS [ungated],tt100k_signs/resnet50,202,regression,77,3,3
PatchNAS [ungated],tt100k_signs/resnet50,202,regression,80,16,18
PatchNAS [ungated],tt100k_signs/resnet50,202,regression,81,160,160
PatchNAS [ungated],tt100k_signs/resnet50,202,regression,82,10,10
PatchNAS [ungated],tt100k_signs/resnet50,202,regression,83,0,56
PatchNAS [ungated],tt100k_signs/resnet50,202,regression,84,46,46
PatchNAS [ungated],tt100k_signs/resnet50,202,regression,85,49,49
PatchNAS [ungated],tt100k_signs/resnet50,202,regression,86,2,2
PatchNAS [ungated],tt100k_signs/resnet50,202,regression,88,168,170
PatchNAS [ungated],tt100k_signs/resnet50,202,regression,89,0,2
PatchNAS [ungated],tt100k_signs/resnet50,202,regression,91,336,368
PatchNAS [ungated],tt100k_signs/resnet50,202,regression,92,135,169
PatchNAS [ungated],tt100k_signs/resnet50,202,regression,93,289,289
PatchNAS [ungated],tt100k_signs/resnet50,202,regression,94,222,223
PatchNAS [ungated],tt100k_signs/resnet50,202,regression,96,31,31
PatchNAS [ungated],tt100k_signs/resnet50,202,regression,97,216,236
PatchNAS [ungated],tt100k_signs/resnet50,202,regression,98,11,12
PatchNAS [ungated],tt100k_signs/resnet50,202,regression,100,26,26
PatchNAS [ungated],tt100k_signs/resnet50,202,regression,102,20,20
PatchNAS [ungated],tt100k_signs/resnet50,202,regression,103,3,3
PatchNAS [ungated],tt100k_signs/resnet50,202,regression,105,41,41
PatchNAS [ungated],tt100k_signs/resnet50,202,regression,107,24,24
PatchNAS [ungated],tt100k_signs/resnet50,202,regression,109,1,1
PatchNAS [ungated],tt100k_signs/resnet50,202,regression,111,12,12
PatchNAS [ungated],tt100k_signs/resnet50,202,regression,112,8,8
PatchNAS [ungated],tt100k_signs/resnet50,202,regression,113,32,32
PatchNAS [ungated],tt100k_signs/resnet50,202,regression,114,3,4
PatchNAS [ungated],tt100k_signs/resnet50,202,regression,115,846,849
PatchNAS [ungated],tt100k_signs/resnet50,202,regression,116,605,605
PatchNAS [ungated],tt100k_signs/resnet50,202,regression,117,78,272
PatchNAS [ungated],tt100k_signs/resnet50,202,regression,120,11,11
PatchNAS [ungated],tt100k_signs/resnet50,202,regression,121,16,23
PatchNAS [ungated],tt100k_signs/resnet50,202,regression,122,51,51
PatchNAS [ungated],tt100k_signs/resnet50,202,regression,124,19,19
PatchNAS [ungated],tt100k_signs/resnet50,202,regression,125,16,31
PatchNAS [ungated],tt100k_signs/resnet50,202,regression,126,10,10
PatchNAS [ungated],tt100k_signs/resnet50,202,regression,127,9,9
PatchNAS [ungated],tt100k_signs/resnet50,202,regression,128,21,45
PatchNAS [ungated],tt100k_signs/resnet50,202,regression,131,1,1
PatchNAS [ungated],tt100k_signs/resnet50,202,regression,132,5,5
PatchNAS [ungated],tt100k_signs/resnet50,202,regression,134,2,2
PatchNAS [ungated],tt100k_signs/resnet50,202,regression,139,1,1
PatchNAS [ungated],tt100k_signs/resnet50,202,regression,140,31,31
PatchNAS [ungated],tt100k_signs/resnet50,202,regression,143,5,5
PatchNAS [ungated],tt100k_signs/resnet50,202,regression,145,7,7
PatchNAS [ungated],tt100k_signs/resnet50,202,regression,146,36,36
PatchNAS [ungated],tt100k_signs/resnet50,202,regression,147,29,34
PatchNAS [ungated],tt100k_signs/resnet50,202,regression,151,7,7
PatchNAS [ungated],tt100k_signs/resnet50,202,regression,152,40,42
PatchNAS [ungated],tt100k_signs/resnet50,202,regression,154,27,27
PatchNAS [ungated],tt100k_signs/resnet50,202,regression,155,8,8
PatchNAS [ungated],tt100k_signs/resnet50,202,regression,158,1,1
PatchNAS [ungated],tt100k_signs/resnet50,202,regression,159,1,1
PatchNAS [ungated],tt100k_signs/resnet50,202,regression,160,9,9
PatchNAS [ungated],tt100k_signs/resnet50,202,regression,163,8,8
PatchNAS [ungated],tt100k_signs/resnet50,202,regression,164,2,3
PatchNAS [ungated],tt100k_signs/resnet50,202,regression,165,7,15
PatchNAS [ungated],tt100k_signs/resnet50,202,regression,170,45,45
PatchNAS [ungated],tt100k_signs/resnet50,202,regression,172,94,105
PatchNAS [ungated],tt100k_signs/resnet50,202,regression,173,22,22
PatchNAS [ungated],tt100k_signs/resnet50,202,regression,174,48,48
PatchNAS [ungated],tt100k_signs/resnet50,202,regression,177,7,41
PatchNAS [ungated],tt100k_signs/resnet50,202,regression,180,15,18
PatchNAS [ungated],tt100k_signs/resnet50,303,repair,2,0,2
PatchNAS [ungated],tt100k_signs/resnet50,303,repair,3,0,1
PatchNAS [ungated],tt100k_signs/resnet50,303,repair,6,3,3
PatchNAS [ungated],tt100k_signs/resnet50,303,repair,7,0,5
PatchNAS [ungated],tt100k_signs/resnet50,303,repair,10,0,1
PatchNAS [ungated],tt100k_signs/resnet50,303,repair,18,6,8
PatchNAS [ungated],tt100k_signs/resnet50,303,repair,20,1,1
PatchNAS [ungated],tt100k_signs/resnet50,303,repair,22,0,2
PatchNAS [ungated],tt100k_signs/resnet50,303,repair,23,0,1
PatchNAS [ungated],tt100k_signs/resnet50,303,repair,24,0,2
PatchNAS [ungated],tt100k_signs/resnet50,303,repair,28,0,1
PatchNAS [ungated],tt100k_signs/resnet50,303,repair,29,1,3
PatchNAS [ungated],tt100k_signs/resnet50,303,repair,30,0,1
PatchNAS [ungated],tt100k_signs/resnet50,303,repair,35,0,1
PatchNAS [ungated],tt100k_signs/resnet50,303,repair,38,1,2
PatchNAS [ungated],tt100k_signs/resnet50,303,repair,41,0,3
PatchNAS [ungated],tt100k_signs/resnet50,303,repair,42,0,1
PatchNAS [ungated],tt100k_signs/resnet50,303,repair,43,0,1
PatchNAS [ungated],tt100k_signs/resnet50,303,repair,44,0,1
PatchNAS [ungated],tt100k_signs/resnet50,303,repair,45,0,1
PatchNAS [ungated],tt100k_signs/resnet50,303,repair,53,0,1
PatchNAS [ungated],tt100k_signs/resnet50,303,repair,54,0,2
PatchNAS [ungated],tt100k_signs/resnet50,303,repair,57,1,2
PatchNAS [ungated],tt100k_signs/resnet50,303,repair,59,0,1
PatchNAS [ungated],tt100k_signs/resnet50,303,repair,60,0,1
PatchNAS [ungated],tt100k_signs/resnet50,303,repair,63,6,6
PatchNAS [ungated],tt100k_signs/resnet50,303,repair,67,9,9
PatchNAS [ungated],tt100k_signs/resnet50,303,repair,68,0,1
PatchNAS [ungated],tt100k_signs/resnet50,303,repair,69,0,1
PatchNAS [ungated],tt100k_signs/resnet50,303,repair,70,0,1
PatchNAS [ungated],tt100k_signs/resnet50,303,repair,72,2,2
PatchNAS [ungated],tt100k_signs/resnet50,303,repair,73,0,1
PatchNAS [ungated],tt100k_signs/resnet50,303,repair,74,2,2
PatchNAS [ungated],tt100k_signs/resnet50,303,repair,75,3,4
PatchNAS [ungated],tt100k_signs/resnet50,303,repair,78,0,1
PatchNAS [ungated],tt100k_signs/resnet50,303,repair,79,0,1
PatchNAS [ungated],tt100k_signs/resnet50,303,repair,80,0,1
PatchNAS [ungated],tt100k_signs/resnet50,303,repair,81,0,1
PatchNAS [ungated],tt100k_signs/resnet50,303,repair,82,2,2
PatchNAS [ungated],tt100k_signs/resnet50,303,repair,83,5,5
PatchNAS [ungated],tt100k_signs/resnet50,303,repair,88,0,1
PatchNAS [ungated],tt100k_signs/resnet50,303,repair,89,5,6
PatchNAS [ungated],tt100k_signs/resnet50,303,repair,90,0,1
PatchNAS [ungated],tt100k_signs/resnet50,303,repair,91,1,6
PatchNAS [ungated],tt100k_signs/resnet50,303,repair,92,0,2
PatchNAS [ungated],tt100k_signs/resnet50,303,repair,97,1,3
PatchNAS [ungated],tt100k_signs/resnet50,303,repair,98,0,1
PatchNAS [ungated],tt100k_signs/resnet50,303,repair,99,0,2
PatchNAS [ungated],tt100k_signs/resnet50,303,repair,104,0,1
PatchNAS [ungated],tt100k_signs/resnet50,303,repair,106,2,3
PatchNAS [ungated],tt100k_signs/resnet50,303,repair,107,0,1
PatchNAS [ungated],tt100k_signs/resnet50,303,repair,110,5,5
PatchNAS [ungated],tt100k_signs/resnet50,303,repair,115,0,4
PatchNAS [ungated],tt100k_signs/resnet50,303,repair,117,23,34
PatchNAS [ungated],tt100k_signs/resnet50,303,repair,120,0,2
PatchNAS [ungated],tt100k_signs/resnet50,303,repair,121,0,2
PatchNAS [ungated],tt100k_signs/resnet50,303,repair,123,0,2
PatchNAS [ungated],tt100k_signs/resnet50,303,repair,124,0,2
PatchNAS [ungated],tt100k_signs/resnet50,303,repair,125,1,1
PatchNAS [ungated],tt100k_signs/resnet50,303,repair,126,0,1
PatchNAS [ungated],tt100k_signs/resnet50,303,repair,128,1,3
PatchNAS [ungated],tt100k_signs/resnet50,303,repair,133,0,1
PatchNAS [ungated],tt100k_signs/resnet50,303,repair,138,0,1
PatchNAS [ungated],tt100k_signs/resnet50,303,repair,141,3,12
PatchNAS [ungated],tt100k_signs/resnet50,303,repair,142,13,13
PatchNAS [ungated],tt100k_signs/resnet50,303,repair,143,0,1
PatchNAS [ungated],tt100k_signs/resnet50,303,repair,144,0,1
PatchNAS [ungated],tt100k_signs/resnet50,303,repair,146,0,1
PatchNAS [ungated],tt100k_signs/resnet50,303,repair,147,0,3
PatchNAS [ungated],tt100k_signs/resnet50,303,repair,148,3,7
PatchNAS [ungated],tt100k_signs/resnet50,303,repair,149,2,7
PatchNAS [ungated],tt100k_signs/resnet50,303,repair,150,0,1
PatchNAS [ungated],tt100k_signs/resnet50,303,repair,152,0,3
PatchNAS [ungated],tt100k_signs/resnet50,303,repair,153,0,3
PatchNAS [ungated],tt100k_signs/resnet50,303,repair,157,0,2
PatchNAS [ungated],tt100k_signs/resnet50,303,repair,160,0,3
PatchNAS [ungated],tt100k_signs/resnet50,303,repair,161,2,3
PatchNAS [ungated],tt100k_signs/resnet50,303,repair,163,2,3
PatchNAS [ungated],tt100k_signs/resnet50,303,repair,165,2,2
PatchNAS [ungated],tt100k_signs/resnet50,303,repair,166,0,1
PatchNAS [ungated],tt100k_signs/resnet50,303,repair,169,1,1
PatchNAS [ungated],tt100k_signs/resnet50,303,repair,171,0,1
PatchNAS [ungated],tt100k_signs/resnet50,303,repair,172,0,4
PatchNAS [ungated],tt100k_signs/resnet50,303,repair,174,0,1
PatchNAS [ungated],tt100k_signs/resnet50,303,repair,175,0,1
PatchNAS [ungated],tt100k_signs/resnet50,303,repair,177,0,1
PatchNAS [ungated],tt100k_signs/resnet50,303,repair,178,0,2
PatchNAS [ungated],tt100k_signs/resnet50,303,repair,179,2,3
PatchNAS [ungated],tt100k_signs/resnet50,303,repair,180,0,7
PatchNAS [ungated],tt100k_signs/resnet50,303,regression,1,34,35
PatchNAS [ungated],tt100k_signs/resnet50,303,regression,3,4,4
PatchNAS [ungated],tt100k_signs/resnet50,303,regression,4,2,2
PatchNAS [ungated],tt100k_signs/resnet50,303,regression,7,109,109
PatchNAS [ungated],tt100k_signs/resnet50,303,regression,8,4,4
PatchNAS [ungated],tt100k_signs/resnet50,303,regression,9,201,201
PatchNAS [ungated],tt100k_signs/resnet50,303,regression,10,456,457
PatchNAS [ungated],tt100k_signs/resnet50,303,regression,11,31,31
PatchNAS [ungated],tt100k_signs/resnet50,303,regression,12,0,1
PatchNAS [ungated],tt100k_signs/resnet50,303,regression,13,4,4
PatchNAS [ungated],tt100k_signs/resnet50,303,regression,14,116,116
PatchNAS [ungated],tt100k_signs/resnet50,303,regression,15,5,5
PatchNAS [ungated],tt100k_signs/resnet50,303,regression,16,80,80
PatchNAS [ungated],tt100k_signs/resnet50,303,regression,17,13,13
PatchNAS [ungated],tt100k_signs/resnet50,303,regression,18,107,201
PatchNAS [ungated],tt100k_signs/resnet50,303,regression,19,108,108
PatchNAS [ungated],tt100k_signs/resnet50,303,regression,20,23,33
PatchNAS [ungated],tt100k_signs/resnet50,303,regression,21,67,67
PatchNAS [ungated],tt100k_signs/resnet50,303,regression,22,408,410
PatchNAS [ungated],tt100k_signs/resnet50,303,regression,23,54,54
PatchNAS [ungated],tt100k_signs/resnet50,303,regression,25,10,26
PatchNAS [ungated],tt100k_signs/resnet50,303,regression,26,1,1
PatchNAS [ungated],tt100k_signs/resnet50,303,regression,27,3,4
PatchNAS [ungated],tt100k_signs/resnet50,303,regression,28,7,7
PatchNAS [ungated],tt100k_signs/resnet50,303,regression,29,3,4
PatchNAS [ungated],tt100k_signs/resnet50,303,regression,30,30,30
PatchNAS [ungated],tt100k_signs/resnet50,303,regression,31,6,6
PatchNAS [ungated],tt100k_signs/resnet50,303,regression,34,9,9
PatchNAS [ungated],tt100k_signs/resnet50,303,regression,35,76,76
PatchNAS [ungated],tt100k_signs/resnet50,303,regression,37,10,10
PatchNAS [ungated],tt100k_signs/resnet50,303,regression,38,166,179
PatchNAS [ungated],tt100k_signs/resnet50,303,regression,39,37,37
PatchNAS [ungated],tt100k_signs/resnet50,303,regression,40,1,1
PatchNAS [ungated],tt100k_signs/resnet50,303,regression,41,44,44
PatchNAS [ungated],tt100k_signs/resnet50,303,regression,42,1,1
PatchNAS [ungated],tt100k_signs/resnet50,303,regression,43,103,103
PatchNAS [ungated],tt100k_signs/resnet50,303,regression,44,29,31
PatchNAS [ungated],tt100k_signs/resnet50,303,regression,46,2,2
PatchNAS [ungated],tt100k_signs/resnet50,303,regression,47,17,17
PatchNAS [ungated],tt100k_signs/resnet50,303,regression,48,6,6
PatchNAS [ungated],tt100k_signs/resnet50,303,regression,50,10,10
PatchNAS [ungated],tt100k_signs/resnet50,303,regression,51,14,14
PatchNAS [ungated],tt100k_signs/resnet50,303,regression,53,17,17
PatchNAS [ungated],tt100k_signs/resnet50,303,regression,55,36,36
PatchNAS [ungated],tt100k_signs/resnet50,303,regression,57,1,2
PatchNAS [ungated],tt100k_signs/resnet50,303,regression,59,5,5
PatchNAS [ungated],tt100k_signs/resnet50,303,regression,60,1,1
PatchNAS [ungated],tt100k_signs/resnet50,303,regression,61,4,4
PatchNAS [ungated],tt100k_signs/resnet50,303,regression,65,9,9
PatchNAS [ungated],tt100k_signs/resnet50,303,regression,68,2,2
PatchNAS [ungated],tt100k_signs/resnet50,303,regression,70,30,30
PatchNAS [ungated],tt100k_signs/resnet50,303,regression,71,12,12
PatchNAS [ungated],tt100k_signs/resnet50,303,regression,74,39,44
PatchNAS [ungated],tt100k_signs/resnet50,303,regression,76,31,31
PatchNAS [ungated],tt100k_signs/resnet50,303,regression,77,3,3
PatchNAS [ungated],tt100k_signs/resnet50,303,regression,80,20,20
PatchNAS [ungated],tt100k_signs/resnet50,303,regression,81,158,164
PatchNAS [ungated],tt100k_signs/resnet50,303,regression,82,10,12
PatchNAS [ungated],tt100k_signs/resnet50,303,regression,83,1,61
PatchNAS [ungated],tt100k_signs/resnet50,303,regression,84,49,49
PatchNAS [ungated],tt100k_signs/resnet50,303,regression,85,45,45
PatchNAS [ungated],tt100k_signs/resnet50,303,regression,86,3,3
PatchNAS [ungated],tt100k_signs/resnet50,303,regression,88,166,167
PatchNAS [ungated],tt100k_signs/resnet50,303,regression,89,0,1
PatchNAS [ungated],tt100k_signs/resnet50,303,regression,91,347,363
PatchNAS [ungated],tt100k_signs/resnet50,303,regression,92,149,171
PatchNAS [ungated],tt100k_signs/resnet50,303,regression,93,292,292
PatchNAS [ungated],tt100k_signs/resnet50,303,regression,94,208,230
PatchNAS [ungated],tt100k_signs/resnet50,303,regression,96,33,33
PatchNAS [ungated],tt100k_signs/resnet50,303,regression,97,197,224
PatchNAS [ungated],tt100k_signs/resnet50,303,regression,98,11,11
PatchNAS [ungated],tt100k_signs/resnet50,303,regression,100,27,27
PatchNAS [ungated],tt100k_signs/resnet50,303,regression,102,12,12
PatchNAS [ungated],tt100k_signs/resnet50,303,regression,103,2,2
PatchNAS [ungated],tt100k_signs/resnet50,303,regression,105,43,43
PatchNAS [ungated],tt100k_signs/resnet50,303,regression,107,24,24
PatchNAS [ungated],tt100k_signs/resnet50,303,regression,109,3,3
PatchNAS [ungated],tt100k_signs/resnet50,303,regression,111,7,7
PatchNAS [ungated],tt100k_signs/resnet50,303,regression,112,4,7
PatchNAS [ungated],tt100k_signs/resnet50,303,regression,113,33,33
PatchNAS [ungated],tt100k_signs/resnet50,303,regression,114,3,5
PatchNAS [ungated],tt100k_signs/resnet50,303,regression,115,857,861
PatchNAS [ungated],tt100k_signs/resnet50,303,regression,116,612,612
PatchNAS [ungated],tt100k_signs/resnet50,303,regression,117,115,269
PatchNAS [ungated],tt100k_signs/resnet50,303,regression,120,15,15
PatchNAS [ungated],tt100k_signs/resnet50,303,regression,121,26,26
PatchNAS [ungated],tt100k_signs/resnet50,303,regression,122,52,52
PatchNAS [ungated],tt100k_signs/resnet50,303,regression,124,20,20
PatchNAS [ungated],tt100k_signs/resnet50,303,regression,125,28,33
PatchNAS [ungated],tt100k_signs/resnet50,303,regression,126,10,10
PatchNAS [ungated],tt100k_signs/resnet50,303,regression,127,6,6
PatchNAS [ungated],tt100k_signs/resnet50,303,regression,128,30,41
PatchNAS [ungated],tt100k_signs/resnet50,303,regression,131,1,1
PatchNAS [ungated],tt100k_signs/resnet50,303,regression,132,9,9
PatchNAS [ungated],tt100k_signs/resnet50,303,regression,134,1,1
PatchNAS [ungated],tt100k_signs/resnet50,303,regression,140,27,28
PatchNAS [ungated],tt100k_signs/resnet50,303,regression,143,4,4
PatchNAS [ungated],tt100k_signs/resnet50,303,regression,145,5,5
PatchNAS [ungated],tt100k_signs/resnet50,303,regression,146,39,39
PatchNAS [ungated],tt100k_signs/resnet50,303,regression,147,35,35
PatchNAS [ungated],tt100k_signs/resnet50,303,regression,151,9,9
PatchNAS [ungated],tt100k_signs/resnet50,303,regression,152,44,44
PatchNAS [ungated],tt100k_signs/resnet50,303,regression,154,27,28
PatchNAS [ungated],tt100k_signs/resnet50,303,regression,155,9,9
PatchNAS [ungated],tt100k_signs/resnet50,303,regression,156,1,1
PatchNAS [ungated],tt100k_signs/resnet50,303,regression,159,1,1
PatchNAS [ungated],tt100k_signs/resnet50,303,regression,160,4,11
PatchNAS [ungated],tt100k_signs/resnet50,303,regression,163,6,8
PatchNAS [ungated],tt100k_signs/resnet50,303,regression,164,1,1
PatchNAS [ungated],tt100k_signs/resnet50,303,regression,165,6,16
PatchNAS [ungated],tt100k_signs/resnet50,303,regression,170,54,54
PatchNAS [ungated],tt100k_signs/resnet50,303,regression,172,94,97
PatchNAS [ungated],tt100k_signs/resnet50,303,regression,173,26,26
PatchNAS [ungated],tt100k_signs/resnet50,303,regression,174,46,46
PatchNAS [ungated],tt100k_signs/resnet50,303,regression,177,31,45
PatchNAS [ungated],tt100k_signs/resnet50,303,regression,180,20,20
PatchNAS [ungated],tt100k_signs/convnext_tiny,101,repair,4,0,1
PatchNAS [ungated],tt100k_signs/convnext_tiny,101,repair,6,2,5
PatchNAS [ungated],tt100k_signs/convnext_tiny,101,repair,7,0,4
PatchNAS [ungated],tt100k_signs/convnext_tiny,101,repair,8,0,1
PatchNAS [ungated],tt100k_signs/convnext_tiny,101,repair,14,0,2
PatchNAS [ungated],tt100k_signs/convnext_tiny,101,repair,18,3,4
PatchNAS [ungated],tt100k_signs/convnext_tiny,101,repair,19,0,1
PatchNAS [ungated],tt100k_signs/convnext_tiny,101,repair,21,0,2
PatchNAS [ungated],tt100k_signs/convnext_tiny,101,repair,23,0,1
PatchNAS [ungated],tt100k_signs/convnext_tiny,101,repair,24,0,1
PatchNAS [ungated],tt100k_signs/convnext_tiny,101,repair,27,0,1
PatchNAS [ungated],tt100k_signs/convnext_tiny,101,repair,29,3,4
PatchNAS [ungated],tt100k_signs/convnext_tiny,101,repair,34,0,1
PatchNAS [ungated],tt100k_signs/convnext_tiny,101,repair,38,0,1
PatchNAS [ungated],tt100k_signs/convnext_tiny,101,repair,40,0,1
PatchNAS [ungated],tt100k_signs/convnext_tiny,101,repair,41,0,2
PatchNAS [ungated],tt100k_signs/convnext_tiny,101,repair,42,0,1
PatchNAS [ungated],tt100k_signs/convnext_tiny,101,repair,44,1,1
PatchNAS [ungated],tt100k_signs/convnext_tiny,101,repair,50,0,1
PatchNAS [ungated],tt100k_signs/convnext_tiny,101,repair,54,0,1
PatchNAS [ungated],tt100k_signs/convnext_tiny,101,repair,62,1,2
PatchNAS [ungated],tt100k_signs/convnext_tiny,101,repair,63,6,6
PatchNAS [ungated],tt100k_signs/convnext_tiny,101,repair,66,0,1
PatchNAS [ungated],tt100k_signs/convnext_tiny,101,repair,67,11,11
PatchNAS [ungated],tt100k_signs/convnext_tiny,101,repair,68,0,2
PatchNAS [ungated],tt100k_signs/convnext_tiny,101,repair,69,0,1
PatchNAS [ungated],tt100k_signs/convnext_tiny,101,repair,70,0,1
PatchNAS [ungated],tt100k_signs/convnext_tiny,101,repair,71,0,1
PatchNAS [ungated],tt100k_signs/convnext_tiny,101,repair,72,0,3
PatchNAS [ungated],tt100k_signs/convnext_tiny,101,repair,73,0,1
PatchNAS [ungated],tt100k_signs/convnext_tiny,101,repair,74,0,1
PatchNAS [ungated],tt100k_signs/convnext_tiny,101,repair,75,2,2
PatchNAS [ungated],tt100k_signs/convnext_tiny,101,repair,77,1,1
PatchNAS [ungated],tt100k_signs/convnext_tiny,101,repair,78,0,1
PatchNAS [ungated],tt100k_signs/convnext_tiny,101,repair,79,0,1
PatchNAS [ungated],tt100k_signs/convnext_tiny,101,repair,80,2,2
PatchNAS [ungated],tt100k_signs/convnext_tiny,101,repair,81,0,1
PatchNAS [ungated],tt100k_signs/convnext_tiny,101,repair,82,0,3
PatchNAS [ungated],tt100k_signs/convnext_tiny,101,repair,88,0,2
PatchNAS [ungated],tt100k_signs/convnext_tiny,101,repair,91,1,2
PatchNAS [ungated],tt100k_signs/convnext_tiny,101,repair,92,0,1
PatchNAS [ungated],tt100k_signs/convnext_tiny,101,repair,93,0,1
PatchNAS [ungated],tt100k_signs/convnext_tiny,101,repair,94,3,8
PatchNAS [ungated],tt100k_signs/convnext_tiny,101,repair,95,0,2
PatchNAS [ungated],tt100k_signs/convnext_tiny,101,repair,97,0,1
PatchNAS [ungated],tt100k_signs/convnext_tiny,101,repair,99,1,1
PatchNAS [ungated],tt100k_signs/convnext_tiny,101,repair,100,0,2
PatchNAS [ungated],tt100k_signs/convnext_tiny,101,repair,104,0,1
PatchNAS [ungated],tt100k_signs/convnext_tiny,101,repair,106,6,7
PatchNAS [ungated],tt100k_signs/convnext_tiny,101,repair,110,2,2
PatchNAS [ungated],tt100k_signs/convnext_tiny,101,repair,111,5,5
PatchNAS [ungated],tt100k_signs/convnext_tiny,101,repair,114,0,4
PatchNAS [ungated],tt100k_signs/convnext_tiny,101,repair,115,0,2
PatchNAS [ungated],tt100k_signs/convnext_tiny,101,repair,117,12,23
PatchNAS [ungated],tt100k_signs/convnext_tiny,101,repair,123,0,2
PatchNAS [ungated],tt100k_signs/convnext_tiny,101,repair,126,2,2
PatchNAS [ungated],tt100k_signs/convnext_tiny,101,repair,128,0,3
PatchNAS [ungated],tt100k_signs/convnext_tiny,101,repair,132,0,1
PatchNAS [ungated],tt100k_signs/convnext_tiny,101,repair,138,0,1
PatchNAS [ungated],tt100k_signs/convnext_tiny,101,repair,140,1,3
PatchNAS [ungated],tt100k_signs/convnext_tiny,101,repair,141,5,6
PatchNAS [ungated],tt100k_signs/convnext_tiny,101,repair,142,10,10
PatchNAS [ungated],tt100k_signs/convnext_tiny,101,repair,143,0,2
PatchNAS [ungated],tt100k_signs/convnext_tiny,101,repair,145,2,3
PatchNAS [ungated],tt100k_signs/convnext_tiny,101,repair,147,1,3
PatchNAS [ungated],tt100k_signs/convnext_tiny,101,repair,148,4,7
PatchNAS [ungated],tt100k_signs/convnext_tiny,101,repair,149,3,3
PatchNAS [ungated],tt100k_signs/convnext_tiny,101,repair,150,0,1
PatchNAS [ungated],tt100k_signs/convnext_tiny,101,repair,152,0,4
PatchNAS [ungated],tt100k_signs/convnext_tiny,101,repair,153,1,1
PatchNAS [ungated],tt100k_signs/convnext_tiny,101,repair,154,0,1
PatchNAS [ungated],tt100k_signs/convnext_tiny,101,repair,160,0,1
PatchNAS [ungated],tt100k_signs/convnext_tiny,101,repair,161,2,2
PatchNAS [ungated],tt100k_signs/convnext_tiny,101,repair,162,0,1
PatchNAS [ungated],tt100k_signs/convnext_tiny,101,repair,163,0,1
PatchNAS [ungated],tt100k_signs/convnext_tiny,101,repair,164,0,1
PatchNAS [ungated],tt100k_signs/convnext_tiny,101,repair,165,0,5
PatchNAS [ungated],tt100k_signs/convnext_tiny,101,repair,166,0,1
PatchNAS [ungated],tt100k_signs/convnext_tiny,101,repair,169,0,1
PatchNAS [ungated],tt100k_signs/convnext_tiny,101,repair,172,0,1
PatchNAS [ungated],tt100k_signs/convnext_tiny,101,repair,173,0,1
PatchNAS [ungated],tt100k_signs/convnext_tiny,101,repair,174,0,2
PatchNAS [ungated],tt100k_signs/convnext_tiny,101,repair,175,0,1
PatchNAS [ungated],tt100k_signs/convnext_tiny,101,repair,176,0,1
PatchNAS [ungated],tt100k_signs/convnext_tiny,101,repair,177,0,3
PatchNAS [ungated],tt100k_signs/convnext_tiny,101,repair,179,1,1
PatchNAS [ungated],tt100k_signs/convnext_tiny,101,repair,180,0,1
PatchNAS [ungated],tt100k_signs/convnext_tiny,101,regression,1,34,34
PatchNAS [ungated],tt100k_signs/convnext_tiny,101,regression,3,6,6
PatchNAS [ungated],tt100k_signs/convnext_tiny,101,regression,4,4,4
PatchNAS [ungated],tt100k_signs/convnext_tiny,101,regression,5,2,2
PatchNAS [ungated],tt100k_signs/convnext_tiny,101,regression,7,116,116
PatchNAS [ungated],tt100k_signs/convnext_tiny,101,regression,8,3,3
PatchNAS [ungated],tt100k_signs/convnext_tiny,101,regression,9,187,187
PatchNAS [ungated],tt100k_signs/convnext_tiny,101,regression,10,467,467
PatchNAS [ungated],tt100k_signs/convnext_tiny,101,regression,11,33,33
PatchNAS [ungated],tt100k_signs/convnext_tiny,101,regression,12,1,1
PatchNAS [ungated],tt100k_signs/convnext_tiny,101,regression,13,4,4
PatchNAS [ungated],tt100k_signs/convnext_tiny,101,regression,14,115,115
PatchNAS [ungated],tt100k_signs/convnext_tiny,101,regression,15,5,5
PatchNAS [ungated],tt100k_signs/convnext_tiny,101,regression,16,77,77
PatchNAS [ungated],tt100k_signs/convnext_tiny,101,regression,17,16,16
PatchNAS [ungated],tt100k_signs/convnext_tiny,101,regression,18,6,209
PatchNAS [ungated],tt100k_signs/convnext_tiny,101,regression,19,102,102
PatchNAS [ungated],tt100k_signs/convnext_tiny,101,regression,20,33,33
PatchNAS [ungated],tt100k_signs/convnext_tiny,101,regression,21,73,73
PatchNAS [ungated],tt100k_signs/convnext_tiny,101,regression,22,405,405
PatchNAS [ungated],tt100k_signs/convnext_tiny,101,regression,23,59,59
PatchNAS [ungated],tt100k_signs/convnext_tiny,101,regression,25,12,24
PatchNAS [ungated],tt100k_signs/convnext_tiny,101,regression,26,1,1
PatchNAS [ungated],tt100k_signs/convnext_tiny,101,regression,27,6,6
PatchNAS [ungated],tt100k_signs/convnext_tiny,101,regression,28,9,9
PatchNAS [ungated],tt100k_signs/convnext_tiny,101,regression,29,3,5
PatchNAS [ungated],tt100k_signs/convnext_tiny,101,regression,30,29,29
PatchNAS [ungated],tt100k_signs/convnext_tiny,101,regression,31,7,7
PatchNAS [ungated],tt100k_signs/convnext_tiny,101,regression,34,7,7
PatchNAS [ungated],tt100k_signs/convnext_tiny,101,regression,35,85,85
PatchNAS [ungated],tt100k_signs/convnext_tiny,101,regression,37,11,11
PatchNAS [ungated],tt100k_signs/convnext_tiny,101,regression,38,176,183
PatchNAS [ungated],tt100k_signs/convnext_tiny,101,regression,39,39,39
PatchNAS [ungated],tt100k_signs/convnext_tiny,101,regression,41,47,47
PatchNAS [ungated],tt100k_signs/convnext_tiny,101,regression,42,1,1
PatchNAS [ungated],tt100k_signs/convnext_tiny,101,regression,43,110,110
PatchNAS [ungated],tt100k_signs/convnext_tiny,101,regression,44,30,33
PatchNAS [ungated],tt100k_signs/convnext_tiny,101,regression,46,4,4
PatchNAS [ungated],tt100k_signs/convnext_tiny,101,regression,47,19,19
PatchNAS [ungated],tt100k_signs/convnext_tiny,101,regression,48,3,3
PatchNAS [ungated],tt100k_signs/convnext_tiny,101,regression,50,11,11
PatchNAS [ungated],tt100k_signs/convnext_tiny,101,regression,51,15,15
PatchNAS [ungated],tt100k_signs/convnext_tiny,101,regression,53,20,20
PatchNAS [ungated],tt100k_signs/convnext_tiny,101,regression,55,36,36
PatchNAS [ungated],tt100k_signs/convnext_tiny,101,regression,57,7,7
PatchNAS [ungated],tt100k_signs/convnext_tiny,101,regression,59,6,6
PatchNAS [ungated],tt100k_signs/convnext_tiny,101,regression,60,1,1
PatchNAS [ungated],tt100k_signs/convnext_tiny,101,regression,61,5,5
PatchNAS [ungated],tt100k_signs/convnext_tiny,101,regression,65,7,7
PatchNAS [ungated],tt100k_signs/convnext_tiny,101,regression,68,1,1
PatchNAS [ungated],tt100k_signs/convnext_tiny,101,regression,70,29,29
PatchNAS [ungated],tt100k_signs/convnext_tiny,101,regression,71,10,10
PatchNAS [ungated],tt100k_signs/convnext_tiny,101,regression,74,42,43
PatchNAS [ungated],tt100k_signs/convnext_tiny,101,regression,75,2,4
PatchNAS [ungated],tt100k_signs/convnext_tiny,101,regression,76,30,30
PatchNAS [ungated],tt100k_signs/convnext_tiny,101,regression,80,0,10
PatchNAS [ungated],tt100k_signs/convnext_tiny,101,regression,81,166,166
PatchNAS [ungated],tt100k_signs/convnext_tiny,101,regression,82,12,12
PatchNAS [ungated],tt100k_signs/convnext_tiny,101,regression,83,64,70
PatchNAS [ungated],tt100k_signs/convnext_tiny,101,regression,84,47,47
PatchNAS [ungated],tt100k_signs/convnext_tiny,101,regression,85,41,46
PatchNAS [ungated],tt100k_signs/convnext_tiny,101,regression,86,2,2
PatchNAS [ungated],tt100k_signs/convnext_tiny,101,regression,88,166,166
PatchNAS [ungated],tt100k_signs/convnext_tiny,101,regression,89,13,15
PatchNAS [ungated],tt100k_signs/convnext_tiny,101,regression,91,360,360
PatchNAS [ungated],tt100k_signs/convnext_tiny,101,regression,92,174,174
PatchNAS [ungated],tt100k_signs/convnext_tiny,101,regression,93,286,286
PatchNAS [ungated],tt100k_signs/convnext_tiny,101,regression,94,193,210
PatchNAS [ungated],tt100k_signs/convnext_tiny,101,regression,96,31,31
PatchNAS [ungated],tt100k_signs/convnext_tiny,101,regression,97,224,224
PatchNAS [ungated],tt100k_signs/convnext_tiny,101,regression,98,12,12
PatchNAS [ungated],tt100k_signs/convnext_tiny,101,regression,100,27,27
PatchNAS [ungated],tt100k_signs/convnext_tiny,101,regression,102,20,20
PatchNAS [ungated],tt100k_signs/convnext_tiny,101,regression,103,2,2
PatchNAS [ungated],tt100k_signs/convnext_tiny,101,regression,105,40,41
PatchNAS [ungated],tt100k_signs/convnext_tiny,101,regression,107,25,25
PatchNAS [ungated],tt100k_signs/convnext_tiny,101,regression,108,1,1
PatchNAS [ungated],tt100k_signs/convnext_tiny,101,regression,109,4,4
PatchNAS [ungated],tt100k_signs/convnext_tiny,101,regression,111,1,1
PatchNAS [ungated],tt100k_signs/convnext_tiny,101,regression,112,0,3
PatchNAS [ungated],tt100k_signs/convnext_tiny,101,regression,113,31,31
PatchNAS [ungated],tt100k_signs/convnext_tiny,101,regression,114,3,3
PatchNAS [ungated],tt100k_signs/convnext_tiny,101,regression,115,837,845
PatchNAS [ungated],tt100k_signs/convnext_tiny,101,regression,116,635,635
PatchNAS [ungated],tt100k_signs/convnext_tiny,101,regression,117,227,296
PatchNAS [ungated],tt100k_signs/convnext_tiny,101,regression,120,16,16
PatchNAS [ungated],tt100k_signs/convnext_tiny,101,regression,121,29,29
PatchNAS [ungated],tt100k_signs/convnext_tiny,101,regression,122,53,53
PatchNAS [ungated],tt100k_signs/convnext_tiny,101,regression,124,23,23
PatchNAS [ungated],tt100k_signs/convnext_tiny,101,regression,125,5,34
PatchNAS [ungated],tt100k_signs/convnext_tiny,101,regression,126,9,9
PatchNAS [ungated],tt100k_signs/convnext_tiny,101,regression,127,8,8
PatchNAS [ungated],tt100k_signs/convnext_tiny,101,regression,128,43,43
PatchNAS [ungated],tt100k_signs/convnext_tiny,101,regression,131,1,1
PatchNAS [ungated],tt100k_signs/convnext_tiny,101,regression,132,8,8
PatchNAS [ungated],tt100k_signs/convnext_tiny,101,regression,134,3,3
PatchNAS [ungated],tt100k_signs/convnext_tiny,101,regression,139,1,1
PatchNAS [ungated],tt100k_signs/convnext_tiny,101,regression,140,18,26
PatchNAS [ungated],tt100k_signs/convnext_tiny,101,regression,143,6,6
PatchNAS [ungated],tt100k_signs/convnext_tiny,101,regression,145,0,1
PatchNAS [ungated],tt100k_signs/convnext_tiny,101,regression,146,35,35
PatchNAS [ungated],tt100k_signs/convnext_tiny,101,regression,147,27,34
PatchNAS [ungated],tt100k_signs/convnext_tiny,101,regression,151,9,9
PatchNAS [ungated],tt100k_signs/convnext_tiny,101,regression,152,32,32
PatchNAS [ungated],tt100k_signs/convnext_tiny,101,regression,154,28,28
PatchNAS [ungated],tt100k_signs/convnext_tiny,101,regression,155,4,8
PatchNAS [ungated],tt100k_signs/convnext_tiny,101,regression,157,2,2
PatchNAS [ungated],tt100k_signs/convnext_tiny,101,regression,159,1,1
PatchNAS [ungated],tt100k_signs/convnext_tiny,101,regression,160,12,17
PatchNAS [ungated],tt100k_signs/convnext_tiny,101,regression,163,1,4
PatchNAS [ungated],tt100k_signs/convnext_tiny,101,regression,164,2,2
PatchNAS [ungated],tt100k_signs/convnext_tiny,101,regression,165,21,21
PatchNAS [ungated],tt100k_signs/convnext_tiny,101,regression,170,42,45
PatchNAS [ungated],tt100k_signs/convnext_tiny,101,regression,172,106,106
PatchNAS [ungated],tt100k_signs/convnext_tiny,101,regression,173,25,25
PatchNAS [ungated],tt100k_signs/convnext_tiny,101,regression,174,48,48
PatchNAS [ungated],tt100k_signs/convnext_tiny,101,regression,177,34,38
PatchNAS [ungated],tt100k_signs/convnext_tiny,101,regression,178,2,2
PatchNAS [ungated],tt100k_signs/convnext_tiny,101,regression,180,23,24
PatchNAS [ungated],tt100k_signs/convnext_tiny,202,repair,4,0,1
PatchNAS [ungated],tt100k_signs/convnext_tiny,202,repair,6,3,3
PatchNAS [ungated],tt100k_signs/convnext_tiny,202,repair,7,0,2
PatchNAS [ungated],tt100k_signs/convnext_tiny,202,repair,14,0,1
PatchNAS [ungated],tt100k_signs/convnext_tiny,202,repair,18,3,5
PatchNAS [ungated],tt100k_signs/convnext_tiny,202,repair,19,0,1
PatchNAS [ungated],tt100k_signs/convnext_tiny,202,repair,20,0,1
PatchNAS [ungated],tt100k_signs/convnext_tiny,202,repair,24,0,1
PatchNAS [ungated],tt100k_signs/convnext_tiny,202,repair,25,0,1
PatchNAS [ungated],tt100k_signs/convnext_tiny,202,repair,29,3,3
PatchNAS [ungated],tt100k_signs/convnext_tiny,202,repair,38,1,3
PatchNAS [ungated],tt100k_signs/convnext_tiny,202,repair,40,0,2
PatchNAS [ungated],tt100k_signs/convnext_tiny,202,repair,41,1,2
PatchNAS [ungated],tt100k_signs/convnext_tiny,202,repair,44,0,1
PatchNAS [ungated],tt100k_signs/convnext_tiny,202,repair,50,0,1
PatchNAS [ungated],tt100k_signs/convnext_tiny,202,repair,54,0,1
PatchNAS [ungated],tt100k_signs/convnext_tiny,202,repair,60,0,1
PatchNAS [ungated],tt100k_signs/convnext_tiny,202,repair,62,0,1
PatchNAS [ungated],tt100k_signs/convnext_tiny,202,repair,63,2,2
PatchNAS [ungated],tt100k_signs/convnext_tiny,202,repair,67,13,14
PatchNAS [ungated],tt100k_signs/convnext_tiny,202,repair,68,1,1
PatchNAS [ungated],tt100k_signs/convnext_tiny,202,repair,69,0,1
PatchNAS [ungated],tt100k_signs/convnext_tiny,202,repair,72,2,2
PatchNAS [ungated],tt100k_signs/convnext_tiny,202,repair,75,2,2
PatchNAS [ungated],tt100k_signs/convnext_tiny,202,repair,76,0,1
PatchNAS [ungated],tt100k_signs/convnext_tiny,202,repair,77,1,2
PatchNAS [ungated],tt100k_signs/convnext_tiny,202,repair,78,0,2
PatchNAS [ungated],tt100k_signs/convnext_tiny,202,repair,79,0,1
PatchNAS [ungated],tt100k_signs/convnext_tiny,202,repair,80,1,1
PatchNAS [ungated],tt100k_signs/convnext_tiny,202,repair,81,1,1
PatchNAS [ungated],tt100k_signs/convnext_tiny,202,repair,82,1,2
PatchNAS [ungated],tt100k_signs/convnext_tiny,202,repair,88,0,2
PatchNAS [ungated],tt100k_signs/convnext_tiny,202,repair,89,0,1
PatchNAS [ungated],tt100k_signs/convnext_tiny,202,repair,91,0,4
PatchNAS [ungated],tt100k_signs/convnext_tiny,202,repair,92,0,1
PatchNAS [ungated],tt100k_signs/convnext_tiny,202,repair,93,0,1
PatchNAS [ungated],tt100k_signs/convnext_tiny,202,repair,94,7,7
PatchNAS [ungated],tt100k_signs/convnext_tiny,202,repair,97,0,1
PatchNAS [ungated],tt100k_signs/convnext_tiny,202,repair,99,1,1
PatchNAS [ungated],tt100k_signs/convnext_tiny,202,repair,100,0,2
PatchNAS [ungated],tt100k_signs/convnext_tiny,202,repair,101,0,1
PatchNAS [ungated],tt100k_signs/convnext_tiny,202,repair,104,0,1
PatchNAS [ungated],tt100k_signs/convnext_tiny,202,repair,106,3,3
PatchNAS [ungated],tt100k_signs/convnext_tiny,202,repair,107,0,1
PatchNAS [ungated],tt100k_signs/convnext_tiny,202,repair,110,4,4
PatchNAS [ungated],tt100k_signs/convnext_tiny,202,repair,111,6,7
PatchNAS [ungated],tt100k_signs/convnext_tiny,202,repair,112,2,3
PatchNAS [ungated],tt100k_signs/convnext_tiny,202,repair,114,0,2
PatchNAS [ungated],tt100k_signs/convnext_tiny,202,repair,115,1,2
PatchNAS [ungated],tt100k_signs/convnext_tiny,202,repair,117,20,26
PatchNAS [ungated],tt100k_signs/convnext_tiny,202,repair,123,1,1
PatchNAS [ungated],tt100k_signs/convnext_tiny,202,repair,126,1,1
PatchNAS [ungated],tt100k_signs/convnext_tiny,202,repair,128,1,2
PatchNAS [ungated],tt100k_signs/convnext_tiny,202,repair,132,0,1
PatchNAS [ungated],tt100k_signs/convnext_tiny,202,repair,133,0,1
PatchNAS [ungated],tt100k_signs/convnext_tiny,202,repair,138,0,1
PatchNAS [ungated],tt100k_signs/convnext_tiny,202,repair,140,1,3
PatchNAS [ungated],tt100k_signs/convnext_tiny,202,repair,141,7,7
PatchNAS [ungated],tt100k_signs/convnext_tiny,202,repair,142,16,16
PatchNAS [ungated],tt100k_signs/convnext_tiny,202,repair,143,0,1
PatchNAS [ungated],tt100k_signs/convnext_tiny,202,repair,144,0,1
PatchNAS [ungated],tt100k_signs/convnext_tiny,202,repair,145,2,2
PatchNAS [ungated],tt100k_signs/convnext_tiny,202,repair,147,0,1
PatchNAS [ungated],tt100k_signs/convnext_tiny,202,repair,148,7,9
PatchNAS [ungated],tt100k_signs/convnext_tiny,202,repair,149,4,5
PatchNAS [ungated],tt100k_signs/convnext_tiny,202,repair,152,0,1
PatchNAS [ungated],tt100k_signs/convnext_tiny,202,repair,153,1,1
PatchNAS [ungated],tt100k_signs/convnext_tiny,202,repair,154,0,1
PatchNAS [ungated],tt100k_signs/convnext_tiny,202,repair,160,0,3
PatchNAS [ungated],tt100k_signs/convnext_tiny,202,repair,161,1,3
PatchNAS [ungated],tt100k_signs/convnext_tiny,202,repair,162,0,1
PatchNAS [ungated],tt100k_signs/convnext_tiny,202,repair,163,1,2
PatchNAS [ungated],tt100k_signs/convnext_tiny,202,repair,164,0,1
PatchNAS [ungated],tt100k_signs/convnext_tiny,202,repair,165,1,2
PatchNAS [ungated],tt100k_signs/convnext_tiny,202,repair,166,0,1
PatchNAS [ungated],tt100k_signs/convnext_tiny,202,repair,167,0,1
PatchNAS [ungated],tt100k_signs/convnext_tiny,202,repair,169,1,1
PatchNAS [ungated],tt100k_signs/convnext_tiny,202,repair,170,0,1
PatchNAS [ungated],tt100k_signs/convnext_tiny,202,repair,173,0,1
PatchNAS [ungated],tt100k_signs/convnext_tiny,202,repair,174,1,1
PatchNAS [ungated],tt100k_signs/convnext_tiny,202,repair,175,0,1
PatchNAS [ungated],tt100k_signs/convnext_tiny,202,repair,176,0,1
PatchNAS [ungated],tt100k_signs/convnext_tiny,202,repair,177,0,4
PatchNAS [ungated],tt100k_signs/convnext_tiny,202,repair,179,3,3
PatchNAS [ungated],tt100k_signs/convnext_tiny,202,repair,180,0,2
PatchNAS [ungated],tt100k_signs/convnext_tiny,202,regression,1,38,38
PatchNAS [ungated],tt100k_signs/convnext_tiny,202,regression,2,0,1
PatchNAS [ungated],tt100k_signs/convnext_tiny,202,regression,3,4,4
PatchNAS [ungated],tt100k_signs/convnext_tiny,202,regression,4,2,2
PatchNAS [ungated],tt100k_signs/convnext_tiny,202,regression,5,2,2
PatchNAS [ungated],tt100k_signs/convnext_tiny,202,regression,7,112,112
PatchNAS [ungated],tt100k_signs/convnext_tiny,202,regression,8,4,4
PatchNAS [ungated],tt100k_signs/convnext_tiny,202,regression,9,198,198
PatchNAS [ungated],tt100k_signs/convnext_tiny,202,regression,10,462,464
PatchNAS [ungated],tt100k_signs/convnext_tiny,202,regression,11,31,31
PatchNAS [ungated],tt100k_signs/convnext_tiny,202,regression,12,1,1
PatchNAS [ungated],tt100k_signs/convnext_tiny,202,regression,13,3,3
PatchNAS [ungated],tt100k_signs/convnext_tiny,202,regression,14,84,111
PatchNAS [ungated],tt100k_signs/convnext_tiny,202,regression,15,5,5
PatchNAS [ungated],tt100k_signs/convnext_tiny,202,regression,16,81,81
PatchNAS [ungated],tt100k_signs/convnext_tiny,202,regression,17,16,16
PatchNAS [ungated],tt100k_signs/convnext_tiny,202,regression,18,16,216
PatchNAS [ungated],tt100k_signs/convnext_tiny,202,regression,19,102,102
PatchNAS [ungated],tt100k_signs/convnext_tiny,202,regression,20,32,32
PatchNAS [ungated],tt100k_signs/convnext_tiny,202,regression,21,66,66
PatchNAS [ungated],tt100k_signs/convnext_tiny,202,regression,22,408,408
PatchNAS [ungated],tt100k_signs/convnext_tiny,202,regression,23,57,59
PatchNAS [ungated],tt100k_signs/convnext_tiny,202,regression,25,28,28
PatchNAS [ungated],tt100k_signs/convnext_tiny,202,regression,26,1,1
PatchNAS [ungated],tt100k_signs/convnext_tiny,202,regression,27,2,3
PatchNAS [ungated],tt100k_signs/convnext_tiny,202,regression,28,8,8
PatchNAS [ungated],tt100k_signs/convnext_tiny,202,regression,29,2,4
PatchNAS [ungated],tt100k_signs/convnext_tiny,202,regression,30,30,30
PatchNAS [ungated],tt100k_signs/convnext_tiny,202,regression,31,6,6
PatchNAS [ungated],tt100k_signs/convnext_tiny,202,regression,34,7,7
PatchNAS [ungated],tt100k_signs/convnext_tiny,202,regression,35,86,86
PatchNAS [ungated],tt100k_signs/convnext_tiny,202,regression,37,10,10
PatchNAS [ungated],tt100k_signs/convnext_tiny,202,regression,38,160,178
PatchNAS [ungated],tt100k_signs/convnext_tiny,202,regression,39,36,36
PatchNAS [ungated],tt100k_signs/convnext_tiny,202,regression,41,40,41
PatchNAS [ungated],tt100k_signs/convnext_tiny,202,regression,43,108,108
PatchNAS [ungated],tt100k_signs/convnext_tiny,202,regression,44,22,34
PatchNAS [ungated],tt100k_signs/convnext_tiny,202,regression,46,3,3
PatchNAS [ungated],tt100k_signs/convnext_tiny,202,regression,47,16,16
PatchNAS [ungated],tt100k_signs/convnext_tiny,202,regression,48,4,4
PatchNAS [ungated],tt100k_signs/convnext_tiny,202,regression,50,9,9
PatchNAS [ungated],tt100k_signs/convnext_tiny,202,regression,51,14,14
PatchNAS [ungated],tt100k_signs/convnext_tiny,202,regression,53,19,19
PatchNAS [ungated],tt100k_signs/convnext_tiny,202,regression,55,40,40
PatchNAS [ungated],tt100k_signs/convnext_tiny,202,regression,57,8,8
PatchNAS [ungated],tt100k_signs/convnext_tiny,202,regression,59,6,6
PatchNAS [ungated],tt100k_signs/convnext_tiny,202,regression,60,1,1
PatchNAS [ungated],tt100k_signs/convnext_tiny,202,regression,61,6,6
PatchNAS [ungated],tt100k_signs/convnext_tiny,202,regression,65,8,8
PatchNAS [ungated],tt100k_signs/convnext_tiny,202,regression,68,2,2
PatchNAS [ungated],tt100k_signs/convnext_tiny,202,regression,70,30,30
PatchNAS [ungated],tt100k_signs/convnext_tiny,202,regression,71,8,8
PatchNAS [ungated],tt100k_signs/convnext_tiny,202,regression,74,47,47
PatchNAS [ungated],tt100k_signs/convnext_tiny,202,regression,75,1,4
PatchNAS [ungated],tt100k_signs/convnext_tiny,202,regression,76,34,34
PatchNAS [ungated],tt100k_signs/convnext_tiny,202,regression,80,1,12
PatchNAS [ungated],tt100k_signs/convnext_tiny,202,regression,81,156,169
PatchNAS [ungated],tt100k_signs/convnext_tiny,202,regression,82,5,12
PatchNAS [ungated],tt100k_signs/convnext_tiny,202,regression,83,71,71
PatchNAS [ungated],tt100k_signs/convnext_tiny,202,regression,84,47,47
PatchNAS [ungated],tt100k_signs/convnext_tiny,202,regression,85,44,47
PatchNAS [ungated],tt100k_signs/convnext_tiny,202,regression,86,2,2
PatchNAS [ungated],tt100k_signs/convnext_tiny,202,regression,88,175,175
PatchNAS [ungated],tt100k_signs/convnext_tiny,202,regression,89,15,15
PatchNAS [ungated],tt100k_signs/convnext_tiny,202,regression,91,372,372
PatchNAS [ungated],tt100k_signs/convnext_tiny,202,regression,92,148,153
PatchNAS [ungated],tt100k_signs/convnext_tiny,202,regression,93,283,283
PatchNAS [ungated],tt100k_signs/convnext_tiny,202,regression,94,164,209
PatchNAS [ungated],tt100k_signs/convnext_tiny,202,regression,96,33,33
PatchNAS [ungated],tt100k_signs/convnext_tiny,202,regression,97,246,246
PatchNAS [ungated],tt100k_signs/convnext_tiny,202,regression,98,10,10
PatchNAS [ungated],tt100k_signs/convnext_tiny,202,regression,100,28,28
PatchNAS [ungated],tt100k_signs/convnext_tiny,202,regression,102,20,20
PatchNAS [ungated],tt100k_signs/convnext_tiny,202,regression,103,1,1
PatchNAS [ungated],tt100k_signs/convnext_tiny,202,regression,105,35,35
PatchNAS [ungated],tt100k_signs/convnext_tiny,202,regression,107,22,22
PatchNAS [ungated],tt100k_signs/convnext_tiny,202,regression,108,1,1
PatchNAS [ungated],tt100k_signs/convnext_tiny,202,regression,109,5,5
PatchNAS [ungated],tt100k_signs/convnext_tiny,202,regression,111,2,2
PatchNAS [ungated],tt100k_signs/convnext_tiny,202,regression,112,0,2
PatchNAS [ungated],tt100k_signs/convnext_tiny,202,regression,113,30,30
PatchNAS [ungated],tt100k_signs/convnext_tiny,202,regression,114,0,4
PatchNAS [ungated],tt100k_signs/convnext_tiny,202,regression,115,855,861
PatchNAS [ungated],tt100k_signs/convnext_tiny,202,regression,116,621,621
PatchNAS [ungated],tt100k_signs/convnext_tiny,202,regression,117,155,281
PatchNAS [ungated],tt100k_signs/convnext_tiny,202,regression,120,17,17
PatchNAS [ungated],tt100k_signs/convnext_tiny,202,regression,121,28,28
PatchNAS [ungated],tt100k_signs/convnext_tiny,202,regression,122,50,50
PatchNAS [ungated],tt100k_signs/convnext_tiny,202,regression,124,21,21
PatchNAS [ungated],tt100k_signs/convnext_tiny,202,regression,125,30,30
PatchNAS [ungated],tt100k_signs/convnext_tiny,202,regression,126,10,10
PatchNAS [ungated],tt100k_signs/convnext_tiny,202,regression,127,7,7
PatchNAS [ungated],tt100k_signs/convnext_tiny,202,regression,128,41,45
PatchNAS [ungated],tt100k_signs/convnext_tiny,202,regression,132,8,8
PatchNAS [ungated],tt100k_signs/convnext_tiny,202,regression,134,2,2
PatchNAS [ungated],tt100k_signs/convnext_tiny,202,regression,139,1,1
PatchNAS [ungated],tt100k_signs/convnext_tiny,202,regression,140,25,27
PatchNAS [ungated],tt100k_signs/convnext_tiny,202,regression,143,2,5
PatchNAS [ungated],tt100k_signs/convnext_tiny,202,regression,145,0,3
PatchNAS [ungated],tt100k_signs/convnext_tiny,202,regression,146,42,42
PatchNAS [ungated],tt100k_signs/convnext_tiny,202,regression,147,28,32
PatchNAS [ungated],tt100k_signs/convnext_tiny,202,regression,151,10,10
PatchNAS [ungated],tt100k_signs/convnext_tiny,202,regression,152,42,42
PatchNAS [ungated],tt100k_signs/convnext_tiny,202,regression,154,24,24
PatchNAS [ungated],tt100k_signs/convnext_tiny,202,regression,155,6,7
PatchNAS [ungated],tt100k_signs/convnext_tiny,202,regression,156,1,1
PatchNAS [ungated],tt100k_signs/convnext_tiny,202,regression,157,1,1
PatchNAS [ungated],tt100k_signs/convnext_tiny,202,regression,158,1,1
PatchNAS [ungated],tt100k_signs/convnext_tiny,202,regression,159,1,1
PatchNAS [ungated],tt100k_signs/convnext_tiny,202,regression,160,13,13
PatchNAS [ungated],tt100k_signs/convnext_tiny,202,regression,163,2,7
PatchNAS [ungated],tt100k_signs/convnext_tiny,202,regression,164,2,2
PatchNAS [ungated],tt100k_signs/convnext_tiny,202,regression,165,18,19
PatchNAS [ungated],tt100k_signs/convnext_tiny,202,regression,170,51,51
PatchNAS [ungated],tt100k_signs/convnext_tiny,202,regression,172,97,98
PatchNAS [ungated],tt100k_signs/convnext_tiny,202,regression,173,27,27
PatchNAS [ungated],tt100k_signs/convnext_tiny,202,regression,174,41,41
PatchNAS [ungated],tt100k_signs/convnext_tiny,202,regression,177,38,39
PatchNAS [ungated],tt100k_signs/convnext_tiny,202,regression,178,2,2
PatchNAS [ungated],tt100k_signs/convnext_tiny,202,regression,180,27,28
PatchNAS [ungated],tt100k_signs/convnext_tiny,303,repair,2,0,1
PatchNAS [ungated],tt100k_signs/convnext_tiny,303,repair,3,0,1
PatchNAS [ungated],tt100k_signs/convnext_tiny,303,repair,6,1,1
PatchNAS [ungated],tt100k_signs/convnext_tiny,303,repair,7,0,3
PatchNAS [ungated],tt100k_signs/convnext_tiny,303,repair,8,0,1
PatchNAS [ungated],tt100k_signs/convnext_tiny,303,repair,14,1,2
PatchNAS [ungated],tt100k_signs/convnext_tiny,303,repair,18,2,4
PatchNAS [ungated],tt100k_signs/convnext_tiny,303,repair,20,0,1
PatchNAS [ungated],tt100k_signs/convnext_tiny,303,repair,21,0,1
PatchNAS [ungated],tt100k_signs/convnext_tiny,303,repair,24,0,2
PatchNAS [ungated],tt100k_signs/convnext_tiny,303,repair,27,0,1
PatchNAS [ungated],tt100k_signs/convnext_tiny,303,repair,29,5,5
PatchNAS [ungated],tt100k_signs/convnext_tiny,303,repair,34,0,1
PatchNAS [ungated],tt100k_signs/convnext_tiny,303,repair,38,1,1
PatchNAS [ungated],tt100k_signs/convnext_tiny,303,repair,40,0,1
PatchNAS [ungated],tt100k_signs/convnext_tiny,303,repair,41,0,1
PatchNAS [ungated],tt100k_signs/convnext_tiny,303,repair,44,1,1
PatchNAS [ungated],tt100k_signs/convnext_tiny,303,repair,50,0,1
PatchNAS [ungated],tt100k_signs/convnext_tiny,303,repair,54,0,1
PatchNAS [ungated],tt100k_signs/convnext_tiny,303,repair,60,0,1
PatchNAS [ungated],tt100k_signs/convnext_tiny,303,repair,62,1,2
PatchNAS [ungated],tt100k_signs/convnext_tiny,303,repair,63,6,6
PatchNAS [ungated],tt100k_signs/convnext_tiny,303,repair,67,9,9
PatchNAS [ungated],tt100k_signs/convnext_tiny,303,repair,68,0,2
PatchNAS [ungated],tt100k_signs/convnext_tiny,303,repair,70,0,1
PatchNAS [ungated],tt100k_signs/convnext_tiny,303,repair,72,0,1
PatchNAS [ungated],tt100k_signs/convnext_tiny,303,repair,74,0,1
PatchNAS [ungated],tt100k_signs/convnext_tiny,303,repair,75,0,3
PatchNAS [ungated],tt100k_signs/convnext_tiny,303,repair,77,0,1
PatchNAS [ungated],tt100k_signs/convnext_tiny,303,repair,78,0,2
PatchNAS [ungated],tt100k_signs/convnext_tiny,303,repair,79,0,1
PatchNAS [ungated],tt100k_signs/convnext_tiny,303,repair,80,1,4
PatchNAS [ungated],tt100k_signs/convnext_tiny,303,repair,81,1,2
PatchNAS [ungated],tt100k_signs/convnext_tiny,303,repair,82,0,2
PatchNAS [ungated],tt100k_signs/convnext_tiny,303,repair,85,0,1
PatchNAS [ungated],tt100k_signs/convnext_tiny,303,repair,87,0,1
PatchNAS [ungated],tt100k_signs/convnext_tiny,303,repair,88,0,1
PatchNAS [ungated],tt100k_signs/convnext_tiny,303,repair,90,0,1
PatchNAS [ungated],tt100k_signs/convnext_tiny,303,repair,91,0,2
PatchNAS [ungated],tt100k_signs/convnext_tiny,303,repair,94,4,4
PatchNAS [ungated],tt100k_signs/convnext_tiny,303,repair,95,0,2
PatchNAS [ungated],tt100k_signs/convnext_tiny,303,repair,97,0,1
PatchNAS [ungated],tt100k_signs/convnext_tiny,303,repair,99,1,1
PatchNAS [ungated],tt100k_signs/convnext_tiny,303,repair,101,0,1
PatchNAS [ungated],tt100k_signs/convnext_tiny,303,repair,105,0,1
PatchNAS [ungated],tt100k_signs/convnext_tiny,303,repair,106,5,5
PatchNAS [ungated],tt100k_signs/convnext_tiny,303,repair,110,1,1
PatchNAS [ungated],tt100k_signs/convnext_tiny,303,repair,111,4,4
PatchNAS [ungated],tt100k_signs/convnext_tiny,303,repair,112,2,4
PatchNAS [ungated],tt100k_signs/convnext_tiny,303,repair,114,1,2
PatchNAS [ungated],tt100k_signs/convnext_tiny,303,repair,115,0,3
PatchNAS [ungated],tt100k_signs/convnext_tiny,303,repair,117,15,20
PatchNAS [ungated],tt100k_signs/convnext_tiny,303,repair,123,1,1
PatchNAS [ungated],tt100k_signs/convnext_tiny,303,repair,125,0,1
PatchNAS [ungated],tt100k_signs/convnext_tiny,303,repair,126,1,1
PatchNAS [ungated],tt100k_signs/convnext_tiny,303,repair,128,1,2
PatchNAS [ungated],tt100k_signs/convnext_tiny,303,repair,132,0,1
PatchNAS [ungated],tt100k_signs/convnext_tiny,303,repair,137,0,1
PatchNAS [ungated],tt100k_signs/convnext_tiny,303,repair,140,2,4
PatchNAS [ungated],tt100k_signs/convnext_tiny,303,repair,141,8,11
PatchNAS [ungated],tt100k_signs/convnext_tiny,303,repair,142,19,19
PatchNAS [ungated],tt100k_signs/convnext_tiny,303,repair,143,0,1
PatchNAS [ungated],tt100k_signs/convnext_tiny,303,repair,145,3,3
PatchNAS [ungated],tt100k_signs/convnext_tiny,303,repair,147,0,1
PatchNAS [ungated],tt100k_signs/convnext_tiny,303,repair,148,8,11
PatchNAS [ungated],tt100k_signs/convnext_tiny,303,repair,149,4,5
PatchNAS [ungated],tt100k_signs/convnext_tiny,303,repair,152,2,2
PatchNAS [ungated],tt100k_signs/convnext_tiny,303,repair,153,0,3
PatchNAS [ungated],tt100k_signs/convnext_tiny,303,repair,155,0,1
PatchNAS [ungated],tt100k_signs/convnext_tiny,303,repair,160,1,4
PatchNAS [ungated],tt100k_signs/convnext_tiny,303,repair,161,3,3
PatchNAS [ungated],tt100k_signs/convnext_tiny,303,repair,163,0,1
PatchNAS [ungated],tt100k_signs/convnext_tiny,303,repair,165,2,2
PatchNAS [ungated],tt100k_signs/convnext_tiny,303,repair,166,0,1
PatchNAS [ungated],tt100k_signs/convnext_tiny,303,repair,167,0,1
PatchNAS [ungated],tt100k_signs/convnext_tiny,303,repair,169,0,3
PatchNAS [ungated],tt100k_signs/convnext_tiny,303,repair,173,0,1
PatchNAS [ungated],tt100k_signs/convnext_tiny,303,repair,174,0,1
PatchNAS [ungated],tt100k_signs/convnext_tiny,303,repair,175,0,1
PatchNAS [ungated],tt100k_signs/convnext_tiny,303,repair,176,0,1
PatchNAS [ungated],tt100k_signs/convnext_tiny,303,repair,177,0,1
PatchNAS [ungated],tt100k_signs/convnext_tiny,303,repair,178,0,1
PatchNAS [ungated],tt100k_signs/convnext_tiny,303,repair,179,3,3
PatchNAS [ungated],tt100k_signs/convnext_tiny,303,repair,180,0,3
PatchNAS [ungated],tt100k_signs/convnext_tiny,303,regression,1,35,35
PatchNAS [ungated],tt100k_signs/convnext_tiny,303,regression,2,1,1
PatchNAS [ungated],tt100k_signs/convnext_tiny,303,regression,3,5,5
PatchNAS [ungated],tt100k_signs/convnext_tiny,303,regression,4,2,3
PatchNAS [ungated],tt100k_signs/convnext_tiny,303,regression,5,2,2
PatchNAS [ungated],tt100k_signs/convnext_tiny,303,regression,7,104,113
PatchNAS [ungated],tt100k_signs/convnext_tiny,303,regression,8,5,5
PatchNAS [ungated],tt100k_signs/convnext_tiny,303,regression,9,202,202
PatchNAS [ungated],tt100k_signs/convnext_tiny,303,regression,10,452,453
PatchNAS [ungated],tt100k_signs/convnext_tiny,303,regression,11,32,32
PatchNAS [ungated],tt100k_signs/convnext_tiny,303,regression,13,4,4
PatchNAS [ungated],tt100k_signs/convnext_tiny,303,regression,14,55,111
PatchNAS [ungated],tt100k_signs/convnext_tiny,303,regression,15,5,5
PatchNAS [ungated],tt100k_signs/convnext_tiny,303,regression,16,74,74
PatchNAS [ungated],tt100k_signs/convnext_tiny,303,regression,17,16,16
PatchNAS [ungated],tt100k_signs/convnext_tiny,303,regression,18,23,215
PatchNAS [ungated],tt100k_signs/convnext_tiny,303,regression,19,95,95
PatchNAS [ungated],tt100k_signs/convnext_tiny,303,regression,20,34,34
PatchNAS [ungated],tt100k_signs/convnext_tiny,303,regression,21,66,66
PatchNAS [ungated],tt100k_signs/convnext_tiny,303,regression,22,409,409
PatchNAS [ungated],tt100k_signs/convnext_tiny,303,regression,23,54,55
PatchNAS [ungated],tt100k_signs/convnext_tiny,303,regression,25,13,24
PatchNAS [ungated],tt100k_signs/convnext_tiny,303,regression,27,5,5
PatchNAS [ungated],tt100k_signs/convnext_tiny,303,regression,28,7,7
PatchNAS [ungated],tt100k_signs/convnext_tiny,303,regression,29,3,4
PatchNAS [ungated],tt100k_signs/convnext_tiny,303,regression,30,29,29
PatchNAS [ungated],tt100k_signs/convnext_tiny,303,regression,31,7,7
PatchNAS [ungated],tt100k_signs/convnext_tiny,303,regression,34,8,8
PatchNAS [ungated],tt100k_signs/convnext_tiny,303,regression,35,89,89
PatchNAS [ungated],tt100k_signs/convnext_tiny,303,regression,37,9,9
PatchNAS [ungated],tt100k_signs/convnext_tiny,303,regression,38,169,195
PatchNAS [ungated],tt100k_signs/convnext_tiny,303,regression,39,36,36
PatchNAS [ungated],tt100k_signs/convnext_tiny,303,regression,41,41,41
PatchNAS [ungated],tt100k_signs/convnext_tiny,303,regression,42,0,1
PatchNAS [ungated],tt100k_signs/convnext_tiny,303,regression,43,102,102
PatchNAS [ungated],tt100k_signs/convnext_tiny,303,regression,44,33,34
PatchNAS [ungated],tt100k_signs/convnext_tiny,303,regression,46,4,4
PatchNAS [ungated],tt100k_signs/convnext_tiny,303,regression,47,16,16
PatchNAS [ungated],tt100k_signs/convnext_tiny,303,regression,48,4,4
PatchNAS [ungated],tt100k_signs/convnext_tiny,303,regression,50,10,10
PatchNAS [ungated],tt100k_signs/convnext_tiny,303,regression,51,10,10
PatchNAS [ungated],tt100k_signs/convnext_tiny,303,regression,53,18,18
PatchNAS [ungated],tt100k_signs/convnext_tiny,303,regression,55,32,32
PatchNAS [ungated],tt100k_signs/convnext_tiny,303,regression,57,7,7
PatchNAS [ungated],tt100k_signs/convnext_tiny,303,regression,59,5,5
PatchNAS [ungated],tt100k_signs/convnext_tiny,303,regression,61,6,6
PatchNAS [ungated],tt100k_signs/convnext_tiny,303,regression,65,10,10
PatchNAS [ungated],tt100k_signs/convnext_tiny,303,regression,68,1,1
PatchNAS [ungated],tt100k_signs/convnext_tiny,303,regression,70,28,28
PatchNAS [ungated],tt100k_signs/convnext_tiny,303,regression,71,12,12
PatchNAS [ungated],tt100k_signs/convnext_tiny,303,regression,74,48,48
PatchNAS [ungated],tt100k_signs/convnext_tiny,303,regression,75,5,5
PatchNAS [ungated],tt100k_signs/convnext_tiny,303,regression,76,34,34
PatchNAS [ungated],tt100k_signs/convnext_tiny,303,regression,80,7,16
PatchNAS [ungated],tt100k_signs/convnext_tiny,303,regression,81,179,179
PatchNAS [ungated],tt100k_signs/convnext_tiny,303,regression,82,11,12
PatchNAS [ungated],tt100k_signs/convnext_tiny,303,regression,83,68,69
PatchNAS [ungated],tt100k_signs/convnext_tiny,303,regression,84,46,46
PatchNAS [ungated],tt100k_signs/convnext_tiny,303,regression,85,44,44
PatchNAS [ungated],tt100k_signs/convnext_tiny,303,regression,86,1,1
PatchNAS [ungated],tt100k_signs/convnext_tiny,303,regression,88,139,167
PatchNAS [ungated],tt100k_signs/convnext_tiny,303,regression,89,14,16
PatchNAS [ungated],tt100k_signs/convnext_tiny,303,regression,91,365,366
PatchNAS [ungated],tt100k_signs/convnext_tiny,303,regression,92,146,171
PatchNAS [ungated],tt100k_signs/convnext_tiny,303,regression,93,294,295
PatchNAS [ungated],tt100k_signs/convnext_tiny,303,regression,94,41,216
PatchNAS [ungated],tt100k_signs/convnext_tiny,303,regression,96,30,30
PatchNAS [ungated],tt100k_signs/convnext_tiny,303,regression,97,245,245
PatchNAS [ungated],tt100k_signs/convnext_tiny,303,regression,98,13,13
PatchNAS [ungated],tt100k_signs/convnext_tiny,303,regression,100,23,28
PatchNAS [ungated],tt100k_signs/convnext_tiny,303,regression,102,18,18
PatchNAS [ungated],tt100k_signs/convnext_tiny,303,regression,103,2,2
PatchNAS [ungated],tt100k_signs/convnext_tiny,303,regression,105,42,42
PatchNAS [ungated],tt100k_signs/convnext_tiny,303,regression,107,28,28
PatchNAS [ungated],tt100k_signs/convnext_tiny,303,regression,108,1,1
PatchNAS [ungated],tt100k_signs/convnext_tiny,303,regression,109,4,4
PatchNAS [ungated],tt100k_signs/convnext_tiny,303,regression,111,1,1
PatchNAS [ungated],tt100k_signs/convnext_tiny,303,regression,112,0,1
PatchNAS [ungated],tt100k_signs/convnext_tiny,303,regression,113,26,26
PatchNAS [ungated],tt100k_signs/convnext_tiny,303,regression,114,0,2
PatchNAS [ungated],tt100k_signs/convnext_tiny,303,regression,115,659,844
PatchNAS [ungated],tt100k_signs/convnext_tiny,303,regression,116,619,619
PatchNAS [ungated],tt100k_signs/convnext_tiny,303,regression,117,138,274
PatchNAS [ungated],tt100k_signs/convnext_tiny,303,regression,120,15,15
PatchNAS [ungated],tt100k_signs/convnext_tiny,303,regression,121,35,35
PatchNAS [ungated],tt100k_signs/convnext_tiny,303,regression,122,56,56
PatchNAS [ungated],tt100k_signs/convnext_tiny,303,regression,124,21,21
PatchNAS [ungated],tt100k_signs/convnext_tiny,303,regression,125,36,36
PatchNAS [ungated],tt100k_signs/convnext_tiny,303,regression,126,10,10
PatchNAS [ungated],tt100k_signs/convnext_tiny,303,regression,127,8,8
PatchNAS [ungated],tt100k_signs/convnext_tiny,303,regression,128,41,43
PatchNAS [ungated],tt100k_signs/convnext_tiny,303,regression,131,1,1
PatchNAS [ungated],tt100k_signs/convnext_tiny,303,regression,132,8,8
PatchNAS [ungated],tt100k_signs/convnext_tiny,303,regression,134,3,3
PatchNAS [ungated],tt100k_signs/convnext_tiny,303,regression,139,1,1
PatchNAS [ungated],tt100k_signs/convnext_tiny,303,regression,140,24,28
PatchNAS [ungated],tt100k_signs/convnext_tiny,303,regression,143,3,3
PatchNAS [ungated],tt100k_signs/convnext_tiny,303,regression,145,0,3
PatchNAS [ungated],tt100k_signs/convnext_tiny,303,regression,146,33,33
PatchNAS [ungated],tt100k_signs/convnext_tiny,303,regression,147,29,34
PatchNAS [ungated],tt100k_signs/convnext_tiny,303,regression,151,10,10
PatchNAS [ungated],tt100k_signs/convnext_tiny,303,regression,152,12,39
PatchNAS [ungated],tt100k_signs/convnext_tiny,303,regression,154,23,25
PatchNAS [ungated],tt100k_signs/convnext_tiny,303,regression,155,5,5
PatchNAS [ungated],tt100k_signs/convnext_tiny,303,regression,156,1,1
PatchNAS [ungated],tt100k_signs/convnext_tiny,303,regression,157,2,2
PatchNAS [ungated],tt100k_signs/convnext_tiny,303,regression,158,1,1
PatchNAS [ungated],tt100k_signs/convnext_tiny,303,regression,160,13,13
PatchNAS [ungated],tt100k_signs/convnext_tiny,303,regression,163,3,10
PatchNAS [ungated],tt100k_signs/convnext_tiny,303,regression,164,2,2
PatchNAS [ungated],tt100k_signs/convnext_tiny,303,regression,165,10,17
PatchNAS [ungated],tt100k_signs/convnext_tiny,303,regression,170,49,50
PatchNAS [ungated],tt100k_signs/convnext_tiny,303,regression,172,109,109
PatchNAS [ungated],tt100k_signs/convnext_tiny,303,regression,173,22,22
PatchNAS [ungated],tt100k_signs/convnext_tiny,303,regression,174,46,46
PatchNAS [ungated],tt100k_signs/convnext_tiny,303,regression,177,26,37
PatchNAS [ungated],tt100k_signs/convnext_tiny,303,regression,178,1,1
PatchNAS [ungated],tt100k_signs/convnext_tiny,303,regression,180,26,26
PatchNAS [ungated],tt100k_signs/densenet121,101,repair,2,1,1
PatchNAS [ungated],tt100k_signs/densenet121,101,repair,6,2,2
PatchNAS [ungated],tt100k_signs/densenet121,101,repair,7,6,11
PatchNAS [ungated],tt100k_signs/densenet121,101,repair,8,0,1
PatchNAS [ungated],tt100k_signs/densenet121,101,repair,10,0,1
PatchNAS [ungated],tt100k_signs/densenet121,101,repair,14,4,5
PatchNAS [ungated],tt100k_signs/densenet121,101,repair,16,0,1
PatchNAS [ungated],tt100k_signs/densenet121,101,repair,17,0,1
PatchNAS [ungated],tt100k_signs/densenet121,101,repair,18,0,1
PatchNAS [ungated],tt100k_signs/densenet121,101,repair,21,0,1
PatchNAS [ungated],tt100k_signs/densenet121,101,repair,22,1,3
PatchNAS [ungated],tt100k_signs/densenet121,101,repair,23,0,3
PatchNAS [ungated],tt100k_signs/densenet121,101,repair,24,0,1
PatchNAS [ungated],tt100k_signs/densenet121,101,repair,27,0,1
PatchNAS [ungated],tt100k_signs/densenet121,101,repair,29,0,4
PatchNAS [ungated],tt100k_signs/densenet121,101,repair,34,1,1
PatchNAS [ungated],tt100k_signs/densenet121,101,repair,35,0,1
PatchNAS [ungated],tt100k_signs/densenet121,101,repair,38,1,6
PatchNAS [ungated],tt100k_signs/densenet121,101,repair,40,0,1
PatchNAS [ungated],tt100k_signs/densenet121,101,repair,42,0,1
PatchNAS [ungated],tt100k_signs/densenet121,101,repair,45,0,1
PatchNAS [ungated],tt100k_signs/densenet121,101,repair,48,1,1
PatchNAS [ungated],tt100k_signs/densenet121,101,repair,53,2,2
PatchNAS [ungated],tt100k_signs/densenet121,101,repair,54,0,2
PatchNAS [ungated],tt100k_signs/densenet121,101,repair,57,2,4
PatchNAS [ungated],tt100k_signs/densenet121,101,repair,60,0,1
PatchNAS [ungated],tt100k_signs/densenet121,101,repair,62,1,1
PatchNAS [ungated],tt100k_signs/densenet121,101,repair,63,8,8
PatchNAS [ungated],tt100k_signs/densenet121,101,repair,67,9,10
PatchNAS [ungated],tt100k_signs/densenet121,101,repair,68,0,1
PatchNAS [ungated],tt100k_signs/densenet121,101,repair,71,0,1
PatchNAS [ungated],tt100k_signs/densenet121,101,repair,73,0,1
PatchNAS [ungated],tt100k_signs/densenet121,101,repair,75,3,5
PatchNAS [ungated],tt100k_signs/densenet121,101,repair,76,0,1
PatchNAS [ungated],tt100k_signs/densenet121,101,repair,77,1,1
PatchNAS [ungated],tt100k_signs/densenet121,101,repair,81,0,4
PatchNAS [ungated],tt100k_signs/densenet121,101,repair,85,0,1
PatchNAS [ungated],tt100k_signs/densenet121,101,repair,87,0,1
PatchNAS [ungated],tt100k_signs/densenet121,101,repair,90,0,1
PatchNAS [ungated],tt100k_signs/densenet121,101,repair,91,0,2
PatchNAS [ungated],tt100k_signs/densenet121,101,repair,92,0,2
PatchNAS [ungated],tt100k_signs/densenet121,101,repair,94,12,12
PatchNAS [ungated],tt100k_signs/densenet121,101,repair,95,1,1
PatchNAS [ungated],tt100k_signs/densenet121,101,repair,97,0,1
PatchNAS [ungated],tt100k_signs/densenet121,101,repair,98,0,1
PatchNAS [ungated],tt100k_signs/densenet121,101,repair,99,1,1
PatchNAS [ungated],tt100k_signs/densenet121,101,repair,104,0,1
PatchNAS [ungated],tt100k_signs/densenet121,101,repair,105,0,1
PatchNAS [ungated],tt100k_signs/densenet121,101,repair,106,5,5
PatchNAS [ungated],tt100k_signs/densenet121,101,repair,107,0,1
PatchNAS [ungated],tt100k_signs/densenet121,101,repair,110,2,2
PatchNAS [ungated],tt100k_signs/densenet121,101,repair,111,4,6
PatchNAS [ungated],tt100k_signs/densenet121,101,repair,112,1,1
PatchNAS [ungated],tt100k_signs/densenet121,101,repair,114,4,4
PatchNAS [ungated],tt100k_signs/densenet121,101,repair,115,1,5
PatchNAS [ungated],tt100k_signs/densenet121,101,repair,116,0,2
PatchNAS [ungated],tt100k_signs/densenet121,101,repair,117,23,28
PatchNAS [ungated],tt100k_signs/densenet121,101,repair,121,22,25
PatchNAS [ungated],tt100k_signs/densenet121,101,repair,123,0,1
PatchNAS [ungated],tt100k_signs/densenet121,101,repair,124,0,1
PatchNAS [ungated],tt100k_signs/densenet121,101,repair,125,5,9
PatchNAS [ungated],tt100k_signs/densenet121,101,repair,126,1,1
PatchNAS [ungated],tt100k_signs/densenet121,101,repair,133,0,1
PatchNAS [ungated],tt100k_signs/densenet121,101,repair,134,0,1
PatchNAS [ungated],tt100k_signs/densenet121,101,repair,138,0,1
PatchNAS [ungated],tt100k_signs/densenet121,101,repair,140,3,3
PatchNAS [ungated],tt100k_signs/densenet121,101,repair,141,6,6
PatchNAS [ungated],tt100k_signs/densenet121,101,repair,142,13,13
PatchNAS [ungated],tt100k_signs/densenet121,101,repair,143,1,4
PatchNAS [ungated],tt100k_signs/densenet121,101,repair,144,0,1
PatchNAS [ungated],tt100k_signs/densenet121,101,repair,145,0,1
PatchNAS [ungated],tt100k_signs/densenet121,101,repair,147,21,23
PatchNAS [ungated],tt100k_signs/densenet121,101,repair,148,4,5
PatchNAS [ungated],tt100k_signs/densenet121,101,repair,149,4,4
PatchNAS [ungated],tt100k_signs/densenet121,101,repair,152,0,4
PatchNAS [ungated],tt100k_signs/densenet121,101,repair,153,1,1
PatchNAS [ungated],tt100k_signs/densenet121,101,repair,154,0,1
PatchNAS [ungated],tt100k_signs/densenet121,101,repair,155,0,1
PatchNAS [ungated],tt100k_signs/densenet121,101,repair,160,0,3
PatchNAS [ungated],tt100k_signs/densenet121,101,repair,161,1,4
PatchNAS [ungated],tt100k_signs/densenet121,101,repair,163,0,2
PatchNAS [ungated],tt100k_signs/densenet121,101,repair,165,2,5
PatchNAS [ungated],tt100k_signs/densenet121,101,repair,166,0,1
PatchNAS [ungated],tt100k_signs/densenet121,101,repair,167,0,1
PatchNAS [ungated],tt100k_signs/densenet121,101,repair,169,0,1
PatchNAS [ungated],tt100k_signs/densenet121,101,repair,171,0,1
PatchNAS [ungated],tt100k_signs/densenet121,101,repair,172,0,1
PatchNAS [ungated],tt100k_signs/densenet121,101,repair,173,0,1
PatchNAS [ungated],tt100k_signs/densenet121,101,repair,177,3,4
PatchNAS [ungated],tt100k_signs/densenet121,101,repair,178,1,1
PatchNAS [ungated],tt100k_signs/densenet121,101,repair,179,1,2
PatchNAS [ungated],tt100k_signs/densenet121,101,repair,180,2,8
PatchNAS [ungated],tt100k_signs/densenet121,101,regression,1,37,39
PatchNAS [ungated],tt100k_signs/densenet121,101,regression,3,4,4
PatchNAS [ungated],tt100k_signs/densenet121,101,regression,4,3,3
PatchNAS [ungated],tt100k_signs/densenet121,101,regression,5,2,2
PatchNAS [ungated],tt100k_signs/densenet121,101,regression,7,20,110
PatchNAS [ungated],tt100k_signs/densenet121,101,regression,8,2,2
PatchNAS [ungated],tt100k_signs/densenet121,101,regression,9,187,187
PatchNAS [ungated],tt100k_signs/densenet121,101,regression,10,448,448
PatchNAS [ungated],tt100k_signs/densenet121,101,regression,11,30,30
PatchNAS [ungated],tt100k_signs/densenet121,101,regression,12,2,2
PatchNAS [ungated],tt100k_signs/densenet121,101,regression,13,4,4
PatchNAS [ungated],tt100k_signs/densenet121,101,regression,14,18,97
PatchNAS [ungated],tt100k_signs/densenet121,101,regression,15,3,3
PatchNAS [ungated],tt100k_signs/densenet121,101,regression,16,77,77
PatchNAS [ungated],tt100k_signs/densenet121,101,regression,17,9,12
PatchNAS [ungated],tt100k_signs/densenet121,101,regression,18,175,208
PatchNAS [ungated],tt100k_signs/densenet121,101,regression,19,101,101
PatchNAS [ungated],tt100k_signs/densenet121,101,regression,20,35,35
PatchNAS [ungated],tt100k_signs/densenet121,101,regression,21,67,67
PatchNAS [ungated],tt100k_signs/densenet121,101,regression,22,401,401
PatchNAS [ungated],tt100k_signs/densenet121,101,regression,23,54,56
PatchNAS [ungated],tt100k_signs/densenet121,101,regression,25,24,24
PatchNAS [ungated],tt100k_signs/densenet121,101,regression,26,1,1
PatchNAS [ungated],tt100k_signs/densenet121,101,regression,27,5,6
PatchNAS [ungated],tt100k_signs/densenet121,101,regression,28,10,10
PatchNAS [ungated],tt100k_signs/densenet121,101,regression,29,7,7
PatchNAS [ungated],tt100k_signs/densenet121,101,regression,30,32,32
PatchNAS [ungated],tt100k_signs/densenet121,101,regression,31,6,6
PatchNAS [ungated],tt100k_signs/densenet121,101,regression,34,6,6
PatchNAS [ungated],tt100k_signs/densenet121,101,regression,35,84,84
PatchNAS [ungated],tt100k_signs/densenet121,101,regression,37,11,11
PatchNAS [ungated],tt100k_signs/densenet121,101,regression,38,190,193
PatchNAS [ungated],tt100k_signs/densenet121,101,regression,39,32,32
PatchNAS [ungated],tt100k_signs/densenet121,101,regression,41,47,47
PatchNAS [ungated],tt100k_signs/densenet121,101,regression,43,99,99
PatchNAS [ungated],tt100k_signs/densenet121,101,regression,44,32,33
PatchNAS [ungated],tt100k_signs/densenet121,101,regression,46,2,2
PatchNAS [ungated],tt100k_signs/densenet121,101,regression,47,18,18
PatchNAS [ungated],tt100k_signs/densenet121,101,regression,48,3,3
PatchNAS [ungated],tt100k_signs/densenet121,101,regression,50,11,11
PatchNAS [ungated],tt100k_signs/densenet121,101,regression,51,15,15
PatchNAS [ungated],tt100k_signs/densenet121,101,regression,53,0,17
PatchNAS [ungated],tt100k_signs/densenet121,101,regression,55,33,33
PatchNAS [ungated],tt100k_signs/densenet121,101,regression,57,1,1
PatchNAS [ungated],tt100k_signs/densenet121,101,regression,59,5,5
PatchNAS [ungated],tt100k_signs/densenet121,101,regression,61,6,6
PatchNAS [ungated],tt100k_signs/densenet121,101,regression,65,9,9
PatchNAS [ungated],tt100k_signs/densenet121,101,regression,66,1,1
PatchNAS [ungated],tt100k_signs/densenet121,101,regression,68,2,2
PatchNAS [ungated],tt100k_signs/densenet121,101,regression,70,30,30
PatchNAS [ungated],tt100k_signs/densenet121,101,regression,71,11,11
PatchNAS [ungated],tt100k_signs/densenet121,101,regression,74,46,46
PatchNAS [ungated],tt100k_signs/densenet121,101,regression,76,29,29
PatchNAS [ungated],tt100k_signs/densenet121,101,regression,80,21,21
PatchNAS [ungated],tt100k_signs/densenet121,101,regression,81,171,171
PatchNAS [ungated],tt100k_signs/densenet121,101,regression,82,14,14
PatchNAS [ungated],tt100k_signs/densenet121,101,regression,83,61,72
PatchNAS [ungated],tt100k_signs/densenet121,101,regression,84,43,43
PatchNAS [ungated],tt100k_signs/densenet121,101,regression,85,41,41
PatchNAS [ungated],tt100k_signs/densenet121,101,regression,86,1,1
PatchNAS [ungated],tt100k_signs/densenet121,101,regression,88,164,169
PatchNAS [ungated],tt100k_signs/densenet121,101,regression,89,12,12
PatchNAS [ungated],tt100k_signs/densenet121,101,regression,91,378,380
PatchNAS [ungated],tt100k_signs/densenet121,101,regression,92,168,168
PatchNAS [ungated],tt100k_signs/densenet121,101,regression,93,296,300
PatchNAS [ungated],tt100k_signs/densenet121,101,regression,94,5,215
PatchNAS [ungated],tt100k_signs/densenet121,101,regression,96,34,34
PatchNAS [ungated],tt100k_signs/densenet121,101,regression,97,239,239
PatchNAS [ungated],tt100k_signs/densenet121,101,regression,98,10,10
PatchNAS [ungated],tt100k_signs/densenet121,101,regression,100,29,29
PatchNAS [ungated],tt100k_signs/densenet121,101,regression,102,15,15
PatchNAS [ungated],tt100k_signs/densenet121,101,regression,103,1,1
PatchNAS [ungated],tt100k_signs/densenet121,101,regression,105,41,41
PatchNAS [ungated],tt100k_signs/densenet121,101,regression,107,26,26
PatchNAS [ungated],tt100k_signs/densenet121,101,regression,108,1,1
PatchNAS [ungated],tt100k_signs/densenet121,101,regression,109,4,4
PatchNAS [ungated],tt100k_signs/densenet121,101,regression,112,0,3
PatchNAS [ungated],tt100k_signs/densenet121,101,regression,113,30,30
PatchNAS [ungated],tt100k_signs/densenet121,101,regression,115,840,841
PatchNAS [ungated],tt100k_signs/densenet121,101,regression,116,624,628
PatchNAS [ungated],tt100k_signs/densenet121,101,regression,117,125,267
PatchNAS [ungated],tt100k_signs/densenet121,101,regression,120,15,15
PatchNAS [ungated],tt100k_signs/densenet121,101,regression,122,55,55
PatchNAS [ungated],tt100k_signs/densenet121,101,regression,124,20,20
PatchNAS [ungated],tt100k_signs/densenet121,101,regression,125,5,25
PatchNAS [ungated],tt100k_signs/densenet121,101,regression,126,5,8
PatchNAS [ungated],tt100k_signs/densenet121,101,regression,127,8,8
PatchNAS [ungated],tt100k_signs/densenet121,101,regression,128,40,42
PatchNAS [ungated],tt100k_signs/densenet121,101,regression,132,9,9
PatchNAS [ungated],tt100k_signs/densenet121,101,regression,134,2,2
PatchNAS [ungated],tt100k_signs/densenet121,101,regression,140,20,22
PatchNAS [ungated],tt100k_signs/densenet121,101,regression,143,0,1
PatchNAS [ungated],tt100k_signs/densenet121,101,regression,145,4,5
PatchNAS [ungated],tt100k_signs/densenet121,101,regression,146,36,36
PatchNAS [ungated],tt100k_signs/densenet121,101,regression,151,6,6
PatchNAS [ungated],tt100k_signs/densenet121,101,regression,152,36,36
PatchNAS [ungated],tt100k_signs/densenet121,101,regression,154,29,29
PatchNAS [ungated],tt100k_signs/densenet121,101,regression,155,9,9
PatchNAS [ungated],tt100k_signs/densenet121,101,regression,156,1,1
PatchNAS [ungated],tt100k_signs/densenet121,101,regression,157,2,2
PatchNAS [ungated],tt100k_signs/densenet121,101,regression,158,1,1
PatchNAS [ungated],tt100k_signs/densenet121,101,regression,159,1,1
PatchNAS [ungated],tt100k_signs/densenet121,101,regression,160,8,10
PatchNAS [ungated],tt100k_signs/densenet121,101,regression,163,8,8
PatchNAS [ungated],tt100k_signs/densenet121,101,regression,164,3,3
PatchNAS [ungated],tt100k_signs/densenet121,101,regression,165,21,21
PatchNAS [ungated],tt100k_signs/densenet121,101,regression,170,49,49
PatchNAS [ungated],tt100k_signs/densenet121,101,regression,172,101,101
PatchNAS [ungated],tt100k_signs/densenet121,101,regression,173,29,29
PatchNAS [ungated],tt100k_signs/densenet121,101,regression,174,50,50
PatchNAS [ungated],tt100k_signs/densenet121,101,regression,177,33,39
PatchNAS [ungated],tt100k_signs/densenet121,101,regression,180,18,18
PatchNAS [ungated],tt100k_signs/densenet121,202,repair,6,0,5
PatchNAS [ungated],tt100k_signs/densenet121,202,repair,7,6,9
PatchNAS [ungated],tt100k_signs/densenet121,202,repair,10,0,1
PatchNAS [ungated],tt100k_signs/densenet121,202,repair,14,2,5
PatchNAS [ungated],tt100k_signs/densenet121,202,repair,16,0,1
PatchNAS [ungated],tt100k_signs/densenet121,202,repair,17,0,1
PatchNAS [ungated],tt100k_signs/densenet121,202,repair,19,0,1
PatchNAS [ungated],tt100k_signs/densenet121,202,repair,22,1,3
PatchNAS [ungated],tt100k_signs/densenet121,202,repair,23,0,2
PatchNAS [ungated],tt100k_signs/densenet121,202,repair,24,0,2
PatchNAS [ungated],tt100k_signs/densenet121,202,repair,34,0,2
PatchNAS [ungated],tt100k_signs/densenet121,202,repair,38,1,4
PatchNAS [ungated],tt100k_signs/densenet121,202,repair,40,0,1
PatchNAS [ungated],tt100k_signs/densenet121,202,repair,45,0,1
PatchNAS [ungated],tt100k_signs/densenet121,202,repair,48,0,1
PatchNAS [ungated],tt100k_signs/densenet121,202,repair,53,1,1
PatchNAS [ungated],tt100k_signs/densenet121,202,repair,54,0,1
PatchNAS [ungated],tt100k_signs/densenet121,202,repair,57,0,6
PatchNAS [ungated],tt100k_signs/densenet121,202,repair,60,0,2
PatchNAS [ungated],tt100k_signs/densenet121,202,repair,62,1,2
PatchNAS [ungated],tt100k_signs/densenet121,202,repair,63,7,7
PatchNAS [ungated],tt100k_signs/densenet121,202,repair,67,11,11
PatchNAS [ungated],tt100k_signs/densenet121,202,repair,69,0,1
PatchNAS [ungated],tt100k_signs/densenet121,202,repair,70,0,1
PatchNAS [ungated],tt100k_signs/densenet121,202,repair,71,0,1
PatchNAS [ungated],tt100k_signs/densenet121,202,repair,75,4,6
PatchNAS [ungated],tt100k_signs/densenet121,202,repair,77,0,1
PatchNAS [ungated],tt100k_signs/densenet121,202,repair,78,0,1
PatchNAS [ungated],tt100k_signs/densenet121,202,repair,81,1,2
PatchNAS [ungated],tt100k_signs/densenet121,202,repair,83,0,1
PatchNAS [ungated],tt100k_signs/densenet121,202,repair,85,0,1
PatchNAS [ungated],tt100k_signs/densenet121,202,repair,87,0,1
PatchNAS [ungated],tt100k_signs/densenet121,202,repair,88,0,1
PatchNAS [ungated],tt100k_signs/densenet121,202,repair,91,0,1
PatchNAS [ungated],tt100k_signs/densenet121,202,repair,92,0,1
PatchNAS [ungated],tt100k_signs/densenet121,202,repair,93,0,1
PatchNAS [ungated],tt100k_signs/densenet121,202,repair,94,13,15
PatchNAS [ungated],tt100k_signs/densenet121,202,repair,95,0,1
PatchNAS [ungated],tt100k_signs/densenet121,202,repair,99,1,1
PatchNAS [ungated],tt100k_signs/densenet121,202,repair,104,0,1
PatchNAS [ungated],tt100k_signs/densenet121,202,repair,106,6,6
PatchNAS [ungated],tt100k_signs/densenet121,202,repair,107,0,1
PatchNAS [ungated],tt100k_signs/densenet121,202,repair,110,1,1
PatchNAS [ungated],tt100k_signs/densenet121,202,repair,111,4,8
PatchNAS [ungated],tt100k_signs/densenet121,202,repair,112,1,4
PatchNAS [ungated],tt100k_signs/densenet121,202,repair,114,2,3
PatchNAS [ungated],tt100k_signs/densenet121,202,repair,115,0,2
PatchNAS [ungated],tt100k_signs/densenet121,202,repair,116,0,3
PatchNAS [ungated],tt100k_signs/densenet121,202,repair,117,26,33
PatchNAS [ungated],tt100k_signs/densenet121,202,repair,121,20,22
PatchNAS [ungated],tt100k_signs/densenet121,202,repair,124,0,1
PatchNAS [ungated],tt100k_signs/densenet121,202,repair,125,3,4
PatchNAS [ungated],tt100k_signs/densenet121,202,repair,126,1,2
PatchNAS [ungated],tt100k_signs/densenet121,202,repair,128,0,4
PatchNAS [ungated],tt100k_signs/densenet121,202,repair,131,0,1
PatchNAS [ungated],tt100k_signs/densenet121,202,repair,133,0,1
PatchNAS [ungated],tt100k_signs/densenet121,202,repair,137,0,1
PatchNAS [ungated],tt100k_signs/densenet121,202,repair,140,3,7
PatchNAS [ungated],tt100k_signs/densenet121,202,repair,141,6,8
PatchNAS [ungated],tt100k_signs/densenet121,202,repair,142,13,13
PatchNAS [ungated],tt100k_signs/densenet121,202,repair,143,1,2
PatchNAS [ungated],tt100k_signs/densenet121,202,repair,147,27,28
PatchNAS [ungated],tt100k_signs/densenet121,202,repair,148,4,6
PatchNAS [ungated],tt100k_signs/densenet121,202,repair,149,5,7
PatchNAS [ungated],tt100k_signs/densenet121,202,repair,152,0,4
PatchNAS [ungated],tt100k_signs/densenet121,202,repair,154,0,1
PatchNAS [ungated],tt100k_signs/densenet121,202,repair,155,0,1
PatchNAS [ungated],tt100k_signs/densenet121,202,repair,160,0,2
PatchNAS [ungated],tt100k_signs/densenet121,202,repair,161,1,4
PatchNAS [ungated],tt100k_signs/densenet121,202,repair,163,1,1
PatchNAS [ungated],tt100k_signs/densenet121,202,repair,164,0,1
PatchNAS [ungated],tt100k_signs/densenet121,202,repair,165,2,2
PatchNAS [ungated],tt100k_signs/densenet121,202,repair,166,0,1
PatchNAS [ungated],tt100k_signs/densenet121,202,repair,169,1,2
PatchNAS [ungated],tt100k_signs/densenet121,202,repair,172,0,1
PatchNAS [ungated],tt100k_signs/densenet121,202,repair,174,0,1
PatchNAS [ungated],tt100k_signs/densenet121,202,repair,175,0,1
PatchNAS [ungated],tt100k_signs/densenet121,202,repair,176,0,1
PatchNAS [ungated],tt100k_signs/densenet121,202,repair,177,4,5
PatchNAS [ungated],tt100k_signs/densenet121,202,repair,178,1,1
PatchNAS [ungated],tt100k_signs/densenet121,202,repair,179,1,3
PatchNAS [ungated],tt100k_signs/densenet121,202,repair,180,2,5
PatchNAS [ungated],tt100k_signs/densenet121,202,regression,0,1,1
PatchNAS [ungated],tt100k_signs/densenet121,202,regression,1,25,31
PatchNAS [ungated],tt100k_signs/densenet121,202,regression,3,3,3
PatchNAS [ungated],tt100k_signs/densenet121,202,regression,4,5,5
PatchNAS [ungated],tt100k_signs/densenet121,202,regression,5,2,2
PatchNAS [ungated],tt100k_signs/densenet121,202,regression,7,88,98
PatchNAS [ungated],tt100k_signs/densenet121,202,regression,8,4,4
PatchNAS [ungated],tt100k_signs/densenet121,202,regression,9,198,198
PatchNAS [ungated],tt100k_signs/densenet121,202,regression,10,468,468
PatchNAS [ungated],tt100k_signs/densenet121,202,regression,11,34,34
PatchNAS [ungated],tt100k_signs/densenet121,202,regression,12,2,2
PatchNAS [ungated],tt100k_signs/densenet121,202,regression,13,4,4
PatchNAS [ungated],tt100k_signs/densenet121,202,regression,14,49,108
PatchNAS [ungated],tt100k_signs/densenet121,202,regression,15,5,5
PatchNAS [ungated],tt100k_signs/densenet121,202,regression,16,79,79
PatchNAS [ungated],tt100k_signs/densenet121,202,regression,17,11,12
PatchNAS [ungated],tt100k_signs/densenet121,202,regression,18,166,209
PatchNAS [ungated],tt100k_signs/densenet121,202,regression,19,99,99
PatchNAS [ungated],tt100k_signs/densenet121,202,regression,20,35,35
PatchNAS [ungated],tt100k_signs/densenet121,202,regression,21,66,66
PatchNAS [ungated],tt100k_signs/densenet121,202,regression,22,394,398
PatchNAS [ungated],tt100k_signs/densenet121,202,regression,23,56,57
PatchNAS [ungated],tt100k_signs/densenet121,202,regression,25,25,25
PatchNAS [ungated],tt100k_signs/densenet121,202,regression,26,1,1
PatchNAS [ungated],tt100k_signs/densenet121,202,regression,27,1,4
PatchNAS [ungated],tt100k_signs/densenet121,202,regression,28,9,9
PatchNAS [ungated],tt100k_signs/densenet121,202,regression,29,4,5
PatchNAS [ungated],tt100k_signs/densenet121,202,regression,30,28,28
PatchNAS [ungated],tt100k_signs/densenet121,202,regression,31,6,6
PatchNAS [ungated],tt100k_signs/densenet121,202,regression,34,7,7
PatchNAS [ungated],tt100k_signs/densenet121,202,regression,35,86,87
PatchNAS [ungated],tt100k_signs/densenet121,202,regression,37,11,11
PatchNAS [ungated],tt100k_signs/densenet121,202,regression,38,108,179
PatchNAS [ungated],tt100k_signs/densenet121,202,regression,39,37,37
PatchNAS [ungated],tt100k_signs/densenet121,202,regression,41,49,49
PatchNAS [ungated],tt100k_signs/densenet121,202,regression,42,1,1
PatchNAS [ungated],tt100k_signs/densenet121,202,regression,43,117,117
PatchNAS [ungated],tt100k_signs/densenet121,202,regression,44,26,28
PatchNAS [ungated],tt100k_signs/densenet121,202,regression,46,3,3
PatchNAS [ungated],tt100k_signs/densenet121,202,regression,47,17,17
PatchNAS [ungated],tt100k_signs/densenet121,202,regression,48,2,3
PatchNAS [ungated],tt100k_signs/densenet121,202,regression,50,11,11
PatchNAS [ungated],tt100k_signs/densenet121,202,regression,51,13,13
PatchNAS [ungated],tt100k_signs/densenet121,202,regression,53,5,16
PatchNAS [ungated],tt100k_signs/densenet121,202,regression,55,39,39
PatchNAS [ungated],tt100k_signs/densenet121,202,regression,57,1,1
PatchNAS [ungated],tt100k_signs/densenet121,202,regression,59,6,6
PatchNAS [ungated],tt100k_signs/densenet121,202,regression,61,6,6
PatchNAS [ungated],tt100k_signs/densenet121,202,regression,65,6,6
PatchNAS [ungated],tt100k_signs/densenet121,202,regression,66,1,1
PatchNAS [ungated],tt100k_signs/densenet121,202,regression,68,1,1
PatchNAS [ungated],tt100k_signs/densenet121,202,regression,70,29,29
PatchNAS [ungated],tt100k_signs/densenet121,202,regression,71,9,9
PatchNAS [ungated],tt100k_signs/densenet121,202,regression,74,47,47
PatchNAS [ungated],tt100k_signs/densenet121,202,regression,76,26,29
PatchNAS [ungated],tt100k_signs/densenet121,202,regression,80,20,20
PatchNAS [ungated],tt100k_signs/densenet121,202,regression,81,170,173
PatchNAS [ungated],tt100k_signs/densenet121,202,regression,82,14,14
PatchNAS [ungated],tt100k_signs/densenet121,202,regression,83,67,67
PatchNAS [ungated],tt100k_signs/densenet121,202,regression,84,49,49
PatchNAS [ungated],tt100k_signs/densenet121,202,regression,85,44,44
PatchNAS [ungated],tt100k_signs/densenet121,202,regression,86,2,2
PatchNAS [ungated],tt100k_signs/densenet121,202,regression,88,162,164
PatchNAS [ungated],tt100k_signs/densenet121,202,regression,89,17,17
PatchNAS [ungated],tt100k_signs/densenet121,202,regression,91,359,359
PatchNAS [ungated],tt100k_signs/densenet121,202,regression,92,172,172
PatchNAS [ungated],tt100k_signs/densenet121,202,regression,93,294,294
PatchNAS [ungated],tt100k_signs/densenet121,202,regression,94,15,210
PatchNAS [ungated],tt100k_signs/densenet121,202,regression,96,31,31
PatchNAS [ungated],tt100k_signs/densenet121,202,regression,97,238,239
PatchNAS [ungated],tt100k_signs/densenet121,202,regression,98,11,11
PatchNAS [ungated],tt100k_signs/densenet121,202,regression,100,32,32
PatchNAS [ungated],tt100k_signs/densenet121,202,regression,102,17,17
PatchNAS [ungated],tt100k_signs/densenet121,202,regression,103,3,3
PatchNAS [ungated],tt100k_signs/densenet121,202,regression,105,44,44
PatchNAS [ungated],tt100k_signs/densenet121,202,regression,107,21,21
PatchNAS [ungated],tt100k_signs/densenet121,202,regression,109,4,4
PatchNAS [ungated],tt100k_signs/densenet121,202,regression,112,2,2
PatchNAS [ungated],tt100k_signs/densenet121,202,regression,113,31,31
PatchNAS [ungated],tt100k_signs/densenet121,202,regression,115,739,849
PatchNAS [ungated],tt100k_signs/densenet121,202,regression,116,627,628
PatchNAS [ungated],tt100k_signs/densenet121,202,regression,117,124,258
PatchNAS [ungated],tt100k_signs/densenet121,202,regression,120,14,14
PatchNAS [ungated],tt100k_signs/densenet121,202,regression,122,48,48
PatchNAS [ungated],tt100k_signs/densenet121,202,regression,124,22,22
PatchNAS [ungated],tt100k_signs/densenet121,202,regression,125,2,22
PatchNAS [ungated],tt100k_signs/densenet121,202,regression,126,8,9
PatchNAS [ungated],tt100k_signs/densenet121,202,regression,127,7,7
PatchNAS [ungated],tt100k_signs/densenet121,202,regression,128,41,41
PatchNAS [ungated],tt100k_signs/densenet121,202,regression,132,6,6
PatchNAS [ungated],tt100k_signs/densenet121,202,regression,134,2,2
PatchNAS [ungated],tt100k_signs/densenet121,202,regression,140,22,23
PatchNAS [ungated],tt100k_signs/densenet121,202,regression,143,1,1
PatchNAS [ungated],tt100k_signs/densenet121,202,regression,145,6,6
PatchNAS [ungated],tt100k_signs/densenet121,202,regression,146,37,37
PatchNAS [ungated],tt100k_signs/densenet121,202,regression,151,7,7
PatchNAS [ungated],tt100k_signs/densenet121,202,regression,152,40,40
PatchNAS [ungated],tt100k_signs/densenet121,202,regression,154,32,32
PatchNAS [ungated],tt100k_signs/densenet121,202,regression,155,9,9
PatchNAS [ungated],tt100k_signs/densenet121,202,regression,156,1,1
PatchNAS [ungated],tt100k_signs/densenet121,202,regression,158,1,1
PatchNAS [ungated],tt100k_signs/densenet121,202,regression,160,9,9
PatchNAS [ungated],tt100k_signs/densenet121,202,regression,163,6,10
PatchNAS [ungated],tt100k_signs/densenet121,202,regression,164,3,3
PatchNAS [ungated],tt100k_signs/densenet121,202,regression,165,13,16
PatchNAS [ungated],tt100k_signs/densenet121,202,regression,170,53,53
PatchNAS [ungated],tt100k_signs/densenet121,202,regression,172,103,103
PatchNAS [ungated],tt100k_signs/densenet121,202,regression,173,19,19
PatchNAS [ungated],tt100k_signs/densenet121,202,regression,174,50,50
PatchNAS [ungated],tt100k_signs/densenet121,202,regression,177,29,39
PatchNAS [ungated],tt100k_signs/densenet121,202,regression,180,20,21
PatchNAS [ungated],tt100k_signs/densenet121,303,repair,2,1,1
PatchNAS [ungated],tt100k_signs/densenet121,303,repair,3,0,2
PatchNAS [ungated],tt100k_signs/densenet121,303,repair,6,2,2
PatchNAS [ungated],tt100k_signs/densenet121,303,repair,7,8,8
PatchNAS [ungated],tt100k_signs/densenet121,303,repair,14,4,8
PatchNAS [ungated],tt100k_signs/densenet121,303,repair,16,0,1
PatchNAS [ungated],tt100k_signs/densenet121,303,repair,18,0,1
PatchNAS [ungated],tt100k_signs/densenet121,303,repair,19,0,1
PatchNAS [ungated],tt100k_signs/densenet121,303,repair,22,1,2
PatchNAS [ungated],tt100k_signs/densenet121,303,repair,23,0,2
PatchNAS [ungated],tt100k_signs/densenet121,303,repair,24,0,1
PatchNAS [ungated],tt100k_signs/densenet121,303,repair,27,0,1
PatchNAS [ungated],tt100k_signs/densenet121,303,repair,29,0,2
PatchNAS [ungated],tt100k_signs/densenet121,303,repair,34,1,1
PatchNAS [ungated],tt100k_signs/densenet121,303,repair,35,0,1
PatchNAS [ungated],tt100k_signs/densenet121,303,repair,38,0,5
PatchNAS [ungated],tt100k_signs/densenet121,303,repair,48,0,2
PatchNAS [ungated],tt100k_signs/densenet121,303,repair,50,0,1
PatchNAS [ungated],tt100k_signs/densenet121,303,repair,53,0,3
PatchNAS [ungated],tt100k_signs/densenet121,303,repair,57,1,2
PatchNAS [ungated],tt100k_signs/densenet121,303,repair,60,0,1
PatchNAS [ungated],tt100k_signs/densenet121,303,repair,62,1,2
PatchNAS [ungated],tt100k_signs/densenet121,303,repair,63,4,4
PatchNAS [ungated],tt100k_signs/densenet121,303,repair,67,12,12
PatchNAS [ungated],tt100k_signs/densenet121,303,repair,68,0,1
PatchNAS [ungated],tt100k_signs/densenet121,303,repair,69,0,1
PatchNAS [ungated],tt100k_signs/densenet121,303,repair,73,0,1
PatchNAS [ungated],tt100k_signs/densenet121,303,repair,75,0,7
PatchNAS [ungated],tt100k_signs/densenet121,303,repair,76,0,1
PatchNAS [ungated],tt100k_signs/densenet121,303,repair,77,0,2
PatchNAS [ungated],tt100k_signs/densenet121,303,repair,78,0,1
PatchNAS [ungated],tt100k_signs/densenet121,303,repair,79,0,2
PatchNAS [ungated],tt100k_signs/densenet121,303,repair,81,1,3
PatchNAS [ungated],tt100k_signs/densenet121,303,repair,83,0,1
PatchNAS [ungated],tt100k_signs/densenet121,303,repair,88,0,1
PatchNAS [ungated],tt100k_signs/densenet121,303,repair,91,0,3
PatchNAS [ungated],tt100k_signs/densenet121,303,repair,92,0,2
PatchNAS [ungated],tt100k_signs/densenet121,303,repair,93,0,1
PatchNAS [ungated],tt100k_signs/densenet121,303,repair,94,12,13
PatchNAS [ungated],tt100k_signs/densenet121,303,repair,95,1,1
PatchNAS [ungated],tt100k_signs/densenet121,303,repair,97,0,1
PatchNAS [ungated],tt100k_signs/densenet121,303,repair,98,0,1
PatchNAS [ungated],tt100k_signs/densenet121,303,repair,101,0,1
PatchNAS [ungated],tt100k_signs/densenet121,303,repair,106,3,3
PatchNAS [ungated],tt100k_signs/densenet121,303,repair,107,0,1
PatchNAS [ungated],tt100k_signs/densenet121,303,repair,110,3,3
PatchNAS [ungated],tt100k_signs/densenet121,303,repair,111,4,6
PatchNAS [ungated],tt100k_signs/densenet121,303,repair,112,4,4
PatchNAS [ungated],tt100k_signs/densenet121,303,repair,114,0,6
PatchNAS [ungated],tt100k_signs/densenet121,303,repair,115,0,3
PatchNAS [ungated],tt100k_signs/densenet121,303,repair,116,0,2
PatchNAS [ungated],tt100k_signs/densenet121,303,repair,117,19,27
PatchNAS [ungated],tt100k_signs/densenet121,303,repair,121,19,19
PatchNAS [ungated],tt100k_signs/densenet121,303,repair,123,0,1
PatchNAS [ungated],tt100k_signs/densenet121,303,repair,125,6,6
PatchNAS [ungated],tt100k_signs/densenet121,303,repair,126,1,1
PatchNAS [ungated],tt100k_signs/densenet121,303,repair,128,2,3
PatchNAS [ungated],tt100k_signs/densenet121,303,repair,134,0,1
PatchNAS [ungated],tt100k_signs/densenet121,303,repair,139,0,1
PatchNAS [ungated],tt100k_signs/densenet121,303,repair,140,5,7
PatchNAS [ungated],tt100k_signs/densenet121,303,repair,141,8,8
PatchNAS [ungated],tt100k_signs/densenet121,303,repair,142,15,16
PatchNAS [ungated],tt100k_signs/densenet121,303,repair,143,1,4
PatchNAS [ungated],tt100k_signs/densenet121,303,repair,145,0,1
PatchNAS [ungated],tt100k_signs/densenet121,303,repair,146,0,1
PatchNAS [ungated],tt100k_signs/densenet121,303,repair,147,19,21
PatchNAS [ungated],tt100k_signs/densenet121,303,repair,148,4,6
PatchNAS [ungated],tt100k_signs/densenet121,303,repair,149,5,5
PatchNAS [ungated],tt100k_signs/densenet121,303,repair,150,0,1
PatchNAS [ungated],tt100k_signs/densenet121,303,repair,152,2,3
PatchNAS [ungated],tt100k_signs/densenet121,303,repair,153,2,2
PatchNAS [ungated],tt100k_signs/densenet121,303,repair,154,0,1
PatchNAS [ungated],tt100k_signs/densenet121,303,repair,160,3,3
PatchNAS [ungated],tt100k_signs/densenet121,303,repair,161,1,3
PatchNAS [ungated],tt100k_signs/densenet121,303,repair,163,0,3
PatchNAS [ungated],tt100k_signs/densenet121,303,repair,165,2,3
PatchNAS [ungated],tt100k_signs/densenet121,303,repair,166,0,1
PatchNAS [ungated],tt100k_signs/densenet121,303,repair,167,0,1
PatchNAS [ungated],tt100k_signs/densenet121,303,repair,169,1,2
PatchNAS [ungated],tt100k_signs/densenet121,303,repair,172,0,1
PatchNAS [ungated],tt100k_signs/densenet121,303,repair,173,0,1
PatchNAS [ungated],tt100k_signs/densenet121,303,repair,176,0,1
PatchNAS [ungated],tt100k_signs/densenet121,303,repair,177,4,4
PatchNAS [ungated],tt100k_signs/densenet121,303,repair,178,0,3
PatchNAS [ungated],tt100k_signs/densenet121,303,repair,179,1,2
PatchNAS [ungated],tt100k_signs/densenet121,303,repair,180,0,11
PatchNAS [ungated],tt100k_signs/densenet121,303,regression,0,1,1
PatchNAS [ungated],tt100k_signs/densenet121,303,regression,1,24,30
PatchNAS [ungated],tt100k_signs/densenet121,303,regression,3,4,4
PatchNAS [ungated],tt100k_signs/densenet121,303,regression,4,5,5
PatchNAS [ungated],tt100k_signs/densenet121,303,regression,5,1,1
PatchNAS [ungated],tt100k_signs/densenet121,303,regression,7,25,105
PatchNAS [ungated],tt100k_signs/densenet121,303,regression,8,5,5
PatchNAS [ungated],tt100k_signs/densenet121,303,regression,9,198,198
PatchNAS [ungated],tt100k_signs/densenet121,303,regression,10,454,454
PatchNAS [ungated],tt100k_signs/densenet121,303,regression,11,33,33
PatchNAS [ungated],tt100k_signs/densenet121,303,regression,12,2,2
PatchNAS [ungated],tt100k_signs/densenet121,303,regression,13,2,2
PatchNAS [ungated],tt100k_signs/densenet121,303,regression,14,24,97
PatchNAS [ungated],tt100k_signs/densenet121,303,regression,15,4,4
PatchNAS [ungated],tt100k_signs/densenet121,303,regression,16,72,72
PatchNAS [ungated],tt100k_signs/densenet121,303,regression,17,10,15
PatchNAS [ungated],tt100k_signs/densenet121,303,regression,18,201,216
PatchNAS [ungated],tt100k_signs/densenet121,303,regression,19,91,91
PatchNAS [ungated],tt100k_signs/densenet121,303,regression,20,34,34
PatchNAS [ungated],tt100k_signs/densenet121,303,regression,21,75,75
PatchNAS [ungated],tt100k_signs/densenet121,303,regression,22,395,396
PatchNAS [ungated],tt100k_signs/densenet121,303,regression,23,52,52
PatchNAS [ungated],tt100k_signs/densenet121,303,regression,25,23,23
PatchNAS [ungated],tt100k_signs/densenet121,303,regression,26,1,1
PatchNAS [ungated],tt100k_signs/densenet121,303,regression,27,6,6
PatchNAS [ungated],tt100k_signs/densenet121,303,regression,28,9,9
PatchNAS [ungated],tt100k_signs/densenet121,303,regression,29,8,8
PatchNAS [ungated],tt100k_signs/densenet121,303,regression,30,30,30
PatchNAS [ungated],tt100k_signs/densenet121,303,regression,31,5,5
PatchNAS [ungated],tt100k_signs/densenet121,303,regression,34,8,8
PatchNAS [ungated],tt100k_signs/densenet121,303,regression,35,87,87
PatchNAS [ungated],tt100k_signs/densenet121,303,regression,37,10,10
PatchNAS [ungated],tt100k_signs/densenet121,303,regression,38,186,189
PatchNAS [ungated],tt100k_signs/densenet121,303,regression,39,35,35
PatchNAS [ungated],tt100k_signs/densenet121,303,regression,41,46,46
PatchNAS [ungated],tt100k_signs/densenet121,303,regression,42,1,1
PatchNAS [ungated],tt100k_signs/densenet121,303,regression,43,109,109
PatchNAS [ungated],tt100k_signs/densenet121,303,regression,44,32,32
PatchNAS [ungated],tt100k_signs/densenet121,303,regression,46,3,3
PatchNAS [ungated],tt100k_signs/densenet121,303,regression,47,17,17
PatchNAS [ungated],tt100k_signs/densenet121,303,regression,48,4,4
PatchNAS [ungated],tt100k_signs/densenet121,303,regression,50,8,8
PatchNAS [ungated],tt100k_signs/densenet121,303,regression,51,13,13
PatchNAS [ungated],tt100k_signs/densenet121,303,regression,53,5,14
PatchNAS [ungated],tt100k_signs/densenet121,303,regression,55,33,33
PatchNAS [ungated],tt100k_signs/densenet121,303,regression,57,1,1
PatchNAS [ungated],tt100k_signs/densenet121,303,regression,59,5,5
PatchNAS [ungated],tt100k_signs/densenet121,303,regression,61,2,2
PatchNAS [ungated],tt100k_signs/densenet121,303,regression,65,10,10
PatchNAS [ungated],tt100k_signs/densenet121,303,regression,68,2,3
PatchNAS [ungated],tt100k_signs/densenet121,303,regression,70,26,26
PatchNAS [ungated],tt100k_signs/densenet121,303,regression,71,11,11
PatchNAS [ungated],tt100k_signs/densenet121,303,regression,74,49,49
PatchNAS [ungated],tt100k_signs/densenet121,303,regression,76,33,33
PatchNAS [ungated],tt100k_signs/densenet121,303,regression,80,18,18
PatchNAS [ungated],tt100k_signs/densenet121,303,regression,81,176,176
PatchNAS [ungated],tt100k_signs/densenet121,303,regression,82,14,14
PatchNAS [ungated],tt100k_signs/densenet121,303,regression,83,70,70
PatchNAS [ungated],tt100k_signs/densenet121,303,regression,84,45,45
PatchNAS [ungated],tt100k_signs/densenet121,303,regression,85,47,47
PatchNAS [ungated],tt100k_signs/densenet121,303,regression,86,3,3
PatchNAS [ungated],tt100k_signs/densenet121,303,regression,88,178,178
PatchNAS [ungated],tt100k_signs/densenet121,303,regression,89,12,12
PatchNAS [ungated],tt100k_signs/densenet121,303,regression,91,366,366
PatchNAS [ungated],tt100k_signs/densenet121,303,regression,92,172,172
PatchNAS [ungated],tt100k_signs/densenet121,303,regression,93,303,303
PatchNAS [ungated],tt100k_signs/densenet121,303,regression,94,15,214
PatchNAS [ungated],tt100k_signs/densenet121,303,regression,96,31,31
PatchNAS [ungated],tt100k_signs/densenet121,303,regression,97,240,240
PatchNAS [ungated],tt100k_signs/densenet121,303,regression,98,8,8
PatchNAS [ungated],tt100k_signs/densenet121,303,regression,100,23,23
PatchNAS [ungated],tt100k_signs/densenet121,303,regression,102,20,20
PatchNAS [ungated],tt100k_signs/densenet121,303,regression,103,3,3
PatchNAS [ungated],tt100k_signs/densenet121,303,regression,105,36,36
PatchNAS [ungated],tt100k_signs/densenet121,303,regression,107,19,19
PatchNAS [ungated],tt100k_signs/densenet121,303,regression,108,1,1
PatchNAS [ungated],tt100k_signs/densenet121,303,regression,109,4,4
PatchNAS [ungated],tt100k_signs/densenet121,303,regression,112,1,2
PatchNAS [ungated],tt100k_signs/densenet121,303,regression,113,31,31
PatchNAS [ungated],tt100k_signs/densenet121,303,regression,115,832,862
PatchNAS [ungated],tt100k_signs/densenet121,303,regression,116,612,614
PatchNAS [ungated],tt100k_signs/densenet121,303,regression,117,128,276
PatchNAS [ungated],tt100k_signs/densenet121,303,regression,120,16,16
PatchNAS [ungated],tt100k_signs/densenet121,303,regression,122,50,50
PatchNAS [ungated],tt100k_signs/densenet121,303,regression,124,19,19
PatchNAS [ungated],tt100k_signs/densenet121,303,regression,125,0,24
PatchNAS [ungated],tt100k_signs/densenet121,303,regression,126,2,10
PatchNAS [ungated],tt100k_signs/densenet121,303,regression,127,10,10
PatchNAS [ungated],tt100k_signs/densenet121,303,regression,128,44,44
PatchNAS [ungated],tt100k_signs/densenet121,303,regression,132,8,8
PatchNAS [ungated],tt100k_signs/densenet121,303,regression,134,1,1
PatchNAS [ungated],tt100k_signs/densenet121,303,regression,140,21,22
PatchNAS [ungated],tt100k_signs/densenet121,303,regression,143,0,2
PatchNAS [ungated],tt100k_signs/densenet121,303,regression,145,4,5
PatchNAS [ungated],tt100k_signs/densenet121,303,regression,146,33,33
PatchNAS [ungated],tt100k_signs/densenet121,303,regression,151,7,7
PatchNAS [ungated],tt100k_signs/densenet121,303,regression,152,39,39
PatchNAS [ungated],tt100k_signs/densenet121,303,regression,154,22,22
PatchNAS [ungated],tt100k_signs/densenet121,303,regression,155,9,9
PatchNAS [ungated],tt100k_signs/densenet121,303,regression,156,1,1
PatchNAS [ungated],tt100k_signs/densenet121,303,regression,157,1,1
PatchNAS [ungated],tt100k_signs/densenet121,303,regression,158,1,1
PatchNAS [ungated],tt100k_signs/densenet121,303,regression,159,1,1
PatchNAS [ungated],tt100k_signs/densenet121,303,regression,160,6,9
PatchNAS [ungated],tt100k_signs/densenet121,303,regression,163,9,9
PatchNAS [ungated],tt100k_signs/densenet121,303,regression,164,2,2
PatchNAS [ungated],tt100k_signs/densenet121,303,regression,165,19,22
PatchNAS [ungated],tt100k_signs/densenet121,303,regression,170,51,51
PatchNAS [ungated],tt100k_signs/densenet121,303,regression,172,99,99
PatchNAS [ungated],tt100k_signs/densenet121,303,regression,173,26,26
PatchNAS [ungated],tt100k_signs/densenet121,303,regression,174,44,44
PatchNAS [ungated],tt100k_signs/densenet121,303,regression,177,21,38
PatchNAS [ungated],tt100k_signs/densenet121,303,regression,180,19,19
PatchNAS [ungated],tt100k_signs/vgg16,101,repair,1,1,2
PatchNAS [ungated],tt100k_signs/vgg16,101,repair,2,1,1
PatchNAS [ungated],tt100k_signs/vgg16,101,repair,6,0,5
PatchNAS [ungated],tt100k_signs/vgg16,101,repair,7,0,7
PatchNAS [ungated],tt100k_signs/vgg16,101,repair,8,0,2
PatchNAS [ungated],tt100k_signs/vgg16,101,repair,9,1,2
PatchNAS [ungated],tt100k_signs/vgg16,101,repair,10,0,1
PatchNAS [ungated],tt100k_signs/vgg16,101,repair,16,0,2
PatchNAS [ungated],tt100k_signs/vgg16,101,repair,17,0,1
PatchNAS [ungated],tt100k_signs/vgg16,101,repair,18,0,2
PatchNAS [ungated],tt100k_signs/vgg16,101,repair,19,0,4
PatchNAS [ungated],tt100k_signs/vgg16,101,repair,20,0,1
PatchNAS [ungated],tt100k_signs/vgg16,101,repair,21,0,3
PatchNAS [ungated],tt100k_signs/vgg16,101,repair,22,0,7
PatchNAS [ungated],tt100k_signs/vgg16,101,repair,23,2,3
PatchNAS [ungated],tt100k_signs/vgg16,101,repair,24,0,2
PatchNAS [ungated],tt100k_signs/vgg16,101,repair,26,0,1
PatchNAS [ungated],tt100k_signs/vgg16,101,repair,27,0,1
PatchNAS [ungated],tt100k_signs/vgg16,101,repair,29,2,4
PatchNAS [ungated],tt100k_signs/vgg16,101,repair,31,0,2
PatchNAS [ungated],tt100k_signs/vgg16,101,repair,34,0,2
PatchNAS [ungated],tt100k_signs/vgg16,101,repair,37,0,1
PatchNAS [ungated],tt100k_signs/vgg16,101,repair,38,0,2
PatchNAS [ungated],tt100k_signs/vgg16,101,repair,39,0,1
PatchNAS [ungated],tt100k_signs/vgg16,101,repair,40,0,1
PatchNAS [ungated],tt100k_signs/vgg16,101,repair,41,0,3
PatchNAS [ungated],tt100k_signs/vgg16,101,repair,42,0,1
PatchNAS [ungated],tt100k_signs/vgg16,101,repair,44,0,3
PatchNAS [ungated],tt100k_signs/vgg16,101,repair,45,0,1
PatchNAS [ungated],tt100k_signs/vgg16,101,repair,53,1,1
PatchNAS [ungated],tt100k_signs/vgg16,101,repair,57,0,2
PatchNAS [ungated],tt100k_signs/vgg16,101,repair,60,0,1
PatchNAS [ungated],tt100k_signs/vgg16,101,repair,62,0,2
PatchNAS [ungated],tt100k_signs/vgg16,101,repair,63,7,7
PatchNAS [ungated],tt100k_signs/vgg16,101,repair,67,7,8
PatchNAS [ungated],tt100k_signs/vgg16,101,repair,70,0,3
PatchNAS [ungated],tt100k_signs/vgg16,101,repair,71,0,2
PatchNAS [ungated],tt100k_signs/vgg16,101,repair,75,5,6
PatchNAS [ungated],tt100k_signs/vgg16,101,repair,77,1,1
PatchNAS [ungated],tt100k_signs/vgg16,101,repair,78,0,1
PatchNAS [ungated],tt100k_signs/vgg16,101,repair,79,0,2
PatchNAS [ungated],tt100k_signs/vgg16,101,repair,80,2,4
PatchNAS [ungated],tt100k_signs/vgg16,101,repair,81,1,3
PatchNAS [ungated],tt100k_signs/vgg16,101,repair,82,0,3
PatchNAS [ungated],tt100k_signs/vgg16,101,repair,83,0,1
PatchNAS [ungated],tt100k_signs/vgg16,101,repair,85,0,2
PatchNAS [ungated],tt100k_signs/vgg16,101,repair,87,0,1
PatchNAS [ungated],tt100k_signs/vgg16,101,repair,90,0,1
PatchNAS [ungated],tt100k_signs/vgg16,101,repair,91,1,2
PatchNAS [ungated],tt100k_signs/vgg16,101,repair,92,1,2
PatchNAS [ungated],tt100k_signs/vgg16,101,repair,93,3,6
PatchNAS [ungated],tt100k_signs/vgg16,101,repair,95,1,1
PatchNAS [ungated],tt100k_signs/vgg16,101,repair,96,0,1
PatchNAS [ungated],tt100k_signs/vgg16,101,repair,97,4,6
PatchNAS [ungated],tt100k_signs/vgg16,101,repair,98,0,1
PatchNAS [ungated],tt100k_signs/vgg16,101,repair,99,0,1
PatchNAS [ungated],tt100k_signs/vgg16,101,repair,100,4,5
PatchNAS [ungated],tt100k_signs/vgg16,101,repair,101,0,1
PatchNAS [ungated],tt100k_signs/vgg16,101,repair,105,0,1
PatchNAS [ungated],tt100k_signs/vgg16,101,repair,106,3,3
PatchNAS [ungated],tt100k_signs/vgg16,101,repair,110,4,4
PatchNAS [ungated],tt100k_signs/vgg16,101,repair,111,0,3
PatchNAS [ungated],tt100k_signs/vgg16,101,repair,114,3,4
PatchNAS [ungated],tt100k_signs/vgg16,101,repair,115,2,4
PatchNAS [ungated],tt100k_signs/vgg16,101,repair,116,4,7
PatchNAS [ungated],tt100k_signs/vgg16,101,repair,117,6,33
PatchNAS [ungated],tt100k_signs/vgg16,101,repair,121,2,4
PatchNAS [ungated],tt100k_signs/vgg16,101,repair,123,1,1
PatchNAS [ungated],tt100k_signs/vgg16,101,repair,124,0,1
PatchNAS [ungated],tt100k_signs/vgg16,101,repair,125,2,4
PatchNAS [ungated],tt100k_signs/vgg16,101,repair,126,0,1
PatchNAS [ungated],tt100k_signs/vgg16,101,repair,128,4,8
PatchNAS [ungated],tt100k_signs/vgg16,101,repair,132,0,1
PatchNAS [ungated],tt100k_signs/vgg16,101,repair,137,0,1
PatchNAS [ungated],tt100k_signs/vgg16,101,repair,140,0,2
PatchNAS [ungated],tt100k_signs/vgg16,101,repair,141,2,6
PatchNAS [ungated],tt100k_signs/vgg16,101,repair,142,12,15
PatchNAS [ungated],tt100k_signs/vgg16,101,repair,143,0,2
PatchNAS [ungated],tt100k_signs/vgg16,101,repair,146,2,2
PatchNAS [ungated],tt100k_signs/vgg16,101,repair,147,1,2
PatchNAS [ungated],tt100k_signs/vgg16,101,repair,148,6,9
PatchNAS [ungated],tt100k_signs/vgg16,101,repair,149,1,6
PatchNAS [ungated],tt100k_signs/vgg16,101,repair,152,0,1
PatchNAS [ungated],tt100k_signs/vgg16,101,repair,153,1,1
PatchNAS [ungated],tt100k_signs/vgg16,101,repair,155,0,4
PatchNAS [ungated],tt100k_signs/vgg16,101,repair,157,0,2
PatchNAS [ungated],tt100k_signs/vgg16,101,repair,160,4,6
PatchNAS [ungated],tt100k_signs/vgg16,101,repair,161,1,3
PatchNAS [ungated],tt100k_signs/vgg16,101,repair,163,0,1
PatchNAS [ungated],tt100k_signs/vgg16,101,repair,164,0,1
PatchNAS [ungated],tt100k_signs/vgg16,101,repair,165,2,6
PatchNAS [ungated],tt100k_signs/vgg16,101,repair,169,0,3
PatchNAS [ungated],tt100k_signs/vgg16,101,repair,170,0,1
PatchNAS [ungated],tt100k_signs/vgg16,101,repair,171,0,1
PatchNAS [ungated],tt100k_signs/vgg16,101,repair,172,0,2
PatchNAS [ungated],tt100k_signs/vgg16,101,repair,173,4,10
PatchNAS [ungated],tt100k_signs/vgg16,101,repair,176,0,1
PatchNAS [ungated],tt100k_signs/vgg16,101,repair,177,1,5
PatchNAS [ungated],tt100k_signs/vgg16,101,repair,179,3,4
PatchNAS [ungated],tt100k_signs/vgg16,101,repair,180,1,7
PatchNAS [ungated],tt100k_signs/vgg16,101,regression,1,25,35
PatchNAS [ungated],tt100k_signs/vgg16,101,regression,3,5,5
PatchNAS [ungated],tt100k_signs/vgg16,101,regression,4,3,3
PatchNAS [ungated],tt100k_signs/vgg16,101,regression,5,2,2
PatchNAS [ungated],tt100k_signs/vgg16,101,regression,7,98,101
PatchNAS [ungated],tt100k_signs/vgg16,101,regression,8,2,2
PatchNAS [ungated],tt100k_signs/vgg16,101,regression,9,79,184
PatchNAS [ungated],tt100k_signs/vgg16,101,regression,10,348,430
PatchNAS [ungated],tt100k_signs/vgg16,101,regression,11,27,27
PatchNAS [ungated],tt100k_signs/vgg16,101,regression,12,1,1
PatchNAS [ungated],tt100k_signs/vgg16,101,regression,13,2,2
PatchNAS [ungated],tt100k_signs/vgg16,101,regression,14,25,111
PatchNAS [ungated],tt100k_signs/vgg16,101,regression,15,5,5
PatchNAS [ungated],tt100k_signs/vgg16,101,regression,16,24,72
PatchNAS [ungated],tt100k_signs/vgg16,101,regression,17,14,14
PatchNAS [ungated],tt100k_signs/vgg16,101,regression,18,157,209
PatchNAS [ungated],tt100k_signs/vgg16,101,regression,19,100,101
PatchNAS [ungated],tt100k_signs/vgg16,101,regression,20,27,27
PatchNAS [ungated],tt100k_signs/vgg16,101,regression,21,64,67
PatchNAS [ungated],tt100k_signs/vgg16,101,regression,22,297,397
PatchNAS [ungated],tt100k_signs/vgg16,101,regression,23,23,50
PatchNAS [ungated],tt100k_signs/vgg16,101,regression,25,10,24
PatchNAS [ungated],tt100k_signs/vgg16,101,regression,27,5,5
PatchNAS [ungated],tt100k_signs/vgg16,101,regression,28,8,10
PatchNAS [ungated],tt100k_signs/vgg16,101,regression,29,2,4
PatchNAS [ungated],tt100k_signs/vgg16,101,regression,30,30,30
PatchNAS [ungated],tt100k_signs/vgg16,101,regression,31,3,3
PatchNAS [ungated],tt100k_signs/vgg16,101,regression,34,3,4
PatchNAS [ungated],tt100k_signs/vgg16,101,regression,35,86,86
PatchNAS [ungated],tt100k_signs/vgg16,101,regression,37,6,6
PatchNAS [ungated],tt100k_signs/vgg16,101,regression,38,188,188
PatchNAS [ungated],tt100k_signs/vgg16,101,regression,39,37,37
PatchNAS [ungated],tt100k_signs/vgg16,101,regression,41,43,44
PatchNAS [ungated],tt100k_signs/vgg16,101,regression,42,1,1
PatchNAS [ungated],tt100k_signs/vgg16,101,regression,43,102,102
PatchNAS [ungated],tt100k_signs/vgg16,101,regression,44,29,29
PatchNAS [ungated],tt100k_signs/vgg16,101,regression,46,1,1
PatchNAS [ungated],tt100k_signs/vgg16,101,regression,47,15,15
PatchNAS [ungated],tt100k_signs/vgg16,101,regression,48,5,5
PatchNAS [ungated],tt100k_signs/vgg16,101,regression,50,11,11
PatchNAS [ungated],tt100k_signs/vgg16,101,regression,51,14,14
PatchNAS [ungated],tt100k_signs/vgg16,101,regression,53,16,16
PatchNAS [ungated],tt100k_signs/vgg16,101,regression,55,38,38
PatchNAS [ungated],tt100k_signs/vgg16,101,regression,57,0,3
PatchNAS [ungated],tt100k_signs/vgg16,101,regression,59,7,7
PatchNAS [ungated],tt100k_signs/vgg16,101,regression,61,4,4
PatchNAS [ungated],tt100k_signs/vgg16,101,regression,65,7,7
PatchNAS [ungated],tt100k_signs/vgg16,101,regression,68,2,2
PatchNAS [ungated],tt100k_signs/vgg16,101,regression,70,24,25
PatchNAS [ungated],tt100k_signs/vgg16,101,regression,71,12,12
PatchNAS [ungated],tt100k_signs/vgg16,101,regression,74,48,48
PatchNAS [ungated],tt100k_signs/vgg16,101,regression,76,36,36
PatchNAS [ungated],tt100k_signs/vgg16,101,regression,80,4,12
PatchNAS [ungated],tt100k_signs/vgg16,101,regression,81,167,167
PatchNAS [ungated],tt100k_signs/vgg16,101,regression,82,12,12
PatchNAS [ungated],tt100k_signs/vgg16,101,regression,83,56,70
PatchNAS [ungated],tt100k_signs/vgg16,101,regression,84,39,39
PatchNAS [ungated],tt100k_signs/vgg16,101,regression,85,40,40
PatchNAS [ungated],tt100k_signs/vgg16,101,regression,86,3,3
PatchNAS [ungated],tt100k_signs/vgg16,101,regression,88,177,177
PatchNAS [ungated],tt100k_signs/vgg16,101,regression,89,14,14
PatchNAS [ungated],tt100k_signs/vgg16,101,regression,91,363,377
PatchNAS [ungated],tt100k_signs/vgg16,101,regression,92,161,165
PatchNAS [ungated],tt100k_signs/vgg16,101,regression,93,183,285
PatchNAS [ungated],tt100k_signs/vgg16,101,regression,94,231,231
PatchNAS [ungated],tt100k_signs/vgg16,101,regression,96,35,35
PatchNAS [ungated],tt100k_signs/vgg16,101,regression,97,31,225
PatchNAS [ungated],tt100k_signs/vgg16,101,regression,98,10,10
PatchNAS [ungated],tt100k_signs/vgg16,101,regression,100,3,19
PatchNAS [ungated],tt100k_signs/vgg16,101,regression,102,19,19
PatchNAS [ungated],tt100k_signs/vgg16,101,regression,103,1,1
PatchNAS [ungated],tt100k_signs/vgg16,101,regression,105,37,38
PatchNAS [ungated],tt100k_signs/vgg16,101,regression,107,29,29
PatchNAS [ungated],tt100k_signs/vgg16,101,regression,108,1,1
PatchNAS [ungated],tt100k_signs/vgg16,101,regression,109,4,4
PatchNAS [ungated],tt100k_signs/vgg16,101,regression,111,5,6
PatchNAS [ungated],tt100k_signs/vgg16,101,regression,112,2,7
PatchNAS [ungated],tt100k_signs/vgg16,101,regression,113,29,29
PatchNAS [ungated],tt100k_signs/vgg16,101,regression,114,0,2
PatchNAS [ungated],tt100k_signs/vgg16,101,regression,115,824,838
PatchNAS [ungated],tt100k_signs/vgg16,101,regression,116,173,627
PatchNAS [ungated],tt100k_signs/vgg16,101,regression,117,214,290
PatchNAS [ungated],tt100k_signs/vgg16,101,regression,120,13,14
PatchNAS [ungated],tt100k_signs/vgg16,101,regression,121,9,23
PatchNAS [ungated],tt100k_signs/vgg16,101,regression,122,56,56
PatchNAS [ungated],tt100k_signs/vgg16,101,regression,124,21,21
PatchNAS [ungated],tt100k_signs/vgg16,101,regression,125,28,32
PatchNAS [ungated],tt100k_signs/vgg16,101,regression,126,11,11
PatchNAS [ungated],tt100k_signs/vgg16,101,regression,127,1,7
PatchNAS [ungated],tt100k_signs/vgg16,101,regression,128,36,43
PatchNAS [ungated],tt100k_signs/vgg16,101,regression,131,1,1
PatchNAS [ungated],tt100k_signs/vgg16,101,regression,132,7,7
PatchNAS [ungated],tt100k_signs/vgg16,101,regression,134,2,2
PatchNAS [ungated],tt100k_signs/vgg16,101,regression,140,28,28
PatchNAS [ungated],tt100k_signs/vgg16,101,regression,141,3,3
PatchNAS [ungated],tt100k_signs/vgg16,101,regression,143,5,5
PatchNAS [ungated],tt100k_signs/vgg16,101,regression,145,6,6
PatchNAS [ungated],tt100k_signs/vgg16,101,regression,146,9,26
PatchNAS [ungated],tt100k_signs/vgg16,101,regression,147,27,31
PatchNAS [ungated],tt100k_signs/vgg16,101,regression,151,8,8
PatchNAS [ungated],tt100k_signs/vgg16,101,regression,152,35,36
PatchNAS [ungated],tt100k_signs/vgg16,101,regression,154,27,27
PatchNAS [ungated],tt100k_signs/vgg16,101,regression,155,7,7
PatchNAS [ungated],tt100k_signs/vgg16,101,regression,158,1,1
PatchNAS [ungated],tt100k_signs/vgg16,101,regression,159,1,1
PatchNAS [ungated],tt100k_signs/vgg16,101,regression,160,2,6
PatchNAS [ungated],tt100k_signs/vgg16,101,regression,163,0,8
PatchNAS [ungated],tt100k_signs/vgg16,101,regression,164,0,1
PatchNAS [ungated],tt100k_signs/vgg16,101,regression,165,12,17
PatchNAS [ungated],tt100k_signs/vgg16,101,regression,170,42,42
PatchNAS [ungated],tt100k_signs/vgg16,101,regression,172,104,104
PatchNAS [ungated],tt100k_signs/vgg16,101,regression,173,9,9
PatchNAS [ungated],tt100k_signs/vgg16,101,regression,174,52,52
PatchNAS [ungated],tt100k_signs/vgg16,101,regression,177,10,40
PatchNAS [ungated],tt100k_signs/vgg16,101,regression,180,20,21
PatchNAS [ungated],tt100k_signs/vgg16,202,repair,1,2,3
PatchNAS [ungated],tt100k_signs/vgg16,202,repair,2,0,1
PatchNAS [ungated],tt100k_signs/vgg16,202,repair,3,0,2
PatchNAS [ungated],tt100k_signs/vgg16,202,repair,6,1,2
PatchNAS [ungated],tt100k_signs/vgg16,202,repair,7,4,7
PatchNAS [ungated],tt100k_signs/vgg16,202,repair,9,0,3
PatchNAS [ungated],tt100k_signs/vgg16,202,repair,10,0,3
PatchNAS [ungated],tt100k_signs/vgg16,202,repair,16,1,3
PatchNAS [ungated],tt100k_signs/vgg16,202,repair,17,0,1
PatchNAS [ungated],tt100k_signs/vgg16,202,repair,18,0,1
PatchNAS [ungated],tt100k_signs/vgg16,202,repair,19,0,3
PatchNAS [ungated],tt100k_signs/vgg16,202,repair,20,0,2
PatchNAS [ungated],tt100k_signs/vgg16,202,repair,21,0,2
PatchNAS [ungated],tt100k_signs/vgg16,202,repair,22,0,4
PatchNAS [ungated],tt100k_signs/vgg16,202,repair,23,0,2
PatchNAS [ungated],tt100k_signs/vgg16,202,repair,24,0,1
PatchNAS [ungated],tt100k_signs/vgg16,202,repair,25,0,1
PatchNAS [ungated],tt100k_signs/vgg16,202,repair,27,0,1
PatchNAS [ungated],tt100k_signs/vgg16,202,repair,28,0,1
PatchNAS [ungated],tt100k_signs/vgg16,202,repair,29,1,2
PatchNAS [ungated],tt100k_signs/vgg16,202,repair,31,0,1
PatchNAS [ungated],tt100k_signs/vgg16,202,repair,34,0,4
PatchNAS [ungated],tt100k_signs/vgg16,202,repair,37,0,1
PatchNAS [ungated],tt100k_signs/vgg16,202,repair,38,1,4
PatchNAS [ungated],tt100k_signs/vgg16,202,repair,39,0,1
PatchNAS [ungated],tt100k_signs/vgg16,202,repair,41,0,2
PatchNAS [ungated],tt100k_signs/vgg16,202,repair,42,0,1
PatchNAS [ungated],tt100k_signs/vgg16,202,repair,44,0,1
PatchNAS [ungated],tt100k_signs/vgg16,202,repair,45,0,1
PatchNAS [ungated],tt100k_signs/vgg16,202,repair,50,0,1
PatchNAS [ungated],tt100k_signs/vgg16,202,repair,53,0,3
PatchNAS [ungated],tt100k_signs/vgg16,202,repair,54,0,2
PatchNAS [ungated],tt100k_signs/vgg16,202,repair,57,0,3
PatchNAS [ungated],tt100k_signs/vgg16,202,repair,61,0,1
PatchNAS [ungated],tt100k_signs/vgg16,202,repair,62,0,1
PatchNAS [ungated],tt100k_signs/vgg16,202,repair,63,5,5
PatchNAS [ungated],tt100k_signs/vgg16,202,repair,67,7,10
PatchNAS [ungated],tt100k_signs/vgg16,202,repair,68,0,1
PatchNAS [ungated],tt100k_signs/vgg16,202,repair,69,0,1
PatchNAS [ungated],tt100k_signs/vgg16,202,repair,70,1,1
PatchNAS [ungated],tt100k_signs/vgg16,202,repair,71,0,1
PatchNAS [ungated],tt100k_signs/vgg16,202,repair,72,0,4
PatchNAS [ungated],tt100k_signs/vgg16,202,repair,74,0,1
PatchNAS [ungated],tt100k_signs/vgg16,202,repair,75,4,6
PatchNAS [ungated],tt100k_signs/vgg16,202,repair,76,0,1
PatchNAS [ungated],tt100k_signs/vgg16,202,repair,78,0,2
PatchNAS [ungated],tt100k_signs/vgg16,202,repair,80,4,6
PatchNAS [ungated],tt100k_signs/vgg16,202,repair,81,0,1
PatchNAS [ungated],tt100k_signs/vgg16,202,repair,82,2,2
PatchNAS [ungated],tt100k_signs/vgg16,202,repair,83,0,2
PatchNAS [ungated],tt100k_signs/vgg16,202,repair,85,0,2
PatchNAS [ungated],tt100k_signs/vgg16,202,repair,91,1,3
PatchNAS [ungated],tt100k_signs/vgg16,202,repair,92,0,2
PatchNAS [ungated],tt100k_signs/vgg16,202,repair,93,0,8
PatchNAS [ungated],tt100k_signs/vgg16,202,repair,97,7,8
PatchNAS [ungated],tt100k_signs/vgg16,202,repair,99,1,1
PatchNAS [ungated],tt100k_signs/vgg16,202,repair,100,4,4
PatchNAS [ungated],tt100k_signs/vgg16,202,repair,101,0,1
PatchNAS [ungated],tt100k_signs/vgg16,202,repair,105,0,1
PatchNAS [ungated],tt100k_signs/vgg16,202,repair,106,4,4
PatchNAS [ungated],tt100k_signs/vgg16,202,repair,107,0,1
PatchNAS [ungated],tt100k_signs/vgg16,202,repair,110,3,3
PatchNAS [ungated],tt100k_signs/vgg16,202,repair,111,0,3
PatchNAS [ungated],tt100k_signs/vgg16,202,repair,114,0,5
PatchNAS [ungated],tt100k_signs/vgg16,202,repair,115,2,3
PatchNAS [ungated],tt100k_signs/vgg16,202,repair,116,1,7
PatchNAS [ungated],tt100k_signs/vgg16,202,repair,117,15,27
PatchNAS [ungated],tt100k_signs/vgg16,202,repair,120,0,1
PatchNAS [ungated],tt100k_signs/vgg16,202,repair,121,4,5
PatchNAS [ungated],tt100k_signs/vgg16,202,repair,123,1,1
PatchNAS [ungated],tt100k_signs/vgg16,202,repair,125,1,2
PatchNAS [ungated],tt100k_signs/vgg16,202,repair,126,0,2
PatchNAS [ungated],tt100k_signs/vgg16,202,repair,127,1,1
PatchNAS [ungated],tt100k_signs/vgg16,202,repair,128,2,7
PatchNAS [ungated],tt100k_signs/vgg16,202,repair,137,0,1
PatchNAS [ungated],tt100k_signs/vgg16,202,repair,138,0,1
PatchNAS [ungated],tt100k_signs/vgg16,202,repair,139,0,1
PatchNAS [ungated],tt100k_signs/vgg16,202,repair,140,0,3
PatchNAS [ungated],tt100k_signs/vgg16,202,repair,141,5,9
PatchNAS [ungated],tt100k_signs/vgg16,202,repair,142,16,18
PatchNAS [ungated],tt100k_signs/vgg16,202,repair,143,0,1
PatchNAS [ungated],tt100k_signs/vgg16,202,repair,146,2,3
PatchNAS [ungated],tt100k_signs/vgg16,202,repair,147,0,5
PatchNAS [ungated],tt100k_signs/vgg16,202,repair,148,5,6
PatchNAS [ungated],tt100k_signs/vgg16,202,repair,149,2,3
PatchNAS [ungated],tt100k_signs/vgg16,202,repair,150,0,1
PatchNAS [ungated],tt100k_signs/vgg16,202,repair,152,0,3
PatchNAS [ungated],tt100k_signs/vgg16,202,repair,153,1,2
PatchNAS [ungated],tt100k_signs/vgg16,202,repair,155,0,1
PatchNAS [ungated],tt100k_signs/vgg16,202,repair,157,1,1
PatchNAS [ungated],tt100k_signs/vgg16,202,repair,160,4,6
PatchNAS [ungated],tt100k_signs/vgg16,202,repair,161,1,2
PatchNAS [ungated],tt100k_signs/vgg16,202,repair,162,0,1
PatchNAS [ungated],tt100k_signs/vgg16,202,repair,163,2,2
PatchNAS [ungated],tt100k_signs/vgg16,202,repair,165,3,7
PatchNAS [ungated],tt100k_signs/vgg16,202,repair,167,0,1
PatchNAS [ungated],tt100k_signs/vgg16,202,repair,169,0,2
PatchNAS [ungated],tt100k_signs/vgg16,202,repair,172,1,3
PatchNAS [ungated],tt100k_signs/vgg16,202,repair,173,2,11
PatchNAS [ungated],tt100k_signs/vgg16,202,repair,175,0,1
PatchNAS [ungated],tt100k_signs/vgg16,202,repair,177,3,6
PatchNAS [ungated],tt100k_signs/vgg16,202,repair,179,2,5
PatchNAS [ungated],tt100k_signs/vgg16,202,repair,180,1,4
PatchNAS [ungated],tt100k_signs/vgg16,202,regression,0,1,1
PatchNAS [ungated],tt100k_signs/vgg16,202,regression,1,28,33
PatchNAS [ungated],tt100k_signs/vgg16,202,regression,3,2,2
PatchNAS [ungated],tt100k_signs/vgg16,202,regression,4,5,5
PatchNAS [ungated],tt100k_signs/vgg16,202,regression,5,2,2
PatchNAS [ungated],tt100k_signs/vgg16,202,regression,7,92,111
PatchNAS [ungated],tt100k_signs/vgg16,202,regression,8,4,4
PatchNAS [ungated],tt100k_signs/vgg16,202,regression,9,160,196
PatchNAS [ungated],tt100k_signs/vgg16,202,regression,10,436,436
PatchNAS [ungated],tt100k_signs/vgg16,202,regression,11,33,33
PatchNAS [ungated],tt100k_signs/vgg16,202,regression,12,1,1
PatchNAS [ungated],tt100k_signs/vgg16,202,regression,13,3,3
PatchNAS [ungated],tt100k_signs/vgg16,202,regression,14,35,112
PatchNAS [ungated],tt100k_signs/vgg16,202,regression,15,4,4
PatchNAS [ungated],tt100k_signs/vgg16,202,regression,16,33,77
PatchNAS [ungated],tt100k_signs/vgg16,202,regression,17,14,14
PatchNAS [ungated],tt100k_signs/vgg16,202,regression,18,151,211
PatchNAS [ungated],tt100k_signs/vgg16,202,regression,19,50,103
PatchNAS [ungated],tt100k_signs/vgg16,202,regression,20,37,37
PatchNAS [ungated],tt100k_signs/vgg16,202,regression,21,68,68
PatchNAS [ungated],tt100k_signs/vgg16,202,regression,22,215,402
PatchNAS [ungated],tt100k_signs/vgg16,202,regression,23,34,51
PatchNAS [ungated],tt100k_signs/vgg16,202,regression,25,22,22
PatchNAS [ungated],tt100k_signs/vgg16,202,regression,27,5,6
PatchNAS [ungated],tt100k_signs/vgg16,202,regression,28,9,9
PatchNAS [ungated],tt100k_signs/vgg16,202,regression,29,2,4
PatchNAS [ungated],tt100k_signs/vgg16,202,regression,30,28,28
PatchNAS [ungated],tt100k_signs/vgg16,202,regression,31,3,3
PatchNAS [ungated],tt100k_signs/vgg16,202,regression,34,5,5
PatchNAS [ungated],tt100k_signs/vgg16,202,regression,35,86,86
PatchNAS [ungated],tt100k_signs/vgg16,202,regression,37,7,7
PatchNAS [ungated],tt100k_signs/vgg16,202,regression,38,183,188
PatchNAS [ungated],tt100k_signs/vgg16,202,regression,39,37,37
PatchNAS [ungated],tt100k_signs/vgg16,202,regression,41,45,45
PatchNAS [ungated],tt100k_signs/vgg16,202,regression,42,1,1
PatchNAS [ungated],tt100k_signs/vgg16,202,regression,43,110,110
PatchNAS [ungated],tt100k_signs/vgg16,202,regression,44,28,28
PatchNAS [ungated],tt100k_signs/vgg16,202,regression,46,4,4
PatchNAS [ungated],tt100k_signs/vgg16,202,regression,47,18,18
PatchNAS [ungated],tt100k_signs/vgg16,202,regression,48,4,4
PatchNAS [ungated],tt100k_signs/vgg16,202,regression,50,8,8
PatchNAS [ungated],tt100k_signs/vgg16,202,regression,51,12,12
PatchNAS [ungated],tt100k_signs/vgg16,202,regression,53,17,17
PatchNAS [ungated],tt100k_signs/vgg16,202,regression,55,39,39
PatchNAS [ungated],tt100k_signs/vgg16,202,regression,57,4,4
PatchNAS [ungated],tt100k_signs/vgg16,202,regression,59,4,4
PatchNAS [ungated],tt100k_signs/vgg16,202,regression,61,3,3
PatchNAS [ungated],tt100k_signs/vgg16,202,regression,65,8,8
PatchNAS [ungated],tt100k_signs/vgg16,202,regression,68,4,4
PatchNAS [ungated],tt100k_signs/vgg16,202,regression,70,22,26
PatchNAS [ungated],tt100k_signs/vgg16,202,regression,71,7,10
PatchNAS [ungated],tt100k_signs/vgg16,202,regression,74,47,47
PatchNAS [ungated],tt100k_signs/vgg16,202,regression,76,32,32
PatchNAS [ungated],tt100k_signs/vgg16,202,regression,80,3,11
PatchNAS [ungated],tt100k_signs/vgg16,202,regression,81,174,175
PatchNAS [ungated],tt100k_signs/vgg16,202,regression,82,11,11
PatchNAS [ungated],tt100k_signs/vgg16,202,regression,83,66,66
PatchNAS [ungated],tt100k_signs/vgg16,202,regression,84,46,46
PatchNAS [ungated],tt100k_signs/vgg16,202,regression,85,51,51
PatchNAS [ungated],tt100k_signs/vgg16,202,regression,86,2,2
PatchNAS [ungated],tt100k_signs/vgg16,202,regression,88,129,169
PatchNAS [ungated],tt100k_signs/vgg16,202,regression,89,18,18
PatchNAS [ungated],tt100k_signs/vgg16,202,regression,91,363,367
PatchNAS [ungated],tt100k_signs/vgg16,202,regression,92,41,171
PatchNAS [ungated],tt100k_signs/vgg16,202,regression,93,273,282
PatchNAS [ungated],tt100k_signs/vgg16,202,regression,94,213,213
PatchNAS [ungated],tt100k_signs/vgg16,202,regression,96,32,32
PatchNAS [ungated],tt100k_signs/vgg16,202,regression,97,49,215
PatchNAS [ungated],tt100k_signs/vgg16,202,regression,98,9,9
PatchNAS [ungated],tt100k_signs/vgg16,202,regression,100,1,18
PatchNAS [ungated],tt100k_signs/vgg16,202,regression,102,20,20
PatchNAS [ungated],tt100k_signs/vgg16,202,regression,103,2,2
PatchNAS [ungated],tt100k_signs/vgg16,202,regression,105,36,40
PatchNAS [ungated],tt100k_signs/vgg16,202,regression,107,25,25
PatchNAS [ungated],tt100k_signs/vgg16,202,regression,108,1,1
PatchNAS [ungated],tt100k_signs/vgg16,202,regression,109,4,4
PatchNAS [ungated],tt100k_signs/vgg16,202,regression,111,5,5
PatchNAS [ungated],tt100k_signs/vgg16,202,regression,112,0,8
PatchNAS [ungated],tt100k_signs/vgg16,202,regression,113,32,32
PatchNAS [ungated],tt100k_signs/vgg16,202,regression,114,3,3
PatchNAS [ungated],tt100k_signs/vgg16,202,regression,115,824,842
PatchNAS [ungated],tt100k_signs/vgg16,202,regression,116,438,622
PatchNAS [ungated],tt100k_signs/vgg16,202,regression,117,117,278
PatchNAS [ungated],tt100k_signs/vgg16,202,regression,120,13,13
PatchNAS [ungated],tt100k_signs/vgg16,202,regression,121,3,24
PatchNAS [ungated],tt100k_signs/vgg16,202,regression,122,54,54
PatchNAS [ungated],tt100k_signs/vgg16,202,regression,124,13,17
PatchNAS [ungated],tt100k_signs/vgg16,202,regression,125,12,25
PatchNAS [ungated],tt100k_signs/vgg16,202,regression,126,9,9
PatchNAS [ungated],tt100k_signs/vgg16,202,regression,127,0,6
PatchNAS [ungated],tt100k_signs/vgg16,202,regression,128,22,32
PatchNAS [ungated],tt100k_signs/vgg16,202,regression,131,1,1
PatchNAS [ungated],tt100k_signs/vgg16,202,regression,132,4,4
PatchNAS [ungated],tt100k_signs/vgg16,202,regression,134,2,2
PatchNAS [ungated],tt100k_signs/vgg16,202,regression,140,28,28
PatchNAS [ungated],tt100k_signs/vgg16,202,regression,141,2,3
PatchNAS [ungated],tt100k_signs/vgg16,202,regression,143,3,5
PatchNAS [ungated],tt100k_signs/vgg16,202,regression,145,7,8
PatchNAS [ungated],tt100k_signs/vgg16,202,regression,146,12,28
PatchNAS [ungated],tt100k_signs/vgg16,202,regression,147,32,32
PatchNAS [ungated],tt100k_signs/vgg16,202,regression,151,8,8
PatchNAS [ungated],tt100k_signs/vgg16,202,regression,152,38,38
PatchNAS [ungated],tt100k_signs/vgg16,202,regression,154,25,25
PatchNAS [ungated],tt100k_signs/vgg16,202,regression,155,4,7
PatchNAS [ungated],tt100k_signs/vgg16,202,regression,156,1,1
PatchNAS [ungated],tt100k_signs/vgg16,202,regression,158,1,1
PatchNAS [ungated],tt100k_signs/vgg16,202,regression,159,1,1
PatchNAS [ungated],tt100k_signs/vgg16,202,regression,160,2,5
PatchNAS [ungated],tt100k_signs/vgg16,202,regression,163,4,7
PatchNAS [ungated],tt100k_signs/vgg16,202,regression,164,1,1
PatchNAS [ungated],tt100k_signs/vgg16,202,regression,165,11,17
PatchNAS [ungated],tt100k_signs/vgg16,202,regression,170,46,48
PatchNAS [ungated],tt100k_signs/vgg16,202,regression,172,105,105
PatchNAS [ungated],tt100k_signs/vgg16,202,regression,173,6,9
PatchNAS [ungated],tt100k_signs/vgg16,202,regression,174,51,51
PatchNAS [ungated],tt100k_signs/vgg16,202,regression,177,15,35
PatchNAS [ungated],tt100k_signs/vgg16,202,regression,180,13,17
PatchNAS [ungated],tt100k_signs/vgg16,303,repair,1,2,3
PatchNAS [ungated],tt100k_signs/vgg16,303,repair,3,0,2
PatchNAS [ungated],tt100k_signs/vgg16,303,repair,6,1,2
PatchNAS [ungated],tt100k_signs/vgg16,303,repair,7,1,6
PatchNAS [ungated],tt100k_signs/vgg16,303,repair,9,1,3
PatchNAS [ungated],tt100k_signs/vgg16,303,repair,10,0,3
PatchNAS [ungated],tt100k_signs/vgg16,303,repair,14,0,1
PatchNAS [ungated],tt100k_signs/vgg16,303,repair,16,0,1
PatchNAS [ungated],tt100k_signs/vgg16,303,repair,18,1,2
PatchNAS [ungated],tt100k_signs/vgg16,303,repair,19,0,2
PatchNAS [ungated],tt100k_signs/vgg16,303,repair,20,0,1
PatchNAS [ungated],tt100k_signs/vgg16,303,repair,21,0,3
PatchNAS [ungated],tt100k_signs/vgg16,303,repair,22,0,5
PatchNAS [ungated],tt100k_signs/vgg16,303,repair,23,0,3
PatchNAS [ungated],tt100k_signs/vgg16,303,repair,24,0,2
PatchNAS [ungated],tt100k_signs/vgg16,303,repair,27,0,1
PatchNAS [ungated],tt100k_signs/vgg16,303,repair,28,0,1
PatchNAS [ungated],tt100k_signs/vgg16,303,repair,29,2,5
PatchNAS [ungated],tt100k_signs/vgg16,303,repair,31,0,1
PatchNAS [ungated],tt100k_signs/vgg16,303,repair,37,0,1
PatchNAS [ungated],tt100k_signs/vgg16,303,repair,38,0,4
PatchNAS [ungated],tt100k_signs/vgg16,303,repair,41,1,1
PatchNAS [ungated],tt100k_signs/vgg16,303,repair,42,0,1
PatchNAS [ungated],tt100k_signs/vgg16,303,repair,44,0,1
PatchNAS [ungated],tt100k_signs/vgg16,303,repair,45,0,1
PatchNAS [ungated],tt100k_signs/vgg16,303,repair,53,0,2
PatchNAS [ungated],tt100k_signs/vgg16,303,repair,57,0,2
PatchNAS [ungated],tt100k_signs/vgg16,303,repair,60,0,2
PatchNAS [ungated],tt100k_signs/vgg16,303,repair,61,0,1
PatchNAS [ungated],tt100k_signs/vgg16,303,repair,62,0,2
PatchNAS [ungated],tt100k_signs/vgg16,303,repair,63,6,6
PatchNAS [ungated],tt100k_signs/vgg16,303,repair,66,0,1
PatchNAS [ungated],tt100k_signs/vgg16,303,repair,67,11,13
PatchNAS [ungated],tt100k_signs/vgg16,303,repair,69,0,1
PatchNAS [ungated],tt100k_signs/vgg16,303,repair,70,0,4
PatchNAS [ungated],tt100k_signs/vgg16,303,repair,71,0,3
PatchNAS [ungated],tt100k_signs/vgg16,303,repair,72,0,3
PatchNAS [ungated],tt100k_signs/vgg16,303,repair,75,4,6
PatchNAS [ungated],tt100k_signs/vgg16,303,repair,77,1,1
PatchNAS [ungated],tt100k_signs/vgg16,303,repair,78,0,2
PatchNAS [ungated],tt100k_signs/vgg16,303,repair,80,2,5
PatchNAS [ungated],tt100k_signs/vgg16,303,repair,81,1,1
PatchNAS [ungated],tt100k_signs/vgg16,303,repair,82,1,1
PatchNAS [ungated],tt100k_signs/vgg16,303,repair,85,0,2
PatchNAS [ungated],tt100k_signs/vgg16,303,repair,87,0,1
PatchNAS [ungated],tt100k_signs/vgg16,303,repair,90,0,1
PatchNAS [ungated],tt100k_signs/vgg16,303,repair,91,0,6
PatchNAS [ungated],tt100k_signs/vgg16,303,repair,92,0,3
PatchNAS [ungated],tt100k_signs/vgg16,303,repair,93,1,8
PatchNAS [ungated],tt100k_signs/vgg16,303,repair,95,0,2
PatchNAS [ungated],tt100k_signs/vgg16,303,repair,96,0,1
PatchNAS [ungated],tt100k_signs/vgg16,303,repair,97,5,5
PatchNAS [ungated],tt100k_signs/vgg16,303,repair,99,0,2
PatchNAS [ungated],tt100k_signs/vgg16,303,repair,100,4,4
PatchNAS [ungated],tt100k_signs/vgg16,303,repair,101,0,1
PatchNAS [ungated],tt100k_signs/vgg16,303,repair,105,0,1
PatchNAS [ungated],tt100k_signs/vgg16,303,repair,106,5,5
PatchNAS [ungated],tt100k_signs/vgg16,303,repair,110,1,1
PatchNAS [ungated],tt100k_signs/vgg16,303,repair,111,0,3
PatchNAS [ungated],tt100k_signs/vgg16,303,repair,114,2,2
PatchNAS [ungated],tt100k_signs/vgg16,303,repair,115,2,7
PatchNAS [ungated],tt100k_signs/vgg16,303,repair,116,2,4
PatchNAS [ungated],tt100k_signs/vgg16,303,repair,117,15,27
PatchNAS [ungated],tt100k_signs/vgg16,303,repair,120,0,1
PatchNAS [ungated],tt100k_signs/vgg16,303,repair,121,5,6
PatchNAS [ungated],tt100k_signs/vgg16,303,repair,123,0,2
PatchNAS [ungated],tt100k_signs/vgg16,303,repair,125,1,2
PatchNAS [ungated],tt100k_signs/vgg16,303,repair,127,0,2
PatchNAS [ungated],tt100k_signs/vgg16,303,repair,128,0,5
PatchNAS [ungated],tt100k_signs/vgg16,303,repair,132,0,1
PatchNAS [ungated],tt100k_signs/vgg16,303,repair,139,0,1
PatchNAS [ungated],tt100k_signs/vgg16,303,repair,140,0,3
PatchNAS [ungated],tt100k_signs/vgg16,303,repair,141,2,6
PatchNAS [ungated],tt100k_signs/vgg16,303,repair,142,9,10
PatchNAS [ungated],tt100k_signs/vgg16,303,repair,143,0,1
PatchNAS [ungated],tt100k_signs/vgg16,303,repair,145,0,1
PatchNAS [ungated],tt100k_signs/vgg16,303,repair,146,4,5
PatchNAS [ungated],tt100k_signs/vgg16,303,repair,147,0,3
PatchNAS [ungated],tt100k_signs/vgg16,303,repair,148,2,11
PatchNAS [ungated],tt100k_signs/vgg16,303,repair,149,2,3
PatchNAS [ungated],tt100k_signs/vgg16,303,repair,152,0,3
PatchNAS [ungated],tt100k_signs/vgg16,303,repair,153,0,1
PatchNAS [ungated],tt100k_signs/vgg16,303,repair,154,0,1
PatchNAS [ungated],tt100k_signs/vgg16,303,repair,155,1,2
PatchNAS [ungated],tt100k_signs/vgg16,303,repair,157,0,2
PatchNAS [ungated],tt100k_signs/vgg16,303,repair,160,4,9
PatchNAS [ungated],tt100k_signs/vgg16,303,repair,161,4,5
PatchNAS [ungated],tt100k_signs/vgg16,303,repair,162,0,1
PatchNAS [ungated],tt100k_signs/vgg16,303,repair,163,0,1
PatchNAS [ungated],tt100k_signs/vgg16,303,repair,164,0,1
PatchNAS [ungated],tt100k_signs/vgg16,303,repair,165,3,4
PatchNAS [ungated],tt100k_signs/vgg16,303,repair,166,0,1
PatchNAS [ungated],tt100k_signs/vgg16,303,repair,167,0,1
PatchNAS [ungated],tt100k_signs/vgg16,303,repair,169,0,1
PatchNAS [ungated],tt100k_signs/vgg16,303,repair,170,0,1
PatchNAS [ungated],tt100k_signs/vgg16,303,repair,172,0,4
PatchNAS [ungated],tt100k_signs/vgg16,303,repair,173,8,10
PatchNAS [ungated],tt100k_signs/vgg16,303,repair,176,0,1
PatchNAS [ungated],tt100k_signs/vgg16,303,repair,177,1,4
PatchNAS [ungated],tt100k_signs/vgg16,303,repair,178,1,1
PatchNAS [ungated],tt100k_signs/vgg16,303,repair,179,1,4
PatchNAS [ungated],tt100k_signs/vgg16,303,repair,180,0,9
PatchNAS [ungated],tt100k_signs/vgg16,303,regression,0,1,1
PatchNAS [ungated],tt100k_signs/vgg16,303,regression,1,23,31
PatchNAS [ungated],tt100k_signs/vgg16,303,regression,3,3,3
PatchNAS [ungated],tt100k_signs/vgg16,303,regression,4,1,1
PatchNAS [ungated],tt100k_signs/vgg16,303,regression,5,2,2
PatchNAS [ungated],tt100k_signs/vgg16,303,regression,7,97,104
PatchNAS [ungated],tt100k_signs/vgg16,303,regression,8,4,4
PatchNAS [ungated],tt100k_signs/vgg16,303,regression,9,45,192
PatchNAS [ungated],tt100k_signs/vgg16,303,regression,10,454,454
PatchNAS [ungated],tt100k_signs/vgg16,303,regression,11,27,27
PatchNAS [ungated],tt100k_signs/vgg16,303,regression,12,2,2
PatchNAS [ungated],tt100k_signs/vgg16,303,regression,13,4,4
PatchNAS [ungated],tt100k_signs/vgg16,303,regression,14,113,113
PatchNAS [ungated],tt100k_signs/vgg16,303,regression,15,5,5
PatchNAS [ungated],tt100k_signs/vgg16,303,regression,16,48,73
PatchNAS [ungated],tt100k_signs/vgg16,303,regression,17,13,13
PatchNAS [ungated],tt100k_signs/vgg16,303,regression,18,171,203
PatchNAS [ungated],tt100k_signs/vgg16,303,regression,19,39,99
PatchNAS [ungated],tt100k_signs/vgg16,303,regression,20,32,32
PatchNAS [ungated],tt100k_signs/vgg16,303,regression,21,68,70
PatchNAS [ungated],tt100k_signs/vgg16,303,regression,22,410,410
PatchNAS [ungated],tt100k_signs/vgg16,303,regression,23,31,50
PatchNAS [ungated],tt100k_signs/vgg16,303,regression,25,3,22
PatchNAS [ungated],tt100k_signs/vgg16,303,regression,27,3,3
PatchNAS [ungated],tt100k_signs/vgg16,303,regression,28,9,9
PatchNAS [ungated],tt100k_signs/vgg16,303,regression,29,2,2
PatchNAS [ungated],tt100k_signs/vgg16,303,regression,30,30,30
PatchNAS [ungated],tt100k_signs/vgg16,303,regression,31,1,2
PatchNAS [ungated],tt100k_signs/vgg16,303,regression,34,3,5
PatchNAS [ungated],tt100k_signs/vgg16,303,regression,35,82,82
PatchNAS [ungated],tt100k_signs/vgg16,303,regression,37,10,10
PatchNAS [ungated],tt100k_signs/vgg16,303,regression,38,181,181
PatchNAS [ungated],tt100k_signs/vgg16,303,regression,39,36,36
PatchNAS [ungated],tt100k_signs/vgg16,303,regression,41,38,46
PatchNAS [ungated],tt100k_signs/vgg16,303,regression,42,1,1
PatchNAS [ungated],tt100k_signs/vgg16,303,regression,43,117,117
PatchNAS [ungated],tt100k_signs/vgg16,303,regression,44,28,28
PatchNAS [ungated],tt100k_signs/vgg16,303,regression,46,3,3
PatchNAS [ungated],tt100k_signs/vgg16,303,regression,47,18,18
PatchNAS [ungated],tt100k_signs/vgg16,303,regression,48,6,6
PatchNAS [ungated],tt100k_signs/vgg16,303,regression,50,13,13
PatchNAS [ungated],tt100k_signs/vgg16,303,regression,51,15,15
PatchNAS [ungated],tt100k_signs/vgg16,303,regression,53,15,15
PatchNAS [ungated],tt100k_signs/vgg16,303,regression,55,34,34
PatchNAS [ungated],tt100k_signs/vgg16,303,regression,57,0,4
PatchNAS [ungated],tt100k_signs/vgg16,303,regression,59,5,5
PatchNAS [ungated],tt100k_signs/vgg16,303,regression,61,5,5
PatchNAS [ungated],tt100k_signs/vgg16,303,regression,65,10,10
PatchNAS [ungated],tt100k_signs/vgg16,303,regression,68,3,3
PatchNAS [ungated],tt100k_signs/vgg16,303,regression,70,26,26
PatchNAS [ungated],tt100k_signs/vgg16,303,regression,71,12,12
PatchNAS [ungated],tt100k_signs/vgg16,303,regression,74,49,49
PatchNAS [ungated],tt100k_signs/vgg16,303,regression,76,31,31
PatchNAS [ungated],tt100k_signs/vgg16,303,regression,80,5,13
PatchNAS [ungated],tt100k_signs/vgg16,303,regression,81,163,167
PatchNAS [ungated],tt100k_signs/vgg16,303,regression,82,9,9
PatchNAS [ungated],tt100k_signs/vgg16,303,regression,83,9,61
PatchNAS [ungated],tt100k_signs/vgg16,303,regression,84,48,48
PatchNAS [ungated],tt100k_signs/vgg16,303,regression,85,43,43
PatchNAS [ungated],tt100k_signs/vgg16,303,regression,86,3,3
PatchNAS [ungated],tt100k_signs/vgg16,303,regression,88,156,169
PatchNAS [ungated],tt100k_signs/vgg16,303,regression,89,18,18
PatchNAS [ungated],tt100k_signs/vgg16,303,regression,91,360,362
PatchNAS [ungated],tt100k_signs/vgg16,303,regression,92,175,175
PatchNAS [ungated],tt100k_signs/vgg16,303,regression,93,65,275
PatchNAS [ungated],tt100k_signs/vgg16,303,regression,94,227,227
PatchNAS [ungated],tt100k_signs/vgg16,303,regression,96,35,35
PatchNAS [ungated],tt100k_signs/vgg16,303,regression,97,44,219
PatchNAS [ungated],tt100k_signs/vgg16,303,regression,98,11,11
PatchNAS [ungated],tt100k_signs/vgg16,303,regression,100,2,22
PatchNAS [ungated],tt100k_signs/vgg16,303,regression,102,20,20
PatchNAS [ungated],tt100k_signs/vgg16,303,regression,103,3,3
PatchNAS [ungated],tt100k_signs/vgg16,303,regression,105,39,40
PatchNAS [ungated],tt100k_signs/vgg16,303,regression,107,28,28
PatchNAS [ungated],tt100k_signs/vgg16,303,regression,109,4,4
PatchNAS [ungated],tt100k_signs/vgg16,303,regression,111,7,7
PatchNAS [ungated],tt100k_signs/vgg16,303,regression,112,0,5
PatchNAS [ungated],tt100k_signs/vgg16,303,regression,113,27,27
PatchNAS [ungated],tt100k_signs/vgg16,303,regression,114,0,2
PatchNAS [ungated],tt100k_signs/vgg16,303,regression,115,848,850
PatchNAS [ungated],tt100k_signs/vgg16,303,regression,116,247,616
PatchNAS [ungated],tt100k_signs/vgg16,303,regression,117,107,270
PatchNAS [ungated],tt100k_signs/vgg16,303,regression,120,15,15
PatchNAS [ungated],tt100k_signs/vgg16,303,regression,121,1,24
PatchNAS [ungated],tt100k_signs/vgg16,303,regression,122,50,50
PatchNAS [ungated],tt100k_signs/vgg16,303,regression,124,18,18
PatchNAS [ungated],tt100k_signs/vgg16,303,regression,125,24,29
PatchNAS [ungated],tt100k_signs/vgg16,303,regression,126,6,8
PatchNAS [ungated],tt100k_signs/vgg16,303,regression,127,6,6
PatchNAS [ungated],tt100k_signs/vgg16,303,regression,128,29,38
PatchNAS [ungated],tt100k_signs/vgg16,303,regression,131,1,1
PatchNAS [ungated],tt100k_signs/vgg16,303,regression,132,9,9
PatchNAS [ungated],tt100k_signs/vgg16,303,regression,134,2,2
PatchNAS [ungated],tt100k_signs/vgg16,303,regression,140,26,26
PatchNAS [ungated],tt100k_signs/vgg16,303,regression,141,3,3
PatchNAS [ungated],tt100k_signs/vgg16,303,regression,143,5,5
PatchNAS [ungated],tt100k_signs/vgg16,303,regression,145,6,6
PatchNAS [ungated],tt100k_signs/vgg16,303,regression,146,12,30
PatchNAS [ungated],tt100k_signs/vgg16,303,regression,147,27,32
PatchNAS [ungated],tt100k_signs/vgg16,303,regression,151,7,7
PatchNAS [ungated],tt100k_signs/vgg16,303,regression,152,39,39
PatchNAS [ungated],tt100k_signs/vgg16,303,regression,154,29,29
PatchNAS [ungated],tt100k_signs/vgg16,303,regression,155,1,7
PatchNAS [ungated],tt100k_signs/vgg16,303,regression,156,1,1
PatchNAS [ungated],tt100k_signs/vgg16,303,regression,159,1,1
PatchNAS [ungated],tt100k_signs/vgg16,303,regression,160,2,6
PatchNAS [ungated],tt100k_signs/vgg16,303,regression,163,2,8
PatchNAS [ungated],tt100k_signs/vgg16,303,regression,164,1,2
PatchNAS [ungated],tt100k_signs/vgg16,303,regression,165,7,16
PatchNAS [ungated],tt100k_signs/vgg16,303,regression,170,46,46
PatchNAS [ungated],tt100k_signs/vgg16,303,regression,172,100,100
PatchNAS [ungated],tt100k_signs/vgg16,303,regression,173,6,8
PatchNAS [ungated],tt100k_signs/vgg16,303,regression,174,51,51
PatchNAS [ungated],tt100k_signs/vgg16,303,regression,177,14,40
PatchNAS [ungated],tt100k_signs/vgg16,303,regression,180,22,22
PatchNAS [ungated],lisa_signs/resnet50,101,repair,6,0,2
PatchNAS [ungated],lisa_signs/resnet50,101,repair,17,0,1
PatchNAS [ungated],lisa_signs/resnet50,101,repair,19,1,1
PatchNAS [ungated],lisa_signs/resnet50,101,repair,20,0,1
PatchNAS [ungated],lisa_signs/resnet50,101,repair,29,0,2
PatchNAS [ungated],lisa_signs/resnet50,101,repair,34,2,5
PatchNAS [ungated],lisa_signs/resnet50,101,repair,35,9,9
PatchNAS [ungated],lisa_signs/resnet50,101,repair,36,1,1
PatchNAS [ungated],lisa_signs/resnet50,101,repair,37,1,1
PatchNAS [ungated],lisa_signs/resnet50,101,repair,41,0,1
PatchNAS [ungated],lisa_signs/resnet50,101,repair,42,3,6
PatchNAS [ungated],lisa_signs/resnet50,101,repair,43,0,2
PatchNAS [ungated],lisa_signs/resnet50,101,repair,52,2,2
PatchNAS [ungated],lisa_signs/resnet50,101,regression,0,18,46
PatchNAS [ungated],lisa_signs/resnet50,101,regression,1,29,29
PatchNAS [ungated],lisa_signs/resnet50,101,regression,2,1,115
PatchNAS [ungated],lisa_signs/resnet50,101,regression,3,14,14
PatchNAS [ungated],lisa_signs/resnet50,101,regression,4,28,28
PatchNAS [ungated],lisa_signs/resnet50,101,regression,5,17,17
PatchNAS [ungated],lisa_signs/resnet50,101,regression,6,8,8
PatchNAS [ungated],lisa_signs/resnet50,101,regression,7,3,3
PatchNAS [ungated],lisa_signs/resnet50,101,regression,8,2,2
PatchNAS [ungated],lisa_signs/resnet50,101,regression,9,5,5
PatchNAS [ungated],lisa_signs/resnet50,101,regression,10,27,27
PatchNAS [ungated],lisa_signs/resnet50,101,regression,11,23,23
PatchNAS [ungated],lisa_signs/resnet50,101,regression,12,15,15
PatchNAS [ungated],lisa_signs/resnet50,101,regression,13,87,87
PatchNAS [ungated],lisa_signs/resnet50,101,regression,14,30,30
PatchNAS [ungated],lisa_signs/resnet50,101,regression,15,55,55
PatchNAS [ungated],lisa_signs/resnet50,101,regression,16,10,10
PatchNAS [ungated],lisa_signs/resnet50,101,regression,17,37,37
PatchNAS [ungated],lisa_signs/resnet50,101,regression,18,2,2
PatchNAS [ungated],lisa_signs/resnet50,101,regression,19,60,227
PatchNAS [ungated],lisa_signs/resnet50,101,regression,20,3,3
PatchNAS [ungated],lisa_signs/resnet50,101,regression,21,1,1
PatchNAS [ungated],lisa_signs/resnet50,101,regression,23,5,5
PatchNAS [ungated],lisa_signs/resnet50,101,regression,24,2,2
PatchNAS [ungated],lisa_signs/resnet50,101,regression,26,16,16
PatchNAS [ungated],lisa_signs/resnet50,101,regression,27,13,13
PatchNAS [ungated],lisa_signs/resnet50,101,regression,28,22,22
PatchNAS [ungated],lisa_signs/resnet50,101,regression,29,17,17
PatchNAS [ungated],lisa_signs/resnet50,101,regression,30,183,183
PatchNAS [ungated],lisa_signs/resnet50,101,regression,31,6,6
PatchNAS [ungated],lisa_signs/resnet50,101,regression,32,3,3
PatchNAS [ungated],lisa_signs/resnet50,101,regression,33,3,3
PatchNAS [ungated],lisa_signs/resnet50,101,regression,34,75,77
PatchNAS [ungated],lisa_signs/resnet50,101,regression,35,0,10
PatchNAS [ungated],lisa_signs/resnet50,101,regression,36,92,99
PatchNAS [ungated],lisa_signs/resnet50,101,regression,37,6,10
PatchNAS [ungated],lisa_signs/resnet50,101,regression,38,38,38
PatchNAS [ungated],lisa_signs/resnet50,101,regression,39,10,10
PatchNAS [ungated],lisa_signs/resnet50,101,regression,41,18,18
PatchNAS [ungated],lisa_signs/resnet50,101,regression,42,8,17
PatchNAS [ungated],lisa_signs/resnet50,101,regression,43,336,336
PatchNAS [ungated],lisa_signs/resnet50,101,regression,44,31,31
PatchNAS [ungated],lisa_signs/resnet50,101,regression,46,2,2
PatchNAS [ungated],lisa_signs/resnet50,101,regression,47,6,6
PatchNAS [ungated],lisa_signs/resnet50,101,regression,48,12,12
PatchNAS [ungated],lisa_signs/resnet50,101,regression,49,8,8
PatchNAS [ungated],lisa_signs/resnet50,101,regression,50,23,23
PatchNAS [ungated],lisa_signs/resnet50,101,regression,51,24,46
PatchNAS [ungated],lisa_signs/resnet50,101,regression,52,18,53
PatchNAS [ungated],lisa_signs/resnet50,101,regression,53,11,11
PatchNAS [ungated],lisa_signs/resnet50,101,regression,54,3,3
PatchNAS [ungated],lisa_signs/resnet50,101,regression,55,2,2
PatchNAS [ungated],lisa_signs/resnet50,202,repair,2,0,2
PatchNAS [ungated],lisa_signs/resnet50,202,repair,19,1,1
PatchNAS [ungated],lisa_signs/resnet50,202,repair,20,1,1
PatchNAS [ungated],lisa_signs/resnet50,202,repair,34,2,3
PatchNAS [ungated],lisa_signs/resnet50,202,repair,35,7,7
PatchNAS [ungated],lisa_signs/resnet50,202,repair,37,0,4
PatchNAS [ungated],lisa_signs/resnet50,202,repair,42,4,9
PatchNAS [ungated],lisa_signs/resnet50,202,repair,43,0,2
PatchNAS [ungated],lisa_signs/resnet50,202,repair,45,0,1
PatchNAS [ungated],lisa_signs/resnet50,202,repair,51,0,1
PatchNAS [ungated],lisa_signs/resnet50,202,repair,52,0,3
PatchNAS [ungated],lisa_signs/resnet50,202,regression,0,28,44
PatchNAS [ungated],lisa_signs/resnet50,202,regression,1,26,26
PatchNAS [ungated],lisa_signs/resnet50,202,regression,2,117,117
PatchNAS [ungated],lisa_signs/resnet50,202,regression,3,13,13
PatchNAS [ungated],lisa_signs/resnet50,202,regression,4,34,34
PatchNAS [ungated],lisa_signs/resnet50,202,regression,5,17,17
PatchNAS [ungated],lisa_signs/resnet50,202,regression,6,4,6
PatchNAS [ungated],lisa_signs/resnet50,202,regression,7,3,3
PatchNAS [ungated],lisa_signs/resnet50,202,regression,8,1,1
PatchNAS [ungated],lisa_signs/resnet50,202,regression,9,5,5
PatchNAS [ungated],lisa_signs/resnet50,202,regression,10,26,26
PatchNAS [ungated],lisa_signs/resnet50,202,regression,11,28,28
PatchNAS [ungated],lisa_signs/resnet50,202,regression,12,12,12
PatchNAS [ungated],lisa_signs/resnet50,202,regression,13,82,82
PatchNAS [ungated],lisa_signs/resnet50,202,regression,14,27,27
PatchNAS [ungated],lisa_signs/resnet50,202,regression,15,48,48
PatchNAS [ungated],lisa_signs/resnet50,202,regression,16,8,8
PatchNAS [ungated],lisa_signs/resnet50,202,regression,17,0,39
PatchNAS [ungated],lisa_signs/resnet50,202,regression,19,112,243
PatchNAS [ungated],lisa_signs/resnet50,202,regression,20,4,4
PatchNAS [ungated],lisa_signs/resnet50,202,regression,21,1,1
PatchNAS [ungated],lisa_signs/resnet50,202,regression,22,1,1
PatchNAS [ungated],lisa_signs/resnet50,202,regression,23,4,4
PatchNAS [ungated],lisa_signs/resnet50,202,regression,24,3,3
PatchNAS [ungated],lisa_signs/resnet50,202,regression,26,14,14
PatchNAS [ungated],lisa_signs/resnet50,202,regression,27,12,12
PatchNAS [ungated],lisa_signs/resnet50,202,regression,28,20,20
PatchNAS [ungated],lisa_signs/resnet50,202,regression,29,10,20
PatchNAS [ungated],lisa_signs/resnet50,202,regression,30,176,176
PatchNAS [ungated],lisa_signs/resnet50,202,regression,31,6,6
PatchNAS [ungated],lisa_signs/resnet50,202,regression,32,4,4
PatchNAS [ungated],lisa_signs/resnet50,202,regression,33,2,2
PatchNAS [ungated],lisa_signs/resnet50,202,regression,34,58,71
PatchNAS [ungated],lisa_signs/resnet50,202,regression,35,0,12
PatchNAS [ungated],lisa_signs/resnet50,202,regression,36,93,100
PatchNAS [ungated],lisa_signs/resnet50,202,regression,37,11,11
PatchNAS [ungated],lisa_signs/resnet50,202,regression,38,28,28
PatchNAS [ungated],lisa_signs/resnet50,202,regression,39,10,10
PatchNAS [ungated],lisa_signs/resnet50,202,regression,41,16,17
PatchNAS [ungated],lisa_signs/resnet50,202,regression,42,14,19
PatchNAS [ungated],lisa_signs/resnet50,202,regression,43,356,356
PatchNAS [ungated],lisa_signs/resnet50,202,regression,44,33,33
PatchNAS [ungated],lisa_signs/resnet50,202,regression,46,1,1
PatchNAS [ungated],lisa_signs/resnet50,202,regression,47,6,6
PatchNAS [ungated],lisa_signs/resnet50,202,regression,48,12,12
PatchNAS [ungated],lisa_signs/resnet50,202,regression,49,5,5
PatchNAS [ungated],lisa_signs/resnet50,202,regression,50,26,26
PatchNAS [ungated],lisa_signs/resnet50,202,regression,51,46,46
PatchNAS [ungated],lisa_signs/resnet50,202,regression,52,13,51
PatchNAS [ungated],lisa_signs/resnet50,202,regression,53,11,11
PatchNAS [ungated],lisa_signs/resnet50,202,regression,54,3,3
PatchNAS [ungated],lisa_signs/resnet50,202,regression,55,2,2
PatchNAS [ungated],lisa_signs/resnet50,303,repair,0,0,1
PatchNAS [ungated],lisa_signs/resnet50,303,repair,2,1,1
PatchNAS [ungated],lisa_signs/resnet50,303,repair,6,0,2
PatchNAS [ungated],lisa_signs/resnet50,303,repair,17,0,1
PatchNAS [ungated],lisa_signs/resnet50,303,repair,19,0,2
PatchNAS [ungated],lisa_signs/resnet50,303,repair,20,1,1
PatchNAS [ungated],lisa_signs/resnet50,303,repair,29,0,2
PatchNAS [ungated],lisa_signs/resnet50,303,repair,34,0,3
PatchNAS [ungated],lisa_signs/resnet50,303,repair,35,7,7
PatchNAS [ungated],lisa_signs/resnet50,303,repair,36,0,3
PatchNAS [ungated],lisa_signs/resnet50,303,repair,37,1,1
PatchNAS [ungated],lisa_signs/resnet50,303,repair,41,0,1
PatchNAS [ungated],lisa_signs/resnet50,303,repair,42,4,4
PatchNAS [ungated],lisa_signs/resnet50,303,repair,43,0,1
PatchNAS [ungated],lisa_signs/resnet50,303,repair,45,0,1
PatchNAS [ungated],lisa_signs/resnet50,303,repair,51,0,1
PatchNAS [ungated],lisa_signs/resnet50,303,repair,52,2,2
PatchNAS [ungated],lisa_signs/resnet50,303,regression,0,47,47
PatchNAS [ungated],lisa_signs/resnet50,303,regression,1,28,28
PatchNAS [ungated],lisa_signs/resnet50,303,regression,2,2,123
PatchNAS [ungated],lisa_signs/resnet50,303,regression,3,12,12
PatchNAS [ungated],lisa_signs/resnet50,303,regression,4,35,35
PatchNAS [ungated],lisa_signs/resnet50,303,regression,5,17,17
PatchNAS [ungated],lisa_signs/resnet50,303,regression,6,7,7
PatchNAS [ungated],lisa_signs/resnet50,303,regression,7,4,4
PatchNAS [ungated],lisa_signs/resnet50,303,regression,8,1,1
PatchNAS [ungated],lisa_signs/resnet50,303,regression,9,3,3
PatchNAS [ungated],lisa_signs/resnet50,303,regression,10,28,28
PatchNAS [ungated],lisa_signs/resnet50,303,regression,11,26,26
PatchNAS [ungated],lisa_signs/resnet50,303,regression,12,12,12
PatchNAS [ungated],lisa_signs/resnet50,303,regression,13,75,75
PatchNAS [ungated],lisa_signs/resnet50,303,regression,14,33,33
PatchNAS [ungated],lisa_signs/resnet50,303,regression,15,55,55
PatchNAS [ungated],lisa_signs/resnet50,303,regression,16,8,8
PatchNAS [ungated],lisa_signs/resnet50,303,regression,17,40,40
PatchNAS [ungated],lisa_signs/resnet50,303,regression,18,1,1
PatchNAS [ungated],lisa_signs/resnet50,303,regression,19,229,229
PatchNAS [ungated],lisa_signs/resnet50,303,regression,20,3,3
PatchNAS [ungated],lisa_signs/resnet50,303,regression,21,1,1
PatchNAS [ungated],lisa_signs/resnet50,303,regression,22,1,1
PatchNAS [ungated],lisa_signs/resnet50,303,regression,23,3,3
PatchNAS [ungated],lisa_signs/resnet50,303,regression,24,3,3
PatchNAS [ungated],lisa_signs/resnet50,303,regression,26,14,14
PatchNAS [ungated],lisa_signs/resnet50,303,regression,27,15,15
PatchNAS [ungated],lisa_signs/resnet50,303,regression,28,18,18
PatchNAS [ungated],lisa_signs/resnet50,303,regression,29,19,19
PatchNAS [ungated],lisa_signs/resnet50,303,regression,30,180,180
PatchNAS [ungated],lisa_signs/resnet50,303,regression,31,7,7
PatchNAS [ungated],lisa_signs/resnet50,303,regression,32,4,4
PatchNAS [ungated],lisa_signs/resnet50,303,regression,33,2,2
PatchNAS [ungated],lisa_signs/resnet50,303,regression,34,9,67
PatchNAS [ungated],lisa_signs/resnet50,303,regression,35,0,15
PatchNAS [ungated],lisa_signs/resnet50,303,regression,36,109,111
PatchNAS [ungated],lisa_signs/resnet50,303,regression,37,3,8
PatchNAS [ungated],lisa_signs/resnet50,303,regression,38,32,32
PatchNAS [ungated],lisa_signs/resnet50,303,regression,39,8,8
PatchNAS [ungated],lisa_signs/resnet50,303,regression,41,14,14
PatchNAS [ungated],lisa_signs/resnet50,303,regression,42,1,17
PatchNAS [ungated],lisa_signs/resnet50,303,regression,43,355,355
PatchNAS [ungated],lisa_signs/resnet50,303,regression,44,28,28
PatchNAS [ungated],lisa_signs/resnet50,303,regression,46,1,1
PatchNAS [ungated],lisa_signs/resnet50,303,regression,47,7,7
PatchNAS [ungated],lisa_signs/resnet50,303,regression,48,8,8
PatchNAS [ungated],lisa_signs/resnet50,303,regression,49,6,6
PatchNAS [ungated],lisa_signs/resnet50,303,regression,50,23,23
PatchNAS [ungated],lisa_signs/resnet50,303,regression,51,46,46
PatchNAS [ungated],lisa_signs/resnet50,303,regression,52,2,51
PatchNAS [ungated],lisa_signs/resnet50,303,regression,53,9,9
PatchNAS [ungated],lisa_signs/resnet50,303,regression,54,4,4
PatchNAS [ungated],lisa_signs/resnet50,303,regression,55,2,2
PatchNAS [ungated],lisa_signs/convnext_tiny,101,repair,2,1,1
PatchNAS [ungated],lisa_signs/convnext_tiny,101,repair,20,0,2
PatchNAS [ungated],lisa_signs/convnext_tiny,101,repair,30,0,1
PatchNAS [ungated],lisa_signs/convnext_tiny,101,repair,36,0,1
PatchNAS [ungated],lisa_signs/convnext_tiny,101,repair,42,6,7
PatchNAS [ungated],lisa_signs/convnext_tiny,101,repair,52,0,2
PatchNAS [ungated],lisa_signs/convnext_tiny,101,regression,0,48,48
PatchNAS [ungated],lisa_signs/convnext_tiny,101,regression,1,26,26
PatchNAS [ungated],lisa_signs/convnext_tiny,101,regression,2,55,118
PatchNAS [ungated],lisa_signs/convnext_tiny,101,regression,3,8,8
PatchNAS [ungated],lisa_signs/convnext_tiny,101,regression,4,26,26
PatchNAS [ungated],lisa_signs/convnext_tiny,101,regression,5,18,18
PatchNAS [ungated],lisa_signs/convnext_tiny,101,regression,6,11,11
PatchNAS [ungated],lisa_signs/convnext_tiny,101,regression,7,4,4
PatchNAS [ungated],lisa_signs/convnext_tiny,101,regression,8,2,2
PatchNAS [ungated],lisa_signs/convnext_tiny,101,regression,9,6,6
PatchNAS [ungated],lisa_signs/convnext_tiny,101,regression,10,23,23
PatchNAS [ungated],lisa_signs/convnext_tiny,101,regression,11,29,29
PatchNAS [ungated],lisa_signs/convnext_tiny,101,regression,12,12,12
PatchNAS [ungated],lisa_signs/convnext_tiny,101,regression,13,80,80
PatchNAS [ungated],lisa_signs/convnext_tiny,101,regression,14,29,29
PatchNAS [ungated],lisa_signs/convnext_tiny,101,regression,15,53,53
PatchNAS [ungated],lisa_signs/convnext_tiny,101,regression,16,9,9
PatchNAS [ungated],lisa_signs/convnext_tiny,101,regression,17,25,42
PatchNAS [ungated],lisa_signs/convnext_tiny,101,regression,18,1,1
PatchNAS [ungated],lisa_signs/convnext_tiny,101,regression,19,227,227
PatchNAS [ungated],lisa_signs/convnext_tiny,101,regression,20,4,4
PatchNAS [ungated],lisa_signs/convnext_tiny,101,regression,21,1,1
PatchNAS [ungated],lisa_signs/convnext_tiny,101,regression,23,3,3
PatchNAS [ungated],lisa_signs/convnext_tiny,101,regression,24,2,2
PatchNAS [ungated],lisa_signs/convnext_tiny,101,regression,26,13,13
PatchNAS [ungated],lisa_signs/convnext_tiny,101,regression,27,15,15
PatchNAS [ungated],lisa_signs/convnext_tiny,101,regression,28,20,20
PatchNAS [ungated],lisa_signs/convnext_tiny,101,regression,29,18,18
PatchNAS [ungated],lisa_signs/convnext_tiny,101,regression,30,181,181
PatchNAS [ungated],lisa_signs/convnext_tiny,101,regression,31,8,8
PatchNAS [ungated],lisa_signs/convnext_tiny,101,regression,32,3,3
PatchNAS [ungated],lisa_signs/convnext_tiny,101,regression,33,2,2
PatchNAS [ungated],lisa_signs/convnext_tiny,101,regression,34,87,87
PatchNAS [ungated],lisa_signs/convnext_tiny,101,regression,35,23,23
PatchNAS [ungated],lisa_signs/convnext_tiny,101,regression,36,107,111
PatchNAS [ungated],lisa_signs/convnext_tiny,101,regression,37,14,14
PatchNAS [ungated],lisa_signs/convnext_tiny,101,regression,38,31,31
PatchNAS [ungated],lisa_signs/convnext_tiny,101,regression,39,5,5
PatchNAS [ungated],lisa_signs/convnext_tiny,101,regression,41,0,16
PatchNAS [ungated],lisa_signs/convnext_tiny,101,regression,42,1,19
PatchNAS [ungated],lisa_signs/convnext_tiny,101,regression,43,357,357
PatchNAS [ungated],lisa_signs/convnext_tiny,101,regression,44,30,30
PatchNAS [ungated],lisa_signs/convnext_tiny,101,regression,45,1,1
PatchNAS [ungated],lisa_signs/convnext_tiny,101,regression,46,2,2
PatchNAS [ungated],lisa_signs/convnext_tiny,101,regression,47,4,4
PatchNAS [ungated],lisa_signs/convnext_tiny,101,regression,48,2,9
PatchNAS [ungated],lisa_signs/convnext_tiny,101,regression,49,8,8
PatchNAS [ungated],lisa_signs/convnext_tiny,101,regression,50,2,17
PatchNAS [ungated],lisa_signs/convnext_tiny,101,regression,51,49,49
PatchNAS [ungated],lisa_signs/convnext_tiny,101,regression,52,57,57
PatchNAS [ungated],lisa_signs/convnext_tiny,101,regression,53,12,12
PatchNAS [ungated],lisa_signs/convnext_tiny,101,regression,54,4,4
PatchNAS [ungated],lisa_signs/convnext_tiny,101,regression,55,1,1
PatchNAS [ungated],lisa_signs/convnext_tiny,202,repair,2,0,2
PatchNAS [ungated],lisa_signs/convnext_tiny,202,repair,20,0,1
PatchNAS [ungated],lisa_signs/convnext_tiny,202,repair,36,0,1
PatchNAS [ungated],lisa_signs/convnext_tiny,202,repair,42,4,5
PatchNAS [ungated],lisa_signs/convnext_tiny,202,repair,48,0,1
PatchNAS [ungated],lisa_signs/convnext_tiny,202,repair,50,2,2
PatchNAS [ungated],lisa_signs/convnext_tiny,202,repair,51,0,1
PatchNAS [ungated],lisa_signs/convnext_tiny,202,repair,52,1,1
PatchNAS [ungated],lisa_signs/convnext_tiny,202,regression,0,50,50
PatchNAS [ungated],lisa_signs/convnext_tiny,202,regression,1,24,24
PatchNAS [ungated],lisa_signs/convnext_tiny,202,regression,2,128,128
PatchNAS [ungated],lisa_signs/convnext_tiny,202,regression,3,13,13
PatchNAS [ungated],lisa_signs/convnext_tiny,202,regression,4,30,30
PatchNAS [ungated],lisa_signs/convnext_tiny,202,regression,5,17,17
PatchNAS [ungated],lisa_signs/convnext_tiny,202,regression,6,8,8
PatchNAS [ungated],lisa_signs/convnext_tiny,202,regression,7,3,3
PatchNAS [ungated],lisa_signs/convnext_tiny,202,regression,8,2,2
PatchNAS [ungated],lisa_signs/convnext_tiny,202,regression,9,7,7
PatchNAS [ungated],lisa_signs/convnext_tiny,202,regression,10,24,24
PatchNAS [ungated],lisa_signs/convnext_tiny,202,regression,11,25,25
PatchNAS [ungated],lisa_signs/convnext_tiny,202,regression,12,11,11
PatchNAS [ungated],lisa_signs/convnext_tiny,202,regression,13,76,76
PatchNAS [ungated],lisa_signs/convnext_tiny,202,regression,14,27,27
PatchNAS [ungated],lisa_signs/convnext_tiny,202,regression,15,54,54
PatchNAS [ungated],lisa_signs/convnext_tiny,202,regression,16,9,9
PatchNAS [ungated],lisa_signs/convnext_tiny,202,regression,17,17,45
PatchNAS [ungated],lisa_signs/convnext_tiny,202,regression,18,2,2
PatchNAS [ungated],lisa_signs/convnext_tiny,202,regression,19,4,216
PatchNAS [ungated],lisa_signs/convnext_tiny,202,regression,20,4,4
PatchNAS [ungated],lisa_signs/convnext_tiny,202,regression,23,5,5
PatchNAS [ungated],lisa_signs/convnext_tiny,202,regression,24,1,1
PatchNAS [ungated],lisa_signs/convnext_tiny,202,regression,26,10,10
PatchNAS [ungated],lisa_signs/convnext_tiny,202,regression,27,12,12
PatchNAS [ungated],lisa_signs/convnext_tiny,202,regression,28,23,23
PatchNAS [ungated],lisa_signs/convnext_tiny,202,regression,29,21,21
PatchNAS [ungated],lisa_signs/convnext_tiny,202,regression,30,152,183
PatchNAS [ungated],lisa_signs/convnext_tiny,202,regression,31,7,7
PatchNAS [ungated],lisa_signs/convnext_tiny,202,regression,32,4,4
PatchNAS [ungated],lisa_signs/convnext_tiny,202,regression,33,1,1
PatchNAS [ungated],lisa_signs/convnext_tiny,202,regression,34,79,79
PatchNAS [ungated],lisa_signs/convnext_tiny,202,regression,35,20,20
PatchNAS [ungated],lisa_signs/convnext_tiny,202,regression,36,98,104
PatchNAS [ungated],lisa_signs/convnext_tiny,202,regression,37,17,17
PatchNAS [ungated],lisa_signs/convnext_tiny,202,regression,38,30,30
PatchNAS [ungated],lisa_signs/convnext_tiny,202,regression,39,9,9
PatchNAS [ungated],lisa_signs/convnext_tiny,202,regression,41,2,17
PatchNAS [ungated],lisa_signs/convnext_tiny,202,regression,42,2,21
PatchNAS [ungated],lisa_signs/convnext_tiny,202,regression,43,369,369
PatchNAS [ungated],lisa_signs/convnext_tiny,202,regression,44,29,29
PatchNAS [ungated],lisa_signs/convnext_tiny,202,regression,45,1,1
PatchNAS [ungated],lisa_signs/convnext_tiny,202,regression,46,1,1
PatchNAS [ungated],lisa_signs/convnext_tiny,202,regression,47,5,5
PatchNAS [ungated],lisa_signs/convnext_tiny,202,regression,48,11,11
PatchNAS [ungated],lisa_signs/convnext_tiny,202,regression,49,7,7
PatchNAS [ungated],lisa_signs/convnext_tiny,202,regression,50,10,22
PatchNAS [ungated],lisa_signs/convnext_tiny,202,regression,51,45,45
PatchNAS [ungated],lisa_signs/convnext_tiny,202,regression,52,37,54
PatchNAS [ungated],lisa_signs/convnext_tiny,202,regression,53,10,10
PatchNAS [ungated],lisa_signs/convnext_tiny,202,regression,54,3,3
PatchNAS [ungated],lisa_signs/convnext_tiny,202,regression,55,3,3
PatchNAS [ungated],lisa_signs/convnext_tiny,303,repair,2,1,1
PatchNAS [ungated],lisa_signs/convnext_tiny,303,repair,17,0,1
PatchNAS [ungated],lisa_signs/convnext_tiny,303,repair,20,0,2
PatchNAS [ungated],lisa_signs/convnext_tiny,303,repair,30,0,1
PatchNAS [ungated],lisa_signs/convnext_tiny,303,repair,36,0,1
PatchNAS [ungated],lisa_signs/convnext_tiny,303,repair,42,4,4
PatchNAS [ungated],lisa_signs/convnext_tiny,303,repair,50,2,2
PatchNAS [ungated],lisa_signs/convnext_tiny,303,repair,51,0,1
PatchNAS [ungated],lisa_signs/convnext_tiny,303,repair,52,0,1
PatchNAS [ungated],lisa_signs/convnext_tiny,303,regression,0,53,53
PatchNAS [ungated],lisa_signs/convnext_tiny,303,regression,1,26,26
PatchNAS [ungated],lisa_signs/convnext_tiny,303,regression,2,32,115
PatchNAS [ungated],lisa_signs/convnext_tiny,303,regression,3,15,15
PatchNAS [ungated],lisa_signs/convnext_tiny,303,regression,4,37,37
PatchNAS [ungated],lisa_signs/convnext_tiny,303,regression,5,19,19
PatchNAS [ungated],lisa_signs/convnext_tiny,303,regression,6,8,8
PatchNAS [ungated],lisa_signs/convnext_tiny,303,regression,7,2,2
PatchNAS [ungated],lisa_signs/convnext_tiny,303,regression,8,2,2
PatchNAS [ungated],lisa_signs/convnext_tiny,303,regression,9,7,7
PatchNAS [ungated],lisa_signs/convnext_tiny,303,regression,10,27,27
PatchNAS [ungated],lisa_signs/convnext_tiny,303,regression,11,27,27
PatchNAS [ungated],lisa_signs/convnext_tiny,303,regression,12,13,13
PatchNAS [ungated],lisa_signs/convnext_tiny,303,regression,13,71,71
PatchNAS [ungated],lisa_signs/convnext_tiny,303,regression,14,26,26
PatchNAS [ungated],lisa_signs/convnext_tiny,303,regression,15,52,52
PatchNAS [ungated],lisa_signs/convnext_tiny,303,regression,16,8,8
PatchNAS [ungated],lisa_signs/convnext_tiny,303,regression,17,42,42
PatchNAS [ungated],lisa_signs/convnext_tiny,303,regression,18,1,1
PatchNAS [ungated],lisa_signs/convnext_tiny,303,regression,19,6,236
PatchNAS [ungated],lisa_signs/convnext_tiny,303,regression,20,4,4
PatchNAS [ungated],lisa_signs/convnext_tiny,303,regression,21,1,1
PatchNAS [ungated],lisa_signs/convnext_tiny,303,regression,22,1,1
PatchNAS [ungated],lisa_signs/convnext_tiny,303,regression,23,5,5
PatchNAS [ungated],lisa_signs/convnext_tiny,303,regression,24,3,3
PatchNAS [ungated],lisa_signs/convnext_tiny,303,regression,26,13,13
PatchNAS [ungated],lisa_signs/convnext_tiny,303,regression,27,11,11
PatchNAS [ungated],lisa_signs/convnext_tiny,303,regression,28,21,21
PatchNAS [ungated],lisa_signs/convnext_tiny,303,regression,29,25,25
PatchNAS [ungated],lisa_signs/convnext_tiny,303,regression,30,189,189
PatchNAS [ungated],lisa_signs/convnext_tiny,303,regression,31,8,8
PatchNAS [ungated],lisa_signs/convnext_tiny,303,regression,32,3,3
PatchNAS [ungated],lisa_signs/convnext_tiny,303,regression,33,3,3
PatchNAS [ungated],lisa_signs/convnext_tiny,303,regression,34,72,72
PatchNAS [ungated],lisa_signs/convnext_tiny,303,regression,35,22,22
PatchNAS [ungated],lisa_signs/convnext_tiny,303,regression,36,110,110
PatchNAS [ungated],lisa_signs/convnext_tiny,303,regression,37,13,13
PatchNAS [ungated],lisa_signs/convnext_tiny,303,regression,38,28,28
PatchNAS [ungated],lisa_signs/convnext_tiny,303,regression,39,10,10
PatchNAS [ungated],lisa_signs/convnext_tiny,303,regression,41,3,18
PatchNAS [ungated],lisa_signs/convnext_tiny,303,regression,42,0,19
PatchNAS [ungated],lisa_signs/convnext_tiny,303,regression,43,351,351
PatchNAS [ungated],lisa_signs/convnext_tiny,303,regression,44,29,29
PatchNAS [ungated],lisa_signs/convnext_tiny,303,regression,45,1,1
PatchNAS [ungated],lisa_signs/convnext_tiny,303,regression,46,2,2
PatchNAS [ungated],lisa_signs/convnext_tiny,303,regression,47,6,6
PatchNAS [ungated],lisa_signs/convnext_tiny,303,regression,48,5,9
PatchNAS [ungated],lisa_signs/convnext_tiny,303,regression,49,8,8
PatchNAS [ungated],lisa_signs/convnext_tiny,303,regression,50,16,19
PatchNAS [ungated],lisa_signs/convnext_tiny,303,regression,51,41,41
PatchNAS [ungated],lisa_signs/convnext_tiny,303,regression,52,52,52
PatchNAS [ungated],lisa_signs/convnext_tiny,303,regression,53,11,11
PatchNAS [ungated],lisa_signs/convnext_tiny,303,regression,54,2,2
PatchNAS [ungated],lisa_signs/convnext_tiny,303,regression,55,2,2
PatchNAS [ungated],lisa_signs/densenet121,101,repair,17,0,1
PatchNAS [ungated],lisa_signs/densenet121,101,repair,19,0,1
PatchNAS [ungated],lisa_signs/densenet121,101,repair,30,0,3
PatchNAS [ungated],lisa_signs/densenet121,101,repair,34,1,3
PatchNAS [ungated],lisa_signs/densenet121,101,repair,37,0,2
PatchNAS [ungated],lisa_signs/densenet121,101,repair,39,1,1
PatchNAS [ungated],lisa_signs/densenet121,101,repair,42,1,3
PatchNAS [ungated],lisa_signs/densenet121,101,repair,43,0,1
PatchNAS [ungated],lisa_signs/densenet121,101,repair,48,0,1
PatchNAS [ungated],lisa_signs/densenet121,101,repair,50,0,1
PatchNAS [ungated],lisa_signs/densenet121,101,regression,0,51,51
PatchNAS [ungated],lisa_signs/densenet121,101,regression,1,20,20
PatchNAS [ungated],lisa_signs/densenet121,101,regression,2,45,119
PatchNAS [ungated],lisa_signs/densenet121,101,regression,3,14,14
PatchNAS [ungated],lisa_signs/densenet121,101,regression,4,32,32
PatchNAS [ungated],lisa_signs/densenet121,101,regression,5,15,15
PatchNAS [ungated],lisa_signs/densenet121,101,regression,6,9,9
PatchNAS [ungated],lisa_signs/densenet121,101,regression,7,4,4
PatchNAS [ungated],lisa_signs/densenet121,101,regression,8,2,2
PatchNAS [ungated],lisa_signs/densenet121,101,regression,9,5,5
PatchNAS [ungated],lisa_signs/densenet121,101,regression,10,27,27
PatchNAS [ungated],lisa_signs/densenet121,101,regression,11,25,25
PatchNAS [ungated],lisa_signs/densenet121,101,regression,12,12,12
PatchNAS [ungated],lisa_signs/densenet121,101,regression,13,81,81
PatchNAS [ungated],lisa_signs/densenet121,101,regression,14,30,30
PatchNAS [ungated],lisa_signs/densenet121,101,regression,15,56,56
PatchNAS [ungated],lisa_signs/densenet121,101,regression,16,6,6
PatchNAS [ungated],lisa_signs/densenet121,101,regression,17,42,42
PatchNAS [ungated],lisa_signs/densenet121,101,regression,18,2,2
PatchNAS [ungated],lisa_signs/densenet121,101,regression,19,237,237
PatchNAS [ungated],lisa_signs/densenet121,101,regression,20,3,3
PatchNAS [ungated],lisa_signs/densenet121,101,regression,21,1,1
PatchNAS [ungated],lisa_signs/densenet121,101,regression,23,3,3
PatchNAS [ungated],lisa_signs/densenet121,101,regression,24,3,3
PatchNAS [ungated],lisa_signs/densenet121,101,regression,26,11,11
PatchNAS [ungated],lisa_signs/densenet121,101,regression,27,13,13
PatchNAS [ungated],lisa_signs/densenet121,101,regression,28,18,18
PatchNAS [ungated],lisa_signs/densenet121,101,regression,29,21,21
PatchNAS [ungated],lisa_signs/densenet121,101,regression,30,177,177
PatchNAS [ungated],lisa_signs/densenet121,101,regression,31,9,9
PatchNAS [ungated],lisa_signs/densenet121,101,regression,32,3,3
PatchNAS [ungated],lisa_signs/densenet121,101,regression,33,2,2
PatchNAS [ungated],lisa_signs/densenet121,101,regression,34,79,80
PatchNAS [ungated],lisa_signs/densenet121,101,regression,35,24,24
PatchNAS [ungated],lisa_signs/densenet121,101,regression,36,122,123
PatchNAS [ungated],lisa_signs/densenet121,101,regression,37,14,14
PatchNAS [ungated],lisa_signs/densenet121,101,regression,38,36,36
PatchNAS [ungated],lisa_signs/densenet121,101,regression,39,1,6
PatchNAS [ungated],lisa_signs/densenet121,101,regression,41,9,17
PatchNAS [ungated],lisa_signs/densenet121,101,regression,42,18,22
PatchNAS [ungated],lisa_signs/densenet121,101,regression,43,305,338
PatchNAS [ungated],lisa_signs/densenet121,101,regression,44,27,27
PatchNAS [ungated],lisa_signs/densenet121,101,regression,46,2,2
PatchNAS [ungated],lisa_signs/densenet121,101,regression,47,6,6
PatchNAS [ungated],lisa_signs/densenet121,101,regression,48,11,11
PatchNAS [ungated],lisa_signs/densenet121,101,regression,49,6,6
PatchNAS [ungated],lisa_signs/densenet121,101,regression,50,16,16
PatchNAS [ungated],lisa_signs/densenet121,101,regression,51,49,49
PatchNAS [ungated],lisa_signs/densenet121,101,regression,52,42,50
PatchNAS [ungated],lisa_signs/densenet121,101,regression,53,10,10
PatchNAS [ungated],lisa_signs/densenet121,101,regression,54,2,2
PatchNAS [ungated],lisa_signs/densenet121,101,regression,55,2,2
PatchNAS [ungated],lisa_signs/densenet121,202,repair,17,0,1
PatchNAS [ungated],lisa_signs/densenet121,202,repair,30,2,2
PatchNAS [ungated],lisa_signs/densenet121,202,repair,34,1,2
PatchNAS [ungated],lisa_signs/densenet121,202,repair,36,0,1
PatchNAS [ungated],lisa_signs/densenet121,202,repair,37,0,1
PatchNAS [ungated],lisa_signs/densenet121,202,repair,39,1,1
PatchNAS [ungated],lisa_signs/densenet121,202,repair,42,1,3
PatchNAS [ungated],lisa_signs/densenet121,202,repair,45,0,1
PatchNAS [ungated],lisa_signs/densenet121,202,repair,48,0,2
PatchNAS [ungated],lisa_signs/densenet121,202,repair,50,0,1
PatchNAS [ungated],lisa_signs/densenet121,202,repair,52,0,2
PatchNAS [ungated],lisa_signs/densenet121,202,regression,0,48,48
PatchNAS [ungated],lisa_signs/densenet121,202,regression,1,28,28
PatchNAS [ungated],lisa_signs/densenet121,202,regression,2,88,121
PatchNAS [ungated],lisa_signs/densenet121,202,regression,3,14,14
PatchNAS [ungated],lisa_signs/densenet121,202,regression,4,35,35
PatchNAS [ungated],lisa_signs/densenet121,202,regression,5,19,19
PatchNAS [ungated],lisa_signs/densenet121,202,regression,6,7,7
PatchNAS [ungated],lisa_signs/densenet121,202,regression,7,4,4
PatchNAS [ungated],lisa_signs/densenet121,202,regression,8,1,1
PatchNAS [ungated],lisa_signs/densenet121,202,regression,9,5,5
PatchNAS [ungated],lisa_signs/densenet121,202,regression,10,28,28
PatchNAS [ungated],lisa_signs/densenet121,202,regression,11,26,26
PatchNAS [ungated],lisa_signs/densenet121,202,regression,12,12,12
PatchNAS [ungated],lisa_signs/densenet121,202,regression,13,77,77
PatchNAS [ungated],lisa_signs/densenet121,202,regression,14,30,30
PatchNAS [ungated],lisa_signs/densenet121,202,regression,15,60,60
PatchNAS [ungated],lisa_signs/densenet121,202,regression,16,5,5
PatchNAS [ungated],lisa_signs/densenet121,202,regression,17,39,39
PatchNAS [ungated],lisa_signs/densenet121,202,regression,18,2,2
PatchNAS [ungated],lisa_signs/densenet121,202,regression,19,142,232
PatchNAS [ungated],lisa_signs/densenet121,202,regression,20,1,1
PatchNAS [ungated],lisa_signs/densenet121,202,regression,21,1,1
PatchNAS [ungated],lisa_signs/densenet121,202,regression,22,1,1
PatchNAS [ungated],lisa_signs/densenet121,202,regression,23,4,4
PatchNAS [ungated],lisa_signs/densenet121,202,regression,24,2,2
PatchNAS [ungated],lisa_signs/densenet121,202,regression,26,12,12
PatchNAS [ungated],lisa_signs/densenet121,202,regression,27,11,11
PatchNAS [ungated],lisa_signs/densenet121,202,regression,28,24,24
PatchNAS [ungated],lisa_signs/densenet121,202,regression,29,23,23
PatchNAS [ungated],lisa_signs/densenet121,202,regression,30,115,188
PatchNAS [ungated],lisa_signs/densenet121,202,regression,31,9,9
PatchNAS [ungated],lisa_signs/densenet121,202,regression,32,4,4
PatchNAS [ungated],lisa_signs/densenet121,202,regression,33,2,2
PatchNAS [ungated],lisa_signs/densenet121,202,regression,34,73,74
PatchNAS [ungated],lisa_signs/densenet121,202,regression,35,21,21
PatchNAS [ungated],lisa_signs/densenet121,202,regression,36,105,105
PatchNAS [ungated],lisa_signs/densenet121,202,regression,37,12,12
PatchNAS [ungated],lisa_signs/densenet121,202,regression,38,33,33
PatchNAS [ungated],lisa_signs/densenet121,202,regression,39,1,7
PatchNAS [ungated],lisa_signs/densenet121,202,regression,41,15,15
PatchNAS [ungated],lisa_signs/densenet121,202,regression,42,18,25
PatchNAS [ungated],lisa_signs/densenet121,202,regression,43,149,344
PatchNAS [ungated],lisa_signs/densenet121,202,regression,44,28,28
PatchNAS [ungated],lisa_signs/densenet121,202,regression,46,2,2
PatchNAS [ungated],lisa_signs/densenet121,202,regression,47,6,6
PatchNAS [ungated],lisa_signs/densenet121,202,regression,48,9,9
PatchNAS [ungated],lisa_signs/densenet121,202,regression,49,6,6
PatchNAS [ungated],lisa_signs/densenet121,202,regression,50,20,20
PatchNAS [ungated],lisa_signs/densenet121,202,regression,51,47,47
PatchNAS [ungated],lisa_signs/densenet121,202,regression,52,50,50
PatchNAS [ungated],lisa_signs/densenet121,202,regression,53,8,8
PatchNAS [ungated],lisa_signs/densenet121,202,regression,54,4,4
PatchNAS [ungated],lisa_signs/densenet121,202,regression,55,3,3
PatchNAS [ungated],lisa_signs/densenet121,303,repair,19,0,1
PatchNAS [ungated],lisa_signs/densenet121,303,repair,30,2,3
PatchNAS [ungated],lisa_signs/densenet121,303,repair,34,1,1
PatchNAS [ungated],lisa_signs/densenet121,303,repair,36,0,1
PatchNAS [ungated],lisa_signs/densenet121,303,repair,37,0,1
PatchNAS [ungated],lisa_signs/densenet121,303,repair,39,1,1
PatchNAS [ungated],lisa_signs/densenet121,303,repair,41,0,1
PatchNAS [ungated],lisa_signs/densenet121,303,repair,42,1,3
PatchNAS [ungated],lisa_signs/densenet121,303,repair,43,0,1
PatchNAS [ungated],lisa_signs/densenet121,303,repair,45,0,1
PatchNAS [ungated],lisa_signs/densenet121,303,repair,48,1,1
PatchNAS [ungated],lisa_signs/densenet121,303,repair,52,0,2
PatchNAS [ungated],lisa_signs/densenet121,303,regression,0,50,50
PatchNAS [ungated],lisa_signs/densenet121,303,regression,1,29,29
PatchNAS [ungated],lisa_signs/densenet121,303,regression,2,93,119
PatchNAS [ungated],lisa_signs/densenet121,303,regression,3,13,13
PatchNAS [ungated],lisa_signs/densenet121,303,regression,4,31,31
PatchNAS [ungated],lisa_signs/densenet121,303,regression,5,16,16
PatchNAS [ungated],lisa_signs/densenet121,303,regression,6,9,9
PatchNAS [ungated],lisa_signs/densenet121,303,regression,7,4,4
PatchNAS [ungated],lisa_signs/densenet121,303,regression,8,2,2
PatchNAS [ungated],lisa_signs/densenet121,303,regression,9,4,4
PatchNAS [ungated],lisa_signs/densenet121,303,regression,10,32,32
PatchNAS [ungated],lisa_signs/densenet121,303,regression,11,24,24
PatchNAS [ungated],lisa_signs/densenet121,303,regression,12,11,11
PatchNAS [ungated],lisa_signs/densenet121,303,regression,13,74,74
PatchNAS [ungated],lisa_signs/densenet121,303,regression,14,30,30
PatchNAS [ungated],lisa_signs/densenet121,303,regression,15,54,54
PatchNAS [ungated],lisa_signs/densenet121,303,regression,16,9,9
PatchNAS [ungated],lisa_signs/densenet121,303,regression,17,40,40
PatchNAS [ungated],lisa_signs/densenet121,303,regression,18,2,2
PatchNAS [ungated],lisa_signs/densenet121,303,regression,19,232,232
PatchNAS [ungated],lisa_signs/densenet121,303,regression,20,4,4
PatchNAS [ungated],lisa_signs/densenet121,303,regression,21,1,1
PatchNAS [ungated],lisa_signs/densenet121,303,regression,22,1,1
PatchNAS [ungated],lisa_signs/densenet121,303,regression,23,3,3
PatchNAS [ungated],lisa_signs/densenet121,303,regression,24,2,2
PatchNAS [ungated],lisa_signs/densenet121,303,regression,26,13,13
PatchNAS [ungated],lisa_signs/densenet121,303,regression,27,11,11
PatchNAS [ungated],lisa_signs/densenet121,303,regression,28,22,22
PatchNAS [ungated],lisa_signs/densenet121,303,regression,29,22,22
PatchNAS [ungated],lisa_signs/densenet121,303,regression,30,181,185
PatchNAS [ungated],lisa_signs/densenet121,303,regression,31,7,7
PatchNAS [ungated],lisa_signs/densenet121,303,regression,32,2,2
PatchNAS [ungated],lisa_signs/densenet121,303,regression,33,2,2
PatchNAS [ungated],lisa_signs/densenet121,303,regression,34,36,72
PatchNAS [ungated],lisa_signs/densenet121,303,regression,35,23,23
PatchNAS [ungated],lisa_signs/densenet121,303,regression,36,110,110
PatchNAS [ungated],lisa_signs/densenet121,303,regression,37,3,12
PatchNAS [ungated],lisa_signs/densenet121,303,regression,38,36,36
PatchNAS [ungated],lisa_signs/densenet121,303,regression,39,1,8
PatchNAS [ungated],lisa_signs/densenet121,303,regression,41,14,14
PatchNAS [ungated],lisa_signs/densenet121,303,regression,42,12,24
PatchNAS [ungated],lisa_signs/densenet121,303,regression,43,227,344
PatchNAS [ungated],lisa_signs/densenet121,303,regression,44,31,31
PatchNAS [ungated],lisa_signs/densenet121,303,regression,46,1,1
PatchNAS [ungated],lisa_signs/densenet121,303,regression,47,7,7
PatchNAS [ungated],lisa_signs/densenet121,303,regression,48,3,12
PatchNAS [ungated],lisa_signs/densenet121,303,regression,49,7,7
PatchNAS [ungated],lisa_signs/densenet121,303,regression,50,1,22
PatchNAS [ungated],lisa_signs/densenet121,303,regression,51,46,46
PatchNAS [ungated],lisa_signs/densenet121,303,regression,52,52,52
PatchNAS [ungated],lisa_signs/densenet121,303,regression,53,8,8
PatchNAS [ungated],lisa_signs/densenet121,303,regression,54,3,3
PatchNAS [ungated],lisa_signs/densenet121,303,regression,55,2,2
PatchNAS [ungated],lisa_signs/vgg16,101,repair,1,1,1
PatchNAS [ungated],lisa_signs/vgg16,101,repair,12,1,3
PatchNAS [ungated],lisa_signs/vgg16,101,repair,14,0,1
PatchNAS [ungated],lisa_signs/vgg16,101,repair,15,0,1
PatchNAS [ungated],lisa_signs/vgg16,101,repair,17,0,2
PatchNAS [ungated],lisa_signs/vgg16,101,repair,19,0,3
PatchNAS [ungated],lisa_signs/vgg16,101,repair,20,0,1
PatchNAS [ungated],lisa_signs/vgg16,101,repair,22,0,1
PatchNAS [ungated],lisa_signs/vgg16,101,repair,23,0,1
PatchNAS [ungated],lisa_signs/vgg16,101,repair,30,4,6
PatchNAS [ungated],lisa_signs/vgg16,101,repair,32,1,1
PatchNAS [ungated],lisa_signs/vgg16,101,repair,35,0,1
PatchNAS [ungated],lisa_signs/vgg16,101,repair,36,1,3
PatchNAS [ungated],lisa_signs/vgg16,101,repair,38,1,1
PatchNAS [ungated],lisa_signs/vgg16,101,repair,41,0,1
PatchNAS [ungated],lisa_signs/vgg16,101,repair,42,1,4
PatchNAS [ungated],lisa_signs/vgg16,101,repair,43,0,1
PatchNAS [ungated],lisa_signs/vgg16,101,repair,44,0,1
PatchNAS [ungated],lisa_signs/vgg16,101,repair,47,0,1
PatchNAS [ungated],lisa_signs/vgg16,101,repair,48,0,1
PatchNAS [ungated],lisa_signs/vgg16,101,repair,52,0,1
PatchNAS [ungated],lisa_signs/vgg16,101,regression,0,51,51
PatchNAS [ungated],lisa_signs/vgg16,101,regression,1,6,22
PatchNAS [ungated],lisa_signs/vgg16,101,regression,2,123,123
PatchNAS [ungated],lisa_signs/vgg16,101,regression,3,15,15
PatchNAS [ungated],lisa_signs/vgg16,101,regression,4,35,35
PatchNAS [ungated],lisa_signs/vgg16,101,regression,5,19,19
PatchNAS [ungated],lisa_signs/vgg16,101,regression,6,9,9
PatchNAS [ungated],lisa_signs/vgg16,101,regression,7,4,4
PatchNAS [ungated],lisa_signs/vgg16,101,regression,8,2,2
PatchNAS [ungated],lisa_signs/vgg16,101,regression,9,6,6
PatchNAS [ungated],lisa_signs/vgg16,101,regression,10,25,25
PatchNAS [ungated],lisa_signs/vgg16,101,regression,11,22,22
PatchNAS [ungated],lisa_signs/vgg16,101,regression,12,1,6
PatchNAS [ungated],lisa_signs/vgg16,101,regression,13,82,82
PatchNAS [ungated],lisa_signs/vgg16,101,regression,14,29,29
PatchNAS [ungated],lisa_signs/vgg16,101,regression,15,49,54
PatchNAS [ungated],lisa_signs/vgg16,101,regression,16,7,7
PatchNAS [ungated],lisa_signs/vgg16,101,regression,17,37,37
PatchNAS [ungated],lisa_signs/vgg16,101,regression,18,2,2
PatchNAS [ungated],lisa_signs/vgg16,101,regression,19,231,231
PatchNAS [ungated],lisa_signs/vgg16,101,regression,20,3,3
PatchNAS [ungated],lisa_signs/vgg16,101,regression,21,1,1
PatchNAS [ungated],lisa_signs/vgg16,101,regression,23,3,3
PatchNAS [ungated],lisa_signs/vgg16,101,regression,24,3,3
PatchNAS [ungated],lisa_signs/vgg16,101,regression,26,14,14
PatchNAS [ungated],lisa_signs/vgg16,101,regression,27,13,13
PatchNAS [ungated],lisa_signs/vgg16,101,regression,28,18,18
PatchNAS [ungated],lisa_signs/vgg16,101,regression,29,22,22
PatchNAS [ungated],lisa_signs/vgg16,101,regression,30,105,174
PatchNAS [ungated],lisa_signs/vgg16,101,regression,31,8,8
PatchNAS [ungated],lisa_signs/vgg16,101,regression,32,0,1
PatchNAS [ungated],lisa_signs/vgg16,101,regression,33,1,1
PatchNAS [ungated],lisa_signs/vgg16,101,regression,34,61,71
PatchNAS [ungated],lisa_signs/vgg16,101,regression,35,21,21
PatchNAS [ungated],lisa_signs/vgg16,101,regression,36,100,103
PatchNAS [ungated],lisa_signs/vgg16,101,regression,37,16,16
PatchNAS [ungated],lisa_signs/vgg16,101,regression,38,7,30
PatchNAS [ungated],lisa_signs/vgg16,101,regression,39,8,8
PatchNAS [ungated],lisa_signs/vgg16,101,regression,41,16,16
PatchNAS [ungated],lisa_signs/vgg16,101,regression,42,24,24
PatchNAS [ungated],lisa_signs/vgg16,101,regression,43,64,351
PatchNAS [ungated],lisa_signs/vgg16,101,regression,44,29,29
PatchNAS [ungated],lisa_signs/vgg16,101,regression,46,1,1
PatchNAS [ungated],lisa_signs/vgg16,101,regression,47,5,5
PatchNAS [ungated],lisa_signs/vgg16,101,regression,48,8,9
PatchNAS [ungated],lisa_signs/vgg16,101,regression,49,7,7
PatchNAS [ungated],lisa_signs/vgg16,101,regression,50,19,20
PatchNAS [ungated],lisa_signs/vgg16,101,regression,51,47,47
PatchNAS [ungated],lisa_signs/vgg16,101,regression,52,46,47
PatchNAS [ungated],lisa_signs/vgg16,101,regression,53,10,10
PatchNAS [ungated],lisa_signs/vgg16,101,regression,54,4,4
PatchNAS [ungated],lisa_signs/vgg16,101,regression,55,3,3
PatchNAS [ungated],lisa_signs/vgg16,202,repair,1,1,1
PatchNAS [ungated],lisa_signs/vgg16,202,repair,12,2,2
PatchNAS [ungated],lisa_signs/vgg16,202,repair,14,0,1
PatchNAS [ungated],lisa_signs/vgg16,202,repair,17,0,2
PatchNAS [ungated],lisa_signs/vgg16,202,repair,19,1,1
PatchNAS [ungated],lisa_signs/vgg16,202,repair,30,3,6
PatchNAS [ungated],lisa_signs/vgg16,202,repair,32,1,1
PatchNAS [ungated],lisa_signs/vgg16,202,repair,34,0,1
PatchNAS [ungated],lisa_signs/vgg16,202,repair,35,0,1
PatchNAS [ungated],lisa_signs/vgg16,202,repair,36,2,3
PatchNAS [ungated],lisa_signs/vgg16,202,repair,38,1,2
PatchNAS [ungated],lisa_signs/vgg16,202,repair,41,0,1
PatchNAS [ungated],lisa_signs/vgg16,202,repair,42,0,5
PatchNAS [ungated],lisa_signs/vgg16,202,repair,43,0,4
PatchNAS [ungated],lisa_signs/vgg16,202,repair,44,0,1
PatchNAS [ungated],lisa_signs/vgg16,202,repair,48,0,2
PatchNAS [ungated],lisa_signs/vgg16,202,repair,50,0,1
PatchNAS [ungated],lisa_signs/vgg16,202,repair,52,1,1
PatchNAS [ungated],lisa_signs/vgg16,202,regression,0,49,49
PatchNAS [ungated],lisa_signs/vgg16,202,regression,1,5,20
PatchNAS [ungated],lisa_signs/vgg16,202,regression,2,117,117
PatchNAS [ungated],lisa_signs/vgg16,202,regression,3,13,13
PatchNAS [ungated],lisa_signs/vgg16,202,regression,4,33,33
PatchNAS [ungated],lisa_signs/vgg16,202,regression,5,15,15
PatchNAS [ungated],lisa_signs/vgg16,202,regression,6,7,7
PatchNAS [ungated],lisa_signs/vgg16,202,regression,7,4,4
PatchNAS [ungated],lisa_signs/vgg16,202,regression,8,2,2
PatchNAS [ungated],lisa_signs/vgg16,202,regression,9,5,5
PatchNAS [ungated],lisa_signs/vgg16,202,regression,10,28,28
PatchNAS [ungated],lisa_signs/vgg16,202,regression,11,27,27
PatchNAS [ungated],lisa_signs/vgg16,202,regression,12,2,7
PatchNAS [ungated],lisa_signs/vgg16,202,regression,13,75,75
PatchNAS [ungated],lisa_signs/vgg16,202,regression,14,28,28
PatchNAS [ungated],lisa_signs/vgg16,202,regression,15,45,52
PatchNAS [ungated],lisa_signs/vgg16,202,regression,16,9,9
PatchNAS [ungated],lisa_signs/vgg16,202,regression,17,39,39
PatchNAS [ungated],lisa_signs/vgg16,202,regression,18,2,2
PatchNAS [ungated],lisa_signs/vgg16,202,regression,19,104,223
PatchNAS [ungated],lisa_signs/vgg16,202,regression,20,4,4
PatchNAS [ungated],lisa_signs/vgg16,202,regression,21,1,1
PatchNAS [ungated],lisa_signs/vgg16,202,regression,23,3,3
PatchNAS [ungated],lisa_signs/vgg16,202,regression,24,2,2
PatchNAS [ungated],lisa_signs/vgg16,202,regression,26,15,15
PatchNAS [ungated],lisa_signs/vgg16,202,regression,27,13,13
PatchNAS [ungated],lisa_signs/vgg16,202,regression,28,24,24
PatchNAS [ungated],lisa_signs/vgg16,202,regression,29,19,19
PatchNAS [ungated],lisa_signs/vgg16,202,regression,30,142,173
PatchNAS [ungated],lisa_signs/vgg16,202,regression,31,7,7
PatchNAS [ungated],lisa_signs/vgg16,202,regression,32,0,1
PatchNAS [ungated],lisa_signs/vgg16,202,regression,33,2,2
PatchNAS [ungated],lisa_signs/vgg16,202,regression,34,77,79
PatchNAS [ungated],lisa_signs/vgg16,202,regression,35,22,22
PatchNAS [ungated],lisa_signs/vgg16,202,regression,36,43,105
PatchNAS [ungated],lisa_signs/vgg16,202,regression,37,14,14
PatchNAS [ungated],lisa_signs/vgg16,202,regression,38,4,30
PatchNAS [ungated],lisa_signs/vgg16,202,regression,39,7,7
PatchNAS [ungated],lisa_signs/vgg16,202,regression,41,17,17
PatchNAS [ungated],lisa_signs/vgg16,202,regression,42,24,24
PatchNAS [ungated],lisa_signs/vgg16,202,regression,43,343,343
PatchNAS [ungated],lisa_signs/vgg16,202,regression,44,31,31
PatchNAS [ungated],lisa_signs/vgg16,202,regression,45,1,1
PatchNAS [ungated],lisa_signs/vgg16,202,regression,46,2,2
PatchNAS [ungated],lisa_signs/vgg16,202,regression,47,4,5
PatchNAS [ungated],lisa_signs/vgg16,202,regression,48,10,10
PatchNAS [ungated],lisa_signs/vgg16,202,regression,49,9,9
PatchNAS [ungated],lisa_signs/vgg16,202,regression,50,22,22
PatchNAS [ungated],lisa_signs/vgg16,202,regression,51,51,51
PatchNAS [ungated],lisa_signs/vgg16,202,regression,52,55,55
PatchNAS [ungated],lisa_signs/vgg16,202,regression,53,11,11
PatchNAS [ungated],lisa_signs/vgg16,202,regression,54,4,4
PatchNAS [ungated],lisa_signs/vgg16,202,regression,55,3,3
PatchNAS [ungated],lisa_signs/vgg16,303,repair,1,2,3
PatchNAS [ungated],lisa_signs/vgg16,303,repair,12,0,6
PatchNAS [ungated],lisa_signs/vgg16,303,repair,15,0,2
PatchNAS [ungated],lisa_signs/vgg16,303,repair,17,0,1
PatchNAS [ungated],lisa_signs/vgg16,303,repair,19,1,3
PatchNAS [ungated],lisa_signs/vgg16,303,repair,20,0,1
PatchNAS [ungated],lisa_signs/vgg16,303,repair,23,0,1
PatchNAS [ungated],lisa_signs/vgg16,303,repair,30,4,4
PatchNAS [ungated],lisa_signs/vgg16,303,repair,32,1,2
PatchNAS [ungated],lisa_signs/vgg16,303,repair,34,0,3
PatchNAS [ungated],lisa_signs/vgg16,303,repair,36,2,2
PatchNAS [ungated],lisa_signs/vgg16,303,repair,38,0,2
PatchNAS [ungated],lisa_signs/vgg16,303,repair,41,0,1
PatchNAS [ungated],lisa_signs/vgg16,303,repair,43,0,1
PatchNAS [ungated],lisa_signs/vgg16,303,repair,44,0,1
PatchNAS [ungated],lisa_signs/vgg16,303,repair,48,0,2
PatchNAS [ungated],lisa_signs/vgg16,303,repair,52,0,1
PatchNAS [ungated],lisa_signs/vgg16,303,regression,0,49,49
PatchNAS [ungated],lisa_signs/vgg16,303,regression,1,4,23
PatchNAS [ungated],lisa_signs/vgg16,303,regression,2,122,122
PatchNAS [ungated],lisa_signs/vgg16,303,regression,3,14,14
PatchNAS [ungated],lisa_signs/vgg16,303,regression,4,33,33
PatchNAS [ungated],lisa_signs/vgg16,303,regression,5,17,17
PatchNAS [ungated],lisa_signs/vgg16,303,regression,6,9,9
PatchNAS [ungated],lisa_signs/vgg16,303,regression,7,4,4
PatchNAS [ungated],lisa_signs/vgg16,303,regression,8,2,2
PatchNAS [ungated],lisa_signs/vgg16,303,regression,9,5,5
PatchNAS [ungated],lisa_signs/vgg16,303,regression,10,29,29
PatchNAS [ungated],lisa_signs/vgg16,303,regression,11,26,26
PatchNAS [ungated],lisa_signs/vgg16,303,regression,12,6,6
PatchNAS [ungated],lisa_signs/vgg16,303,regression,13,72,72
PatchNAS [ungated],lisa_signs/vgg16,303,regression,14,27,28
PatchNAS [ungated],lisa_signs/vgg16,303,regression,15,53,53
PatchNAS [ungated],lisa_signs/vgg16,303,regression,16,9,9
PatchNAS [ungated],lisa_signs/vgg16,303,regression,17,36,36
PatchNAS [ungated],lisa_signs/vgg16,303,regression,18,2,2
PatchNAS [ungated],lisa_signs/vgg16,303,regression,19,230,234
PatchNAS [ungated],lisa_signs/vgg16,303,regression,20,3,3
PatchNAS [ungated],lisa_signs/vgg16,303,regression,21,1,1
PatchNAS [ungated],lisa_signs/vgg16,303,regression,23,3,3
PatchNAS [ungated],lisa_signs/vgg16,303,regression,24,2,2
PatchNAS [ungated],lisa_signs/vgg16,303,regression,26,14,14
PatchNAS [ungated],lisa_signs/vgg16,303,regression,27,15,15
PatchNAS [ungated],lisa_signs/vgg16,303,regression,28,19,19
PatchNAS [ungated],lisa_signs/vgg16,303,regression,29,21,21
PatchNAS [ungated],lisa_signs/vgg16,303,regression,30,174,181
PatchNAS [ungated],lisa_signs/vgg16,303,regression,31,6,6
PatchNAS [ungated],lisa_signs/vgg16,303,regression,32,0,1
PatchNAS [ungated],lisa_signs/vgg16,303,regression,33,3,3
PatchNAS [ungated],lisa_signs/vgg16,303,regression,34,66,70
PatchNAS [ungated],lisa_signs/vgg16,303,regression,35,20,22
PatchNAS [ungated],lisa_signs/vgg16,303,regression,36,109,112
PatchNAS [ungated],lisa_signs/vgg16,303,regression,37,16,16
PatchNAS [ungated],lisa_signs/vgg16,303,regression,38,30,30
PatchNAS [ungated],lisa_signs/vgg16,303,regression,39,8,8
PatchNAS [ungated],lisa_signs/vgg16,303,regression,41,18,18
PatchNAS [ungated],lisa_signs/vgg16,303,regression,42,20,24
PatchNAS [ungated],lisa_signs/vgg16,303,regression,43,256,338
PatchNAS [ungated],lisa_signs/vgg16,303,regression,44,21,21
PatchNAS [ungated],lisa_signs/vgg16,303,regression,45,1,1
PatchNAS [ungated],lisa_signs/vgg16,303,regression,46,2,2
PatchNAS [ungated],lisa_signs/vgg16,303,regression,47,4,6
PatchNAS [ungated],lisa_signs/vgg16,303,regression,48,10,10
PatchNAS [ungated],lisa_signs/vgg16,303,regression,49,8,8
PatchNAS [ungated],lisa_signs/vgg16,303,regression,50,19,21
PatchNAS [ungated],lisa_signs/vgg16,303,regression,51,51,51
PatchNAS [ungated],lisa_signs/vgg16,303,regression,52,51,51
PatchNAS [ungated],lisa_signs/vgg16,303,regression,53,7,7
PatchNAS [ungated],lisa_signs/vgg16,303,regression,54,4,4
PatchNAS [ungated],lisa_signs/vgg16,303,regression,55,2,2
