experiment_id,setting,dataset,backbone,seed,condition,n,n_classes,n_estimable_classes,n_permutations,eligible_fraction,n_eligible,moved_fraction,original_RR_held,original_minus_mean_RR,p_null_ge_original,original_RR_held_eligible,RR_held_mean_eligible,RR_held_std_eligible,RR_held_p025_eligible,RR_held_p975_eligible,original_minus_mean_RR_eligible,p_null_ge_original_eligible,max_reconstruction_error,RR_held_mean,RR_held_std,RR_held_p025,RR_held_p975,macro_RR_mean,macro_RR_std,macro_RR_p025,macro_RR_p975,coverage_at_0.5_mean,coverage_at_0.5_std,coverage_at_0.5_p025,coverage_at_0.5_p975,target_margin_gain_mean,target_margin_gain_std,target_margin_gain_p025,target_margin_gain_p975,flip_rate_mean,flip_rate_std,flip_rate_p025,flip_rate_p975
patch_reassignment_patchnas_v1,gtsrb/resnet50,gtsrb,resnet50,101,original,48,20,2,1,1.0,48,0.0,0.625,0.0,nan,0.625,0.625,0.0,0.625,0.625,0.0,nan,0.0,0.625,0.0,0.625,0.625,0.5375,0.0,0.5375,0.5375,1.0,0.0,1.0,1.0,11.394936193479225,0.0,11.394936193479225,11.394936193479225,0.9791666666666666,0.0,0.9791666666666666,0.9791666666666666
patch_reassignment_patchnas_v1,gtsrb/resnet50,gtsrb,resnet50,101,global_effect_shuffle,48,20,2,200,1.0,48,0.9785416666666668,0.625,0.3720833333333334,0.004975124378109453,0.625,0.2529166666666666,0.056019589827527694,0.16614583333333333,0.375,0.3720833333333334,0.004975124378109453,0.0,0.2529166666666666,0.056019589827527694,0.16614583333333333,0.375,0.21724999999999997,0.06181996710880177,0.11645833333333333,0.3461458333333334,0.11,0.2188606862823929,0.0,0.5,2.4219716273129843,0.7200329093210787,0.9830207905882465,3.896763278718572,0.8133333333333332,0.049249576986339014,0.7291666666666666,0.9166666666666666
patch_reassignment_patchnas_v1,gtsrb/resnet50,gtsrb,resnet50,101,global_direction_shuffle,48,20,2,200,1.0,48,0.9785416666666665,0.625,0.37572916666666667,0.004975124378109453,0.625,0.24927083333333336,0.05434176426791828,0.14583333333333334,0.35468750000000016,0.37572916666666667,0.004975124378109453,0.0,0.24927083333333336,0.05434176426791828,0.14583333333333334,0.35468750000000016,0.21702083333333333,0.061996272149353195,0.10822916666666668,0.35010416666666666,0.13,0.23579652245103191,0.0,0.5,2.5776034427773946,0.7788826619676115,1.0446929780187524,3.879371576767965,0.8215625,0.05301571684546847,0.7286458333333333,0.9166666666666666
patch_reassignment_patchnas_v1,gtsrb/resnet50,gtsrb,resnet50,101,global_magnitude_shuffle,48,20,2,200,1.0,48,0.9770833333333333,0.625,-0.04760416666666656,0.9950248756218906,0.625,0.6726041666666666,0.021788270528862293,0.625,0.7083333333333334,-0.04760416666666656,0.9950248756218906,0.0,0.6726041666666666,0.021788270528862293,0.625,0.7083333333333334,0.5614375,0.023262532091446013,0.5,0.5958333333333334,1.0,0.0,1.0,1.0,11.993538559529952,0.2541769913881411,11.4978875031431,12.524438803520082,0.9658333333333334,0.011031835245728074,0.9578125000000001,0.9791666666666666
patch_reassignment_patchnas_v1,gtsrb/resnet50,gtsrb,resnet50,101,within_true_class_shuffle,48,20,2,200,0.8333333333333334,40,0.57625,0.625,0.0033333333333334103,0.6318407960199005,0.65,0.6460000000000001,0.02228227995515721,0.6,0.675,0.0039999999999998925,0.6318407960199005,0.0,0.6216666666666666,0.018568566629297678,0.5833333333333334,0.6458333333333334,0.5336875,0.014214243028072619,0.5041666666666667,0.5541666666666667,1.0,0.0,1.0,1.0,9.69737931671242,0.40100885445077655,8.917569417816896,10.459617056014638,0.96125,0.020628156324144265,0.9166666666666666,1.0
patch_reassignment_patchnas_v1,gtsrb/resnet50,gtsrb,resnet50,101,within_failure_type_shuffle,48,20,2,200,0.5208333333333334,25,0.30864583333333334,0.625,0.003645833333333348,0.6716417910447762,0.68,0.6729999999999998,0.026962937525425525,0.64,0.72,0.007000000000000228,0.6716417910447762,0.0,0.6213541666666667,0.01404319662782582,0.6041666666666666,0.6458333333333334,0.5333541666666666,0.010056243741797645,0.5208333333333334,0.55,1.0,0.0,1.0,1.0,11.394936193479225,0.0,11.394936193479225,11.394936193479225,0.9791666666666665,1.1102230246251565e-16,0.9791666666666666,0.9791666666666666
patch_reassignment_patchnas_v1,gtsrb/resnet50,gtsrb,resnet50,202,original,48,20,4,1,1.0,48,0.0,0.7291666666666666,0.0,nan,0.7291666666666666,0.7291666666666666,0.0,0.7291666666666666,0.7291666666666666,0.0,nan,0.0,0.7291666666666666,0.0,0.7291666666666666,0.7291666666666666,0.684047619047619,0.0,0.684047619047619,0.684047619047619,1.0,0.0,1.0,1.0,15.90674335177755,0.0,15.90674335177755,15.90674335177755,0.9791666666666666,0.0,0.9791666666666666,0.9791666666666666
patch_reassignment_patchnas_v1,gtsrb/resnet50,gtsrb,resnet50,202,global_effect_shuffle,48,20,4,200,1.0,48,0.9791666666666665,0.7291666666666666,0.5728125,0.004975124378109453,0.7291666666666666,0.15635416666666666,0.05295100182007891,0.0625,0.2708333333333333,0.5728125,0.004975124378109453,0.0,0.15635416666666666,0.05295100182007891,0.0625,0.2708333333333333,0.1298392857142857,0.05498411406066557,0.04035119047619048,0.24947619047619052,0.05625,0.1102199505534275,0.0,0.25,3.418623129300152,1.1847138833456945,1.364437326967406,5.7601922023459355,0.8535416666666665,0.04279259979508399,0.7703125000000001,0.9171875
patch_reassignment_patchnas_v1,gtsrb/resnet50,gtsrb,resnet50,202,global_direction_shuffle,48,20,4,200,1.0,48,0.980625,0.7291666666666666,0.5785416666666666,0.004975124378109453,0.7291666666666666,0.150625,0.047034912417385354,0.0625,0.25,0.5785416666666666,0.004975124378109453,0.0,0.150625,0.047034912417385354,0.0625,0.25,0.1257952380952381,0.05412394673319126,0.04047619047619048,0.231202380952381,0.04625,0.10629410849148696,0.0,0.25,2.9722560460190106,1.0545287385155682,1.077760969269031,5.370859080777311,0.8692708333333334,0.038127703683731654,0.8119791666666667,0.9375
patch_reassignment_patchnas_v1,gtsrb/resnet50,gtsrb,resnet50,202,global_magnitude_shuffle,48,20,4,200,1.0,48,0.9801041666666666,0.7291666666666666,0.017187500000000022,0.32338308457711445,0.7291666666666666,0.7119791666666666,0.01373065242340005,0.6875,0.7291666666666666,0.017187500000000022,0.32338308457711445,0.0,0.7119791666666666,0.01373065242340005,0.6875,0.7291666666666666,0.6588690476190476,0.024773849568627413,0.6269047619047619,0.684047619047619,1.0,0.0,1.0,1.0,16.810943627826084,0.5086941702655591,15.853464686596611,17.675870147768002,0.9799999999999999,0.0040824829046386376,0.9791666666666666,1.0
patch_reassignment_patchnas_v1,gtsrb/resnet50,gtsrb,resnet50,202,within_true_class_shuffle,48,20,4,200,0.7916666666666666,38,0.583125,0.7291666666666666,0.011458333333333348,0.4079601990049751,0.7368421052631579,0.7223684210526315,0.015288092156081904,0.7105263157894737,0.7631578947368421,0.014473684210526305,0.4079601990049751,0.0,0.7177083333333333,0.012103072956898147,0.7083333333333334,0.75,0.6832619047619047,0.008251674742403597,0.6769047619047619,0.7007142857142857,1.0,0.0,1.0,1.0,14.869002695106902,0.24856208969820856,14.35907283303483,15.344465537613724,0.98375,0.01336584577695453,0.9583333333333334,1.0
patch_reassignment_patchnas_v1,gtsrb/resnet50,gtsrb,resnet50,202,within_failure_type_shuffle,48,20,4,200,0.5,24,0.32916666666666666,0.7291666666666666,0.016250000000000098,0.22388059701492538,0.9166666666666666,0.8841666666666665,0.017260262647673302,0.875,0.9166666666666666,0.032500000000000084,0.22388059701492538,0.0,0.7129166666666665,0.008630131323836627,0.7083333333333334,0.7291666666666666,0.6784761904761905,0.0029589021681725577,0.6769047619047619,0.684047619047619,1.0,0.0,1.0,1.0,15.90674335177755,0.0,15.90674335177755,15.90674335177755,0.9791666666666665,1.1102230246251565e-16,0.9791666666666666,0.9791666666666666
patch_reassignment_patchnas_v1,gtsrb/resnet50,gtsrb,resnet50,303,original,48,20,3,1,1.0,48,0.0,0.5625,0.0,nan,0.5625,0.5625,0.0,0.5625,0.5625,0.0,nan,0.0,0.5625,0.0,0.5625,0.5625,0.5228571428571429,0.0,0.5228571428571429,0.5228571428571429,0.6666666666666666,0.0,0.6666666666666666,0.6666666666666666,9.30936643894529,0.0,9.30936643894529,9.30936643894529,1.0,0.0,1.0,1.0
patch_reassignment_patchnas_v1,gtsrb/resnet50,gtsrb,resnet50,303,global_effect_shuffle,48,20,3,200,1.0,48,0.9779166666666665,0.5625,0.36375,0.004975124378109453,0.5625,0.19875,0.04680967670613986,0.10416666666666667,0.2916666666666667,0.36375,0.004975124378109453,0.0,0.19875,0.04680967670613986,0.10416666666666667,0.2916666666666667,0.16400892857142857,0.04606207598176617,0.08095238095238096,0.26598511904761907,0.05166666666666666,0.12063489452798382,0.0,0.3333333333333333,1.4878883285698248,0.7212106777783334,0.36415734287972257,2.896719861197441,0.7601041666666666,0.047047252952926666,0.6661458333333333,0.8338541666666668
patch_reassignment_patchnas_v1,gtsrb/resnet50,gtsrb,resnet50,303,global_direction_shuffle,48,20,3,200,1.0,48,0.9803125,0.5625,0.3753125,0.004975124378109453,0.5625,0.1871875,0.053419425143283676,0.08333333333333333,0.2916666666666667,0.3753125,0.004975124378109453,0.0,0.1871875,0.053419425143283676,0.08333333333333333,0.2916666666666667,0.16411369047619048,0.06261397283607624,0.06538392857142857,0.31473809523809526,0.03,0.09539392014169457,0.0,0.3333333333333333,1.4127454624019162,0.8641341546051424,-0.24214191702456828,2.9452374234526193,0.7627083333333333,0.049511064279725514,0.6666666666666666,0.8541666666666666
patch_reassignment_patchnas_v1,gtsrb/resnet50,gtsrb,resnet50,303,global_magnitude_shuffle,48,20,3,200,1.0,48,0.9782291666666667,0.5625,0.0029166666666666785,0.7960199004975125,0.5625,0.5595833333333333,0.010424996669330689,0.5416666666666666,0.5833333333333334,0.0029166666666666785,0.7960199004975125,0.0,0.5595833333333333,0.010424996669330689,0.5416666666666666,0.5833333333333334,0.5120000000000001,0.021067917383005463,0.47285714285714286,0.53,0.6666666666666665,1.1102230246251565e-16,0.6666666666666666,0.6666666666666666,9.877071026939394,0.3375735705068704,9.26339249602556,10.53563816534109,0.9351041666666666,0.022838645595544608,0.8958333333333334,0.9791666666666666
patch_reassignment_patchnas_v1,gtsrb/resnet50,gtsrb,resnet50,303,within_true_class_shuffle,48,20,3,200,0.8125,39,0.5854166666666667,0.5625,-0.010000000000000009,0.9104477611940298,0.5897435897435898,0.602051282051282,0.019688568020976904,0.5641025641025641,0.6410256410256411,-0.012307692307692242,0.9104477611940298,0.0,0.5725,0.015996961517043735,0.5416666666666666,0.6041666666666666,0.5318238095238096,0.010035437210206619,0.5128571428571429,0.5495238095238095,0.58,0.1462114146630754,0.3333333333333333,0.6666666666666666,7.836392782370094,0.3815735228806343,7.087286412029061,8.575578094743348,0.9720833333333333,0.014942017564200903,0.9375,1.0
patch_reassignment_patchnas_v1,gtsrb/resnet50,gtsrb,resnet50,303,within_failure_type_shuffle,48,20,3,200,0.6666666666666666,32,0.41,0.5625,-0.013854166666666612,0.945273631840796,0.625,0.64578125,0.022809824329387104,0.59375,0.6875,-0.020781249999999973,0.945273631840796,0.0,0.5763541666666666,0.015206549552924744,0.5416666666666666,0.6041666666666666,0.5338738095238096,0.009517221233112091,0.5128571428571429,0.5495238095238095,0.6100000000000001,0.125210933139953,0.3333333333333333,0.6666666666666666,9.30936643894529,0.0,9.30936643894529,9.30936643894529,0.9953125,0.008699631816921924,0.9791666666666666,1.0
patch_reassignment_patchnas_v1,gtsrb/convnext_tiny,gtsrb,convnext_tiny,101,original,217,25,12,1,1.0,217,0.0,0.8940092165898618,0.0,nan,0.8940092165898618,0.8940092165898618,0.0,0.8940092165898618,0.8940092165898618,0.0,nan,0.0,0.8940092165898618,0.0,0.8940092165898618,0.8940092165898618,0.6892777777777778,0.0,0.6892777777777778,0.6892777777777778,0.9166666666666666,0.0,0.9166666666666666,0.9166666666666666,18.905547225719086,0.0,18.905547225719086,18.905547225719086,0.9953917050691244,0.0,0.9953917050691244,0.9953917050691244
patch_reassignment_patchnas_v1,gtsrb/convnext_tiny,gtsrb,convnext_tiny,101,global_effect_shuffle,217,25,12,200,1.0,217,0.9952764976958527,0.8940092165898618,0.6677649769585253,0.004975124378109453,0.8940092165898618,0.2262442396313364,0.02682960825510713,0.175,0.2766129032258065,0.6677649769585253,0.004975124378109453,0.0,0.2262442396313364,0.02682960825510713,0.175,0.2766129032258065,0.14923152752180274,0.0334628822588337,0.09515381351566944,0.21766738813025774,0.02,0.03840572873934304,0.0,0.08333333333333333,6.7419864896140345,0.359136469135702,5.975916384561374,7.35992746064257,0.878479262672811,0.01739171972188433,0.8432027649769586,0.9124423963133641
patch_reassignment_patchnas_v1,gtsrb/convnext_tiny,gtsrb,convnext_tiny,101,global_direction_shuffle,217,25,12,200,1.0,217,0.9952534562211983,0.8940092165898618,0.666036866359447,0.004975124378109453,0.8940092165898618,0.22797235023041473,0.026755547652860822,0.17972350230414746,0.2766129032258065,0.666036866359447,0.004975124378109453,0.0,0.22797235023041473,0.026755547652860822,0.17972350230414746,0.2766129032258065,0.1484117750898039,0.031000397087993962,0.10115602989693578,0.2129673229787111,0.01958333333333333,0.03994570968479872,0.0,0.08541666666666714,6.875262248909076,0.36425449674807714,6.15085192671077,7.5043107366631165,0.8846543778801843,0.01833447073155085,0.8478110599078341,0.9216589861751152
patch_reassignment_patchnas_v1,gtsrb/convnext_tiny,gtsrb,convnext_tiny,101,global_magnitude_shuffle,217,25,12,200,1.0,217,0.9952995391705071,0.8940092165898618,0.0005990783410140255,0.6716417910447762,0.8940092165898618,0.8934101382488477,0.003891486107566039,0.8892857142857143,0.8987327188940092,0.0005990783410140255,0.6716417910447762,0.0,0.8934101382488477,0.003891486107566039,0.8892857142857143,0.8987327188940092,0.6873393719806762,0.00668289758671312,0.6792342995169082,0.6992777777777778,0.9395833333333331,0.03720952312394117,0.9166666666666666,1.0,18.792712631881553,0.04931360572461133,18.694739415918352,18.88924958234853,0.995783410138249,0.002199344663475138,0.9907834101382489,1.0
patch_reassignment_patchnas_v1,gtsrb/convnext_tiny,gtsrb,convnext_tiny,101,within_true_class_shuffle,217,25,12,200,0.9723502304147466,211,0.88573732718894,0.8940092165898618,0.020414746543778728,0.03980099502487562,0.909952606635071,0.888957345971564,0.010666245040819948,0.8720379146919431,0.909952606635071,0.020995260663507098,0.03980099502487562,0.0,0.873594470046083,0.010371325823101421,0.8571428571428571,0.8940092165898618,0.6821730594117206,0.013962772747823461,0.6589786827715115,0.7088420348768705,0.9520833333333333,0.04119524986101083,0.9166666666666666,1.0,17.24095790299377,0.13923398831159317,16.96155785447081,17.49475025582097,0.9736866359447006,0.0066874282958146744,0.9630184331797236,0.9861751152073732
patch_reassignment_patchnas_v1,gtsrb/convnext_tiny,gtsrb,convnext_tiny,101,within_failure_type_shuffle,217,25,12,200,0.9032258064516129,196,0.7768202764976958,0.8940092165898618,0.006359447004608332,0.2885572139303483,0.9489795918367347,0.9419387755102042,0.007385809869060237,0.9285714285714286,0.9540816326530612,0.00704081632653053,0.2885572139303483,0.0,0.8876497695852534,0.006671054075280214,0.8755760368663594,0.8986175115207373,0.6906859057971014,0.007066400509459618,0.6770661835748794,0.7044816425120773,0.9833333333333333,0.03333333333333335,0.9166666666666666,1.0,18.905547225719086,0.0,18.905547225719086,18.905547225719086,0.9953917050691244,0.0,0.9953917050691244,0.9953917050691244
patch_reassignment_patchnas_v1,gtsrb/convnext_tiny,gtsrb,convnext_tiny,202,original,217,23,13,1,1.0,217,0.0,0.9493087557603687,0.0,nan,0.9493087557603687,0.9493087557603687,0.0,0.9493087557603687,0.9493087557603687,0.0,nan,0.0,0.9493087557603687,0.0,0.9493087557603687,0.9493087557603687,0.860659605262304,0.0,0.860659605262304,0.860659605262304,1.0,0.0,1.0,1.0,16.634422481952726,0.0,16.634422481952726,16.634422481952726,0.9953917050691244,0.0,0.9953917050691244,0.9953917050691244
patch_reassignment_patchnas_v1,gtsrb/convnext_tiny,gtsrb,convnext_tiny,202,global_effect_shuffle,217,23,13,200,1.0,217,0.9950230414746545,0.9493087557603687,0.704815668202765,0.004975124378109453,0.9493087557603687,0.2444930875576037,0.027399781961941518,0.19804147465437788,0.3087557603686636,0.704815668202765,0.004975124378109453,0.0,0.2444930875576037,0.027399781961941518,0.19804147465437788,0.3087557603686636,0.1912377222115812,0.04051476975610203,0.11449155764159599,0.28115151179318226,0.058846153846153854,0.06055829994565313,0.0,0.15384615384615385,5.05150251825368,0.37600145020314396,4.380763550562256,5.841933672674632,0.7549769585253456,0.023398660054825222,0.7141705069124424,0.8018433179723502
patch_reassignment_patchnas_v1,gtsrb/convnext_tiny,gtsrb,convnext_tiny,202,global_direction_shuffle,217,23,13,200,1.0,217,0.9954608294930877,0.9493087557603687,0.6913364055299539,0.004975124378109453,0.9493087557603687,0.25797235023041476,0.02582274008665705,0.20725806451612902,0.30426267281105995,0.6913364055299539,0.004975124378109453,0.0,0.25797235023041476,0.02582274008665705,0.20725806451612902,0.30426267281105995,0.2073572380350648,0.037548590312724534,0.14240080629170968,0.29121087963518494,0.06692307692307692,0.06495788348783338,0.0,0.23076923076923078,5.15141989845835,0.34951458477425507,4.468040889034812,5.802823183462729,0.7529723502304146,0.02214810738717284,0.7096774193548387,0.7972350230414746
patch_reassignment_patchnas_v1,gtsrb/convnext_tiny,gtsrb,convnext_tiny,202,global_magnitude_shuffle,217,23,13,200,1.0,217,0.9951612903225808,0.9493087557603687,0.010322580645161228,0.05472636815920398,0.9493087557603687,0.9389861751152074,0.005398593417735496,0.9308755760368663,0.9493087557603687,0.010322580645161228,0.05472636815920398,0.0,0.9389861751152074,0.005398593417735496,0.9308755760368663,0.9493087557603687,0.8257180565561376,0.012954915643485825,0.7973367212497647,0.8514445699228308,0.9696153846153848,0.037603899457873624,0.9230769230769231,1.0,16.60565710327678,0.03805936144846567,16.535483227830426,16.68154701191362,0.9953456221198157,0.0004585195562703298,0.9953917050691244,0.9953917050691244
patch_reassignment_patchnas_v1,gtsrb/convnext_tiny,gtsrb,convnext_tiny,202,within_true_class_shuffle,217,23,13,200,0.9815668202764977,213,0.8955069124423963,0.9493087557603687,0.051221198156682135,0.004975124378109453,0.9577464788732394,0.9055633802816903,0.01166340722078983,0.8826291079812206,0.9248826291079812,0.052183098591549126,0.004975124378109453,0.0,0.8980875576036865,0.011448413539300602,0.8755760368663594,0.9170506912442397,0.8038510379864934,0.02225199989242817,0.7567887240815311,0.8436541141238503,0.9515384615384616,0.0416451621035051,0.8461538461538461,1.0,14.962137713680937,0.1316297247399125,14.686597919642223,15.238318948771091,0.9670506912442397,0.008188643153878739,0.9493087557603687,0.9815668202764977
patch_reassignment_patchnas_v1,gtsrb/convnext_tiny,gtsrb,convnext_tiny,202,within_failure_type_shuffle,217,23,13,200,0.9124423963133641,198,0.7826728110599077,0.9493087557603687,0.020714285714285574,0.004975124378109453,0.9696969696969697,0.9469949494949494,0.00784045160427924,0.9292929292929293,0.9595959595959596,0.02270202020202028,0.004975124378109453,0.0,0.9285944700460831,0.007153960449987506,0.9124423963133641,0.9400921658986175,0.8313298805142884,0.0179914838571883,0.8008974408899446,0.8634367610567011,0.9734615384615387,0.03656679063733637,0.9230769230769231,1.0,16.634422481952726,0.0,16.634422481952726,16.634422481952726,0.9934562211981567,0.002274463166682583,0.9907834101382489,0.9953917050691244
patch_reassignment_patchnas_v1,gtsrb/convnext_tiny,gtsrb,convnext_tiny,303,original,217,25,11,1,1.0,217,0.0,0.9032258064516129,0.0,nan,0.9032258064516129,0.9032258064516129,0.0,0.9032258064516129,0.9032258064516129,0.0,nan,0.0,0.9032258064516129,0.0,0.9032258064516129,0.9032258064516129,0.6634632034632034,0.0,0.6634632034632034,0.6634632034632034,0.9090909090909091,0.0,0.9090909090909091,0.9090909090909091,17.854086707504937,0.0,17.854086707504937,17.854086707504937,0.9907834101382489,0.0,0.9907834101382489,0.9907834101382489
patch_reassignment_patchnas_v1,gtsrb/convnext_tiny,gtsrb,convnext_tiny,303,global_effect_shuffle,217,25,11,200,1.0,217,0.9957142857142859,0.9032258064516129,0.6927880184331797,0.004975124378109453,0.9032258064516129,0.21043778801843316,0.025926635467004154,0.16589861751152074,0.2626728110599078,0.6927880184331797,0.004975124378109453,0.0,0.21043778801843316,0.025926635467004154,0.16589861751152074,0.2626728110599078,0.13280675324675323,0.032272928779289764,0.08212740447957839,0.20592063805759458,0.008636363636363635,0.030959184007014223,0.0,0.09090909090909091,5.4023394806570835,0.423153594986054,4.566027991342238,6.307591493964445,0.825552995391705,0.019164066957127766,0.7880184331797235,0.857258064516129
patch_reassignment_patchnas_v1,gtsrb/convnext_tiny,gtsrb,convnext_tiny,303,global_direction_shuffle,217,25,11,200,1.0,217,0.9947695852534564,0.9032258064516129,0.688778801843318,0.004975124378109453,0.9032258064516129,0.21444700460829494,0.02360093832349041,0.17050691244239632,0.2626728110599078,0.688778801843318,0.004975124378109453,0.0,0.21444700460829494,0.02360093832349041,0.17050691244239632,0.2626728110599078,0.1384675324675325,0.030984018687413004,0.08960996612083569,0.20248492377188032,0.00818181818181818,0.0275591025294984,0.0,0.09090909090909091,5.510252594173534,0.3648907607648661,4.823786766323333,6.278848510050386,0.8244930875576038,0.018124005661512683,0.7879032258064517,0.8526497695852534
patch_reassignment_patchnas_v1,gtsrb/convnext_tiny,gtsrb,convnext_tiny,303,global_magnitude_shuffle,217,25,11,200,1.0,217,0.9955069124423964,0.9032258064516129,0.00202764976958536,0.527363184079602,0.9032258064516129,0.9011981566820275,0.004112499818861386,0.8940092165898618,0.9078341013824884,0.00202764976958536,0.527363184079602,0.0,0.9011981566820275,0.004112499818861386,0.8940092165898618,0.9078341013824884,0.6555735930735932,0.01267296534798362,0.6134632034632035,0.6691774891774892,0.9090909090909087,3.3306690738754696e-16,0.9090909090909091,0.9090909090909091,17.83740075384651,0.05557630719702777,17.734546608753874,17.941464645111388,0.9917511520737328,0.0023762899694661295,0.9861751152073732,0.9953917050691244
patch_reassignment_patchnas_v1,gtsrb/convnext_tiny,gtsrb,convnext_tiny,303,within_true_class_shuffle,217,25,11,200,0.9631336405529954,209,0.8855760368663594,0.9032258064516129,0.03852534562211973,0.004975124378109453,0.9282296650717703,0.8882296650717705,0.010002632377139331,0.8660287081339713,0.9090909090909091,0.039999999999999813,0.004975124378109453,0.0,0.8647004608294931,0.009633871736507477,0.8433179723502304,0.8847926267281107,0.6398136363636364,0.009243784886715898,0.619374458874459,0.6557186147186147,0.9090909090909087,3.3306690738754696e-16,0.9090909090909091,0.9090909090909091,16.089996749546877,0.13533209088550374,15.817129871081605,16.338139771905293,0.9584101382488478,0.008833483556086447,0.9447004608294931,0.9769585253456221
patch_reassignment_patchnas_v1,gtsrb/convnext_tiny,gtsrb,convnext_tiny,303,within_failure_type_shuffle,217,25,11,200,0.9170506912442397,199,0.7939861751152073,0.9032258064516129,0.009032258064516241,0.13930348258706468,0.9396984924623115,0.9298492462311557,0.006568129470349554,0.9195979899497487,0.939824120603015,0.009849246231155795,0.13930348258706468,0.0,0.8941935483870966,0.006023307670965696,0.8847926267281107,0.9033410138248847,0.6497922077922077,0.009515297258494102,0.6292207792207791,0.6637889610389609,0.9090909090909087,3.3306690738754696e-16,0.9090909090909091,0.9090909090909091,17.854086707504933,3.552713678800501e-15,17.854086707504937,17.854086707504937,0.9897926267281107,0.0019484697129876073,0.9861751152073732,0.9907834101382489
patch_reassignment_patchnas_v1,gtsrb/densenet121,gtsrb,densenet121,101,original,83,22,7,1,1.0,83,0.0,0.7349397590361446,0.0,nan,0.7349397590361446,0.7349397590361446,0.0,0.7349397590361446,0.7349397590361446,0.0,nan,0.0,0.7349397590361446,0.0,0.7349397590361446,0.7349397590361446,0.5744949494949495,0.0,0.5744949494949495,0.5744949494949495,0.8571428571428571,0.0,0.8571428571428571,0.8571428571428571,13.836230113384236,0.0,13.836230113384236,13.836230113384236,0.963855421686747,0.0,0.963855421686747,0.963855421686747
patch_reassignment_patchnas_v1,gtsrb/densenet121,gtsrb,densenet121,101,global_effect_shuffle,83,22,7,200,1.0,83,0.9887349397590361,0.7349397590361446,0.4866867469879519,0.004975124378109453,0.7349397590361446,0.24825301204819275,0.04503023129292889,0.1566265060240964,0.3373493975903614,0.4866867469879519,0.004975124378109453,0.0,0.24825301204819275,0.04503023129292889,0.1566265060240964,0.3373493975903614,0.16925649350649352,0.04230593272505025,0.09808712121212121,0.2702200577200577,0.1707142857142857,0.12429187176865228,0.0,0.42857142857142855,2.6255156927712893,0.6960118310979109,1.23286964948996,3.8665028055703425,0.8075301204819277,0.0368098908587245,0.7466867469879518,0.8798192771084338
patch_reassignment_patchnas_v1,gtsrb/densenet121,gtsrb,densenet121,101,global_direction_shuffle,83,22,7,200,1.0,83,0.9874698795180721,0.7349397590361446,0.4932530120481928,0.004975124378109453,0.7349397590361446,0.24168674698795184,0.04081546475134567,0.1686746987951807,0.3256024096385543,0.4932530120481928,0.004975124378109453,0.0,0.24168674698795184,0.04081546475134567,0.1686746987951807,0.3256024096385543,0.17400180375180377,0.04397500362427749,0.1014330808080808,0.2683324314574314,0.13428571428571426,0.1121587795793744,0.0,0.2892857142857151,2.6990700622513515,0.7573010011863017,1.2576776276318096,4.272622984861149,0.8204819277108433,0.03678153619873192,0.7469879518072289,0.891566265060241
patch_reassignment_patchnas_v1,gtsrb/densenet121,gtsrb,densenet121,101,global_magnitude_shuffle,83,22,7,200,1.0,83,0.9877108433734939,0.7349397590361446,-0.03584337349397593,1.0,0.7349397590361446,0.7707831325301205,0.013222171125089137,0.7469879518072289,0.7951807228915663,-0.03584337349397593,1.0,0.0,0.7707831325301205,0.013222171125089137,0.7469879518072289,0.7951807228915663,0.6016946248196249,0.01085850042723099,0.580988455988456,0.6215728715728716,0.9371428571428573,0.07091242083423348,0.8571428571428571,1.0,14.409472247598508,0.19684706119795312,14.028826213131993,14.83256770190149,0.9609638554216866,0.005145579880497035,0.9518072289156626,0.963855421686747
patch_reassignment_patchnas_v1,gtsrb/densenet121,gtsrb,densenet121,101,within_true_class_shuffle,83,22,7,200,0.9036144578313253,75,0.7356024096385542,0.7349397590361446,-0.02240963855421696,0.9751243781094527,0.7733333333333333,0.7981333333333335,0.01665546290093568,0.773,0.8266666666666667,-0.024800000000000155,0.9751243781094527,0.0,0.7573493975903616,0.015050117079158744,0.7346385542168675,0.7831325301204819,0.5977525252525253,0.015070901036679341,0.5734126984126985,0.6253878066378066,0.9114285714285714,0.06934092056863772,0.8571428571428571,1.0,12.662706933697258,0.22485377301540146,12.27731779122568,13.118513675087906,0.9503012048192769,0.014654163921891736,0.927710843373494,0.9759036144578314
patch_reassignment_patchnas_v1,gtsrb/densenet121,gtsrb,densenet121,101,within_failure_type_shuffle,83,22,7,200,0.7590361445783133,63,0.5923493975903614,0.7349397590361446,-0.01524096385542173,1.0,0.8095238095238095,0.8296031746031747,0.012844153736637555,0.8095238095238095,0.8571428571428571,-0.02007936507936514,1.0,0.0,0.7501807228915663,0.009749176932628506,0.7349397590361446,0.7710843373493976,0.5852200577200578,0.008047459240802616,0.5744949494949495,0.6026334776334776,0.8892857142857143,0.059654618173178825,0.8571428571428571,1.0,13.836230113384236,0.0,13.836230113384236,13.836230113384236,0.9662048192771081,0.004773502490519902,0.963855421686747,0.9759036144578314
patch_reassignment_patchnas_v1,gtsrb/densenet121,gtsrb,densenet121,202,original,82,23,5,1,1.0,82,0.0,0.6951219512195121,0.0,nan,0.6951219512195121,0.6951219512195121,0.0,0.6951219512195121,0.6951219512195121,0.0,nan,0.0,0.6951219512195121,0.0,0.6951219512195121,0.6951219512195121,0.6086956521739131,0.0,0.6086956521739131,0.6086956521739131,0.8,0.0,0.8,0.8,28.555337339912246,0.0,28.555337339912246,28.555337339912246,1.0,0.0,1.0,1.0
patch_reassignment_patchnas_v1,gtsrb/densenet121,gtsrb,densenet121,202,global_effect_shuffle,82,23,5,200,1.0,82,0.9860365853658537,0.6951219512195121,0.579390243902439,0.004975124378109453,0.6951219512195121,0.11573170731707318,0.03368569953795074,0.06097560975609756,0.18292682926829268,0.579390243902439,0.004975124378109453,0.0,0.11573170731707318,0.03368569953795074,0.06097560975609756,0.18292682926829268,0.0747554347826087,0.029873533090091876,0.02678442028985507,0.15083333333333337,0.018,0.06063002556489648,0.0,0.2,10.377821527633294,1.261264149991159,8.134013073228118,12.856963075174972,0.9447560975609757,0.021709714857978957,0.9024390243902439,0.9878048780487805
patch_reassignment_patchnas_v1,gtsrb/densenet121,gtsrb,densenet121,202,global_direction_shuffle,82,23,5,200,1.0,82,0.9875609756097562,0.6951219512195121,0.5707926829268293,0.004975124378109453,0.6951219512195121,0.12432926829268293,0.03378945685281269,0.07286585365853658,0.1951219512195122,0.5707926829268293,0.004975124378109453,0.0,0.12432926829268293,0.03378945685281269,0.07286585365853658,0.1951219512195122,0.07711413043478262,0.03111130801704086,0.030751811594202903,0.14500905797101452,0.018000000000000002,0.060630025564896474,0.0,0.2,10.95695765744744,1.052829305311414,8.793818491055518,12.772765455823587,0.9304878048780487,0.025754526929198607,0.8780487804878049,0.975609756097561
patch_reassignment_patchnas_v1,gtsrb/densenet121,gtsrb,densenet121,202,global_magnitude_shuffle,82,23,5,200,1.0,82,0.988109756097561,0.6951219512195121,0.0060975609756096505,0.4925373134328358,0.6951219512195121,0.6890243902439025,0.008360554390732938,0.6707317073170732,0.7073170731707317,0.0060975609756096505,0.4925373134328358,0.0,0.6890243902439025,0.008360554390732938,0.6707317073170732,0.7073170731707317,0.6021376811594203,0.008370035748113654,0.5898550724637681,0.6195652173913044,0.8,0.0,0.8,0.8,29.286897732387896,0.6522240994539831,28.02001269821246,30.4880265779728,0.998109756097561,0.004413471751023801,0.9878048780487805,1.0
patch_reassignment_patchnas_v1,gtsrb/densenet121,gtsrb,densenet121,202,within_true_class_shuffle,82,23,5,200,0.9024390243902439,74,0.7229878048780488,0.6951219512195121,-0.0017682926829268864,0.9402985074626866,0.7027027027027027,0.7046621621621623,0.006674841287170179,0.6891891891891891,0.7162162162162162,-0.0019594594594595227,0.9402985074626866,0.0,0.696890243902439,0.006023637259153563,0.6829268292682927,0.7073170731707317,0.6108260869565219,0.0046775011505324786,0.6043478260869566,0.6195652173913044,0.8,0.0,0.8,0.8,27.158229991237114,0.2850618835333017,26.616999517977465,27.66483794136836,0.9942682926829269,0.006086575469984289,0.9878048780487805,1.0
patch_reassignment_patchnas_v1,gtsrb/densenet121,gtsrb,densenet121,202,within_failure_type_shuffle,82,23,5,200,0.7195121951219512,59,0.563170731707317,0.6951219512195121,0.001036585365853604,0.9154228855721394,0.7288135593220338,0.7273728813559321,0.004726808395723493,0.711864406779661,0.7288135593220338,0.0014406779661017,0.9154228855721394,0.0,0.6940853658536585,0.00340099628472786,0.6829268292682927,0.6951219512195121,0.6083260869565218,0.0012125291102073274,0.6043478260869566,0.6086956521739131,0.8,0.0,0.8,0.8,28.55533733991224,7.105427357601002e-15,28.555337339912246,28.555337339912246,1.0,0.0,1.0,1.0
patch_reassignment_patchnas_v1,gtsrb/densenet121,gtsrb,densenet121,303,original,82,21,6,1,1.0,82,0.0,0.7317073170731707,0.0,nan,0.7317073170731707,0.7317073170731707,0.0,0.7317073170731707,0.7317073170731707,0.0,nan,0.0,0.7317073170731707,0.0,0.7317073170731707,0.7317073170731707,0.6579365079365078,0.0,0.6579365079365078,0.6579365079365078,1.0,0.0,1.0,1.0,15.269744633583397,0.0,15.269744633583397,15.269744633583397,0.9878048780487805,0.0,0.9878048780487805,0.9878048780487805
patch_reassignment_patchnas_v1,gtsrb/densenet121,gtsrb,densenet121,303,global_effect_shuffle,82,21,6,200,1.0,82,0.987378048780488,0.7317073170731707,0.5140243902439023,0.004975124378109453,0.7317073170731707,0.21768292682926835,0.03840495425853595,0.14603658536585365,0.2926829268292683,0.5140243902439023,0.004975124378109453,0.0,0.21768292682926835,0.03840495425853595,0.14603658536585365,0.2926829268292683,0.14880196523053665,0.034564062485413966,0.08806689342403627,0.22992819349962212,0.095,0.10866615541802026,0.0,0.3333333333333333,3.670073880765292,0.7734442097856651,2.114105329272996,5.190041187892827,0.8615853658536585,0.033414411606878684,0.7926829268292683,0.914939024390244
patch_reassignment_patchnas_v1,gtsrb/densenet121,gtsrb,densenet121,303,global_direction_shuffle,82,21,6,200,1.0,82,0.9883536585365854,0.7317073170731707,0.5153048780487804,0.004975124378109453,0.7317073170731707,0.21640243902439024,0.04328834571197514,0.13384146341463415,0.2929878048780488,0.5153048780487804,0.004975124378109453,0.0,0.21640243902439024,0.04328834571197514,0.13384146341463415,0.2929878048780488,0.14988359788359787,0.03999301451747968,0.08272392290249432,0.2360213529856387,0.09333333333333334,0.12206555615733704,0.0,0.3333333333333333,3.5837572530609543,0.7677785640577127,2.038215992469869,5.25094122002435,0.8627439024390244,0.03444981650499523,0.7926829268292683,0.926829268292683
patch_reassignment_patchnas_v1,gtsrb/densenet121,gtsrb,densenet121,303,global_magnitude_shuffle,82,21,6,200,1.0,82,0.9879268292682927,0.7317073170731707,-0.024573170731707283,0.9950248756218906,0.7317073170731707,0.756280487804878,0.011406025261001774,0.7317073170731707,0.7804878048780488,-0.024573170731707283,0.9950248756218906,0.0,0.756280487804878,0.011406025261001774,0.7317073170731707,0.7804878048780488,0.6630000000000001,0.0057063216106359605,0.6515873015873016,0.6707142857142858,1.0,0.0,1.0,1.0,15.542092692124651,0.1991670698031009,15.144803772218781,15.941773938535626,0.9821951219512195,0.00935454093208055,0.9634146341463414,1.0
patch_reassignment_patchnas_v1,gtsrb/densenet121,gtsrb,densenet121,303,within_true_class_shuffle,82,21,6,200,0.9146341463414634,75,0.738780487804878,0.7317073170731707,-0.01237804878048776,0.9303482587064676,0.7333333333333333,0.7468666666666667,0.014077720775119196,0.72,0.7733333333333333,-0.013533333333333397,0.9303482587064676,0.0,0.7440853658536585,0.012875964123584629,0.7195121951219512,0.7682926829268293,0.671825396825397,0.010814347570643588,0.6484126984126983,0.6928571428571428,1.0,0.0,1.0,1.0,14.45047318170574,0.18684882284054455,14.07025404174517,14.81941873477999,0.9842682926829269,0.005533683563189482,0.975609756097561,0.9878048780487805
patch_reassignment_patchnas_v1,gtsrb/densenet121,gtsrb,densenet121,303,within_failure_type_shuffle,82,21,6,200,0.7682926829268293,63,0.6023170731707317,0.7317073170731707,-0.009512195121951228,0.9154228855721394,0.7619047619047619,0.7742857142857144,0.015320544142239559,0.746031746031746,0.7940476190476191,-0.012380952380952492,0.9154228855721394,0.0,0.7412195121951219,0.011770661962940162,0.7195121951219512,0.7564024390243903,0.666888888888889,0.008270800907061147,0.6547619047619047,0.6770634920634921,1.0,0.0,1.0,1.0,15.269744633583398,1.7763568394002505e-15,15.269744633583397,15.269744633583397,0.9838414634146343,0.005711888413169272,0.975609756097561,0.9878048780487805
patch_reassignment_patchnas_v1,gtsrb/vgg16,gtsrb,vgg16,101,original,190,29,17,1,1.0,190,0.0,0.6947368421052632,0.0,nan,0.6947368421052632,0.6947368421052632,0.0,0.6947368421052632,0.6947368421052632,0.0,nan,0.0,0.6947368421052632,0.0,0.6947368421052632,0.6947368421052632,0.5157264896829326,0.0,0.5157264896829326,0.5157264896829326,0.8235294117647058,0.0,0.8235294117647058,0.8235294117647058,17.974872802237147,0.0,17.974872802237147,17.974872802237147,0.9894736842105263,0.0,0.9894736842105263,0.9894736842105263
patch_reassignment_patchnas_v1,gtsrb/vgg16,gtsrb,vgg16,101,global_effect_shuffle,190,29,17,200,1.0,190,0.9944473684210527,0.6947368421052632,0.5756315789473685,0.004975124378109453,0.6947368421052632,0.11910526315789471,0.025791138506951656,0.06842105263157895,0.1685526315789474,0.5756315789473685,0.004975124378109453,0.0,0.11910526315789471,0.025791138506951656,0.06842105263157895,0.1685526315789474,0.10579609697622402,0.029861152924983436,0.05664870066412716,0.17136849387756828,0.024705882352941178,0.033975362536926235,0.0,0.11764705882352941,16.514730251308677,11.38717675279827,-5.206589674528835,37.82837791656733,0.7291315789473685,0.02269805109575944,0.6788157894736843,0.7684210526315789
patch_reassignment_patchnas_v1,gtsrb/vgg16,gtsrb,vgg16,101,global_direction_shuffle,190,29,17,200,1.0,190,0.9945,0.6947368421052632,0.5659473684210528,0.004975124378109453,0.6947368421052632,0.1287894736842105,0.020660224474730673,0.08947368421052632,0.1736842105263158,0.5659473684210528,0.004975124378109453,0.0,0.1287894736842105,0.020660224474730673,0.08947368421052632,0.1736842105263158,0.12067813055063509,0.02883766963574312,0.06960455228377188,0.18533899328137077,0.018235294117647058,0.029050725234978227,0.0,0.058823529411764705,4.532333510412253,9.775133495708344,-14.682173688228957,23.64801394673821,0.7777894736842106,0.02491625863965812,0.7263157894736842,0.8263157894736842
patch_reassignment_patchnas_v1,gtsrb/vgg16,gtsrb,vgg16,101,global_magnitude_shuffle,190,29,17,200,1.0,190,0.995184210526316,0.6947368421052632,0.09286842105263171,0.004975124378109453,0.6947368421052632,0.6018684210526315,0.01659270523561517,0.5684210526315789,0.6368421052631579,0.09286842105263171,0.004975124378109453,0.0,0.6018684210526315,0.01659270523561517,0.5684210526315789,0.6368421052631579,0.4323699218204663,0.015850127868568355,0.3998683918420761,0.46541592381202185,0.7273529411764704,0.052999151263035074,0.5882352941176471,0.8235294117647058,44.5856315958962,11.121135531613909,23.137748658384844,68.54584267062799,0.8838947368421052,0.013311107976718807,0.8578947368421053,0.9052631578947369
patch_reassignment_patchnas_v1,gtsrb/vgg16,gtsrb,vgg16,101,within_true_class_shuffle,190,29,17,200,0.9789473684210527,186,0.8486315789473684,0.6947368421052632,0.1122894736842105,0.004975124378109453,0.7096774193548387,0.5949731182795699,0.01691864241968038,0.5645161290322581,0.6290322580645161,0.11470430107526886,0.004975124378109453,0.0,0.5824473684210527,0.0165624604740029,0.5526315789473685,0.6157894736842106,0.41787712317930104,0.016119962480485115,0.3869624497301448,0.44723064644571,0.6876470588235294,0.054674247652815325,0.5882352941176471,0.7647058823529411,15.50746711182565,3.487959689708835,9.308069709523728,21.642672628950525,0.9158157894736842,0.014713303569866897,0.8842105263157894,0.9473684210526315
patch_reassignment_patchnas_v1,gtsrb/vgg16,gtsrb,vgg16,101,within_failure_type_shuffle,190,29,17,200,0.7473684210526316,142,0.5797631578947369,0.6947368421052632,0.05281578947368437,0.004975124378109453,0.8028169014084507,0.7321478873239436,0.01736993637137813,0.6971830985915493,0.7676056338028169,0.0706690140845071,0.004975124378109453,0.0,0.6419210526315788,0.01298174191966156,0.6157894736842106,0.6684210526315789,0.4715959363282412,0.011676302683212953,0.45071757618263963,0.4973346085755342,0.741764705882353,0.0380265796679858,0.7058823529411765,0.8235294117647058,17.974872802237147,0.0,17.974872802237147,17.974872802237147,0.9690526315789473,0.007130753496606312,0.9526315789473684,0.9789473684210527
patch_reassignment_patchnas_v1,gtsrb/vgg16,gtsrb,vgg16,202,original,190,29,19,1,1.0,190,0.0,0.6157894736842106,0.0,nan,0.6157894736842106,0.6157894736842106,0.0,0.6157894736842106,0.6157894736842106,0.0,nan,0.0,0.6157894736842106,0.0,0.6157894736842106,0.6157894736842106,0.47750869819835345,0.0,0.47750869819835345,0.47750869819835345,0.631578947368421,0.0,0.631578947368421,0.631578947368421,29.256698419055656,0.0,29.256698419055656,29.256698419055656,0.9894736842105263,0.0,0.9894736842105263,0.9894736842105263
patch_reassignment_patchnas_v1,gtsrb/vgg16,gtsrb,vgg16,202,global_effect_shuffle,190,29,19,200,1.0,190,0.994263157894737,0.6157894736842106,0.5000789473684211,0.004975124378109453,0.6157894736842106,0.11571052631578947,0.022658964459129877,0.07355263157894737,0.1631578947368421,0.5000789473684211,0.004975124378109453,0.0,0.11571052631578947,0.022658964459129877,0.07355263157894737,0.1631578947368421,0.10520852471283504,0.02960469309698848,0.06062944718117132,0.1758019327415879,0.029736842105263155,0.03474381907604458,0.0,0.10526315789473684,14.816824107521679,4.404250614659807,6.67762161138541,23.79481726017241,0.757421052631579,0.023212793778730086,0.7157894736842105,0.8001315789473685
patch_reassignment_patchnas_v1,gtsrb/vgg16,gtsrb,vgg16,202,global_direction_shuffle,190,29,19,200,1.0,190,0.9945263157894737,0.6157894736842106,0.4927631578947369,0.004975124378109453,0.6157894736842106,0.12302631578947366,0.022045266324384003,0.08421052631578947,0.16842105263157894,0.4927631578947369,0.004975124378109453,0.0,0.12302631578947366,0.022045266324384003,0.08421052631578947,0.16842105263157894,0.11927691561312251,0.03283977318606871,0.06857893064789616,0.18788245279624594,0.03026315789473684,0.0346879640170107,0.0,0.10526315789473684,9.04252036760479,2.699140950955106,4.072999799177352,14.250739298233942,0.8042368421052631,0.022867179422413297,0.7578947368421053,0.8473684210526315
patch_reassignment_patchnas_v1,gtsrb/vgg16,gtsrb,vgg16,202,global_magnitude_shuffle,190,29,19,200,1.0,190,0.9948947368421054,0.6157894736842106,0.028973684210526374,0.09950248756218906,0.6157894736842106,0.5868157894736842,0.019537573006972227,0.5525000000000001,0.6263157894736842,0.028973684210526374,0.09950248756218906,0.0,0.5868157894736842,0.019537573006972227,0.5525000000000001,0.6263157894736842,0.475937806924876,0.024955853959838955,0.43278604058776476,0.5217221475842166,0.6097368421052632,0.06121518740455729,0.525,0.7368421052631579,39.06502081825128,6.071696189536922,29.298558376219905,53.3467200510434,0.8917894736842107,0.014827166801053414,0.8630263157894738,0.9211842105263158
patch_reassignment_patchnas_v1,gtsrb/vgg16,gtsrb,vgg16,202,within_true_class_shuffle,190,29,19,200,0.9789473684210527,186,0.8442631578947369,0.6157894736842106,0.0786315789473685,0.004975124378109453,0.6290322580645161,0.5487096774193548,0.015588060451114102,0.521505376344086,0.5806451612903226,0.08032258064516129,0.004975124378109453,0.0,0.5371578947368421,0.01525989075740642,0.5105263157894737,0.5684210526315789,0.4203029039925592,0.013787568891702026,0.3946260348846556,0.4482092500411466,0.5363157894736842,0.04223335778380985,0.47368421052631576,0.631578947368421,25.559305822691044,2.3014864035853377,21.58283712771378,29.670392863755854,0.933921052631579,0.011646899888309775,0.9105263157894737,0.9578947368421052
patch_reassignment_patchnas_v1,gtsrb/vgg16,gtsrb,vgg16,202,within_failure_type_shuffle,190,29,19,200,0.7578947368421053,144,0.5708421052631578,0.6157894736842106,0.014868421052631642,0.13432835820895522,0.6666666666666666,0.6470486111111111,0.014949721226084936,0.6180555555555556,0.6737847222222223,0.019618055555555514,0.13432835820895522,0.0,0.6009210526315789,0.011330315034506482,0.5789473684210527,0.6211842105263159,0.4684552947052947,0.009541337381962393,0.44981613214371835,0.48733199271992383,0.6276315789473685,0.016591473964366426,0.5789473684210527,0.631578947368421,29.256698419055667,1.0658141036401503e-14,29.256698419055656,29.256698419055656,0.9812894736842107,0.004727988802476501,0.9736842105263158,0.9894736842105263
patch_reassignment_patchnas_v1,gtsrb/vgg16,gtsrb,vgg16,303,original,190,30,17,1,1.0,190,0.0,0.7210526315789474,0.0,nan,0.7210526315789474,0.7210526315789474,0.0,0.7210526315789474,0.7210526315789474,0.0,nan,0.0,0.7210526315789474,0.0,0.7210526315789474,0.7210526315789474,0.5261585038055626,0.0,0.5261585038055626,0.5261585038055626,0.7647058823529411,0.0,0.7647058823529411,0.7647058823529411,22.389321862724856,0.0,22.389321862724856,22.389321862724856,0.9789473684210527,0.0,0.9789473684210527,0.9789473684210527
patch_reassignment_patchnas_v1,gtsrb/vgg16,gtsrb,vgg16,303,global_effect_shuffle,190,30,17,200,1.0,190,0.9947105263157896,0.7210526315789474,0.5843947368421053,0.004975124378109453,0.7210526315789474,0.1366578947368421,0.021899907663701926,0.09473684210526316,0.18421052631578946,0.5843947368421053,0.004975124378109453,0.0,0.1366578947368421,0.021899907663701926,0.09473684210526316,0.18421052631578946,0.11594243874317403,0.028979955422268652,0.06703675586396174,0.1837073430382254,0.026764705882352944,0.03663978777835519,0.0,0.11764705882352941,8.302878012179209,2.585513455661866,3.152811264549731,13.013326322216738,0.7326578947368421,0.024400271898035498,0.6894736842105263,0.7790789473684211
patch_reassignment_patchnas_v1,gtsrb/vgg16,gtsrb,vgg16,303,global_direction_shuffle,190,30,17,200,1.0,190,0.995,0.7210526315789474,0.5768947368421053,0.004975124378109453,0.7210526315789474,0.1441578947368421,0.023138688207561788,0.10513157894736842,0.18947368421052632,0.5768947368421053,0.004975124378109453,0.0,0.1441578947368421,0.023138688207561788,0.10513157894736842,0.18947368421052632,0.12705526518688282,0.030062630820525488,0.07389578205019381,0.19627035410123644,0.033529411764705884,0.03650377996258872,0.0,0.11764705882352941,5.899367217821207,1.4325230192624374,3.411863057321703,9.126162398852308,0.7677105263157895,0.024311445841248655,0.7155263157894737,0.8105263157894737
patch_reassignment_patchnas_v1,gtsrb/vgg16,gtsrb,vgg16,303,global_magnitude_shuffle,190,30,17,200,1.0,190,0.9948157894736843,0.7210526315789474,0.06865789473684203,0.004975124378109453,0.7210526315789474,0.6523947368421054,0.018890979688025906,0.6157894736842106,0.6894736842105263,0.06865789473684203,0.004975124378109453,0.0,0.6523947368421054,0.018890979688025906,0.6157894736842106,0.6894736842105263,0.48294347643097635,0.02472468591958194,0.43440152929858816,0.5276916645446058,0.6932352941176471,0.07296904116718356,0.5294117647058824,0.8235294117647058,28.863170395539864,2.302354575441451,24.478994441292382,33.271845420895296,0.8932894736842105,0.014651420662305173,0.8630263157894738,0.9210526315789473
patch_reassignment_patchnas_v1,gtsrb/vgg16,gtsrb,vgg16,303,within_true_class_shuffle,190,30,17,200,0.968421052631579,184,0.8438684210526316,0.7210526315789474,0.1018157894736843,0.004975124378109453,0.7445652173913043,0.6394293478260868,0.017157028539584833,0.6086956521739131,0.6739130434782609,0.10513586956521748,0.004975124378109453,0.0,0.6192368421052631,0.01661522763833479,0.5894736842105263,0.6526315789473685,0.440380794287412,0.016311711665098816,0.41012591955974315,0.47038607538975197,0.6514705882352942,0.05159648468484951,0.5294117647058824,0.7647058823529411,22.453648917548755,1.2703049869587886,19.616311483009667,24.430314164277853,0.9313947368421053,0.011292846999397475,0.9105263157894737,0.9526315789473684
patch_reassignment_patchnas_v1,gtsrb/vgg16,gtsrb,vgg16,303,within_failure_type_shuffle,190,30,17,200,0.7684210526315789,146,0.5798947368421052,0.7210526315789474,0.03544736842105267,0.004975124378109453,0.8013698630136986,0.7552397260273972,0.014210925826118041,0.7327054794520549,0.7808219178082192,0.04613013698630142,0.004975124378109453,0.0,0.6856052631578947,0.010919974582174927,0.6682894736842105,0.7052631578947368,0.4963280083750672,0.01071445795793182,0.47564160866366756,0.5164911457007045,0.7379411764705882,0.034197421946984045,0.6470588235294118,0.7647058823529411,22.389321862724852,3.552713678800501e-15,22.389321862724856,22.389321862724856,0.9732894736842106,0.005468051251363203,0.9631578947368421,0.9842105263157894
patch_reassignment_patchnas_v1,tt100k_signs/resnet50,tt100k_signs,resnet50,101,original,258,91,16,1,1.0,258,0.0,0.47674418604651164,0.0,nan,0.47674418604651164,0.47674418604651164,0.0,0.47674418604651164,0.47674418604651164,0.0,nan,0.0,0.47674418604651164,0.0,0.47674418604651164,0.47674418604651164,0.22835808879764924,0.0,0.22835808879764924,0.22835808879764924,0.6875,0.0,0.6875,0.6875,13.04876800371666,0.0,13.04876800371666,13.04876800371666,0.9302325581395349,0.0,0.9302325581395349,0.9302325581395349
patch_reassignment_patchnas_v1,tt100k_signs/resnet50,tt100k_signs,resnet50,101,global_effect_shuffle,258,91,16,200,1.0,258,0.9961046511627907,0.47674418604651164,0.28042635658914733,0.004975124378109453,0.47674418604651164,0.1963178294573643,0.019747481942930165,0.15891472868217055,0.23255813953488372,0.28042635658914733,0.004975124378109453,0.0,0.1963178294573643,0.019747481942930165,0.15891472868217055,0.23255813953488372,0.14519980294430845,0.02476729777997842,0.10121686692428451,0.192537801026812,0.19875,0.05546676933083447,0.125,0.3125,3.199460517281717,0.3606674760167947,2.5453346799763077,3.8645992381449488,0.7340503875968991,0.02295894988026654,0.689922480620155,0.7790697674418605
patch_reassignment_patchnas_v1,tt100k_signs/resnet50,tt100k_signs,resnet50,101,global_direction_shuffle,258,91,16,200,1.0,258,0.9958720930232559,0.47674418604651164,0.28360465116279077,0.004975124378109453,0.47674418604651164,0.1931395348837209,0.01908736661902977,0.16279069767441862,0.23255813953488372,0.28360465116279077,0.004975124378109453,0.0,0.1931395348837209,0.01908736661902977,0.16279069767441862,0.23255813953488372,0.14051159463247376,0.023442869605579557,0.09825976678998657,0.18442400090751743,0.185625,0.05188252957402906,0.125,0.3125,3.4497893943066167,0.3600714047207881,2.7975963053932067,4.142321585270115,0.7272093023255815,0.022465779651131917,0.6821705426356589,0.7713178294573644
patch_reassignment_patchnas_v1,tt100k_signs/resnet50,tt100k_signs,resnet50,101,global_magnitude_shuffle,258,91,16,200,1.0,258,0.9963953488372093,0.47674418604651164,0.03279069767441867,0.004975124378109453,0.47674418604651164,0.443953488372093,0.01137212208638085,0.4186046511627907,0.4689922480620155,0.03279069767441867,0.004975124378109453,0.0,0.443953488372093,0.01137212208638085,0.4186046511627907,0.4689922480620155,0.2114496785266016,0.009794318692204623,0.19435484844825504,0.2314959765509216,0.6815625,0.01936239509332459,0.625,0.6875,12.644928529692608,0.1550396789138608,12.366518784510847,12.973631916022523,0.918372093023256,0.010059913063755045,0.8953488372093024,0.937984496124031
patch_reassignment_patchnas_v1,tt100k_signs/resnet50,tt100k_signs,resnet50,101,within_true_class_shuffle,258,91,16,200,0.8294573643410853,214,0.6436821705426357,0.47674418604651164,0.0565697674418606,0.004975124378109453,0.5654205607476636,0.49721962616822424,0.014388407440358107,0.4672897196261682,0.5233644859813084,0.06820093457943932,0.004975124378109453,0.0,0.42017441860465105,0.0119345705125451,0.3953488372093023,0.4418604651162791,0.2207590998744845,0.007205713884074751,0.20746527968368628,0.23399722530217038,0.560625,0.050740608736986985,0.5,0.625,10.96449171376844,0.174866771800614,10.645186611982387,11.373913678138106,0.8675193798449612,0.011457144053855716,0.8487403100775194,0.8914728682170543
patch_reassignment_patchnas_v1,tt100k_signs/resnet50,tt100k_signs,resnet50,101,within_failure_type_shuffle,258,91,16,200,0.5930232558139535,153,0.42596899224806195,0.47674418604651164,0.009903100775193796,0.1791044776119403,0.673202614379085,0.6565032679738563,0.013099602988069631,0.6339869281045751,0.6799019607843138,0.016699346405228743,0.1791044776119403,0.0,0.46684108527131785,0.007768369213855249,0.45348837209302323,0.4807170542635659,0.2280117099018198,0.00400313340854962,0.22080250335744842,0.23614224603235592,0.6453125,0.037985143066072556,0.5625,0.6875,13.04876800371666,0.0,13.04876800371666,13.04876800371666,0.9317054263565892,0.004512799869093926,0.9224806201550387,0.937984496124031
patch_reassignment_patchnas_v1,tt100k_signs/resnet50,tt100k_signs,resnet50,202,original,258,92,13,1,1.0,258,0.0,0.5426356589147286,0.0,nan,0.5426356589147286,0.5426356589147286,0.0,0.5426356589147286,0.5426356589147286,0.0,nan,0.0,0.5426356589147286,0.0,0.5426356589147286,0.5426356589147286,0.276371635610766,0.0,0.276371635610766,0.276371635610766,0.8461538461538461,0.0,0.8461538461538461,0.8461538461538461,15.525245602480894,0.0,15.525245602480894,15.525245602480894,0.9534883720930233,0.0,0.9534883720930233,0.9534883720930233
patch_reassignment_patchnas_v1,tt100k_signs/resnet50,tt100k_signs,resnet50,202,global_effect_shuffle,258,92,13,200,1.0,258,0.9962790697674418,0.5426356589147286,0.320562015503876,0.004975124378109453,0.5426356589147286,0.22207364341085267,0.01880063720988271,0.18982558139534883,0.2597868217054264,0.320562015503876,0.004975124378109453,0.0,0.22207364341085267,0.01880063720988271,0.18982558139534883,0.2597868217054264,0.14426861197377502,0.02156811401232995,0.10274607487922705,0.1862378148723257,0.2707692307692308,0.0683534150508402,0.15384615384615385,0.38461538461538464,4.454473209896287,0.34846728787849696,3.8649980410991254,5.175582493838399,0.7796511627906976,0.020098123276097207,0.7364341085271318,0.8178294573643411
patch_reassignment_patchnas_v1,tt100k_signs/resnet50,tt100k_signs,resnet50,202,global_direction_shuffle,258,92,13,200,1.0,258,0.9966666666666667,0.5426356589147286,0.32313953488372094,0.004975124378109453,0.5426356589147286,0.2194961240310077,0.02007403968529258,0.1821705426356589,0.2596899224806202,0.32313953488372094,0.004975124378109453,0.0,0.2194961240310077,0.02007403968529258,0.1821705426356589,0.2596899224806202,0.14118853519668736,0.022628218780398356,0.10098020186335405,0.18836514406487231,0.2430769230769231,0.07861222332948442,0.15192307692307697,0.38461538461538464,4.816726347077306,0.39031813381466557,4.102477019456637,5.609030154929184,0.77,0.02233795953151246,0.7248062015503876,0.8101744186046512
patch_reassignment_patchnas_v1,tt100k_signs/resnet50,tt100k_signs,resnet50,202,global_magnitude_shuffle,258,92,13,200,1.0,258,0.9962984496124031,0.5426356589147286,0.03550387596899218,0.004975124378109453,0.5426356589147286,0.5071317829457365,0.012204317919443666,0.4843992248062015,0.5310077519379846,0.03550387596899218,0.004975124378109453,0.0,0.5071317829457365,0.012204317919443666,0.4843992248062015,0.5310077519379846,0.2608176328502415,0.0129985869601445,0.234648033126294,0.28628407522429256,0.8592307692307694,0.05499327554373887,0.7692307692307693,0.9230769230769231,15.23251891677432,0.1388691201587418,14.987384619499117,15.541065379198681,0.9403488372093025,0.008785634214304823,0.9224806201550387,0.9573643410852714
patch_reassignment_patchnas_v1,tt100k_signs/resnet50,tt100k_signs,resnet50,202,within_true_class_shuffle,258,92,13,200,0.810077519379845,209,0.6418217054263567,0.5426356589147286,0.09170542635658913,0.004975124378109453,0.6507177033492823,0.537511961722488,0.015922593830767058,0.507177033492823,0.569377990430622,0.1132057416267942,0.004975124378109453,0.0,0.4509302325581395,0.012898535312520595,0.4263565891472868,0.47674418604651164,0.2522293823326432,0.006476397581967681,0.24061896135265698,0.26440087991718425,0.6819230769230771,0.0651250503980543,0.6134615384615385,0.7692307692307693,13.453143795043113,0.16628958235832517,13.171220787426154,13.767808012138735,0.900484496124031,0.011145938371935026,0.8798449612403101,0.922577519379845
patch_reassignment_patchnas_v1,tt100k_signs/resnet50,tt100k_signs,resnet50,202,within_failure_type_shuffle,258,92,13,200,0.5930232558139535,153,0.4471511627906976,0.5426356589147286,0.04540697674418592,0.004975124378109453,0.7581699346405228,0.6816013071895425,0.016745010025636962,0.6470588235294118,0.7124183006535948,0.07656862745098036,0.004975124378109453,0.0,0.4972286821705427,0.009930180364040536,0.47674418604651164,0.5155038759689923,0.26253493788819876,0.004225698870923637,0.254678657694962,0.27018072808833676,0.8230769230769233,0.06105579948610594,0.6923076923076923,0.9230769230769231,15.525245602480888,5.329070518200751e-15,15.525245602480894,15.525245602480894,0.9430813953488374,0.004001410048327631,0.9378875968992249,0.9496124031007752
patch_reassignment_patchnas_v1,tt100k_signs/resnet50,tt100k_signs,resnet50,303,original,258,89,14,1,1.0,258,0.0,0.43023255813953487,0.0,nan,0.43023255813953487,0.43023255813953487,0.0,0.43023255813953487,0.43023255813953487,0.0,nan,0.0,0.43023255813953487,0.0,0.43023255813953487,0.43023255813953487,0.24502722437289523,0.0,0.24502722437289523,0.24502722437289523,0.5714285714285714,0.0,0.5714285714285714,0.5714285714285714,14.349262977892518,0.0,14.349262977892518,14.349262977892518,0.9069767441860465,0.0,0.9069767441860465,0.9069767441860465
patch_reassignment_patchnas_v1,tt100k_signs/resnet50,tt100k_signs,resnet50,303,global_effect_shuffle,258,89,14,200,1.0,258,0.9959883720930233,0.43023255813953487,0.23397286821705426,0.004975124378109453,0.43023255813953487,0.1962596899224806,0.018491977530236927,0.15891472868217055,0.2364341085271318,0.23397286821705426,0.004975124378109453,0.0,0.1962596899224806,0.018491977530236927,0.15891472868217055,0.2364341085271318,0.14208070824123367,0.01951106973411169,0.10705484095107362,0.17984964858890837,0.2207142857142857,0.03724573664138198,0.14285714285714285,0.2857142857142857,3.99084887050039,0.3686445136969003,3.3364778195108946,4.6984744289653495,0.7593992248062016,0.022116597989206864,0.7209302325581395,0.8062015503875969
patch_reassignment_patchnas_v1,tt100k_signs/resnet50,tt100k_signs,resnet50,303,global_direction_shuffle,258,89,14,200,1.0,258,0.995562015503876,0.43023255813953487,0.23722868217054263,0.004975124378109453,0.43023255813953487,0.19300387596899224,0.021202285533504166,0.1511627906976744,0.2364341085271318,0.23722868217054263,0.004975124378109453,0.0,0.19300387596899224,0.021202285533504166,0.1511627906976744,0.2364341085271318,0.13980590529210818,0.023275034968380605,0.09591154086238354,0.18638888788013044,0.20928571428571427,0.04546247611705589,0.14285714285714285,0.2857142857142857,4.390623612706742,0.3837684252568047,3.5027405069453987,5.050558001431385,0.740484496124031,0.021371663878746013,0.7054263565891473,0.787015503875969
patch_reassignment_patchnas_v1,tt100k_signs/resnet50,tt100k_signs,resnet50,303,global_magnitude_shuffle,258,89,14,200,1.0,258,0.9964147286821705,0.43023255813953487,0.03810077519379851,0.004975124378109453,0.43023255813953487,0.39213178294573636,0.011744313965583694,0.3682170542635659,0.41472868217054265,0.03810077519379851,0.004975124378109453,0.0,0.39213178294573636,0.011744313965583694,0.3682170542635659,0.41472868217054265,0.22537195102760205,0.010440476810650549,0.20519631448084855,0.24614015175358533,0.5528571428571428,0.037958086444532635,0.5,0.6428571428571429,13.837142155925159,0.1562830000980756,13.51334173323326,14.114310411523874,0.9050775193798449,0.008579735559321863,0.8875000000000001,0.9224806201550387
patch_reassignment_patchnas_v1,tt100k_signs/resnet50,tt100k_signs,resnet50,303,within_true_class_shuffle,258,89,14,200,0.8410852713178295,217,0.6539341085271319,0.43023255813953487,0.058197674418604683,0.004975124378109453,0.4976958525345622,0.4285023041474655,0.013517924781056073,0.40541474654377885,0.45622119815668205,0.06919354838709674,0.004975124378109453,0.0,0.3720348837209302,0.011369727432128558,0.35261627906976745,0.3953488372093023,0.2191645891286506,0.007250635802615676,0.2064646083152362,0.23335811852831018,0.5171428571428571,0.04909382936411309,0.42857142857142855,0.6428571428571429,12.465047649685944,0.16313838802315592,12.14847070036687,12.758999886752878,0.863236434108527,0.01128284853720527,0.8410852713178295,0.8837209302325582
patch_reassignment_patchnas_v1,tt100k_signs/resnet50,tt100k_signs,resnet50,303,within_failure_type_shuffle,258,89,14,200,0.624031007751938,161,0.458798449612403,0.43023255813953487,0.013062015503876034,0.0845771144278607,0.546583850931677,0.5256521739130435,0.012458178175976336,0.5031055900621118,0.546583850931677,0.02093167701863352,0.0845771144278607,0.0,0.41717054263565884,0.007774289481907693,0.40310077519379844,0.43023255813953487,0.23884618410890718,0.0031690244344117565,0.23339785352343184,0.2446394147546659,0.5714285714285713,1.1102230246251565e-16,0.5714285714285714,0.5714285714285714,14.34926297789252,1.7763568394002505e-15,14.349262977892518,14.349262977892518,0.9098837209302326,0.005823635349347542,0.8992248062015504,0.9224806201550387
patch_reassignment_patchnas_v1,tt100k_signs/convnext_tiny,tt100k_signs,convnext_tiny,101,original,218,87,11,1,1.0,218,0.0,0.43119266055045874,0.0,nan,0.43119266055045874,0.43119266055045874,0.0,0.43119266055045874,0.43119266055045874,0.0,nan,0.0,0.43119266055045874,0.0,0.43119266055045874,0.43119266055045874,0.2573790485709527,0.0,0.2573790485709527,0.2573790485709527,0.7272727272727273,0.0,0.7272727272727273,0.7272727272727273,9.975551245204352,0.0,9.975551245204352,9.975551245204352,0.9128440366972477,0.0,0.9128440366972477,0.9128440366972477
patch_reassignment_patchnas_v1,tt100k_signs/convnext_tiny,tt100k_signs,convnext_tiny,101,global_effect_shuffle,218,87,11,200,1.0,218,0.9951605504587155,0.43119266055045874,0.3316743119266055,0.004975124378109453,0.43119266055045874,0.09951834862385323,0.01746855905645327,0.06410550458715597,0.13302752293577982,0.3316743119266055,0.004975124378109453,0.0,0.09951834862385323,0.01746855905645327,0.06410550458715597,0.13302752293577982,0.07107634764868648,0.016612173288883456,0.0422410872485835,0.10286221472597036,0.04,0.05795409982003356,0.0,0.18181818181818182,1.9634070379641002,0.2909733494161644,1.4241600057638064,2.549505994216018,0.6948853211009174,0.024303172649365073,0.6512614678899082,0.7477064220183486
patch_reassignment_patchnas_v1,tt100k_signs/convnext_tiny,tt100k_signs,convnext_tiny,101,global_direction_shuffle,218,87,11,200,1.0,218,0.9958944954128441,0.43119266055045874,0.33107798165137614,0.004975124378109453,0.43119266055045874,0.10011467889908258,0.016136343968413267,0.07339449541284404,0.13761467889908258,0.33107798165137614,0.004975124378109453,0.0,0.10011467889908258,0.016136343968413267,0.07339449541284404,0.13761467889908258,0.07159776226605312,0.015758820032580185,0.043125052733373574,0.10339774376880824,0.04818181818181819,0.06159719860539972,0.0,0.18181818181818182,2.2229597773786565,0.275505559201622,1.6791689240679015,2.7329607667612676,0.6993348623853212,0.022103226597978386,0.655848623853211,0.7386467889908257
patch_reassignment_patchnas_v1,tt100k_signs/convnext_tiny,tt100k_signs,convnext_tiny,101,global_magnitude_shuffle,218,87,11,200,1.0,218,0.9954587155963303,0.43119266055045874,0.014977064220183522,0.09950248756218906,0.43119266055045874,0.4162155963302752,0.009832764350706976,0.3989678899082569,0.43577981651376146,0.014977064220183522,0.09950248756218906,0.0,0.4162155963302752,0.009832764350706976,0.3989678899082569,0.43577981651376146,0.2469514614986879,0.009579871104065708,0.22696135563170794,0.26693968491944503,0.7272727272727273,0.07496555682941203,0.5454545454545454,0.8181818181818182,9.591273048103718,0.12071057192342284,9.360981772649927,9.829000420001462,0.9218807339449541,0.009196189511066023,0.9035550458715597,0.9358944954128441
patch_reassignment_patchnas_v1,tt100k_signs/convnext_tiny,tt100k_signs,convnext_tiny,101,within_true_class_shuffle,218,87,11,200,0.7935779816513762,173,0.6006880733944954,0.43119266055045874,-0.0012614678899081633,0.6218905472636815,0.5144508670520231,0.5160404624277457,0.011545329385765237,0.49710982658959535,0.5377167630057804,-0.0015895953757225634,0.6218905472636815,0.0,0.4324541284403669,0.009162119191455903,0.41743119266055045,0.44965596330275237,0.2627473197924847,0.0041201882817677084,0.2544081381928084,0.2703987292068251,0.6840909090909091,0.06359576627106013,0.5454545454545454,0.8181818181818182,8.849365491163148,0.12301278485006441,8.639935776727153,9.114905712084733,0.8648394495412844,0.011801366973186702,0.8394495412844036,0.8899082568807339
patch_reassignment_patchnas_v1,tt100k_signs/convnext_tiny,tt100k_signs,convnext_tiny,101,within_failure_type_shuffle,218,87,11,200,0.6559633027522935,143,0.46373853211009175,0.43119266055045874,0.0011467889908256534,0.5572139303482587,0.5664335664335665,0.5646853146853147,0.010895410105512513,0.5384615384615384,0.5874125874125874,0.0017482517482517723,0.5572139303482587,0.0,0.4300458715596331,0.007146989197652699,0.41284403669724773,0.44495412844036697,0.26020824409223964,0.0025634944039997884,0.25522476856809695,0.26450138026224984,0.615909090909091,0.056361803489260225,0.5454545454545454,0.7272727272727273,9.975551245204354,1.7763568394002505e-15,9.975551245204352,9.975551245204352,0.9089908256880733,0.004907184998281211,0.8990825688073395,0.9174311926605505
patch_reassignment_patchnas_v1,tt100k_signs/convnext_tiny,tt100k_signs,convnext_tiny,202,original,217,85,9,1,1.0,217,0.0,0.5898617511520737,0.0,nan,0.5898617511520737,0.5898617511520737,0.0,0.5898617511520737,0.5898617511520737,0.0,nan,0.0,0.5898617511520737,0.0,0.5898617511520737,0.5898617511520737,0.36352222940458234,0.0,0.36352222940458234,0.36352222940458234,1.0,0.0,1.0,1.0,11.80026677034555,0.0,11.80026677034555,11.80026677034555,0.9631336405529954,0.0,0.9631336405529954,0.9631336405529954
patch_reassignment_patchnas_v1,tt100k_signs/convnext_tiny,tt100k_signs,convnext_tiny,202,global_effect_shuffle,217,85,9,200,1.0,217,0.9948387096774195,0.5898617511520737,0.47516129032258064,0.004975124378109453,0.5898617511520737,0.11470046082949309,0.018431970006387802,0.07834101382488479,0.14746543778801843,0.47516129032258064,0.004975124378109453,0.0,0.11470046082949309,0.018431970006387802,0.07834101382488479,0.14746543778801843,0.06295037438052145,0.01583862030713752,0.03243212669683258,0.09441591251885369,0.055,0.06849123580952565,0.0,0.2222222222222222,2.493068945975089,0.25462250506846584,1.9937664921494194,2.951941021140944,0.7433179723502304,0.021526213297929333,0.7004608294930875,0.7835253456221198
patch_reassignment_patchnas_v1,tt100k_signs/convnext_tiny,tt100k_signs,convnext_tiny,202,global_direction_shuffle,217,85,9,200,1.0,217,0.9955069124423964,0.5898617511520737,0.47147465437788016,0.004975124378109453,0.5898617511520737,0.11838709677419355,0.017903626136477484,0.08294930875576037,0.15207373271889402,0.47147465437788016,0.004975124378109453,0.0,0.11838709677419355,0.017903626136477484,0.08294930875576037,0.15207373271889402,0.06310828395460748,0.015722850009625085,0.03143631939955469,0.09460140145801912,0.07,0.0714142842854285,0.0,0.2222222222222222,2.7399647228638253,0.2881286178203522,2.136550180203901,3.3449441742235844,0.7542165898617512,0.02258195002342857,0.7142857142857143,0.8019585253456221
patch_reassignment_patchnas_v1,tt100k_signs/convnext_tiny,tt100k_signs,convnext_tiny,202,global_magnitude_shuffle,217,85,9,200,1.0,217,0.9955069124423964,0.5898617511520737,0.007211981566820236,0.2736318407960199,0.5898617511520737,0.5826497695852535,0.007773928573742023,0.5668202764976958,0.5990783410138248,0.007211981566820236,0.2736318407960199,0.0,0.5826497695852535,0.007773928573742023,0.5668202764976958,0.5990783410138248,0.3621528917977448,0.005187847311269667,0.35119299001651944,0.37201896143072616,0.9933333333333334,0.026387426860084277,0.8888888888888888,1.0,11.22812800700969,0.12525625117312947,10.968996005754368,11.447017504278527,0.9593087557603687,0.007020809544107638,0.9447004608294931,0.9723502304147466
patch_reassignment_patchnas_v1,tt100k_signs/convnext_tiny,tt100k_signs,convnext_tiny,202,within_true_class_shuffle,217,85,9,200,0.7880184331797235,171,0.6099539170506912,0.5898617511520737,0.03433179723502311,0.014925373134328358,0.695906432748538,0.6523391812865498,0.013848047059900137,0.6257309941520468,0.6785087719298245,0.043567251461988254,0.014925373134328358,0.0,0.5555299539170506,0.010912516346741584,0.5345622119815668,0.5761520737327188,0.34919377289377285,0.006490134073514052,0.33587614019966966,0.3621086331968685,0.9727777777777777,0.0490621928314675,0.8888888888888888,1.0,10.449703043908103,0.12938912508501096,10.207241263529843,10.692299282483859,0.9062903225806451,0.011957415396488244,0.8847926267281107,0.9263824884792626
patch_reassignment_patchnas_v1,tt100k_signs/convnext_tiny,tt100k_signs,convnext_tiny,202,within_failure_type_shuffle,217,85,9,200,0.6221198156682027,135,0.45207373271889395,0.5898617511520737,0.0011520737327188613,0.6119402985074627,0.7703703703703704,0.7685185185185185,0.00875673364261993,0.7481481481481481,0.7851851851851852,0.0018518518518518823,0.6119402985074627,0.0,0.5887096774193549,0.00544773751960224,0.576036866359447,0.5990783410138248,0.36340522875816994,0.0013142756613452064,0.36093657976010923,0.36632765926883576,1.0,0.0,1.0,1.0,11.80026677034555,0.0,11.80026677034555,11.80026677034555,0.9512211981566818,0.00463763700090405,0.9445852534562212,0.9586405529953916
patch_reassignment_patchnas_v1,tt100k_signs/convnext_tiny,tt100k_signs,convnext_tiny,303,original,218,84,9,1,1.0,218,0.0,0.5504587155963303,0.0,nan,0.5504587155963303,0.5504587155963303,0.0,0.5504587155963303,0.5504587155963303,0.0,nan,0.0,0.5504587155963303,0.0,0.5504587155963303,0.5504587155963303,0.31553030303030305,0.0,0.31553030303030305,0.31553030303030305,1.0,0.0,1.0,1.0,13.055493192730147,0.0,13.055493192730147,13.055493192730147,0.9357798165137615,0.0,0.9357798165137615,0.9357798165137615
patch_reassignment_patchnas_v1,tt100k_signs/convnext_tiny,tt100k_signs,convnext_tiny,303,global_effect_shuffle,218,84,9,200,1.0,218,0.9957339449541284,0.5504587155963303,0.4348165137614679,0.004975124378109453,0.5504587155963303,0.11564220183486239,0.01962632784599447,0.07339449541284404,0.1559633027522936,0.4348165137614679,0.004975124378109453,0.0,0.11564220183486239,0.01962632784599447,0.07339449541284404,0.1559633027522936,0.061813357573225994,0.015911997156299918,0.03126616256550467,0.09393860282018178,0.01611111111111111,0.04066955059598043,0.0,0.1111111111111111,3.384862730173798,0.3157627490432206,2.784549019597535,3.991989146357129,0.8003440366972479,0.019644264446978487,0.7660550458715596,0.8349770642201835
patch_reassignment_patchnas_v1,tt100k_signs/convnext_tiny,tt100k_signs,convnext_tiny,303,global_direction_shuffle,218,84,9,200,1.0,218,0.9955963302752292,0.5504587155963303,0.43442660550458717,0.004975124378109453,0.5504587155963303,0.11603211009174313,0.018671457553201716,0.0779816513761468,0.1559633027522936,0.43442660550458717,0.004975124378109453,0.0,0.11603211009174313,0.018671457553201716,0.0779816513761468,0.1559633027522936,0.06405048448140553,0.017293982287282027,0.03481188767372978,0.10088515164173059,0.010555555555555556,0.032579437580879445,0.0,0.1111111111111111,3.6275637037997943,0.2755342804497723,3.1004994462753404,4.195107071290015,0.80098623853211,0.01802861716687533,0.7660550458715596,0.8348623853211009
patch_reassignment_patchnas_v1,tt100k_signs/convnext_tiny,tt100k_signs,convnext_tiny,303,global_magnitude_shuffle,218,84,9,200,1.0,218,0.9948394495412843,0.5504587155963303,0.009243119266055144,0.20398009950248755,0.5504587155963303,0.5412155963302752,0.007925000633915113,0.5275229357798165,0.555045871559633,0.009243119266055144,0.20398009950248755,0.0,0.5412155963302752,0.007925000633915113,0.5275229357798165,0.555045871559633,0.3060597041847042,0.008944737858485458,0.2893123196248196,0.32386363636363635,0.9994444444444445,0.00783707554425883,1.0,1.0,12.543753877998235,0.10233039471979705,12.34816634962725,12.732089172895067,0.9450917431192661,0.007943995323207553,0.926605504587156,0.9587155963302753
patch_reassignment_patchnas_v1,tt100k_signs/convnext_tiny,tt100k_signs,convnext_tiny,303,within_true_class_shuffle,218,84,9,200,0.7889908256880734,172,0.613348623853211,0.5504587155963303,0.02924311926605505,0.004975124378109453,0.6569767441860465,0.6199127906976744,0.011235192466381052,0.5988372093023255,0.6395348837209303,0.0370639534883721,0.004975124378109453,0.0,0.5212155963302753,0.008864463780814395,0.5045871559633027,0.536697247706422,0.3070553134730767,0.005227409598395445,0.2972763347763348,0.3173308982683983,0.9927777777777779,0.027391762301380122,0.8888888888888888,1.0,11.930738903886654,0.13689791248972685,11.697801081446498,12.216186812419311,0.9063990825688074,0.009163956311450597,0.8899082568807339,0.926605504587156
patch_reassignment_patchnas_v1,tt100k_signs/convnext_tiny,tt100k_signs,convnext_tiny,303,within_failure_type_shuffle,218,84,9,200,0.6422018348623854,140,0.47853211009174307,0.5504587155963303,0.007683486238532211,0.19402985074626866,0.7214285714285714,0.7094642857142857,0.009201195019991615,0.6928571428571428,0.7285714285714285,0.01196428571428576,0.19402985074626866,0.0,0.5427752293577981,0.005909024324765249,0.5321100917431193,0.555045871559633,0.3133384170653908,0.0042732855971795965,0.30596185064935066,0.321482683982684,1.0,0.0,1.0,1.0,13.05549319273015,3.552713678800501e-15,13.055493192730147,13.055493192730147,0.9396100917431193,0.003634507042822008,0.9311926605504587,0.944954128440367
patch_reassignment_patchnas_v1,tt100k_signs/densenet121,tt100k_signs,densenet121,101,original,312,92,19,1,1.0,312,0.0,0.6025641025641025,0.0,nan,0.6025641025641025,0.6025641025641025,0.0,0.6025641025641025,0.6025641025641025,0.0,nan,0.0,0.6025641025641025,0.0,0.6025641025641025,0.6025641025641025,0.3595885741018066,0.0,0.3595885741018066,0.3595885741018066,0.7894736842105263,0.0,0.7894736842105263,0.7894736842105263,17.66935991435252,0.0,17.66935991435252,17.66935991435252,0.967948717948718,0.0,0.967948717948718,0.967948717948718
patch_reassignment_patchnas_v1,tt100k_signs/densenet121,tt100k_signs,densenet121,101,global_effect_shuffle,312,92,19,200,1.0,312,0.9968108974358976,0.6025641025641025,0.4236057692307692,0.004975124378109453,0.6025641025641025,0.17895833333333336,0.01850049725463181,0.13782051282051283,0.21474358974358973,0.4236057692307692,0.004975124378109453,0.0,0.17895833333333336,0.01850049725463181,0.13782051282051283,0.21474358974358973,0.09400450429375287,0.017156445813380928,0.05828613749330904,0.12678867611594455,0.1431578947368421,0.05864584537761734,0.05263157894736842,0.2631578947368421,5.622004203271234,0.28970730494594205,5.037347568222024,6.143665822311857,0.8741185897435898,0.015043416989629252,0.846073717948718,0.9038461538461539
patch_reassignment_patchnas_v1,tt100k_signs/densenet121,tt100k_signs,densenet121,101,global_direction_shuffle,312,92,19,200,1.0,312,0.9967788461538463,0.6025641025641025,0.42908653846153844,0.004975124378109453,0.6025641025641025,0.17347756410256412,0.018847509708335094,0.14102564102564102,0.21153846153846154,0.42908653846153844,0.004975124378109453,0.0,0.17347756410256412,0.018847509708335094,0.14102564102564102,0.21153846153846154,0.09237692315167503,0.018142585332914164,0.058475999714421266,0.1307008124659944,0.11421052631578947,0.05497670118450355,0.0,0.21052631578947367,5.7511226910973425,0.30280708865558936,5.150406361875128,6.333470393617316,0.8625801282051282,0.016393024493807407,0.8269230769230769,0.8942307692307693
patch_reassignment_patchnas_v1,tt100k_signs/densenet121,tt100k_signs,densenet121,101,global_magnitude_shuffle,312,92,19,200,1.0,312,0.9969230769230769,0.6025641025641025,0.007596153846153864,0.18407960199004975,0.6025641025641025,0.5949679487179487,0.006307754195026793,0.5833333333333334,0.605849358974359,0.007596153846153864,0.18407960199004975,0.0,0.5949679487179487,0.006307754195026793,0.5833333333333334,0.605849358974359,0.3453359875054582,0.009522531987280385,0.3265246938395568,0.36276924217874124,0.7839473684210526,0.021952794987341206,0.7368421052631579,0.8421052631578947,17.527187084704334,0.12527843230700858,17.294431617075663,17.79235708598725,0.9605128205128204,0.004642017176982474,0.9519230769230769,0.9680288461538462
patch_reassignment_patchnas_v1,tt100k_signs/densenet121,tt100k_signs,densenet121,101,within_true_class_shuffle,312,92,19,200,0.8365384615384616,261,0.7075801282051282,0.6025641025641025,0.004006410256410242,0.36318407960199006,0.6781609195402298,0.6733716475095787,0.0102861254855623,0.6551724137931034,0.6934865900383141,0.004789272030651159,0.36318407960199006,0.0,0.5985576923076923,0.008604739588883838,0.5833333333333334,0.6153846153846154,0.3566611146913368,0.005065400895074465,0.3467260856267236,0.36629477327965043,0.7578947368421052,0.03370065388122553,0.7355263157894737,0.8421052631578947,16.182353857143138,0.12620568754129874,15.929308631490224,16.422246283865295,0.9430128205128205,0.006800312287372212,0.9294871794871795,0.9551282051282052
patch_reassignment_patchnas_v1,tt100k_signs/densenet121,tt100k_signs,densenet121,101,within_failure_type_shuffle,312,92,19,200,0.7211538461538461,225,0.5475,0.6025641025641025,-0.004487179487179471,0.7810945273631841,0.72,0.7262222222222222,0.010046804049295397,0.7066666666666667,0.7466666666666667,-0.00622222222222224,0.7810945273631841,0.0,0.607051282051282,0.007245291381703424,0.592948717948718,0.6217948717948718,0.36079283671852197,0.0038519703101314337,0.3531609319975341,0.36808141399138555,0.7763157894736841,0.034812517250849884,0.7368421052631579,0.8421052631578947,17.669359914352523,3.552713678800501e-15,17.66935991435252,17.66935991435252,0.9593429487179486,0.003971999661585719,0.9519230769230769,0.964823717948718
patch_reassignment_patchnas_v1,tt100k_signs/densenet121,tt100k_signs,densenet121,202,original,312,82,20,1,1.0,312,0.0,0.592948717948718,0.0,nan,0.592948717948718,0.592948717948718,0.0,0.592948717948718,0.592948717948718,0.0,nan,0.0,0.592948717948718,0.0,0.592948717948718,0.592948717948718,0.3030989335867384,0.0,0.3030989335867384,0.3030989335867384,0.75,0.0,0.75,0.75,15.364207590771958,0.0,15.364207590771958,15.364207590771958,0.967948717948718,0.0,0.967948717948718,0.967948717948718
patch_reassignment_patchnas_v1,tt100k_signs/densenet121,tt100k_signs,densenet121,202,global_effect_shuffle,312,82,20,200,1.0,312,0.9968910256410257,0.592948717948718,0.411875,0.004975124378109453,0.592948717948718,0.18107371794871796,0.01928410738790344,0.13782051282051283,0.21794871794871795,0.411875,0.004975124378109453,0.0,0.18107371794871796,0.01928410738790344,0.13782051282051283,0.21794871794871795,0.11132891109567938,0.02084771695388902,0.07350138428644526,0.1501407713221738,0.11625,0.0561109392186586,0.0,0.25,4.034237163638161,0.35635236820534905,3.3194399922055777,4.826391073941845,0.7940865384615384,0.019248115841002857,0.7595352564102564,0.8333333333333334
patch_reassignment_patchnas_v1,tt100k_signs/densenet121,tt100k_signs,densenet121,202,global_direction_shuffle,312,82,20,200,1.0,312,0.9966185897435897,0.592948717948718,0.4207371794871795,0.004975124378109453,0.592948717948718,0.17221153846153847,0.018552986427828537,0.13782051282051283,0.20512820512820512,0.4207371794871795,0.004975124378109453,0.0,0.17221153846153847,0.018552986427828537,0.13782051282051283,0.20512820512820512,0.10522460111027182,0.019256501031742257,0.06777012198506101,0.1421291809477785,0.08275,0.051864607392710496,0.0,0.2,4.0730609976679455,0.37535411630928117,3.3018323004938153,4.771936868379922,0.7798397435897436,0.018242192091983942,0.7467948717948718,0.8141826923076924
patch_reassignment_patchnas_v1,tt100k_signs/densenet121,tt100k_signs,densenet121,202,global_magnitude_shuffle,312,82,20,200,1.0,312,0.9969391025641027,0.592948717948718,0.010945512820512815,0.19900497512437812,0.592948717948718,0.5820032051282051,0.010534479233072306,0.5608974358974359,0.6026442307692308,0.010945512820512815,0.19900497512437812,0.0,0.5820032051282051,0.010534479233072306,0.5608974358974359,0.6026442307692308,0.3100299492174492,0.011619331508509197,0.28259388731187507,0.33024178396129616,0.765,0.04609772228646445,0.69875,0.85,15.912302346642132,0.13944878889076195,15.687953954303604,16.185436342884177,0.9617147435897435,0.0056267803450358676,0.9519230769230769,0.9743589743589743
patch_reassignment_patchnas_v1,tt100k_signs/densenet121,tt100k_signs,densenet121,202,within_true_class_shuffle,312,82,20,200,0.8717948717948718,272,0.7340544871794872,0.592948717948718,0.05730769230769228,0.004975124378109453,0.6617647058823529,0.5960294117647059,0.014002286021961931,0.5698529411764706,0.6215073529411765,0.065735294117647,0.004975124378109453,0.0,0.5356410256410257,0.012207121147351422,0.5128205128205128,0.5578525641025641,0.2881066990259063,0.005985469150047133,0.27723714378439984,0.29994169363833995,0.73575,0.06151778198212287,0.6,0.85,13.922903132930074,0.12122723377070613,13.708563949745626,14.155415300027324,0.9281089743589743,0.00940206754368365,0.9102564102564102,0.9455128205128205
patch_reassignment_patchnas_v1,tt100k_signs/densenet121,tt100k_signs,densenet121,202,within_failure_type_shuffle,312,82,20,200,0.7724358974358975,241,0.5902564102564102,0.592948717948718,0.019887820512820564,0.01990049751243781,0.6970954356846473,0.6713485477178425,0.010878157425882542,0.6473029045643154,0.6929460580912863,0.0257468879668048,0.01990049751243781,0.0,0.5730608974358974,0.008402679293710554,0.5544871794871795,0.5897435897435898,0.29692648340819067,0.004978265416386934,0.28732326531869207,0.30647825159258085,0.7855000000000001,0.04110656881813417,0.7,0.85,15.36420759077196,1.7763568394002505e-15,15.364207590771958,15.364207590771958,0.9665064102564103,0.003463170318104845,0.9615384615384616,0.9743589743589743
patch_reassignment_patchnas_v1,tt100k_signs/densenet121,tt100k_signs,densenet121,303,original,312,86,18,1,1.0,312,0.0,0.5865384615384616,0.0,nan,0.5865384615384616,0.5865384615384616,0.0,0.5865384615384616,0.5865384615384616,0.0,nan,0.0,0.5865384615384616,0.0,0.5865384615384616,0.5865384615384616,0.34224800285846796,0.0,0.34224800285846796,0.34224800285846796,0.7777777777777778,0.0,0.7777777777777778,0.7777777777777778,19.687845660269094,0.0,19.687845660269094,19.687845660269094,0.9711538461538461,0.0,0.9711538461538461,0.9711538461538461
patch_reassignment_patchnas_v1,tt100k_signs/densenet121,tt100k_signs,densenet121,303,global_effect_shuffle,312,86,18,200,1.0,312,0.9968429487179489,0.5865384615384616,0.4078044871794872,0.004975124378109453,0.5865384615384616,0.17873397435897437,0.019190603085751934,0.13782051282051283,0.21490384615384617,0.4078044871794872,0.004975124378109453,0.0,0.17873397435897437,0.019190603085751934,0.13782051282051283,0.21490384615384617,0.09628668919366595,0.018036654262134223,0.06620735275876034,0.13105075676793856,0.14666666666666667,0.04780361058733101,0.05555555555555555,0.2777777777777778,6.673927942043415,0.34001156760087364,6.092342607326393,7.36120388348563,0.9049358974358975,0.013835762957663167,0.8782051282051282,0.9326923076923077
patch_reassignment_patchnas_v1,tt100k_signs/densenet121,tt100k_signs,densenet121,303,global_direction_shuffle,312,86,18,200,1.0,312,0.996923076923077,0.5865384615384616,0.4078365384615385,0.004975124378109453,0.5865384615384616,0.17870192307692306,0.019065792078929625,0.14727564102564103,0.21802884615384618,0.4078365384615385,0.004975124378109453,0.0,0.17870192307692306,0.019065792078929625,0.14727564102564103,0.21802884615384618,0.09554760246525089,0.017224545280533396,0.0634929597989956,0.13380115566468073,0.14944444444444446,0.051035572198512964,0.05555555555555555,0.2777777777777778,6.6846173185578985,0.3475840490678632,5.974867968817124,7.314529905104409,0.9011378205128204,0.012446868921145222,0.875,0.9262820512820513
patch_reassignment_patchnas_v1,tt100k_signs/densenet121,tt100k_signs,densenet121,303,global_magnitude_shuffle,312,86,18,200,1.0,312,0.9969551282051284,0.5865384615384616,0.005464743589743581,0.23383084577114427,0.5865384615384616,0.581073717948718,0.006279086656563309,0.5673076923076923,0.592948717948718,0.005464743589743581,0.23383084577114427,0.0,0.581073717948718,0.006279086656563309,0.5673076923076923,0.592948717948718,0.3346519659720012,0.00854920424189984,0.31783772712876907,0.35049728805466257,0.7777777777777779,1.1102230246251565e-16,0.7777777777777778,0.7777777777777778,19.94908819752803,0.11623188561358289,19.73972969891204,20.149771219403632,0.9691826923076923,0.003973292609215722,0.9615384615384616,0.9744391025641026
patch_reassignment_patchnas_v1,tt100k_signs/densenet121,tt100k_signs,densenet121,303,within_true_class_shuffle,312,86,18,200,0.8846153846153846,276,0.7239102564102563,0.5865384615384616,0.01586538461538467,0.04975124378109453,0.6485507246376812,0.6306159420289855,0.01036732168682934,0.6123188405797102,0.6521739130434783,0.017934782608695632,0.04975124378109453,0.0,0.5706730769230769,0.00917109226142596,0.5544871794871795,0.5897435897435898,0.3336471995141288,0.006140272918377723,0.3211345964826687,0.3467664882490464,0.7661111111111112,0.0226282353937959,0.7222222222222222,0.7777777777777778,18.022591606058324,0.12498607524538348,17.778296311314886,18.27558588259555,0.9471474358974359,0.006497720608782456,0.9358974358974359,0.9584134615384616
patch_reassignment_patchnas_v1,tt100k_signs/densenet121,tt100k_signs,densenet121,303,within_failure_type_shuffle,312,86,18,200,0.7532051282051282,235,0.5530929487179487,0.5865384615384616,0.009086538461538507,0.13930348258706468,0.6851063829787234,0.6730425531914893,0.00846559890799124,0.6595744680851063,0.6893617021276596,0.012063829787234082,0.13930348258706468,0.0,0.5774519230769231,0.006376332510826752,0.5673076923076923,0.5897435897435898,0.3363420912367133,0.005189622905841796,0.3267571854159599,0.3464863826419059,0.7777777777777779,1.1102230246251565e-16,0.7777777777777778,0.7777777777777778,19.687845660269094,0.0,19.687845660269094,19.687845660269094,0.9656891025641025,0.0025600428598842634,0.9615384615384616,0.9711538461538461
patch_reassignment_patchnas_v1,tt100k_signs/vgg16,tt100k_signs,vgg16,101,original,328,100,21,1,1.0,328,0.0,0.3567073170731707,0.0,nan,0.3567073170731707,0.3567073170731707,0.0,0.3567073170731707,0.3567073170731707,0.0,nan,0.0,0.3567073170731707,0.0,0.3567073170731707,0.3567073170731707,0.2647110389610389,0.0,0.2647110389610389,0.2647110389610389,0.5238095238095238,0.0,0.5238095238095238,0.5238095238095238,13.089220134473246,0.0,13.089220134473246,13.089220134473246,0.9054878048780488,0.0,0.9054878048780488,0.9054878048780488
patch_reassignment_patchnas_v1,tt100k_signs/vgg16,tt100k_signs,vgg16,101,global_effect_shuffle,328,100,21,200,1.0,328,0.996859756097561,0.3567073170731707,0.21205792682926827,0.004975124378109453,0.3567073170731707,0.14464939024390244,0.01741197346578584,0.11577743902439025,0.1798780487804878,0.21205792682926827,0.004975124378109453,0.0,0.14464939024390244,0.01741197346578584,0.11577743902439025,0.1798780487804878,0.13467546897546895,0.0206479271544235,0.09647401695526697,0.17758390151515152,0.07380952380952381,0.04732049265321854,0.0,0.19047619047619047,5.780216584299658,2.3638631445486626,1.5805251761021595,10.480024421230105,0.6666006097560975,0.019557154519663843,0.6280487804878049,0.7042682926829268
patch_reassignment_patchnas_v1,tt100k_signs/vgg16,tt100k_signs,vgg16,101,global_direction_shuffle,328,100,21,200,1.0,328,0.9968902439024389,0.3567073170731707,0.19778963414634146,0.004975124378109453,0.3567073170731707,0.15891768292682926,0.016135330494586778,0.125,0.19207317073170732,0.19778963414634146,0.004975124378109453,0.0,0.15891768292682926,0.016135330494586778,0.125,0.19207317073170732,0.14350271284271282,0.01916740698061888,0.09937386363636362,0.1807521103896104,0.08880952380952381,0.05422668051631589,0.0,0.19047619047619047,5.162730224405225,0.9171354958464154,3.446723952371265,6.829283137820013,0.7090243902439025,0.018716234717453456,0.6676829268292683,0.7409298780487805
patch_reassignment_patchnas_v1,tt100k_signs/vgg16,tt100k_signs,vgg16,101,global_magnitude_shuffle,328,100,21,200,1.0,328,0.996981707317073,0.3567073170731707,0.07350609756097559,0.004975124378109453,0.3567073170731707,0.2832012195121951,0.014505884823997017,0.25602134146341465,0.31097560975609756,0.07350609756097559,0.004975124378109453,0.0,0.2832012195121951,0.014505884823997017,0.25602134146341465,0.31097560975609756,0.21521329184704183,0.014806808041679153,0.18708051046176044,0.24148170093795096,0.35142857142857137,0.06145625068533973,0.23809523809523808,0.47619047619047616,17.19847034330952,1.999764446770816,13.422282822657653,21.27754633215459,0.8240548780487803,0.012063273536302627,0.8017530487804878,0.8475609756097561
patch_reassignment_patchnas_v1,tt100k_signs/vgg16,tt100k_signs,vgg16,101,within_true_class_shuffle,328,100,21,200,0.8902439024390244,292,0.6918140243902439,0.3567073170731707,0.07606707317073169,0.004975124378109453,0.3801369863013699,0.2946917808219178,0.012412907328383174,0.27046232876712334,0.3185787671232877,0.08544520547945206,0.004975124378109453,0.0,0.280640243902439,0.011050515060633788,0.25907012195121953,0.3019054878048781,0.2266215494227994,0.00813343664334881,0.21058630050505053,0.24307443181818178,0.3138095238095238,0.0519877013190175,0.23690476190476192,0.42857142857142855,10.261059295795688,0.7978844468634241,8.582999207427237,11.545498725833804,0.8178658536585366,0.012332458394077036,0.7926829268292683,0.8414634146341463
patch_reassignment_patchnas_v1,tt100k_signs/vgg16,tt100k_signs,vgg16,101,within_failure_type_shuffle,328,100,21,200,0.6310975609756098,207,0.459375,0.3567073170731707,0.03278963414634145,0.004975124378109453,0.4492753623188406,0.3973188405797102,0.014616999627220793,0.3671497584541063,0.4251207729468599,0.0519565217391304,0.004975124378109453,0.0,0.32391768292682926,0.009224752813520445,0.3048780487804878,0.34146341463414637,0.2492139808802309,0.006417452963019143,0.23674511183261182,0.26199473304473303,0.4135714285714286,0.043793345874198086,0.3333333333333333,0.47619047619047616,13.089220134473246,0.0,13.089220134473246,13.089220134473246,0.8797865853658535,0.00708807040863641,0.8658536585365854,0.8932926829268293
patch_reassignment_patchnas_v1,tt100k_signs/vgg16,tt100k_signs,vgg16,202,original,328,103,21,1,1.0,328,0.0,0.39939024390243905,0.0,nan,0.39939024390243905,0.39939024390243905,0.0,0.39939024390243905,0.39939024390243905,0.0,nan,0.0,0.39939024390243905,0.0,0.39939024390243905,0.39939024390243905,0.2658775690329088,0.0,0.2658775690329088,0.2658775690329088,0.6190476190476191,0.0,0.6190476190476191,0.6190476190476191,33.19385909919468,0.0,33.19385909919468,33.19385909919468,0.9237804878048781,0.0,0.9237804878048781,0.9237804878048781
patch_reassignment_patchnas_v1,tt100k_signs/vgg16,tt100k_signs,vgg16,202,global_effect_shuffle,328,103,21,200,1.0,328,0.996996951219512,0.39939024390243905,0.2599390243902439,0.004975124378109453,0.39939024390243905,0.13945121951219513,0.015189659590560182,0.11272865853658537,0.16471036585365856,0.2599390243902439,0.004975124378109453,0.0,0.13945121951219513,0.015189659590560182,0.11272865853658537,0.16471036585365856,0.09050016578171918,0.014002036323908212,0.06667760300648651,0.1171819296758617,0.11238095238095237,0.050852148854142826,0.047619047619047616,0.23809523809523808,14.99678182089954,6.827897544436584,2.07334211086542,27.41283567510886,0.8111432926829267,0.01642723412641399,0.7773628048780488,0.8415396341463415
patch_reassignment_patchnas_v1,tt100k_signs/vgg16,tt100k_signs,vgg16,202,global_direction_shuffle,328,103,21,200,1.0,328,0.9968445121951218,0.39939024390243905,0.27539634146341463,0.004975124378109453,0.39939024390243905,0.1239939024390244,0.015558073502221778,0.09748475609756098,0.15548780487804878,0.27539634146341463,0.004975124378109453,0.0,0.1239939024390244,0.015558073502221778,0.09748475609756098,0.15548780487804878,0.08557505241971261,0.01593094501708328,0.058393723994452154,0.1194941205863536,0.07642857142857143,0.046632032823594245,0.0,0.19047619047619047,25.620485978548267,3.164895426546405,19.449959354868483,32.16476171293954,0.8292378048780489,0.017832082249328512,0.7987042682926829,0.8689786585365854
patch_reassignment_patchnas_v1,tt100k_signs/vgg16,tt100k_signs,vgg16,202,global_magnitude_shuffle,328,103,21,200,1.0,328,0.9973170731707316,0.39939024390243905,0.05951219512195127,0.004975124378109453,0.39939024390243905,0.3398780487804878,0.012544388764326182,0.31402439024390244,0.3628048780487805,0.05951219512195127,0.004975124378109453,0.0,0.3398780487804878,0.012544388764326182,0.31402439024390244,0.3628048780487805,0.22697953529749648,0.01217260349372174,0.20046144816169092,0.24940566669935602,0.43595238095238104,0.055552777708329865,0.3333333333333333,0.5238095238095238,38.56362196820178,9.493640026062154,17.52432259370516,55.48925102750606,0.859344512195122,0.009980635902836316,0.8384146341463414,0.8780487804878049
patch_reassignment_patchnas_v1,tt100k_signs/vgg16,tt100k_signs,vgg16,202,within_true_class_shuffle,328,103,21,200,0.8780487804878049,288,0.6863414634146342,0.39939024390243905,0.07298780487804879,0.004975124378109453,0.4375,0.354375,0.01398680760706449,0.3298611111111111,0.3819444444444444,0.083125,0.004975124378109453,0.0,0.32640243902439026,0.012281099362300528,0.3048780487804878,0.35060975609756095,0.23271603284345999,0.008225295452916243,0.21616892748567504,0.2495420075699202,0.39047619047619037,0.045674585936311615,0.3333333333333333,0.47619047619047616,28.333304991149117,2.748336636678832,23.193143963557098,32.90092175844234,0.8619817073170732,0.011295762565377038,0.8413871951219511,0.8810975609756098
patch_reassignment_patchnas_v1,tt100k_signs/vgg16,tt100k_signs,vgg16,202,within_failure_type_shuffle,328,103,21,200,0.6067073170731707,199,0.4466006097560975,0.39939024390243905,0.03466463414634152,0.004975124378109453,0.5477386934673367,0.49060301507537685,0.013755541385753642,0.46721105527638196,0.5226130653266332,0.057135678391959877,0.004975124378109453,0.0,0.3647256097560975,0.008345587609039569,0.35053353658536585,0.38414634146341464,0.25062755735813985,0.004400097724594624,0.24275167007569917,0.25957571846528155,0.4804761904761905,0.03903309834537748,0.42857142857142855,0.5714285714285714,33.19385909919469,7.105427357601002e-15,33.19385909919468,33.19385909919468,0.9178506097560976,0.005858083153743126,0.9054878048780488,0.926829268292683
patch_reassignment_patchnas_v1,tt100k_signs/vgg16,tt100k_signs,vgg16,303,original,328,102,23,1,1.0,328,0.0,0.36585365853658536,0.0,nan,0.36585365853658536,0.36585365853658536,0.0,0.36585365853658536,0.36585365853658536,0.0,nan,0.0,0.36585365853658536,0.0,0.36585365853658536,0.36585365853658536,0.24466032333679394,0.0,0.24466032333679394,0.24466032333679394,0.4782608695652174,0.0,0.4782608695652174,0.4782608695652174,12.539040244752314,0.0,12.539040244752314,12.539040244752314,0.9085365853658537,0.0,0.9085365853658537,0.9085365853658537
patch_reassignment_patchnas_v1,tt100k_signs/vgg16,tt100k_signs,vgg16,303,global_effect_shuffle,328,102,23,200,1.0,328,0.996875,0.36585365853658536,0.1951981707317073,0.004975124378109453,0.36585365853658536,0.17065548780487805,0.016263000736810435,0.1401676829268293,0.20426829268292682,0.1951981707317073,0.004975124378109453,0.0,0.17065548780487805,0.016263000736810435,0.1401676829268293,0.20426829268292682,0.14497089135446978,0.01833076056271339,0.11198620188816269,0.1820679424968641,0.21673913043478257,0.05824748386137787,0.13043478260869565,0.30434782608695654,4.449811087600601,0.8591534984190433,2.813287202166337,5.956679499347797,0.685533536585366,0.01783575020432223,0.6522865853658537,0.7195121951219512
patch_reassignment_patchnas_v1,tt100k_signs/vgg16,tt100k_signs,vgg16,303,global_direction_shuffle,328,102,23,200,1.0,328,0.9968140243902438,0.36585365853658536,0.1867682926829268,0.004975124378109453,0.36585365853658536,0.17908536585365856,0.018094043442260833,0.1461890243902439,0.2104420731707317,0.1867682926829268,0.004975124378109453,0.0,0.17908536585365856,0.018094043442260833,0.1461890243902439,0.2104420731707317,0.15086726599471698,0.020725379738911885,0.11066928872688676,0.18879904023899124,0.22282608695652173,0.061784658657053536,0.13043478260869565,0.34782608695652173,4.839902309970953,0.47534648139614005,3.985016796027443,5.782794321667807,0.7116158536585365,0.02033376598087284,0.6767530487804878,0.7500762195121952
patch_reassignment_patchnas_v1,tt100k_signs/vgg16,tt100k_signs,vgg16,303,global_magnitude_shuffle,328,102,23,200,1.0,328,0.9971189024390245,0.36585365853658536,0.06605182926829262,0.004975124378109453,0.36585365853658536,0.29980182926829274,0.013057459146650569,0.27439024390243905,0.32621951219512196,0.06605182926829262,0.004975124378109453,0.0,0.29980182926829274,0.013057459146650569,0.27439024390243905,0.32621951219512196,0.2032085957796742,0.01262694908040643,0.17996145874822345,0.2300393624168134,0.37478260869565216,0.045091798825962336,0.30434782608695654,0.43478260869565216,13.204228667529524,0.5776252666261233,12.229077799582521,14.377479171424392,0.8234146341463415,0.012542165646162381,0.8017530487804878,0.850609756097561
patch_reassignment_patchnas_v1,tt100k_signs/vgg16,tt100k_signs,vgg16,303,within_true_class_shuffle,328,102,23,200,0.8810975609756098,289,0.6897865853658536,0.36585365853658536,0.07733231707317068,0.004975124378109453,0.3944636678200692,0.3066955017301038,0.014094464564026798,0.28027681660899656,0.3391003460207612,0.0877681660899654,0.004975124378109453,0.0,0.2885213414634147,0.012418598350621174,0.2652439024390244,0.3170731707317073,0.2184354017442253,0.008814276662195024,0.20258355682988036,0.237663381689117,0.42695652173913046,0.04385920074058606,0.34782608695652173,0.5217391304347826,9.63871225787551,0.4817081356385876,8.679071498042678,10.52200226593527,0.8384908536585365,0.011927075147722394,0.8140243902439024,0.8597560975609756
patch_reassignment_patchnas_v1,tt100k_signs/vgg16,tt100k_signs,vgg16,303,within_failure_type_shuffle,328,102,23,200,0.6432926829268293,211,0.4530487804878049,0.36585365853658536,0.03170731707317065,0.004975124378109453,0.4786729857819905,0.42938388625592416,0.014646006768116062,0.4027251184834123,0.4597156398104265,0.04928909952606636,0.004975124378109453,0.0,0.3341463414634147,0.009421668988025877,0.3169969512195122,0.35365853658536583,0.23219412055809116,0.0060534393868503615,0.22037397560681873,0.24466387212097998,0.4623913043478261,0.04012680750482525,0.391304347826087,0.5217391304347826,12.539040244752314,0.0,12.539040244752314,12.539040244752314,0.8924390243902439,0.007695740379463332,0.8780487804878049,0.9085365853658537
patch_reassignment_patchnas_v1,lisa_signs/resnet50,lisa_signs,resnet50,101,original,34,13,3,1,1.0,34,0.0,0.5588235294117647,0.0,nan,0.5588235294117647,0.5588235294117647,0.0,0.5588235294117647,0.5588235294117647,0.0,nan,0.0,0.5588235294117647,0.0,0.5588235294117647,0.5588235294117647,0.4538461538461539,0.0,0.4538461538461539,0.4538461538461539,0.6666666666666666,0.0,0.6666666666666666,0.6666666666666666,10.792944803395692,0.0,10.792944803395692,10.792944803395692,0.9117647058823529,0.0,0.9117647058823529,0.9117647058823529
patch_reassignment_patchnas_v1,lisa_signs/resnet50,lisa_signs,resnet50,101,global_effect_shuffle,34,13,3,200,1.0,34,0.9705882352941176,0.5588235294117647,0.21852941176470586,0.004975124378109453,0.5588235294117647,0.34029411764705886,0.05959131285241204,0.23529411764705882,0.4419117647058825,0.21852941176470586,0.004975124378109453,0.0,0.34029411764705886,0.05959131285241204,0.23529411764705882,0.4419117647058825,0.28852136752136753,0.0810222379284624,0.12797008547008545,0.4531196581196581,0.335,0.13122288079616468,0.0,0.6666666666666666,5.447471665691255,1.1692361560666544,3.325599461366587,8.024969283042147,0.7819117647058823,0.05337060314702106,0.6470588235294118,0.8823529411764706
patch_reassignment_patchnas_v1,lisa_signs/resnet50,lisa_signs,resnet50,101,global_direction_shuffle,34,13,3,200,1.0,34,0.973529411764706,0.5588235294117647,0.1988235294117648,0.004975124378109453,0.5588235294117647,0.35999999999999993,0.0586202369487773,0.2639705882352941,0.47058823529411764,0.1988235294117648,0.004975124378109453,0.0,0.35999999999999993,0.0586202369487773,0.2639705882352941,0.47058823529411764,0.30962820512820516,0.07562342146297836,0.16905982905982908,0.4600000000000001,0.3566666666666667,0.12251983966326072,0.0,0.6666666666666666,5.85417519351015,1.1872363768522831,3.4576826017231097,8.24456223937057,0.7989705882352939,0.055006880664288015,0.6764705882352942,0.9117647058823529
patch_reassignment_patchnas_v1,lisa_signs/resnet50,lisa_signs,resnet50,101,global_magnitude_shuffle,34,13,3,200,1.0,34,0.9726470588235294,0.5588235294117647,0.01794117647058835,0.46766169154228854,0.5588235294117647,0.5408823529411764,0.027400338441574093,0.5,0.5882352941176471,0.01794117647058835,0.46766169154228854,0.0,0.5408823529411764,0.027400338441574093,0.5,0.5882352941176471,0.3962521367521368,0.04316515836957676,0.3128205128205128,0.46666666666666673,0.6666666666666665,1.1102230246251565e-16,0.6666666666666666,0.6666666666666666,10.319810870473553,0.5380209805779766,9.137150485030691,11.40668195892205,0.9180882352941176,0.018101382118558686,0.8823529411764706,0.9411764705882353
patch_reassignment_patchnas_v1,lisa_signs/resnet50,lisa_signs,resnet50,101,within_true_class_shuffle,34,13,3,200,0.8235294117647058,28,0.6257352941176471,0.5588235294117647,0.012500000000000067,0.5373134328358209,0.5714285714285714,0.5562499999999999,0.03262290340436625,0.5,0.6071428571428571,0.015178571428571486,0.5373134328358209,0.0,0.5463235294117647,0.02686592045065458,0.5,0.5882352941176471,0.44737179487179496,0.012442999558037265,0.4256410256410256,0.46666666666666673,0.5833333333333335,0.14433756729740646,0.3333333333333333,0.6666666666666666,10.005183486741254,0.43911134007550034,9.290897198109066,10.86113830468453,0.9164705882352941,0.023973745732135104,0.8823529411764706,0.9705882352941176
patch_reassignment_patchnas_v1,lisa_signs/resnet50,lisa_signs,resnet50,101,within_failure_type_shuffle,34,13,3,200,0.5882352941176471,20,0.4194117647058823,0.5588235294117647,0.010294117647058898,0.6517412935323383,0.65,0.6325,0.023848480035423666,0.6,0.65,0.01750000000000007,0.6517412935323383,0.0,0.5485294117647058,0.014028517667896263,0.5294117647058824,0.5588235294117647,0.44846153846153863,0.007337993857053454,0.43846153846153846,0.4538461538461539,0.6666666666666665,1.1102230246251565e-16,0.6666666666666666,0.6666666666666666,10.792944803395693,1.7763568394002505e-15,10.792944803395692,10.792944803395692,0.911764705882353,1.1102230246251565e-16,0.9117647058823529,0.9117647058823529
patch_reassignment_patchnas_v1,lisa_signs/resnet50,lisa_signs,resnet50,202,original,34,11,2,1,1.0,34,0.0,0.4411764705882353,0.0,nan,0.4411764705882353,0.4411764705882353,0.0,0.4411764705882353,0.4411764705882353,0.0,nan,0.0,0.4411764705882353,0.0,0.4411764705882353,0.4411764705882353,0.3737373737373737,0.0,0.3737373737373737,0.3737373737373737,0.5,0.0,0.5,0.5,10.68927597079207,0.0,10.68927597079207,10.68927597079207,0.9705882352941176,0.0,0.9705882352941176,0.9705882352941176
patch_reassignment_patchnas_v1,lisa_signs/resnet50,lisa_signs,resnet50,202,global_effect_shuffle,34,11,2,200,1.0,34,0.9719117647058824,0.4411764705882353,0.14397058823529407,0.03980099502487562,0.4411764705882353,0.2972058823529412,0.06303988274583795,0.17647058823529413,0.4411764705882353,0.14397058823529407,0.03980099502487562,0.0,0.2972058823529412,0.06303988274583795,0.17647058823529413,0.4411764705882353,0.20547979797979798,0.06941355537606625,0.081998556998557,0.3478805916305916,0.465,0.3102821296820041,0.0,1.0,4.312584987312542,1.124983482753183,1.8644539791981087,6.580957398087006,0.748235294117647,0.06461490931039297,0.6176470588235294,0.8823529411764706
patch_reassignment_patchnas_v1,lisa_signs/resnet50,lisa_signs,resnet50,202,global_direction_shuffle,34,11,2,200,1.0,34,0.9711764705882353,0.4411764705882353,0.1352941176470588,0.024875621890547265,0.4411764705882353,0.3058823529411765,0.06550311015094144,0.17647058823529413,0.4117647058823529,0.1352941176470588,0.024875621890547265,0.0,0.3058823529411765,0.06550311015094144,0.17647058823529413,0.4117647058823529,0.21180735930735928,0.07917306982936226,0.08217893217893217,0.35323773448773454,0.4925,0.3141556143060315,0.0,1.0,4.155814818271777,1.3310303122622018,1.5199246825072692,6.492805207163893,0.7380882352941177,0.06173651317351447,0.6169117647058824,0.8529411764705882
patch_reassignment_patchnas_v1,lisa_signs/resnet50,lisa_signs,resnet50,202,global_magnitude_shuffle,34,11,2,200,1.0,34,0.9669117647058825,0.4411764705882353,-0.013382352941176623,1.0,0.4411764705882353,0.4545588235294119,0.0146462024318504,0.4411764705882353,0.47058823529411764,-0.013382352941176623,1.0,0.0,0.4545588235294119,0.0146462024318504,0.4411764705882353,0.47058823529411764,0.3783333333333334,0.005030008915989058,0.3737373737373737,0.38383838383838387,0.7275,0.24898544134145678,0.5,1.0,10.767130523674577,0.34149006709335206,10.174982852539708,11.447683799317705,0.9541176470588235,0.014599616054106894,0.9411764705882353,0.9705882352941176
patch_reassignment_patchnas_v1,lisa_signs/resnet50,lisa_signs,resnet50,202,within_true_class_shuffle,34,11,2,200,0.8823529411764706,30,0.676029411764706,0.4411764705882353,0.021323529411764686,0.3880597014925373,0.43333333333333335,0.40916666666666673,0.024930458836085995,0.36666666666666664,0.4666666666666667,0.024166666666666614,0.3880597014925373,0.0,0.4198529411764706,0.021997463678899404,0.38235294117647056,0.47058823529411764,0.3588383838383838,0.015548256847335507,0.33333333333333326,0.38383838383838387,0.53,0.11874342087037919,0.5,1.0,8.812872917743345,0.5442120988385238,7.700002372727441,9.87461259056684,0.913529411764706,0.03549452903893081,0.8529411764705882,0.9705882352941176
patch_reassignment_patchnas_v1,lisa_signs/resnet50,lisa_signs,resnet50,202,within_failure_type_shuffle,34,11,2,200,0.7647058823529411,26,0.5233823529411764,0.4411764705882353,0.00588235294117645,0.8009950248756219,0.46153846153846156,0.45384615384615395,0.015384615384615394,0.4230769230769231,0.46153846153846156,0.0076923076923076095,0.8009950248756219,0.0,0.43529411764705883,0.011764705882352944,0.4117647058823529,0.4411764705882353,0.37171717171717167,0.004040404040404021,0.36363636363636365,0.3737373737373737,0.5,0.0,0.5,0.5,10.68927597079207,0.0,10.68927597079207,10.68927597079207,0.9644117647058823,0.011979654032009592,0.9411764705882353,0.9705882352941176
patch_reassignment_patchnas_v1,lisa_signs/resnet50,lisa_signs,resnet50,303,original,34,17,1,1,1.0,34,0.0,0.47058823529411764,0.0,nan,0.47058823529411764,0.47058823529411764,0.0,0.47058823529411764,0.47058823529411764,0.0,nan,0.0,0.47058823529411764,0.0,0.47058823529411764,0.47058823529411764,0.35294117647058826,0.0,0.35294117647058826,0.35294117647058826,1.0,0.0,1.0,1.0,11.598227907191305,0.0,11.598227907191305,11.598227907191305,0.9705882352941176,0.0,0.9705882352941176,0.9705882352941176
patch_reassignment_patchnas_v1,lisa_signs/resnet50,lisa_signs,resnet50,303,global_effect_shuffle,34,17,1,200,1.0,34,0.9726470588235294,0.47058823529411764,0.2110294117647059,0.004975124378109453,0.47058823529411764,0.25955882352941173,0.05426749554442659,0.14705882352941177,0.3536764705882355,0.2110294117647059,0.004975124378109453,0.0,0.25955882352941173,0.05426749554442659,0.14705882352941177,0.3536764705882355,0.20758753501400556,0.06174364535706605,0.09380252100840336,0.3354866946778712,0.49,0.4998999899979995,0.0,1.0,4.780254465313081,1.0188823949996813,2.807663666665116,6.589004010498962,0.7110294117647058,0.06009202141767475,0.5882352941176471,0.8235294117647058
patch_reassignment_patchnas_v1,lisa_signs/resnet50,lisa_signs,resnet50,303,global_direction_shuffle,34,17,1,200,1.0,34,0.9695588235294119,0.47058823529411764,0.2051470588235294,0.004975124378109453,0.47058823529411764,0.26544117647058824,0.0607363623321529,0.14705882352941177,0.4117647058823529,0.2051470588235294,0.004975124378109453,0.0,0.26544117647058824,0.0607363623321529,0.14705882352941177,0.4117647058823529,0.20845938375350137,0.05886164731358281,0.09240196078431373,0.3348039215686274,0.625,0.4841229182759271,0.0,1.0,5.094431051366036,1.0747061291164595,3.0142227892973734,7.1532491723365,0.7305882352941176,0.0625606971704266,0.6169117647058824,0.8529411764705882
patch_reassignment_patchnas_v1,lisa_signs/resnet50,lisa_signs,resnet50,303,global_magnitude_shuffle,34,17,1,200,1.0,34,0.9714705882352942,0.47058823529411764,0.008088235294117563,0.681592039800995,0.47058823529411764,0.4625000000000001,0.022770386128238278,0.4117647058823529,0.5,0.008088235294117563,0.681592039800995,0.0,0.4625000000000001,0.022770386128238278,0.4117647058823529,0.5,0.3466631652661064,0.02112263266858996,0.28571428571428575,0.37254901960784315,1.0,0.0,1.0,1.0,11.40800152395827,0.44544678661566395,10.643026185543112,12.290854738022887,0.9425,0.029308273806125294,0.8823529411764706,1.0
patch_reassignment_patchnas_v1,lisa_signs/resnet50,lisa_signs,resnet50,303,within_true_class_shuffle,34,17,1,200,0.7352941176470589,25,0.4942647058823529,0.47058823529411764,0.04529411764705882,0.0945273631840796,0.52,0.45840000000000003,0.026180909075125713,0.44,0.52,0.06159999999999999,0.0945273631840796,0.0,0.4252941176470588,0.019250668437592443,0.4117647058823529,0.47058823529411764,0.33029411764705885,0.009625334218796222,0.3235294117647059,0.35294117647058826,1.0,0.0,1.0,1.0,10.612999016476028,0.36991900368995606,9.923485045485636,11.516246399020448,0.9477941176470588,0.012281833153301521,0.9411764705882353,0.9705882352941176
patch_reassignment_patchnas_v1,lisa_signs/resnet50,lisa_signs,resnet50,303,within_failure_type_shuffle,34,17,1,200,0.5294117647058824,18,0.3586764705882352,0.47058823529411764,-5.551115123125783e-17,1.0,0.6111111111111112,0.611111111111111,1.1102230246251565e-16,0.6111111111111112,0.6111111111111112,1.1102230246251565e-16,1.0,0.0,0.4705882352941177,5.551115123125783e-17,0.47058823529411764,0.47058823529411764,0.35294117647058826,0.0,0.35294117647058826,0.35294117647058826,1.0,0.0,1.0,1.0,11.598227907191303,1.7763568394002505e-15,11.598227907191305,11.598227907191305,0.9705882352941176,0.0,0.9705882352941176,0.9705882352941176
patch_reassignment_patchnas_v1,lisa_signs/convnext_tiny,lisa_signs,convnext_tiny,101,original,14,6,1,1,1.0,14,0.0,0.5,0.0,nan,0.5,0.5,0.0,0.5,0.5,0.0,nan,0.0,0.5,0.0,0.5,0.5,0.30952380952380953,0.0,0.30952380952380953,0.30952380952380953,1.0,0.0,1.0,1.0,10.03422310096877,0.0,10.03422310096877,10.03422310096877,1.0,0.0,1.0,1.0
patch_reassignment_patchnas_v1,lisa_signs/convnext_tiny,lisa_signs,convnext_tiny,101,global_effect_shuffle,14,6,1,200,1.0,14,0.9167857142857144,0.5,0.2192857142857143,0.01990049751243781,0.5,0.2807142857142857,0.09077613189847307,0.1410714285714286,0.42857142857142855,0.2192857142857143,0.01990049751243781,0.0,0.2807142857142857,0.09077613189847307,0.1410714285714286,0.42857142857142855,0.20357142857142857,0.11851667314795399,0.04702380952380954,0.42857142857142855,0.385,0.4865953144040744,0.0,1.0,3.840952793304542,1.0413977464372262,1.909516107676817,5.5970312709787065,0.6425,0.09622929143775426,0.42857142857142855,0.7875000000000004
patch_reassignment_patchnas_v1,lisa_signs/convnext_tiny,lisa_signs,convnext_tiny,101,global_direction_shuffle,14,6,1,200,1.0,14,0.9371428571428573,0.5,0.19464285714285717,0.04975124378109453,0.5,0.3053571428571428,0.09173428242172373,0.14285714285714285,0.5,0.19464285714285717,0.04975124378109453,0.0,0.3053571428571428,0.09173428242172373,0.14285714285714285,0.5,0.23035714285714284,0.1150258154007907,0.047619047619047616,0.4523809523809524,0.47,0.49909918853871116,0.0,1.0,3.732778394078659,1.0663760397214108,1.9799675927832188,6.0446874591804685,0.6696428571428572,0.09242688781862524,0.5,0.8571428571428571
patch_reassignment_patchnas_v1,lisa_signs/convnext_tiny,lisa_signs,convnext_tiny,101,global_magnitude_shuffle,14,6,1,200,1.0,14,0.9328571428571429,0.5,-0.015357142857142847,1.0,0.5,0.5153571428571428,0.029344453288066372,0.5,0.5714285714285714,-0.015357142857142847,1.0,0.0,0.5153571428571428,0.029344453288066372,0.5,0.5714285714285714,0.3146428571428571,0.00978148442935545,0.30952380952380953,0.3333333333333333,1.0,0.0,1.0,1.0,9.635079144776968,0.41611414116619744,8.864513393554466,10.384221634956605,0.9907142857142859,0.02402167388685747,0.9285714285714286,1.0
patch_reassignment_patchnas_v1,lisa_signs/convnext_tiny,lisa_signs,convnext_tiny,101,within_true_class_shuffle,14,6,1,200,0.7857142857142857,11,0.5721428571428572,0.5,0.0753571428571429,0.208955223880597,0.5454545454545454,0.44954545454545447,0.0637644814211571,0.36363636363636365,0.5454545454545454,0.09590909090909094,0.208955223880597,0.0,0.4246428571428571,0.0501006639737663,0.35714285714285715,0.5,0.2844047619047619,0.01670022132458877,0.2619047619047619,0.30952380952380953,0.985,0.1215524578114322,1.0,1.0,7.32421432422208,0.7661312955657029,6.215262036052134,9.023816828482918,0.9185714285714286,0.05716071149640733,0.7857142857142857,1.0
patch_reassignment_patchnas_v1,lisa_signs/convnext_tiny,lisa_signs,convnext_tiny,101,within_failure_type_shuffle,14,6,1,200,0.2857142857142857,4,0.21928571428571428,0.5,0.0,1.0,1.0,1.0,0.0,1.0,1.0,0.0,1.0,0.0,0.5,0.0,0.5,0.5,0.3095238095238095,5.551115123125783e-17,0.30952380952380953,0.30952380952380953,1.0,0.0,1.0,1.0,10.034223100968772,1.7763568394002505e-15,10.03422310096877,10.03422310096877,1.0,0.0,1.0,1.0
patch_reassignment_patchnas_v1,lisa_signs/convnext_tiny,lisa_signs,convnext_tiny,202,original,14,8,1,1,1.0,14,0.0,0.5,0.0,nan,0.5,0.5,0.0,0.5,0.5,0.0,nan,0.0,0.5,0.0,0.5,0.5,0.35,0.0,0.35,0.35,1.0,0.0,1.0,1.0,7.630916748728071,0.0,7.630916748728071,7.630916748728071,0.9285714285714286,0.0,0.9285714285714286,0.9285714285714286
patch_reassignment_patchnas_v1,lisa_signs/convnext_tiny,lisa_signs,convnext_tiny,202,global_effect_shuffle,14,8,1,200,1.0,14,0.9300000000000002,0.5,0.2360714285714286,0.009950248756218905,0.5,0.2639285714285714,0.09263641347785878,0.07142857142857142,0.42857142857142855,0.2360714285714286,0.009950248756218905,0.0,0.2639285714285714,0.09263641347785878,0.07142857142857142,0.42857142857142855,0.16393749999999996,0.08579752236370233,0.025,0.3503125,0.445,0.49696579359147036,0.0,1.0,1.9077302794071977,0.9269049435899482,0.21130720931105323,3.8309732858690304,0.5485714285714286,0.11106166700329606,0.35714285714285715,0.7857142857142857
patch_reassignment_patchnas_v1,lisa_signs/convnext_tiny,lisa_signs,convnext_tiny,202,global_direction_shuffle,14,8,1,200,1.0,14,0.9242857142857145,0.5,0.2525,0.014925373134328358,0.5,0.2475,0.08974950969111709,0.07142857142857142,0.42857142857142855,0.2525,0.014925373134328358,0.0,0.2475,0.08974950969111709,0.07142857142857142,0.42857142857142855,0.1511875,0.08366224413527287,0.025,0.33781250000000007,0.395,0.4888506929523574,0.0,1.0,1.8171818449654773,0.8883173603448785,0.2957217129453138,3.6321318337138653,0.545,0.11568562255226932,0.35714285714285715,0.7857142857142857
patch_reassignment_patchnas_v1,lisa_signs/convnext_tiny,lisa_signs,convnext_tiny,202,global_magnitude_shuffle,14,8,1,200,1.0,14,0.9303571428571429,0.5,0.056071428571428605,0.21890547263681592,0.5,0.4439285714285714,0.0293444532880664,0.42857142857142855,0.5,0.056071428571428605,0.21890547263681592,0.0,0.4439285714285714,0.0293444532880664,0.42857142857142855,0.5,0.3303750000000001,0.010270558650823223,0.325,0.35,1.0,0.0,1.0,1.0,7.546052724976736,0.21287159355334426,7.1336543173181335,7.933601827141688,0.9342857142857145,0.01937808566607219,0.9285714285714286,1.0
patch_reassignment_patchnas_v1,lisa_signs/convnext_tiny,lisa_signs,convnext_tiny,202,within_true_class_shuffle,14,8,1,200,0.6428571428571429,9,0.4221428571428571,0.5,0.03928571428571426,0.48258706467661694,0.6666666666666666,0.6055555555555556,0.06161409170227451,0.4444444444444444,0.6666666666666666,0.061111111111111005,0.48258706467661694,0.0,0.46071428571428574,0.03960905895146222,0.35714285714285715,0.5,0.33625000000000005,0.013863170633011755,0.3,0.35,0.97,0.1705872210923198,0.0,1.0,5.58926575422553,0.753354686125358,4.336054733821324,7.630916748728071,0.8892857142857143,0.03960905895146224,0.7857142857142857,0.9285714285714286
patch_reassignment_patchnas_v1,lisa_signs/convnext_tiny,lisa_signs,convnext_tiny,202,within_failure_type_shuffle,14,8,1,200,0.35714285714285715,5,0.21464285714285716,0.5,0.0,1.0,1.0,1.0,0.0,1.0,1.0,0.0,1.0,0.0,0.5,0.0,0.5,0.5,0.35,0.0,0.35,0.35,1.0,0.0,1.0,1.0,7.630916748728071,0.0,7.630916748728071,7.630916748728071,0.9285714285714286,0.0,0.9285714285714286,0.9285714285714286
patch_reassignment_patchnas_v1,lisa_signs/convnext_tiny,lisa_signs,convnext_tiny,303,original,14,9,0,1,1.0,14,0.0,0.5,0.0,nan,0.5,0.5,0.0,0.5,0.5,0.0,nan,0.0,0.5,0.0,0.5,0.5,0.3333333333333333,0.0,0.3333333333333333,0.3333333333333333,nan,nan,nan,nan,7.152402460575104,0.0,7.152402460575104,7.152402460575104,0.9285714285714286,0.0,0.9285714285714286,0.9285714285714286
patch_reassignment_patchnas_v1,lisa_signs/convnext_tiny,lisa_signs,convnext_tiny,303,global_effect_shuffle,14,9,0,200,1.0,14,0.9296428571428572,0.5,0.2042857142857143,0.03980099502487562,0.5,0.2957142857142857,0.09690095932635212,0.14285714285714285,0.5,0.2042857142857143,0.03980099502487562,0.0,0.2957142857142857,0.09690095932635212,0.14285714285714285,0.5,0.20680555555555558,0.08694477724465949,0.05555555555555555,0.3888888888888889,nan,nan,nan,nan,1.7766235481950985,0.9397654247901036,0.12519325760326216,3.7083863431488036,0.5307142857142857,0.1058276419274207,0.35714285714285715,0.7857142857142857
patch_reassignment_patchnas_v1,lisa_signs/convnext_tiny,lisa_signs,convnext_tiny,303,global_direction_shuffle,14,9,0,200,1.0,14,0.9314285714285714,0.5,0.18785714285714283,0.05970149253731343,0.5,0.31214285714285717,0.09376207405242401,0.14285714285714285,0.5,0.18785714285714283,0.05970149253731343,0.0,0.31214285714285717,0.09376207405242401,0.14285714285714285,0.5,0.23361111111111113,0.08549014454786479,0.08333333333333333,0.4173611111111113,nan,nan,nan,nan,1.6549386888754345,0.936451518440178,-0.19170641951931028,3.5728679766490203,0.5217857142857143,0.11162014210011104,0.2857142857142857,0.7142857142857143
patch_reassignment_patchnas_v1,lisa_signs/convnext_tiny,lisa_signs,convnext_tiny,303,global_magnitude_shuffle,14,9,0,200,1.0,14,0.9232142857142859,0.5,0.0,1.0,0.5,0.5,0.0,0.5,0.5,0.0,1.0,0.0,0.5,0.0,0.5,0.5,0.33333333333333326,5.551115123125783e-17,0.3333333333333333,0.3333333333333333,nan,nan,nan,nan,6.9538221337211406,0.3335282543315627,6.331146586145166,7.630052073717466,0.9525000000000001,0.04963000861476896,0.8571428571428571,1.0
patch_reassignment_patchnas_v1,lisa_signs/convnext_tiny,lisa_signs,convnext_tiny,303,within_true_class_shuffle,14,9,0,200,0.5714285714285714,8,0.35107142857142853,0.5,0.03892857142857148,0.5572139303482587,0.75,0.681875,0.08366366818996164,0.5,0.75,0.06812499999999999,0.5572139303482587,0.0,0.4610714285714285,0.0478078103942638,0.35714285714285715,0.5,0.31819444444444445,0.018591926264435905,0.2777777777777778,0.3333333333333333,nan,nan,nan,nan,5.979285626815898,0.4788765201804001,5.115294076502323,7.152402460575104,0.9092857142857145,0.031711389829175915,0.8571428571428571,0.9285714285714286
patch_reassignment_patchnas_v1,lisa_signs/convnext_tiny,lisa_signs,convnext_tiny,303,within_failure_type_shuffle,14,9,0,200,0.2857142857142857,4,0.14499999999999996,0.5,0.0,1.0,1.0,1.0,0.0,1.0,1.0,0.0,1.0,0.0,0.5,0.0,0.5,0.5,0.33333333333333326,5.551115123125783e-17,0.3333333333333333,0.3333333333333333,nan,nan,nan,nan,7.152402460575104,0.0,7.152402460575104,7.152402460575104,0.9285714285714286,0.0,0.9285714285714286,0.9285714285714286
patch_reassignment_patchnas_v1,lisa_signs/densenet121,lisa_signs,densenet121,101,original,17,10,0,1,1.0,17,0.0,0.17647058823529413,0.0,nan,0.17647058823529413,0.17647058823529413,0.0,0.17647058823529413,0.17647058823529413,0.0,nan,0.0,0.17647058823529413,0.0,0.17647058823529413,0.17647058823529413,0.16666666666666666,0.0,0.16666666666666666,0.16666666666666666,nan,nan,nan,nan,6.203098972492358,0.0,6.203098972492358,6.203098972492358,1.0,0.0,1.0,1.0
patch_reassignment_patchnas_v1,lisa_signs/densenet121,lisa_signs,densenet121,101,global_effect_shuffle,17,10,0,200,1.0,17,0.9444117647058825,0.17647058823529413,0.050588235294117656,0.3582089552238806,0.17647058823529413,0.12588235294117647,0.07253205949081579,0.0,0.29411764705882354,0.050588235294117656,0.3582089552238806,0.0,0.12588235294117647,0.07253205949081579,0.0,0.29411764705882354,0.106,0.07474103439357942,0.0,0.26666666666666666,nan,nan,nan,nan,0.4149155502339058,1.3442424948621707,-2.202422011427253,3.06077740341425,0.7038235294117647,0.09418701487798779,0.5294117647058824,0.8823529411764706
patch_reassignment_patchnas_v1,lisa_signs/densenet121,lisa_signs,densenet121,101,global_direction_shuffle,17,10,0,200,1.0,17,0.9429411764705883,0.17647058823529413,0.0673529411764706,0.27860696517412936,0.17647058823529413,0.10911764705882353,0.07092993277398336,0.0,0.23676470588235327,0.0673529411764706,0.27860696517412936,0.0,0.10911764705882353,0.07092993277398336,0.0,0.23676470588235327,0.09416666666666666,0.0693972061557396,0.0,0.23333333333333334,nan,nan,nan,nan,0.5195542893656815,1.5331209977234594,-1.8201577570165317,3.978629645083197,0.7329411764705881,0.10552882156041916,0.5294117647058824,0.9411764705882353
patch_reassignment_patchnas_v1,lisa_signs/densenet121,lisa_signs,densenet121,101,global_magnitude_shuffle,17,10,0,200,1.0,17,0.9482352941176471,0.17647058823529413,0.0,1.0,0.17647058823529413,0.17647058823529413,0.0,0.17647058823529413,0.17647058823529413,0.0,1.0,0.0,0.17647058823529413,0.0,0.17647058823529413,0.17647058823529413,0.16666666666666663,2.7755575615628914e-17,0.16666666666666666,0.16666666666666666,nan,nan,nan,nan,6.276353554068136,0.26442233491691225,5.800329546820618,6.763462732020094,1.0,0.0,1.0,1.0
patch_reassignment_patchnas_v1,lisa_signs/densenet121,lisa_signs,densenet121,101,within_true_class_shuffle,17,10,0,200,0.6470588235294118,11,0.4108823529411765,0.17647058823529413,0.0,1.0,0.18181818181818182,0.18181818181818182,0.0,0.18181818181818182,0.18181818181818182,0.0,1.0,0.0,0.17647058823529413,0.0,0.17647058823529413,0.17647058823529413,0.16666666666666663,2.7755575615628914e-17,0.16666666666666666,0.16666666666666666,nan,nan,nan,nan,3.6354747064307555,0.8911919311170172,1.9412215931532795,5.310662069640069,0.8502941176470589,0.05287495858792459,0.7647058823529411,0.9411764705882353
patch_reassignment_patchnas_v1,lisa_signs/densenet121,lisa_signs,densenet121,101,within_failure_type_shuffle,17,10,0,200,0.11764705882352941,2,0.057058823529411766,0.17647058823529413,0.0,1.0,0.0,0.0,0.0,0.0,0.0,0.0,1.0,0.0,0.17647058823529413,0.0,0.17647058823529413,0.17647058823529413,0.16666666666666663,2.7755575615628914e-17,0.16666666666666666,0.16666666666666666,nan,nan,nan,nan,6.2030989724923575,8.881784197001252e-16,6.203098972492358,6.203098972492358,1.0,0.0,1.0,1.0
patch_reassignment_patchnas_v1,lisa_signs/densenet121,lisa_signs,densenet121,202,original,17,11,0,1,1.0,17,0.0,0.29411764705882354,0.0,nan,0.29411764705882354,0.29411764705882354,0.0,0.29411764705882354,0.29411764705882354,0.0,nan,0.0,0.29411764705882354,0.0,0.29411764705882354,0.29411764705882354,0.25757575757575757,0.0,0.25757575757575757,0.25757575757575757,nan,nan,nan,nan,6.403988293865147,0.0,6.403988293865147,6.403988293865147,1.0,0.0,1.0,1.0
patch_reassignment_patchnas_v1,lisa_signs/densenet121,lisa_signs,densenet121,202,global_effect_shuffle,17,11,0,200,1.0,17,0.9432352941176473,0.29411764705882354,0.1311764705882353,0.10945273631840796,0.29411764705882354,0.16294117647058823,0.08144669430885965,0.0,0.35294117647058826,0.1311764705882353,0.10945273631840796,0.0,0.16294117647058823,0.08144669430885965,0.0,0.35294117647058826,0.14545454545454542,0.07502677820084816,0.0,0.303030303030303,nan,nan,nan,nan,0.818455299185315,0.9941563998600234,-0.9609500249697114,3.2635400434627257,0.6997058823529412,0.08222626812369736,0.5294117647058824,0.8823529411764706
patch_reassignment_patchnas_v1,lisa_signs/densenet121,lisa_signs,densenet121,202,global_direction_shuffle,17,11,0,200,1.0,17,0.9347058823529412,0.29411764705882354,0.14558823529411763,0.05472636815920398,0.29411764705882354,0.1485294117647059,0.0743919992349514,0.0,0.29411764705882354,0.14558823529411763,0.05472636815920398,0.0,0.1485294117647059,0.0743919992349514,0.0,0.29411764705882354,0.12499999999999999,0.07010339340401785,0.0,0.28787878787878785,nan,nan,nan,nan,1.0007784259973909,1.111920807269013,-1.054517218560539,2.926385295424544,0.6914705882352942,0.0881367096321112,0.5294117647058824,0.8823529411764706
patch_reassignment_patchnas_v1,lisa_signs/densenet121,lisa_signs,densenet121,202,global_magnitude_shuffle,17,11,0,200,1.0,17,0.9320588235294117,0.29411764705882354,5.551115123125783e-17,1.0,0.29411764705882354,0.2941176470588235,5.551115123125783e-17,0.29411764705882354,0.29411764705882354,5.551115123125783e-17,1.0,0.0,0.2941176470588235,5.551115123125783e-17,0.29411764705882354,0.29411764705882354,0.2575757575757576,5.551115123125783e-17,0.25757575757575757,0.25757575757575757,nan,nan,nan,nan,6.784824666225322,0.2908958011388672,6.213074089792344,7.398885616118206,0.9885294117647058,0.02330592392430298,0.9411764705882353,1.0
patch_reassignment_patchnas_v1,lisa_signs/densenet121,lisa_signs,densenet121,202,within_true_class_shuffle,17,11,0,200,0.6470588235294118,11,0.35088235294117653,0.29411764705882354,0.031176470588235305,0.472636815920398,0.36363636363636365,0.31545454545454543,0.04537265350351921,0.2727272727272727,0.36363636363636365,0.048181818181818215,0.472636815920398,0.0,0.26294117647058823,0.029358775796394784,0.23529411764705882,0.29411764705882354,0.23348484848484843,0.02268632675175961,0.2121212121212121,0.25757575757575757,nan,nan,nan,nan,5.2653231729391745,0.5682172155853504,4.336766081171877,6.403988293865147,0.9397058823529412,0.04135988561889775,0.8823529411764706,1.0
patch_reassignment_patchnas_v1,lisa_signs/densenet121,lisa_signs,densenet121,202,within_failure_type_shuffle,17,11,0,200,0.23529411764705882,4,0.13294117647058826,0.29411764705882354,5.551115123125783e-17,1.0,0.0,0.0,0.0,0.0,0.0,0.0,1.0,0.0,0.2941176470588235,5.551115123125783e-17,0.29411764705882354,0.29411764705882354,0.2575757575757576,5.551115123125783e-17,0.25757575757575757,0.25757575757575757,nan,nan,nan,nan,6.403988293865147,0.0,6.403988293865147,6.403988293865147,1.0,0.0,1.0,1.0
patch_reassignment_patchnas_v1,lisa_signs/densenet121,lisa_signs,densenet121,303,original,17,12,0,1,1.0,17,0.0,0.35294117647058826,0.0,nan,0.35294117647058826,0.35294117647058826,0.0,0.35294117647058826,0.35294117647058826,0.0,nan,0.0,0.35294117647058826,0.0,0.35294117647058826,0.35294117647058826,0.3333333333333333,0.0,0.3333333333333333,0.3333333333333333,nan,nan,nan,nan,4.739677918746191,0.0,4.739677918746191,4.739677918746191,0.8823529411764706,0.0,0.8823529411764706,0.8823529411764706
patch_reassignment_patchnas_v1,lisa_signs/densenet121,lisa_signs,densenet121,303,global_effect_shuffle,17,12,0,200,1.0,17,0.9338235294117646,0.35294117647058826,0.1847058823529412,0.03482587064676617,0.35294117647058826,0.16823529411764707,0.0793659998848138,0.058823529411764705,0.35294117647058826,0.1847058823529412,0.03482587064676617,0.0,0.16823529411764707,0.0793659998848138,0.058823529411764705,0.35294117647058826,0.15833333333333333,0.08779711460710615,0.027777777777777776,0.3333333333333333,nan,nan,nan,nan,1.0658393693498938,1.2118195148449722,-1.219979093623731,3.354297538276982,0.6779411764705883,0.09016277091746663,0.5279411764705882,0.8235294117647058
patch_reassignment_patchnas_v1,lisa_signs/densenet121,lisa_signs,densenet121,303,global_direction_shuffle,17,12,0,200,1.0,17,0.935,0.35294117647058826,0.17176470588235296,0.05970149253731343,0.35294117647058826,0.1811764705882353,0.08612375420325269,0.058823529411764705,0.35294117647058826,0.17176470588235296,0.05970149253731343,0.0,0.1811764705882353,0.08612375420325269,0.058823529411764705,0.35294117647058826,0.16861111111111107,0.09495409872247501,0.027777777777777776,0.36180555555555577,nan,nan,nan,nan,1.1998088587624132,1.2316829449725768,-1.4241903402561682,3.4452951879091533,0.6829411764705883,0.09070847634957219,0.5294117647058824,0.8235294117647058
patch_reassignment_patchnas_v1,lisa_signs/densenet121,lisa_signs,densenet121,303,global_magnitude_shuffle,17,12,0,200,1.0,17,0.9370588235294118,0.35294117647058826,0.07352941176470595,0.07462686567164178,0.35294117647058826,0.2794117647058823,0.034675959183975286,0.23529411764705882,0.35294117647058826,0.07352941176470595,0.07462686567164178,0.0,0.2794117647058823,0.034675959183975286,0.23529411764705882,0.35294117647058826,0.29861111111111105,0.016374758503543887,0.27777777777777773,0.3333333333333333,nan,nan,nan,nan,4.925086609443771,0.34601110662301404,4.195699937258659,5.584951390505498,0.8461764705882353,0.03463976753400186,0.7647058823529411,0.8823529411764706
patch_reassignment_patchnas_v1,lisa_signs/densenet121,lisa_signs,densenet121,303,within_true_class_shuffle,17,12,0,200,0.47058823529411764,8,0.2929411764705882,0.35294117647058826,0.09352941176470592,0.06965174129353234,0.375,0.17625,0.09286246550679128,0.0,0.375,0.19875,0.06965174129353234,0.0,0.25941176470588234,0.04369998376790178,0.17647058823529413,0.35294117647058826,0.2891666666666666,0.020636103445953617,0.25,0.3333333333333333,nan,nan,nan,nan,3.088349696837147,0.7197182084711954,1.9192465530598866,4.739677918746191,0.771470588235294,0.049277654136858334,0.7058823529411765,0.8823529411764706
patch_reassignment_patchnas_v1,lisa_signs/densenet121,lisa_signs,densenet121,303,within_failure_type_shuffle,17,12,0,200,0.11764705882352941,2,0.05941176470588236,0.35294117647058826,0.029705882352941304,0.4975124378109453,1.0,0.7475,0.24998749968748435,0.5,1.0,0.25249999999999995,0.4975124378109453,0.0,0.32323529411764695,0.02941029408088052,0.29411764705882354,0.35294117647058826,0.3193055555555555,0.01388819442708247,0.3055555555555555,0.3333333333333333,nan,nan,nan,nan,4.739677918746189,1.7763568394002505e-15,4.739677918746191,4.739677918746191,0.8823529411764709,3.3306690738754696e-16,0.8823529411764706,0.8823529411764706
patch_reassignment_patchnas_v1,lisa_signs/vgg16,lisa_signs,vgg16,101,original,36,21,1,1,1.0,36,0.0,0.2777777777777778,0.0,nan,0.2777777777777778,0.2777777777777778,0.0,0.2777777777777778,0.2777777777777778,0.0,nan,0.0,0.2777777777777778,0.0,0.2777777777777778,0.2777777777777778,0.21825396825396823,0.0,0.21825396825396823,0.21825396825396823,1.0,0.0,1.0,1.0,46.95820559685429,0.0,46.95820559685429,46.95820559685429,1.0,0.0,1.0,1.0
patch_reassignment_patchnas_v1,lisa_signs/vgg16,lisa_signs,vgg16,101,global_effect_shuffle,36,21,1,200,1.0,36,0.9718055555555555,0.2777777777777778,0.08402777777777778,0.12935323383084577,0.2777777777777778,0.19375,0.05742933795565374,0.08333333333333333,0.3055555555555556,0.08402777777777778,0.12935323383084577,0.0,0.19375,0.05742933795565374,0.08333333333333333,0.3055555555555556,0.19734126984126985,0.06982854095765666,0.06339285714285714,0.3176587301587302,0.295,0.45604276115294284,0.0,1.0,43.13757396423982,37.106763872283615,-31.274475195377857,113.30897139148377,0.7784722222222221,0.05530760641322761,0.6666666666666666,0.8618055555555557
patch_reassignment_patchnas_v1,lisa_signs/vgg16,lisa_signs,vgg16,101,global_direction_shuffle,36,21,1,200,1.0,36,0.9741666666666666,0.2777777777777778,0.08666666666666664,0.0845771144278607,0.2777777777777778,0.19111111111111115,0.055316150835085016,0.08333333333333333,0.3055555555555556,0.08666666666666664,0.0845771144278607,0.0,0.19111111111111115,0.055316150835085016,0.08333333333333333,0.3055555555555556,0.16482142857142854,0.056491377628888416,0.04751984126984127,0.2857142857142857,0.28,0.44899888641287294,0.0,1.0,27.750509371114887,31.974948844968434,-23.060145808054383,92.03066419651708,0.7944444444444444,0.052337343559491045,0.6944444444444444,0.8895833333333334
patch_reassignment_patchnas_v1,lisa_signs/vgg16,lisa_signs,vgg16,101,global_magnitude_shuffle,36,21,1,200,1.0,36,0.9725,0.2777777777777778,0.01597222222222222,0.4577114427860697,0.2777777777777778,0.26180555555555557,0.03942463313121461,0.19444444444444445,0.3333333333333333,0.01597222222222222,0.4577114427860697,0.0,0.26180555555555557,0.03942463313121461,0.19444444444444445,0.3333333333333333,0.21043650793650792,0.04622276662748473,0.11894841269841269,0.3018849206349207,0.965,0.1837797594948911,0.0,1.0,85.95825571706051,35.03386839084883,21.165533608306834,158.64728429991598,0.9327777777777777,0.032437023504433345,0.8888888888888888,1.0
patch_reassignment_patchnas_v1,lisa_signs/vgg16,lisa_signs,vgg16,101,within_true_class_shuffle,36,21,1,200,0.5833333333333334,21,0.4165277777777778,0.2777777777777778,0.04013888888888889,0.15920398009950248,0.3333333333333333,0.26452380952380955,0.04087964193478892,0.19047619047619047,0.3333333333333333,0.06880952380952376,0.15920398009950248,0.0,0.2376388888888889,0.023846457795293544,0.19444444444444445,0.2777777777777778,0.2016269841269841,0.010274559770775833,0.18253968253968253,0.21825396825396823,1.0,0.0,1.0,1.0,35.46464434451527,9.285570833736008,21.8578343451644,49.36774098198447,0.9601388888888888,0.022665287948265254,0.9166666666666666,1.0
patch_reassignment_patchnas_v1,lisa_signs/vgg16,lisa_signs,vgg16,101,within_failure_type_shuffle,36,21,1,200,0.3333333333333333,12,0.18916666666666668,0.2777777777777778,0.027083333333333348,0.263681592039801,0.4166666666666667,0.3354166666666667,0.05859317129343848,0.25,0.4166666666666667,0.08124999999999999,0.263681592039801,0.0,0.25069444444444444,0.01953105709781283,0.2222222222222222,0.2777777777777778,0.20464285714285715,0.009868992570738918,0.19047619047619047,0.21825396825396823,1.0,0.0,1.0,1.0,46.9582055968543,7.105427357601002e-15,46.95820559685429,46.95820559685429,1.0,0.0,1.0,1.0
patch_reassignment_patchnas_v1,lisa_signs/vgg16,lisa_signs,vgg16,202,original,36,18,2,1,1.0,36,0.0,0.3333333333333333,0.0,nan,0.3333333333333333,0.3333333333333333,0.0,0.3333333333333333,0.3333333333333333,0.0,nan,0.0,0.3333333333333333,0.0,0.3333333333333333,0.3333333333333333,0.37037037037037035,0.0,0.37037037037037035,0.37037037037037035,0.5,0.0,0.5,0.5,76.44093101815734,0.0,76.44093101815734,76.44093101815734,1.0,0.0,1.0,1.0
patch_reassignment_patchnas_v1,lisa_signs/vgg16,lisa_signs,vgg16,202,global_effect_shuffle,36,18,2,200,1.0,36,0.969861111111111,0.3333333333333333,0.15555555555555553,0.014925373134328358,0.3333333333333333,0.17777777777777778,0.05457467417885695,0.08333333333333333,0.2777777777777778,0.15555555555555553,0.014925373134328358,0.0,0.17777777777777778,0.05457467417885695,0.08333333333333333,0.2777777777777778,0.1886574074074074,0.07228859426471215,0.05555555555555555,0.34259259259259256,0.0475,0.14660746911395747,0.0,0.5,44.56414345795858,52.70760007832284,-59.40907009577689,136.2988351062406,0.7047222222222222,0.057083840224837853,0.5833333333333334,0.8055555555555556
patch_reassignment_patchnas_v1,lisa_signs/vgg16,lisa_signs,vgg16,202,global_direction_shuffle,36,18,2,200,1.0,36,0.9702777777777777,0.3333333333333333,0.16402777777777774,0.004975124378109453,0.3333333333333333,0.16930555555555557,0.05148995317319465,0.05555555555555555,0.2777777777777778,0.16402777777777774,0.004975124378109453,0.0,0.16930555555555557,0.05148995317319465,0.05555555555555555,0.2777777777777778,0.1850601851851852,0.06867528846722262,0.04611111111111111,0.30759259259259264,0.0325,0.1232629303562105,0.0,0.5,33.70217460365348,54.606491311131265,-45.21025730945854,210.040514744957,0.7247222222222223,0.05570743129273301,0.6111111111111112,0.8333333333333334
patch_reassignment_patchnas_v1,lisa_signs/vgg16,lisa_signs,vgg16,202,global_magnitude_shuffle,36,18,2,200,1.0,36,0.97125,0.3333333333333333,0.04249999999999998,0.19402985074626866,0.3333333333333333,0.29083333333333333,0.03545450048919419,0.22152777777777777,0.3611111111111111,0.04249999999999998,0.19402985074626866,0.0,0.29083333333333333,0.03545450048919419,0.22152777777777777,0.3611111111111111,0.29666666666666663,0.04776234318594301,0.20347222222222222,0.3708333333333334,0.4125,0.18998355191963331,0.0,0.5,108.77300672592165,43.47639354260728,39.98466827509687,201.0989860969537,0.905,0.03279189902971933,0.8333333333333334,0.9722222222222222
patch_reassignment_patchnas_v1,lisa_signs/vgg16,lisa_signs,vgg16,202,within_true_class_shuffle,36,18,2,200,0.7222222222222222,26,0.48569444444444443,0.3333333333333333,0.025277777777777732,0.2736318407960199,0.3076923076923077,0.2726923076923077,0.03033101406483442,0.23076923076923078,0.34615384615384615,0.03500000000000003,0.2736318407960199,0.0,0.3080555555555556,0.021905732380158183,0.2777777777777778,0.3611111111111111,0.3484722222222221,0.016875682681918247,0.32407407407407407,0.3796296296296296,0.5,0.0,0.5,0.5,59.1564497395698,20.220371979222087,20.89025842649345,79.81763109973011,0.94625,0.02874396071834532,0.8888888888888888,1.0
patch_reassignment_patchnas_v1,lisa_signs/vgg16,lisa_signs,vgg16,202,within_failure_type_shuffle,36,18,2,200,0.5,18,0.27666666666666667,0.3333333333333333,0.030833333333333324,0.19900497512437812,0.3333333333333333,0.27166666666666667,0.038805466078000714,0.2222222222222222,0.3333333333333333,0.06166666666666665,0.19900497512437812,0.0,0.3025,0.01940273303900035,0.2777777777777778,0.3333333333333333,0.34504629629629624,0.016549938457981132,0.32407407407407407,0.37037037037037035,0.5,0.0,0.5,0.5,76.44093101815736,1.4210854715202004e-14,76.44093101815734,76.44093101815734,1.0,0.0,1.0,1.0
patch_reassignment_patchnas_v1,lisa_signs/vgg16,lisa_signs,vgg16,303,original,36,17,1,1,1.0,36,0.0,0.2777777777777778,0.0,nan,0.2777777777777778,0.2777777777777778,0.0,0.2777777777777778,0.2777777777777778,0.0,nan,0.0,0.2777777777777778,0.0,0.2777777777777778,0.2777777777777778,0.20588235294117646,0.0,0.20588235294117646,0.20588235294117646,0.0,0.0,0.0,0.0,7.622065565574707,0.0,7.622065565574707,7.622065565574707,0.9722222222222222,0.0,0.9722222222222222,0.9722222222222222
patch_reassignment_patchnas_v1,lisa_signs/vgg16,lisa_signs,vgg16,303,global_effect_shuffle,36,17,1,200,1.0,36,0.9697222222222222,0.2777777777777778,0.09458333333333335,0.06467661691542288,0.2777777777777778,0.18319444444444444,0.05535362607592285,0.08333333333333333,0.3055555555555556,0.09458333333333335,0.06467661691542288,0.0,0.18319444444444444,0.05535362607592285,0.08333333333333333,0.3055555555555556,0.19720588235294115,0.07161177520183835,0.0784313725490196,0.3333333333333333,0.0,0.0,0.0,0.0,8.77703649942,34.059941220446,-64.36775773226593,67.48444775846892,0.7111111111111111,0.05204164998665333,0.6111111111111112,0.8055555555555556
patch_reassignment_patchnas_v1,lisa_signs/vgg16,lisa_signs,vgg16,303,global_direction_shuffle,36,17,1,200,1.0,36,0.9738888888888888,0.2777777777777778,0.12138888888888891,0.01990049751243781,0.2777777777777778,0.15638888888888888,0.04837721507354061,0.0826388888888889,0.25,0.12138888888888891,0.01990049751243781,0.0,0.15638888888888888,0.04837721507354061,0.0826388888888889,0.25,0.14313725490196078,0.050904921512734,0.058823529411764705,0.24534313725490203,0.0,0.0,0.0,0.0,29.708630273515052,17.611574422058922,-4.872415711128341,57.77722876258348,0.7075,0.059441199288368225,0.6104166666666667,0.8062500000000001
patch_reassignment_patchnas_v1,lisa_signs/vgg16,lisa_signs,vgg16,303,global_magnitude_shuffle,36,17,1,200,1.0,36,0.9759722222222222,0.2777777777777778,0.05152777777777778,0.13930348258706468,0.2777777777777778,0.22625,0.035724155382286904,0.16666666666666666,0.2784722222222224,0.05152777777777778,0.13930348258706468,0.0,0.22625,0.035724155382286904,0.16666666666666666,0.2784722222222224,0.17213235294117646,0.0287556619802891,0.11752450980392155,0.2352941176470588,0.0,0.0,0.0,0.0,58.84442630563075,42.15719232777583,-31.614930058730636,146.79512522283025,0.8597222222222223,0.03826382587209973,0.7777777777777778,0.9444444444444444
patch_reassignment_patchnas_v1,lisa_signs/vgg16,lisa_signs,vgg16,303,within_true_class_shuffle,36,17,1,200,0.8055555555555556,29,0.5304166666666666,0.2777777777777778,0.052083333333333315,0.14925373134328357,0.3448275862068966,0.2801724137931034,0.042783293771301925,0.20689655172413793,0.3448275862068966,0.06465517241379315,0.14925373134328357,0.0,0.22569444444444448,0.034464319982437666,0.16666666666666666,0.2777777777777778,0.16245098039215683,0.022404910347719537,0.12254901960784312,0.2009803921568627,0.0,0.0,0.0,0.0,0.9130450425410851,6.801862887823074,-10.532677720192199,8.00219822886607,0.8701388888888889,0.040439092670946274,0.8055555555555556,0.9444444444444444
patch_reassignment_patchnas_v1,lisa_signs/vgg16,lisa_signs,vgg16,303,within_failure_type_shuffle,36,17,1,200,0.5555555555555556,20,0.3302777777777778,0.2777777777777778,0.01611111111111113,0.4527363184079602,0.3,0.271,0.04592385001282013,0.2,0.35,0.02899999999999997,0.4527363184079602,0.0,0.26166666666666666,0.025513250007122307,0.2222222222222222,0.3055555555555556,0.18637254901960787,0.019459981709137174,0.1568627450980392,0.21568627450980388,0.0,0.0,0.0,0.0,7.622065565574705,1.7763568394002505e-15,7.622065565574707,7.622065565574707,0.9554166666666666,0.013579185915343267,0.9444444444444444,0.9722222222222222
