experiment_id,setting,dataset,backbone,seed,condition,n,n_classes,n_estimable_classes,n_permutations,eligible_fraction,n_eligible,moved_fraction,original_RR_held,original_minus_mean_RR,p_null_ge_original,original_RR_held_eligible,RR_held_mean_eligible,RR_held_std_eligible,RR_held_p025_eligible,RR_held_p975_eligible,original_minus_mean_RR_eligible,p_null_ge_original_eligible,max_reconstruction_error,RR_held_mean,RR_held_std,RR_held_p025,RR_held_p975,macro_RR_mean,macro_RR_std,macro_RR_p025,macro_RR_p975,coverage_at_0.5_mean,coverage_at_0.5_std,coverage_at_0.5_p025,coverage_at_0.5_p975,target_margin_gain_mean,target_margin_gain_std,target_margin_gain_p025,target_margin_gain_p975,flip_rate_mean,flip_rate_std,flip_rate_p025,flip_rate_p975
patch_reassignment_v1,gtsrb/resnet50,gtsrb,resnet50,101,original,48,20,2,1,1.0,48,0.0,0.6875,0.0,nan,0.6875,0.6875,0.0,0.6875,0.6875,0.0,nan,0.0,0.6875,0.0,0.6875,0.6875,0.5708333333333333,0.0,0.5708333333333333,0.5708333333333333,1.0,0.0,1.0,1.0,5.770203728519846,0.0,5.770203728519846,5.770203728519846,0.8541666666666666,0.0,0.8541666666666666,0.8541666666666666
patch_reassignment_v1,gtsrb/resnet50,gtsrb,resnet50,101,global_effect_shuffle,48,20,2,200,1.0,48,0.9814583333333334,0.6875,0.4463541666666666,0.004975124378109453,0.6875,0.24114583333333336,0.05718503334085278,0.125,0.3541666666666667,0.4463541666666666,0.004975124378109453,0.0,0.24114583333333336,0.05718503334085278,0.125,0.3541666666666667,0.2078125,0.06398233466594944,0.08333333333333333,0.32927083333333335,0.3175,0.3089397190391679,0.0,1.0,1.0451917311059273,0.3609517351762532,0.2794790979785224,1.7988361772382633,0.5376041666666667,0.05895124736570229,0.4375,0.6458333333333334
patch_reassignment_v1,gtsrb/resnet50,gtsrb,resnet50,101,global_direction_shuffle,48,20,2,200,1.0,48,0.97875,0.6875,0.4448958333333334,0.004975124378109453,0.6875,0.24260416666666665,0.05178655026350417,0.14583333333333334,0.3541666666666667,0.4448958333333334,0.004975124378109453,0.0,0.24260416666666665,0.05178655026350417,0.14583333333333334,0.3541666666666667,0.20575,0.0628746548477383,0.09989583333333334,0.3375,0.36,0.2835489375751565,0.0,1.0,1.083479520943943,0.3594540542121662,0.45820040117358535,1.8575842686234725,0.534375,0.0549522362046249,0.4375,0.6463541666666668
patch_reassignment_v1,gtsrb/resnet50,gtsrb,resnet50,101,global_magnitude_shuffle,48,20,2,200,1.0,48,0.9830208333333335,0.6875,-0.003854166666666603,0.9651741293532339,0.6875,0.6913541666666666,0.00978889588456682,0.6666666666666666,0.7083333333333334,-0.003854166666666603,0.9651741293532339,0.0,0.6913541666666666,0.00978889588456682,0.6666666666666666,0.7083333333333334,0.5758958333333332,0.01083235171834815,0.5583333333333333,0.5958333333333333,1.0,0.0,1.0,1.0,5.355509623416163,0.09519166094955664,5.167184284985005,5.550741666638666,0.8659375,0.018111525163552637,0.8333333333333334,0.8958333333333334
patch_reassignment_v1,gtsrb/resnet50,gtsrb,resnet50,101,within_true_class_shuffle,48,20,2,200,0.8333333333333334,40,0.5860416666666667,0.6875,0.011979166666666763,0.4925373134328358,0.725,0.710625,0.02214123697989793,0.675,0.75,0.014375000000000027,0.4925373134328358,0.0,0.6755208333333332,0.01845103081658162,0.6458333333333334,0.7083333333333334,0.5680833333333333,0.015692576093313818,0.5416666666666666,0.5958333333333333,1.0,0.0,1.0,1.0,5.410368904042989,0.1276836579135518,5.164375218260101,5.63724104516441,0.82375,0.01814295088089771,0.7916666666666666,0.8541666666666666
patch_reassignment_v1,gtsrb/resnet50,gtsrb,resnet50,101,within_failure_type_shuffle,48,20,2,200,0.5208333333333334,25,0.30572916666666666,0.6875,0.006979166666666536,0.6666666666666666,0.8,0.7866,0.018879618640216242,0.76,0.8,0.013400000000000079,0.6666666666666666,0.0,0.6805208333333335,0.009833134708445969,0.6666666666666666,0.6875,0.5666458333333333,0.00589988082506755,0.5583333333333333,0.5708333333333333,1.0,0.0,1.0,1.0,5.770203728519846,0.0,5.770203728519846,5.770203728519846,0.8471875,0.009833134708445915,0.8333333333333334,0.8541666666666666
patch_reassignment_v1,gtsrb/resnet50,gtsrb,resnet50,202,original,48,20,4,1,1.0,48,0.0,0.75,0.0,nan,0.75,0.75,0.0,0.75,0.75,0.0,nan,0.0,0.75,0.0,0.75,0.75,0.7007142857142857,0.0,0.7007142857142857,0.7007142857142857,1.0,0.0,1.0,1.0,5.886466765543446,0.0,5.886466765543446,5.886466765543446,0.8333333333333334,0.0,0.8333333333333334,0.8333333333333334
patch_reassignment_v1,gtsrb/resnet50,gtsrb,resnet50,202,global_effect_shuffle,48,20,4,200,1.0,48,0.9789583333333332,0.75,0.5629166666666667,0.004975124378109453,0.75,0.18708333333333332,0.05674779731408083,0.08333333333333333,0.2916666666666667,0.5629166666666667,0.004975124378109453,0.0,0.18708333333333332,0.05674779731408083,0.08333333333333333,0.2916666666666667,0.17079761904761903,0.06180707837814147,0.06305357142857143,0.2808214285714286,0.0675,0.12676257334087218,0.0,0.25,0.7172178789779232,0.36141641418136317,-0.01772119915112851,1.4741962887695992,0.5395833333333333,0.06434768838116875,0.3958333333333333,0.6875
patch_reassignment_v1,gtsrb/resnet50,gtsrb,resnet50,202,global_direction_shuffle,48,20,4,200,1.0,48,0.9769791666666667,0.75,0.5480208333333333,0.004975124378109453,0.75,0.20197916666666668,0.05409440291826256,0.10416666666666667,0.3125,0.5480208333333333,0.004975124378109453,0.0,0.20197916666666668,0.05409440291826256,0.10416666666666667,0.3125,0.1812047619047619,0.060093816676269514,0.06979166666666667,0.2959702380952381,0.0825,0.1416642156650719,0.0,0.5,0.7375991810316563,0.38076321604873475,-0.038056696865703746,1.532560098582153,0.5455208333333332,0.06145224192976562,0.4166666666666667,0.6666666666666666
patch_reassignment_v1,gtsrb/resnet50,gtsrb,resnet50,202,global_magnitude_shuffle,48,20,4,200,1.0,48,0.9786458333333334,0.75,0.017395833333333388,0.2537313432835821,0.75,0.7326041666666666,0.011557806855349139,0.7083333333333334,0.75,0.017395833333333388,0.2537313432835821,0.0,0.7326041666666666,0.011557806855349139,0.7083333333333334,0.75,0.6943214285714285,0.004606865993895914,0.6835714285714285,0.7007142857142857,1.0,0.0,1.0,1.0,5.555858697881754,0.0828882947659454,5.392227361049566,5.711558119489518,0.8429166666666665,0.012983697042402374,0.8125,0.8541666666666666
patch_reassignment_v1,gtsrb/resnet50,gtsrb,resnet50,202,within_true_class_shuffle,48,20,4,200,0.7916666666666666,38,0.5861458333333334,0.75,0.002291666666666692,0.6666666666666666,0.7631578947368421,0.7602631578947369,0.020005193231575843,0.7368421052631579,0.7894736842105263,0.0028947368421052833,0.6666666666666666,0.0,0.7477083333333333,0.015837444641664214,0.7291666666666666,0.7708333333333334,0.703642857142857,0.009096702699330167,0.6935714285714285,0.7173809523809525,1.0,0.0,1.0,1.0,5.806734505801384,0.09703420970295769,5.622246624141311,6.008627923112362,0.8540625,0.021091885205637203,0.8125,0.8958333333333334
patch_reassignment_v1,gtsrb/resnet50,gtsrb,resnet50,202,within_failure_type_shuffle,48,20,4,200,0.5,24,0.3326041666666667,0.75,0.00927083333333345,0.48258706467661694,0.9166666666666666,0.898125,0.026252480041575748,0.875,0.9583333333333334,0.01854166666666668,0.48258706467661694,0.0,0.7407291666666665,0.0131262400207879,0.7291666666666666,0.7708333333333334,0.6975357142857144,0.00450042514998447,0.6935714285714285,0.707857142857143,1.0,0.0,1.0,1.0,5.886466765543446,0.0,5.886466765543446,5.886466765543446,0.8340625,0.011291878073051726,0.8125,0.8541666666666666
patch_reassignment_v1,gtsrb/resnet50,gtsrb,resnet50,303,original,48,20,3,1,1.0,48,0.0,0.6666666666666666,0.0,nan,0.6666666666666666,0.6666666666666666,0.0,0.6666666666666666,0.6666666666666666,0.0,nan,0.0,0.6666666666666666,0.0,0.6666666666666666,0.6666666666666666,0.6166666666666666,0.0,0.6166666666666666,0.6166666666666666,0.6666666666666666,0.0,0.6666666666666666,0.6666666666666666,4.9187284770887345,0.0,4.9187284770887345,4.9187284770887345,0.7708333333333334,0.0,0.7708333333333334,0.7708333333333334
patch_reassignment_v1,gtsrb/resnet50,gtsrb,resnet50,303,global_effect_shuffle,48,20,3,200,1.0,48,0.97875,0.6666666666666666,0.4695833333333333,0.004975124378109453,0.6666666666666666,0.19708333333333333,0.04515790197862508,0.125,0.2916666666666667,0.4695833333333333,0.004975124378109453,0.0,0.19708333333333333,0.04515790197862508,0.125,0.2916666666666667,0.17718035714285713,0.05802097685591501,0.0729047619047619,0.30819940476190477,0.021666666666666664,0.08217528690414032,0.0,0.3333333333333333,0.7350763210374862,0.31024281906729584,0.08385218660502383,1.3771909903269262,0.5103125,0.05295100182007891,0.4166666666666667,0.625
patch_reassignment_v1,gtsrb/resnet50,gtsrb,resnet50,303,global_direction_shuffle,48,20,3,200,1.0,48,0.97625,0.6666666666666666,0.45625,0.004975124378109453,0.6666666666666666,0.21041666666666664,0.05674932696615098,0.12447916666666668,0.3333333333333333,0.45625,0.004975124378109453,0.0,0.21041666666666664,0.05674932696615098,0.12447916666666668,0.3333333333333333,0.1907660714285714,0.06582009207393094,0.07593452380952381,0.3239345238095238,0.07166666666666666,0.14861396674307267,0.0,0.3333333333333333,0.8629216585392423,0.36502793533430156,0.2002913396173254,1.6343780870944262,0.5266666666666667,0.05792865583341863,0.4166666666666667,0.6255208333333334
patch_reassignment_v1,gtsrb/resnet50,gtsrb,resnet50,303,global_magnitude_shuffle,48,20,3,200,1.0,48,0.9779166666666665,0.6666666666666666,0.02020833333333316,0.31343283582089554,0.6666666666666666,0.6464583333333335,0.020719480567813465,0.6041666666666666,0.6875,0.02020833333333316,0.31343283582089554,0.0,0.6464583333333335,0.020719480567813465,0.6041666666666666,0.6875,0.6192999999999999,0.03252450358319606,0.5493571428571429,0.6666666666666666,0.6666666666666665,1.1102230246251565e-16,0.6666666666666666,0.6666666666666666,4.2839576079277455,0.12444854858998786,4.050715946681554,4.510634503512779,0.7620833333333333,0.026216910361232287,0.7083333333333334,0.8125
patch_reassignment_v1,gtsrb/resnet50,gtsrb,resnet50,303,within_true_class_shuffle,48,20,3,200,0.8125,39,0.5822916666666668,0.6666666666666666,0.02531250000000007,0.25870646766169153,0.6923076923076923,0.6611538461538463,0.0288820289736219,0.5897435897435898,0.717948717948718,0.031153846153845977,0.25870646766169153,0.0,0.6413541666666666,0.02346664854106781,0.5833333333333334,0.6875,0.5990940476190476,0.018230551366261893,0.5606428571428571,0.6333333333333333,0.6666666666666665,1.1102230246251565e-16,0.6666666666666666,0.6666666666666666,4.769952186640973,0.10708764010790743,4.558347881600882,4.9623678654432295,0.7519791666666665,0.018819028029423375,0.7083333333333334,0.7916666666666666
patch_reassignment_v1,gtsrb/resnet50,gtsrb,resnet50,303,within_failure_type_shuffle,48,20,3,200,0.6666666666666666,32,0.416875,0.6666666666666666,0.03833333333333322,0.10945273631840796,0.75,0.6925,0.031782955337727806,0.625,0.75,0.057499999999999996,0.10945273631840796,0.0,0.6283333333333334,0.02118863689181854,0.5833333333333334,0.6666666666666666,0.5908309523809523,0.016417093816743396,0.5578571428571429,0.6166666666666666,0.6666666666666665,1.1102230246251565e-16,0.6666666666666666,0.6666666666666666,4.9187284770887345,0.0,4.9187284770887345,4.9187284770887345,0.7496875,0.014203001810063511,0.7291666666666666,0.7708333333333334
patch_reassignment_v1,gtsrb/convnext_tiny,gtsrb,convnext_tiny,101,original,217,25,12,1,1.0,217,0.0,0.8248847926267281,0.0,nan,0.8248847926267281,0.8248847926267281,0.0,0.8248847926267281,0.8248847926267281,0.0,nan,0.0,0.8248847926267281,0.0,0.8248847926267281,0.8248847926267281,0.7292369021132665,0.0,0.7292369021132665,0.7292369021132665,0.9166666666666666,0.0,0.9166666666666666,0.9166666666666666,6.975138260128861,0.0,6.975138260128861,6.975138260128861,0.8433179723502304,0.0,0.8433179723502304,0.8433179723502304
patch_reassignment_v1,gtsrb/convnext_tiny,gtsrb,convnext_tiny,101,global_effect_shuffle,217,25,12,200,1.0,217,0.9949539170506914,0.8248847926267281,0.6461290322580645,0.004975124378109453,0.8248847926267281,0.17875576036866359,0.022011977920009515,0.1382488479262673,0.22119815668202766,0.6461290322580645,0.004975124378109453,0.0,0.17875576036866359,0.022011977920009515,0.1382488479262673,0.22119815668202766,0.15460505367756538,0.03528289420960378,0.0862638563446202,0.22724858599405573,0.020416666666666666,0.03679664462360061,0.0,0.08333333333333333,1.4279933127886262,0.15310161573572872,1.0924922668487735,1.7441466583040959,0.2538018433179724,0.0233206019354806,0.2119815668202765,0.29965437788018434
patch_reassignment_v1,gtsrb/convnext_tiny,gtsrb,convnext_tiny,101,global_direction_shuffle,217,25,12,200,1.0,217,0.9953686635944702,0.8248847926267281,0.6410829493087558,0.004975124378109453,0.8248847926267281,0.1838018433179724,0.021811296503987623,0.14735023041474654,0.2304147465437788,0.6410829493087558,0.004975124378109453,0.0,0.1838018433179724,0.021811296503987623,0.14735023041474654,0.2304147465437788,0.1499643486499327,0.03647496693766904,0.08599389062479325,0.22920927221028198,0.02958333333333333,0.04479699580701069,0.0,0.16666666666666666,1.465829245265815,0.15898039381125642,1.1673659634707287,1.7819166600013334,0.2586175115207373,0.02263962953541086,0.2119815668202765,0.29965437788018434
patch_reassignment_v1,gtsrb/convnext_tiny,gtsrb,convnext_tiny,101,global_magnitude_shuffle,217,25,12,200,1.0,217,0.9948387096774195,0.8248847926267281,0.026013824884792425,0.01990049751243781,0.8248847926267281,0.7988709677419357,0.012226298016350157,0.7741935483870968,0.8202764976958525,0.026013824884792425,0.01990049751243781,0.0,0.7988709677419357,0.012226298016350157,0.7741935483870968,0.8202764976958525,0.7319379530222063,0.009982529224100044,0.709939060281878,0.7482677315305762,0.9166666666666665,1.1102230246251565e-16,0.9166666666666666,0.9166666666666666,6.802059531174733,0.017719978858232573,6.774435287721867,6.838633483633757,0.8289170506912441,0.012653420439645667,0.8018433179723502,0.8525345622119815
patch_reassignment_v1,gtsrb/convnext_tiny,gtsrb,convnext_tiny,101,within_true_class_shuffle,217,25,12,200,0.9723502304147466,211,0.8826267281105992,0.8248847926267281,0.06762672811059911,0.004975124378109453,0.8293838862559242,0.7598341232227489,0.016403428305916033,0.729739336492891,0.7914691943127962,0.06954976303317528,0.004975124378109453,0.0,0.757258064516129,0.015949877292849236,0.7279953917050691,0.7880184331797235,0.699389863863827,0.015053424382522761,0.6710424051348746,0.7280806783684264,0.9154166666666665,0.010129371484286005,0.9166666666666666,0.9166666666666666,6.500811722849105,0.04747214681949539,6.408729013174017,6.586744476129271,0.7816589861751152,0.015651658383682075,0.7465437788018433,0.8111751152073733
patch_reassignment_v1,gtsrb/convnext_tiny,gtsrb,convnext_tiny,101,within_failure_type_shuffle,217,25,12,200,0.9032258064516129,196,0.7764746543778801,0.8248847926267281,0.0024423963133640703,0.5124378109452736,0.8571428571428571,0.8544387755102041,0.007668521798382094,0.8418367346938775,0.8673469387755102,0.0027040816326530104,0.5124378109452736,0.0,0.822442396313364,0.006926406785635443,0.8110599078341014,0.8341013824884793,0.7286703196584395,0.006892421753958825,0.7157266293084927,0.7425702354466001,0.9166666666666665,1.1102230246251565e-16,0.9166666666666666,0.9166666666666666,6.975138260128859,1.7763568394002505e-15,6.975138260128861,6.975138260128861,0.845552995391705,0.006819303393028199,0.8341013824884793,0.8571428571428571
patch_reassignment_v1,gtsrb/convnext_tiny,gtsrb,convnext_tiny,202,original,217,23,13,1,1.0,217,0.0,0.8709677419354839,0.0,nan,0.8709677419354839,0.8709677419354839,0.0,0.8709677419354839,0.8709677419354839,0.0,nan,0.0,0.8709677419354839,0.0,0.8709677419354839,0.8709677419354839,0.734113631294692,0.0,0.734113631294692,0.734113631294692,1.0,0.0,1.0,1.0,7.135561887569692,0.0,7.135561887569692,7.135561887569692,0.8755760368663594,0.0,0.8755760368663594,0.8755760368663594
patch_reassignment_v1,gtsrb/convnext_tiny,gtsrb,convnext_tiny,202,global_effect_shuffle,217,23,13,200,1.0,217,0.9956221198156683,0.8709677419354839,0.7040092165898617,0.004975124378109453,0.8709677419354839,0.16695852534562214,0.01954433241962517,0.12903225806451613,0.20288018433179728,0.7040092165898617,0.004975124378109453,0.0,0.16695852534562214,0.01954433241962517,0.12903225806451613,0.20288018433179728,0.12390599414880298,0.02624993358210769,0.08411222010307644,0.18350224785674216,0.022692307692307692,0.035080212396380206,0.0,0.07692307692307693,1.3048485072208342,0.1460700967941358,1.0593644667386768,1.5501352065452054,0.2252995391705069,0.022181126627716704,0.18433179723502305,0.2672811059907834
patch_reassignment_v1,gtsrb/convnext_tiny,gtsrb,convnext_tiny,202,global_direction_shuffle,217,23,13,200,1.0,217,0.9950921658986176,0.8709677419354839,0.7014746543778801,0.004975124378109453,0.8709677419354839,0.1694930875576037,0.020926733585428504,0.13352534562211982,0.21658986175115208,0.7014746543778801,0.004975124378109453,0.0,0.1694930875576037,0.020926733585428504,0.13352534562211982,0.21658986175115208,0.12134485286803894,0.027188650104341534,0.0762583569661862,0.18261208008449215,0.02384615384615385,0.036398517428679944,0.0,0.07692307692307693,1.3157046094025677,0.16088525479852667,1.0174642171348725,1.6137266949315217,0.22983870967741937,0.02333425735047592,0.1888248847926267,0.2720046082949309
patch_reassignment_v1,gtsrb/convnext_tiny,gtsrb,convnext_tiny,202,global_magnitude_shuffle,217,23,13,200,1.0,217,0.9954608294930877,0.8709677419354839,0.03562211981566821,0.009950248756218905,0.8709677419354839,0.8353456221198157,0.012163716463981877,0.8110599078341014,0.8571428571428571,0.03562211981566821,0.009950248756218905,0.0,0.8353456221198157,0.012163716463981877,0.8110599078341014,0.8571428571428571,0.723463465941448,0.011223199634735505,0.701674383033994,0.7439398491381511,0.9430769230769233,0.033741095691478915,0.9230769230769231,1.0,7.010542745007717,0.01332444916863944,6.988707618359951,7.037052508991664,0.8475345622119815,0.011944087961482247,0.8247695852534562,0.8664746543778802
patch_reassignment_v1,gtsrb/convnext_tiny,gtsrb,convnext_tiny,202,within_true_class_shuffle,217,23,13,200,0.9815668202764977,213,0.8961059907834101,0.8709677419354839,0.08723502304147479,0.004975124378109453,0.8826291079812206,0.793755868544601,0.015820342380763755,0.7605633802816901,0.8217136150234742,0.08887323943661962,0.004975124378109453,0.0,0.7837327188940091,0.015528723166371805,0.7511520737327189,0.8111751152073733,0.7074939500072778,0.019196338869249385,0.670607979761252,0.7423946192865514,0.95,0.04970326147430801,0.8461538461538461,1.0,6.669612974839644,0.044416496836349885,6.58313305457981,6.762722140110274,0.7890783410138249,0.01587495734951178,0.7602534562211982,0.8202764976958525
patch_reassignment_v1,gtsrb/convnext_tiny,gtsrb,convnext_tiny,202,within_failure_type_shuffle,217,23,13,200,0.9124423963133641,198,0.7917741935483871,0.8709677419354839,0.014539170506912336,0.04975124378109453,0.9040404040404041,0.8881060606060607,0.008160864489338466,0.8736111111111111,0.9040404040404041,0.015934343434343412,0.04975124378109453,0.0,0.8564285714285715,0.007446318750640638,0.8432027649769586,0.8709677419354839,0.7165360305601755,0.012041193599822968,0.6988293115598649,0.7369546614491003,0.9738461538461539,0.03955372348363826,0.9230769230769231,1.0,7.1355618875696925,8.881784197001252e-16,7.135561887569692,7.135561887569692,0.8618663594470047,0.0075643094337232665,0.847926267281106,0.8755760368663594
patch_reassignment_v1,gtsrb/convnext_tiny,gtsrb,convnext_tiny,303,original,217,25,11,1,1.0,217,0.0,0.8341013824884793,0.0,nan,0.8341013824884793,0.8341013824884793,0.0,0.8341013824884793,0.8341013824884793,0.0,nan,0.0,0.8341013824884793,0.0,0.8341013824884793,0.8341013824884793,0.5448051948051948,0.0,0.5448051948051948,0.5448051948051948,0.8181818181818182,0.0,0.8181818181818182,0.8181818181818182,7.082704262524706,0.0,7.082704262524706,7.082704262524706,0.8571428571428571,0.0,0.8571428571428571,0.8571428571428571
patch_reassignment_v1,gtsrb/convnext_tiny,gtsrb,convnext_tiny,303,global_effect_shuffle,217,25,11,200,1.0,217,0.9958755760368665,0.8341013824884793,0.6677649769585254,0.004975124378109453,0.8341013824884793,0.1663364055299539,0.020586226261110587,0.12903225806451613,0.2073732718894009,0.6677649769585254,0.004975124378109453,0.0,0.1663364055299539,0.020586226261110587,0.12903225806451613,0.2073732718894009,0.12401162619988707,0.03368055886716121,0.074038979860719,0.19337965838509313,0.03590909090909091,0.04444097208657795,0.0,0.09090909090909091,1.3452364431965822,0.14466464334325194,1.0727223214777595,1.6263225559541132,0.2333870967741936,0.022994872227077513,0.1889400921658986,0.2764976958525346
patch_reassignment_v1,gtsrb/convnext_tiny,gtsrb,convnext_tiny,303,global_direction_shuffle,217,25,11,200,1.0,217,0.9954147465437789,0.8341013824884793,0.6630414746543779,0.004975124378109453,0.8341013824884793,0.17105990783410138,0.02186178223667174,0.12891705069124423,0.2119815668202765,0.6630414746543779,0.004975124378109453,0.0,0.17105990783410138,0.02186178223667174,0.12891705069124423,0.2119815668202765,0.1297202333897986,0.034965230577678356,0.07381411161302466,0.20162916431394695,0.03954545454545456,0.045976548100163106,0.0,0.09090909090909091,1.343730225198919,0.16513395090931582,1.0452230876265656,1.6702044193691115,0.2385253456221198,0.02369237320465282,0.1934331797235023,0.2857142857142857
patch_reassignment_v1,gtsrb/convnext_tiny,gtsrb,convnext_tiny,303,global_magnitude_shuffle,217,25,11,200,1.0,217,0.994930875576037,0.8341013824884793,0.022995391705069257,0.05472636815920398,0.8341013824884793,0.8111059907834101,0.012425231375600207,0.7880184331797235,0.8387096774193549,0.022995391705069257,0.05472636815920398,0.0,0.8111059907834101,0.012425231375600207,0.7880184331797235,0.8387096774193549,0.5642481215885563,0.020376839845072374,0.5298604648974213,0.5896560794278185,0.8240909090909091,0.02241144188294734,0.8181818181818182,0.9090909090909091,6.913613487735529,0.018742943122113748,6.8792421979929275,6.951787451160772,0.8408755760368664,0.012475719160098937,0.815668202764977,0.8663594470046083
patch_reassignment_v1,gtsrb/convnext_tiny,gtsrb,convnext_tiny,303,within_true_class_shuffle,217,25,11,200,0.9631336405529954,209,0.8851152073732719,0.8341013824884793,0.0787557603686635,0.004975124378109453,0.8660287081339713,0.7842583732057414,0.01573275298524024,0.7558612440191387,0.8133971291866029,0.08177033492822983,0.004975124378109453,0.0,0.7553456221198158,0.01515274365859544,0.7279953917050691,0.783410138248848,0.5161271080368907,0.008242537088752654,0.5021739365706757,0.5333764351590439,0.8145454545454547,0.01781447085660494,0.7272727272727273,0.8181818181818182,6.578433244638618,0.051308317600386434,6.470737627994544,6.685136953310415,0.7767281105990784,0.015720636040014464,0.7465437788018433,0.8064516129032258
patch_reassignment_v1,gtsrb/convnext_tiny,gtsrb,convnext_tiny,303,within_failure_type_shuffle,217,25,11,200,0.9170506912442397,199,0.7953225806451613,0.8341013824884793,-0.0020737327188938837,0.736318407960199,0.8793969849246231,0.8816582914572865,0.00787759568170396,0.864321608040201,0.8944723618090452,-0.002261306532663321,0.736318407960199,0.0,0.8361751152073732,0.0072241545652492615,0.8202764976958525,0.847926267281106,0.541577178618483,0.0074096261250232625,0.5292902785620177,0.5549731789949182,0.8181818181818181,1.1102230246251565e-16,0.8181818181818182,0.8181818181818182,7.082704262524706,0.0,7.082704262524706,7.082704262524706,0.8589631336405532,0.007486139301195278,0.8433179723502304,0.8755760368663594
patch_reassignment_v1,gtsrb/densenet121,gtsrb,densenet121,101,original,83,22,7,1,1.0,83,0.0,0.8313253012048193,0.0,nan,0.8313253012048193,0.8313253012048193,0.0,0.8313253012048193,0.8313253012048193,0.0,nan,0.0,0.8313253012048193,0.0,0.8313253012048193,0.8313253012048193,0.7765151515151516,0.0,0.7765151515151516,0.7765151515151516,0.8571428571428571,0.0,0.8571428571428571,0.8571428571428571,6.12601810384048,0.0,6.12601810384048,6.12601810384048,0.8795180722891566,0.0,0.8795180722891566,0.8795180722891566
patch_reassignment_v1,gtsrb/densenet121,gtsrb,densenet121,101,global_effect_shuffle,83,22,7,200,1.0,83,0.988734939759036,0.8313253012048193,0.5278313253012048,0.004975124378109453,0.8313253012048193,0.30349397590361443,0.04438888440250618,0.2286144578313253,0.39759036144578314,0.5278313253012048,0.004975124378109453,0.0,0.30349397590361443,0.04438888440250618,0.2286144578313253,0.39759036144578314,0.2210007215007215,0.052614570453776856,0.1266242784992785,0.34074314574314574,0.26928571428571424,0.138635846588044,0.0,0.5714285714285714,1.3329450533680438,0.2517434673497055,0.8479100639303496,1.8084429596864944,0.5339156626506024,0.04635936516885289,0.4578313253012048,0.6144578313253012
patch_reassignment_v1,gtsrb/densenet121,gtsrb,densenet121,101,global_direction_shuffle,83,22,7,200,1.0,83,0.9876506024096386,0.8313253012048193,0.5154819277108433,0.004975124378109453,0.8313253012048193,0.31584337349397595,0.044494833917193395,0.24066265060240966,0.39759036144578314,0.5154819277108433,0.004975124378109453,0.0,0.31584337349397595,0.044494833917193395,0.24066265060240966,0.39759036144578314,0.24055844155844155,0.05206855126650113,0.14847853535353536,0.3478769841269841,0.28642857142857137,0.13590024853185664,0.0,0.5714285714285714,1.3947871610972373,0.25693811615234324,0.8851889490847665,1.8793194332962342,0.5371686746987951,0.04468040247703947,0.4575301204819277,0.6265060240963856
patch_reassignment_v1,gtsrb/densenet121,gtsrb,densenet121,101,global_magnitude_shuffle,83,22,7,200,1.0,83,0.9880722891566265,0.8313253012048193,-0.008915662650602174,0.9651741293532339,0.8313253012048193,0.8402409638554215,0.006171686011983488,0.8192771084337349,0.8433734939759037,-0.008915662650602174,0.9651741293532339,0.0,0.8402409638554215,0.006171686011983488,0.8192771084337349,0.8433734939759037,0.7777651515151515,0.015166233381635176,0.7310606060606062,0.7840909090909091,0.8571428571428571,0.0,0.8571428571428571,0.8571428571428571,5.810906370322605,0.05351552876092467,5.699966633134737,5.917359093083134,0.8884337349397592,0.006171686011983476,0.8674698795180723,0.891566265060241
patch_reassignment_v1,gtsrb/densenet121,gtsrb,densenet121,101,within_true_class_shuffle,83,22,7,200,0.9036144578313253,75,0.737289156626506,0.8313253012048193,-0.017168674698795017,0.9402985074626866,0.8533333333333334,0.8723333333333335,0.016888523387857853,0.84,0.9066666666666666,-0.019000000000000128,0.9402985074626866,0.0,0.8484939759036143,0.015260713904690837,0.8192771084337349,0.8795180722891566,0.7849972943722944,0.011989434408708925,0.7613636363636364,0.8085633116883116,0.8892857142857141,0.059654618173178825,0.8571428571428571,1.0,6.003261653442744,0.050587584551318086,5.914029658078609,6.104138735381056,0.8953614457831327,0.01680614929382173,0.8554216867469879,0.927710843373494
patch_reassignment_v1,gtsrb/densenet121,gtsrb,densenet121,101,within_failure_type_shuffle,83,22,7,200,0.7590361445783133,63,0.5922289156626506,0.8313253012048193,0.007951807228915864,0.373134328358209,0.873015873015873,0.8625396825396825,0.011494518723956623,0.8412698412698413,0.8888888888888888,0.010476190476190528,0.373134328358209,0.0,0.8233734939759034,0.008724755176015274,0.8072289156626506,0.8433734939759037,0.7702083333333334,0.00944145409567667,0.7537878787878789,0.7916666666666665,0.8571428571428571,0.0,0.8571428571428571,0.8571428571428571,6.126018103840481,8.881784197001252e-16,6.12601810384048,6.12601810384048,0.8715662650602409,0.008724755176015246,0.8554216867469879,0.891566265060241
patch_reassignment_v1,gtsrb/densenet121,gtsrb,densenet121,202,original,83,23,6,1,1.0,83,0.0,0.7710843373493976,0.0,nan,0.7710843373493976,0.7710843373493976,0.0,0.7710843373493976,0.7710843373493976,0.0,nan,0.0,0.7710843373493976,0.0,0.7710843373493976,0.7710843373493976,0.6847826086956522,0.0,0.6847826086956522,0.6847826086956522,0.8333333333333334,0.0,0.8333333333333334,0.8333333333333334,6.392179352343531,0.0,6.392179352343531,6.392179352343531,0.8674698795180723,0.0,0.8674698795180723,0.8674698795180723
patch_reassignment_v1,gtsrb/densenet121,gtsrb,densenet121,202,global_effect_shuffle,83,23,6,200,1.0,83,0.9876506024096386,0.7710843373493976,0.45837349397590366,0.004975124378109453,0.7710843373493976,0.312710843373494,0.04175872155555555,0.24096385542168675,0.39759036144578314,0.45837349397590366,0.004975124378109453,0.0,0.312710843373494,0.04175872155555555,0.24096385542168675,0.39759036144578314,0.2363025362318841,0.0491497185646815,0.14831521739130435,0.32903985507246375,0.32,0.1702612371882951,0.0,0.6666666666666666,1.477858906517153,0.24560570848134766,0.9679251391373306,1.9623494641002581,0.5483132530120483,0.04781463093688098,0.4578313253012048,0.6385542168674698
patch_reassignment_v1,gtsrb/densenet121,gtsrb,densenet121,202,global_direction_shuffle,83,23,6,200,1.0,83,0.9876506024096385,0.7710843373493976,0.4645783132530121,0.004975124378109453,0.7710843373493976,0.30650602409638555,0.03869777489690148,0.24066265060240966,0.3855421686746988,0.4645783132530121,0.004975124378109453,0.0,0.30650602409638555,0.03869777489690148,0.24066265060240966,0.3855421686746988,0.218070652173913,0.04770199560020268,0.13297101449275364,0.3058061594202898,0.335,0.15091388272786568,0.0,0.6666666666666666,1.5871883764582764,0.25644245086055495,1.0955417469520157,2.084718501032194,0.548012048192771,0.0384595505700197,0.46987951807228917,0.6144578313253012
patch_reassignment_v1,gtsrb/densenet121,gtsrb,densenet121,202,global_magnitude_shuffle,83,23,6,200,1.0,83,0.9878915662650601,0.7710843373493976,-0.001325301204819218,0.7810945273631841,0.7710843373493976,0.7724096385542168,0.009316143817938929,0.7590361445783133,0.7831325301204819,-0.001325301204819218,0.7810945273631841,0.0,0.7724096385542168,0.009316143817938929,0.7590361445783133,0.7831325301204819,0.6842391304347825,0.009015188821627815,0.6630434782608695,0.6934782608695652,0.9008333333333334,0.08181534085976783,0.8333333333333334,1.0,6.057080512297225,0.0466057815221135,5.965206831998231,6.146257345586528,0.8809036144578315,0.00894958541562832,0.8674698795180723,0.891566265060241
patch_reassignment_v1,gtsrb/densenet121,gtsrb,densenet121,202,within_true_class_shuffle,83,23,6,200,0.9036144578313253,75,0.7232530120481928,0.7710843373493976,-0.006807228915662766,0.8308457711442786,0.7866666666666666,0.7942,0.01619753067600122,0.76,0.8266666666666667,-0.007533333333333392,0.8308457711442786,0.0,0.7778915662650604,0.014636322900001088,0.7469879518072289,0.8072289156626506,0.6904347826086956,0.011039968630951826,0.6694565217391305,0.7130434782608696,0.8516666666666667,0.05214829282387337,0.8333333333333334,1.0,6.179905445210591,0.06021920479403324,6.071596759032593,6.321284422901156,0.853012048192771,0.014255613935179785,0.8313253012048193,0.8795180722891566
patch_reassignment_v1,gtsrb/densenet121,gtsrb,densenet121,202,within_failure_type_shuffle,83,23,6,200,0.7349397590361446,61,0.566566265060241,0.7710843373493976,-0.003855421686746907,1.0,0.8360655737704918,0.8413114754098362,0.007647150026026581,0.8360655737704918,0.8524590163934426,-0.0052459016393443525,1.0,0.0,0.7749397590361445,0.005620194597441219,0.7710843373493976,0.7831325301204819,0.6882608695652174,0.005070392952039363,0.6847826086956522,0.6956521739130435,0.8333333333333335,1.1102230246251565e-16,0.8333333333333334,0.8333333333333334,6.392179352343532,8.881784197001252e-16,6.392179352343531,6.392179352343531,0.8621686746987953,0.00804977980168196,0.8554216867469879,0.8795180722891566
patch_reassignment_v1,gtsrb/densenet121,gtsrb,densenet121,303,original,83,21,7,1,1.0,83,0.0,0.8554216867469879,0.0,nan,0.8554216867469879,0.8554216867469879,0.0,0.8554216867469879,0.8554216867469879,0.0,nan,0.0,0.8554216867469879,0.0,0.8554216867469879,0.8554216867469879,0.746031746031746,0.0,0.746031746031746,0.746031746031746,1.0,0.0,1.0,1.0,6.629407510206283,0.0,6.629407510206283,6.629407510206283,0.9156626506024096,0.0,0.9156626506024096,0.9156626506024096
patch_reassignment_v1,gtsrb/densenet121,gtsrb,densenet121,303,global_effect_shuffle,83,21,7,200,1.0,83,0.9893373493975903,0.8554216867469879,0.5168072289156627,0.004975124378109453,0.8554216867469879,0.33861445783132527,0.04104169606379948,0.25301204819277107,0.42168674698795183,0.5168072289156627,0.004975124378109453,0.0,0.33861445783132527,0.04104169606379948,0.25301204819277107,0.42168674698795183,0.2485107709750567,0.04571122651476956,0.17024376417233564,0.3446891534391535,0.34357142857142847,0.1565557213184846,0.0,0.5714285714285714,1.4779557045025988,0.26815954297494027,0.9230156865965362,1.980927593401684,0.583855421686747,0.043437703476602404,0.505722891566265,0.6746987951807228
patch_reassignment_v1,gtsrb/densenet121,gtsrb,densenet121,303,global_direction_shuffle,83,21,7,200,1.0,83,0.9884939759036143,0.8554216867469879,0.510722891566265,0.004975124378109453,0.8554216867469879,0.3446987951807229,0.04200985582747668,0.26506024096385544,0.43373493975903615,0.510722891566265,0.004975124378109453,0.0,0.3446987951807229,0.04200985582747668,0.26506024096385544,0.43373493975903615,0.25883881330309905,0.04917950543655419,0.17328703703703704,0.3684495464852608,0.3621428571428571,0.15706329154522516,0.13928571428571435,0.7142857142857143,1.549454420647239,0.2961915170363129,0.9453082263427995,2.095895624033512,0.5696987951807229,0.04406044852042003,0.4939759036144578,0.6509036144578314
patch_reassignment_v1,gtsrb/densenet121,gtsrb,densenet121,303,global_magnitude_shuffle,83,21,7,200,1.0,83,0.9881927710843372,0.8554216867469879,0.005481927710843326,0.5472636815920398,0.8554216867469879,0.8499397590361446,0.005999649188950729,0.8433734939759037,0.8554216867469879,0.005481927710843326,0.5472636815920398,0.0,0.8499397590361446,0.005999649188950729,0.8433734939759037,0.8554216867469879,0.7388095238095238,0.007904299725125638,0.7301587301587301,0.746031746031746,1.0,0.0,1.0,1.0,6.329358605691973,0.052350444476281385,6.2333500286243,6.422938094627967,0.9156626506024098,2.220446049250313e-16,0.9156626506024096,0.9156626506024096
patch_reassignment_v1,gtsrb/densenet121,gtsrb,densenet121,303,within_true_class_shuffle,83,21,7,200,0.9156626506024096,76,0.7498192771084337,0.8554216867469879,0.0021686746987952255,0.8208955223880597,0.881578947368421,0.8792105263157896,0.005055098082183801,0.868421052631579,0.881578947368421,0.002368421052631464,0.8208955223880597,0.0,0.8532530120481927,0.004628764508987573,0.8433734939759037,0.8554216867469879,0.7443174603174603,0.0036589281356759003,0.7365079365079366,0.746031746031746,1.0,0.0,1.0,1.0,6.525840869402311,0.05110335845120932,6.433441709998591,6.623842989262866,0.9173493975903614,0.013034340565107008,0.891566265060241,0.9397590361445783
patch_reassignment_v1,gtsrb/densenet121,gtsrb,densenet121,303,within_failure_type_shuffle,83,21,7,200,0.7710843373493976,64,0.6016867469879518,0.8554216867469879,1.1102230246251565e-16,1.0,0.890625,0.890625,0.0,0.890625,0.890625,0.0,1.0,0.0,0.8554216867469878,1.1102230246251565e-16,0.8554216867469879,0.8554216867469879,0.746031746031746,0.0,0.746031746031746,0.746031746031746,1.0,0.0,1.0,1.0,6.629407510206282,8.881784197001252e-16,6.629407510206283,6.629407510206283,0.9096385542168676,0.0060240963855421326,0.9036144578313253,0.9156626506024096
patch_reassignment_v1,gtsrb/vgg16,gtsrb,vgg16,101,original,190,29,17,1,1.0,190,0.0,0.6105263157894737,0.0,nan,0.6105263157894737,0.6105263157894737,0.0,0.6105263157894737,0.6105263157894737,0.0,nan,0.0,0.6105263157894737,0.0,0.6105263157894737,0.6105263157894737,0.4834750548906629,0.0,0.4834750548906629,0.4834750548906629,0.7058823529411765,0.0,0.7058823529411765,0.7058823529411765,5.075613063397376,0.0,5.075613063397376,5.075613063397376,0.6736842105263158,0.0,0.6736842105263158,0.6736842105263158
patch_reassignment_v1,gtsrb/vgg16,gtsrb,vgg16,101,global_effect_shuffle,190,29,17,200,1.0,190,0.9949736842105265,0.6105263157894737,0.43542105263157893,0.004975124378109453,0.6105263157894737,0.17510526315789474,0.021532105771321308,0.1368421052631579,0.21592105263157899,0.43542105263157893,0.004975124378109453,0.0,0.17510526315789474,0.021532105771321308,0.1368421052631579,0.21592105263157899,0.14061585087628645,0.023822413018399023,0.09702921398021216,0.19014259409676834,0.054117647058823534,0.047190990870897835,0.0,0.17647058823529413,1.4615348924813105,0.12787226449136904,1.2229367642653617,1.6983711639517234,0.47521052631578947,0.02433372544239408,0.43157894736842106,0.5263157894736842
patch_reassignment_v1,gtsrb/vgg16,gtsrb,vgg16,101,global_direction_shuffle,190,29,17,200,1.0,190,0.995184210526316,0.6105263157894737,0.43218421052631584,0.004975124378109453,0.6105263157894737,0.17834210526315789,0.02111948267539843,0.1368421052631579,0.21592105263157899,0.43218421052631584,0.004975124378109453,0.0,0.17834210526315789,0.02111948267539843,0.1368421052631579,0.21592105263157899,0.1446080975890413,0.024690909430706325,0.10192425919513036,0.19506414587630558,0.07911764705882354,0.055368379418638994,0.0,0.17647058823529413,1.6185613987127387,0.14788457730010057,1.3555883824274828,1.9119210633703476,0.49026315789473685,0.021253971439217152,0.4525,0.5368421052631579
patch_reassignment_v1,gtsrb/vgg16,gtsrb,vgg16,101,global_magnitude_shuffle,190,29,17,200,1.0,190,0.9946842105263158,0.6105263157894737,0.027447368421052665,0.08955223880597014,0.6105263157894737,0.583078947368421,0.017166913193327957,0.5526315789473685,0.615921052631579,0.027447368421052665,0.08955223880597014,0.0,0.583078947368421,0.017166913193327957,0.5526315789473685,0.615921052631579,0.4690806099526608,0.01837365935442834,0.42571287857131773,0.5018690212791845,0.7155882352941176,0.05319465462127574,0.5882352941176471,0.8235294117647058,5.144371901848078,0.06408667816311361,5.031972528098407,5.269634478279764,0.658921052631579,0.017493152597849088,0.6263157894736842,0.6947368421052632
patch_reassignment_v1,gtsrb/vgg16,gtsrb,vgg16,101,within_true_class_shuffle,190,29,17,200,0.9789473684210527,186,0.8481315789473683,0.6105263157894737,0.018842105263157993,0.13432835820895522,0.6182795698924731,0.5990322580645162,0.015133811749341796,0.5752688172043011,0.6290322580645161,0.019247311827956914,0.13432835820895522,0.0,0.5916842105263157,0.014815205186197767,0.5684210526315789,0.6210526315789474,0.47982671633669816,0.017142887612753965,0.44711586029417244,0.511162251994829,0.6688235294117648,0.044531393226565026,0.5882352941176471,0.7647058823529411,4.875150166934258,0.034623498580750714,4.803605351428453,4.94188410847987,0.6643684210526315,0.01252930083848995,0.6421052631578947,0.6894736842105263
patch_reassignment_v1,gtsrb/vgg16,gtsrb,vgg16,101,within_failure_type_shuffle,190,29,17,200,0.7473684210526316,142,0.5794473684210526,0.6105263157894737,0.012736842105263158,0.18407960199004975,0.6619718309859155,0.6449295774647887,0.015482711080181732,0.6197183098591549,0.676056338028169,0.01704225352112676,0.18407960199004975,0.0,0.5977894736842105,0.011571289333609515,0.5789473684210527,0.6210526315789474,0.47664693428168925,0.010688021963219968,0.45610622489025393,0.4979780670025679,0.7082352941176471,0.014215348204228892,0.7058823529411765,0.7647058823529411,5.075613063397376,0.0,5.075613063397376,5.075613063397376,0.6766578947368421,0.008560967597473226,0.6631578947368421,0.6947368421052632
patch_reassignment_v1,gtsrb/vgg16,gtsrb,vgg16,202,original,190,29,19,1,1.0,190,0.0,0.6105263157894737,0.0,nan,0.6105263157894737,0.6105263157894737,0.0,0.6105263157894737,0.6105263157894737,0.0,nan,0.0,0.6105263157894737,0.0,0.6105263157894737,0.6105263157894737,0.4342307118169187,0.0,0.4342307118169187,0.4342307118169187,0.7368421052631579,0.0,0.7368421052631579,0.7368421052631579,5.178574021160602,0.0,5.178574021160602,5.178574021160602,0.7368421052631579,0.0,0.7368421052631579,0.7368421052631579
patch_reassignment_v1,gtsrb/vgg16,gtsrb,vgg16,202,global_effect_shuffle,190,29,19,200,1.0,190,0.9940263157894738,0.6105263157894737,0.4470789473684211,0.004975124378109453,0.6105263157894737,0.16344736842105262,0.020001367681768023,0.1261842105263158,0.2,0.4470789473684211,0.004975124378109453,0.0,0.16344736842105262,0.020001367681768023,0.1261842105263158,0.2,0.11682319643957573,0.018756848125573922,0.08545552866673557,0.15583340270840274,0.06263157894736843,0.04384245276920469,0.0,0.15789473684210525,1.6039276654986958,0.12142118991516619,1.3918054466733807,1.8614933447461381,0.5202894736842105,0.020790456339201496,0.4842105263157895,0.5631578947368421
patch_reassignment_v1,gtsrb/vgg16,gtsrb,vgg16,202,global_direction_shuffle,190,29,19,200,1.0,190,0.9949473684210528,0.6105263157894737,0.4447368421052632,0.004975124378109453,0.6105263157894737,0.16578947368421051,0.023443218369810618,0.12092105263157896,0.21578947368421053,0.4447368421052632,0.004975124378109453,0.0,0.16578947368421051,0.023443218369810618,0.12092105263157896,0.21578947368421053,0.11958660257367154,0.019441477562481754,0.0862041574326057,0.1659317382808762,0.06894736842105262,0.04478016478190692,0.0,0.15789473684210525,1.9000896741000872,0.14762821913749288,1.6474439331733692,2.1840618968575582,0.5170526315789473,0.025688524227917616,0.46828947368421053,0.5631578947368421
patch_reassignment_v1,gtsrb/vgg16,gtsrb,vgg16,202,global_magnitude_shuffle,190,29,19,200,1.0,190,0.9946315789473685,0.6105263157894737,0.06071052631578955,0.004975124378109453,0.6105263157894737,0.5498157894736841,0.015884603775955936,0.5210526315789473,0.584342105263158,0.06071052631578955,0.004975124378109453,0.0,0.5498157894736841,0.015884603775955936,0.5210526315789473,0.584342105263158,0.4059115257348016,0.019247574927745873,0.376414198827992,0.4484706624792832,0.6552631578947369,0.05256574830378468,0.5263157894736842,0.7368421052631579,5.250109390588292,0.08966006492918677,5.081997762433917,5.4366111861211355,0.6862368421052633,0.016064943509776164,0.6578947368421053,0.715921052631579
patch_reassignment_v1,gtsrb/vgg16,gtsrb,vgg16,202,within_true_class_shuffle,190,29,19,200,0.9789473684210527,186,0.8451052631578948,0.6105263157894737,0.036368421052631605,0.014925373134328358,0.6236559139784946,0.5865053763440861,0.015509518036621645,0.5591397849462365,0.6182795698924731,0.037150537634408565,0.014925373134328358,0.0,0.5741578947368421,0.01518300186742961,0.5473684210526316,0.6052631578947368,0.4155164696414696,0.015177651060277682,0.3910496711143262,0.4458690686707927,0.6489473684210526,0.04798141376076776,0.5789473684210527,0.7368421052631579,4.958940750528324,0.0439851104180673,4.8783610222939595,5.05797006166295,0.6991315789473684,0.014630987303448945,0.6684210526315789,0.7315789473684211
patch_reassignment_v1,gtsrb/vgg16,gtsrb,vgg16,202,within_failure_type_shuffle,190,29,19,200,0.7578947368421053,144,0.5757368421052632,0.6105263157894737,0.013894736842105293,0.13432835820895522,0.6944444444444444,0.6761111111111111,0.013011153809589294,0.6527777777777778,0.7013888888888888,0.018333333333333313,0.13432835820895522,0.0,0.5966315789473684,0.00986108499253084,0.5789473684210527,0.6157894736842106,0.429745482008413,0.011293884715101427,0.4089284278939451,0.4509263007107835,0.6473684210526315,0.0455802844097073,0.5789473684210527,0.7368421052631579,5.1785740211606015,8.881784197001252e-16,5.178574021160602,5.178574021160602,0.7233421052631579,0.00785212182626552,0.7105263157894737,0.7368421052631579
patch_reassignment_v1,gtsrb/vgg16,gtsrb,vgg16,303,original,190,30,17,1,1.0,190,0.0,0.5789473684210527,0.0,nan,0.5789473684210527,0.5789473684210527,0.0,0.5789473684210527,0.5789473684210527,0.0,nan,0.0,0.5789473684210527,0.0,0.5789473684210527,0.5789473684210527,0.4303071329541918,0.0,0.4303071329541918,0.4303071329541918,0.5294117647058824,0.0,0.5294117647058824,0.5294117647058824,5.409721068312463,0.0,5.409721068312463,5.409721068312463,0.6526315789473685,0.0,0.6526315789473685,0.6526315789473685
patch_reassignment_v1,gtsrb/vgg16,gtsrb,vgg16,303,global_effect_shuffle,190,30,17,200,1.0,190,0.9950526315789474,0.5789473684210527,0.43186842105263157,0.004975124378109453,0.5789473684210527,0.14707894736842106,0.020749111385037627,0.10513157894736842,0.18434210526315792,0.43186842105263157,0.004975124378109453,0.0,0.14707894736842106,0.020749111385037627,0.10513157894736842,0.18434210526315792,0.1077984229550406,0.020831423112223954,0.06486589282177517,0.1520522469088646,0.01588235294117647,0.027408230016992337,0.0,0.058823529411764705,1.526561702319666,0.14998974802030363,1.19979189402963,1.8091381761078773,0.4936052631578947,0.02322882379389119,0.44723684210526315,0.5368421052631579
patch_reassignment_v1,gtsrb/vgg16,gtsrb,vgg16,303,global_direction_shuffle,190,30,17,200,1.0,190,0.9949473684210527,0.5789473684210527,0.4285,0.004975124378109453,0.5789473684210527,0.15044736842105264,0.02279790472464071,0.10513157894736842,0.18947368421052632,0.4285,0.004975124378109453,0.0,0.15044736842105264,0.02279790472464071,0.10513157894736842,0.18947368421052632,0.11234586268850974,0.023761672580310315,0.07307025790114026,0.15923371495062671,0.015,0.026954723026319627,0.0,0.058823529411764705,1.699359779774017,0.16581197074967385,1.3594496169657309,1.991597908187712,0.49315789473684213,0.025098145300139714,0.4421052631578947,0.5421052631578948
patch_reassignment_v1,gtsrb/vgg16,gtsrb,vgg16,303,global_magnitude_shuffle,190,30,17,200,1.0,190,0.9945526315789474,0.5789473684210527,0.00034210526315792134,0.5671641791044776,0.5789473684210527,0.5786052631578947,0.016384215598423475,0.5473684210526316,0.6105263157894737,0.00034210526315792134,0.5671641791044776,0.0,0.5786052631578947,0.016384215598423475,0.5473684210526316,0.6105263157894737,0.45943605735223386,0.013936099041263058,0.4296007360014713,0.48517387813711343,0.58,0.051630842958803984,0.47058823529411764,0.6470588235294118,5.443880093646266,0.06981131899467931,5.317141712546772,5.576478509797261,0.6712894736842105,0.016774514867216605,0.6368421052631579,0.7052631578947368
patch_reassignment_v1,gtsrb/vgg16,gtsrb,vgg16,303,within_true_class_shuffle,190,30,17,200,0.968421052631579,184,0.8412368421052631,0.5789473684210527,0.013026315789473664,0.21393034825870647,0.592391304347826,0.5789402173913044,0.014265010293276937,0.5542119565217392,0.6086956521739131,0.01345108695652164,0.21393034825870647,0.0,0.565921052631579,0.01381453628401555,0.5419736842105264,0.5947368421052631,0.41364641513170924,0.014469272934887614,0.3875276097812863,0.4422641735987325,0.48970588235294116,0.05609479741988428,0.4117647058823529,0.5882352941176471,5.223036049662453,0.03597748704506353,5.1495965011025735,5.296659556093969,0.6594210526315788,0.013990400349491724,0.631578947368421,0.6894736842105263
patch_reassignment_v1,gtsrb/vgg16,gtsrb,vgg16,303,within_failure_type_shuffle,190,30,17,200,0.7684210526315789,146,0.5786052631578947,0.5789473684210527,0.01210526315789473,0.19900497512437812,0.6232876712328768,0.6075342465753425,0.013298964273251782,0.5821917808219178,0.6301369863013698,0.015753424657534265,0.19900497512437812,0.0,0.5668421052631579,0.010219204125761898,0.5473684210526316,0.5842105263157895,0.422128365234983,0.009221649371702967,0.40425762173556296,0.43871697542653426,0.4958823529411765,0.035053098624563725,0.4117647058823529,0.5294117647058824,5.409721068312463,0.0,5.409721068312463,5.409721068312463,0.6567894736842106,0.010768143228396313,0.6368421052631579,0.6738157894736843
patch_reassignment_v1,tt100k_signs/resnet50,tt100k_signs,resnet50,101,original,258,91,16,1,1.0,258,0.0,0.42248062015503873,0.0,nan,0.42248062015503873,0.42248062015503873,0.0,0.42248062015503873,0.42248062015503873,0.0,nan,0.0,0.42248062015503873,0.0,0.42248062015503873,0.42248062015503873,0.30191603268526346,0.0,0.30191603268526346,0.30191603268526346,0.5625,0.0,0.5625,0.5625,4.888706566635952,0.0,4.888706566635952,4.888706566635952,0.6124031007751938,0.0,0.6124031007751938,0.6124031007751938
patch_reassignment_v1,tt100k_signs/resnet50,tt100k_signs,resnet50,101,global_effect_shuffle,258,91,16,200,1.0,258,0.9962984496124031,0.42248062015503873,0.3117441860465116,0.004975124378109453,0.42248062015503873,0.11073643410852713,0.014868320116689787,0.08527131782945736,0.13953488372093023,0.3117441860465116,0.004975124378109453,0.0,0.11073643410852713,0.014868320116689787,0.08527131782945736,0.13953488372093023,0.12288946035649331,0.02341196463457174,0.07741000528775253,0.16524918991265147,0.0459375,0.045705194931758036,0.0,0.125,0.6601343500521395,0.11463429182121934,0.44688950837337116,0.8934209476198005,0.2460077519379845,0.022245191992717458,0.20155038759689922,0.2869186046511628
patch_reassignment_v1,tt100k_signs/resnet50,tt100k_signs,resnet50,101,global_direction_shuffle,258,91,16,200,1.0,258,0.9959496124031009,0.42248062015503873,0.3172480620155039,0.004975124378109453,0.42248062015503873,0.10523255813953486,0.01611093497683405,0.07732558139534884,0.13575581395348837,0.3172480620155039,0.004975124378109453,0.0,0.10523255813953486,0.01611093497683405,0.07732558139534884,0.13575581395348837,0.11525354681948087,0.021868687499716405,0.07413042314828029,0.15787653280785152,0.0646875,0.04936214231321408,0.0,0.125,0.7325279838383173,0.1308376026420474,0.4806986428574386,0.9661259007077084,0.2719767441860465,0.02222897785060472,0.22868217054263565,0.31017441860465117
patch_reassignment_v1,tt100k_signs/resnet50,tt100k_signs,resnet50,101,global_magnitude_shuffle,258,91,16,200,1.0,258,0.9961240310077519,0.42248062015503873,0.04430232558139541,0.009950248756218905,0.42248062015503873,0.3781782945736433,0.01496400143216537,0.35261627906976745,0.4069767441860465,0.04430232558139541,0.009950248756218905,0.0,0.3781782945736433,0.01496400143216537,0.35261627906976745,0.4069767441860465,0.25077909041507945,0.015294898873024003,0.22122540463199805,0.28146736962671026,0.52125,0.05428512687652116,0.4375,0.625,5.136090606619565,0.10679963733223577,4.945779317599447,5.357322019033927,0.5739728682170544,0.015932908260926592,0.5426356589147286,0.6046511627906976
patch_reassignment_v1,tt100k_signs/resnet50,tt100k_signs,resnet50,101,within_true_class_shuffle,258,91,16,200,0.8294573643410853,214,0.6475193798449613,0.42248062015503873,0.05381782945736435,0.004975124378109453,0.46261682242990654,0.39773364485981305,0.014228780134673666,0.37371495327102805,0.42990654205607476,0.06488317757009349,0.004975124378109453,0.0,0.3686627906976744,0.011802166468295211,0.3487403100775194,0.3953488372093023,0.27744508101788323,0.00640082598339906,0.26562474613298787,0.28973984120275326,0.4496875,0.04406028363220101,0.375,0.5,4.500102768331087,0.039074954802245536,4.4268931098636095,4.575972358369839,0.550639534883721,0.013725952197065345,0.5270348837209303,0.5813953488372093
patch_reassignment_v1,tt100k_signs/resnet50,tt100k_signs,resnet50,101,within_failure_type_shuffle,258,91,16,200,0.5930232558139535,153,0.42691860465116277,0.42248062015503873,0.015542635658914783,0.10945273631840796,0.5098039215686274,0.48359477124183015,0.017131041883378884,0.4508169934640523,0.5163398692810458,0.02620915032679727,0.10945273631840796,0.0,0.40693798449612395,0.010159106233166551,0.3875,0.4263565891472868,0.2953900559147812,0.004889048855134461,0.2861986914184716,0.30438958934838056,0.47375,0.06261239893184097,0.375,0.5625,4.888706566635952,0.0,4.888706566635952,4.888706566635952,0.5965891472868219,0.010161841617472184,0.5775193798449613,0.6162790697674418
patch_reassignment_v1,tt100k_signs/resnet50,tt100k_signs,resnet50,202,original,258,92,13,1,1.0,258,0.0,0.3875968992248062,0.0,nan,0.3875968992248062,0.3875968992248062,0.0,0.3875968992248062,0.3875968992248062,0.0,nan,0.0,0.3875968992248062,0.0,0.3875968992248062,0.3875968992248062,0.2685300207039337,0.0,0.2685300207039337,0.2685300207039337,0.5384615384615384,0.0,0.5384615384615384,0.5384615384615384,4.807522732778922,0.0,4.807522732778922,4.807522732778922,0.5542635658914729,0.0,0.5542635658914729,0.5542635658914729
patch_reassignment_v1,tt100k_signs/resnet50,tt100k_signs,resnet50,202,global_effect_shuffle,258,92,13,200,1.0,258,0.9962209302325582,0.3875968992248062,0.28781007751937987,0.004975124378109453,0.3875968992248062,0.09978682170542637,0.015362717375228015,0.07364341085271318,0.13187984496124033,0.28781007751937987,0.004975124378109453,0.0,0.09978682170542637,0.015362717375228015,0.07364341085271318,0.13187984496124033,0.10340064268461006,0.021084768621851775,0.06937758799171843,0.14688837129054522,0.005769230769230769,0.020260872601639883,0.0,0.07692307692307693,0.7185748398339362,0.10724025720948782,0.5144051955068888,0.9328212669213095,0.22988372093023254,0.021298052842090787,0.18982558139534883,0.27141472868217054
patch_reassignment_v1,tt100k_signs/resnet50,tt100k_signs,resnet50,202,global_direction_shuffle,258,92,13,200,1.0,258,0.9964147286821705,0.3875968992248062,0.2940503875968992,0.004975124378109453,0.3875968992248062,0.09354651162790699,0.016138547710131044,0.05813953488372093,0.12790697674418605,0.2940503875968992,0.004975124378109453,0.0,0.09354651162790699,0.016138547710131044,0.05813953488372093,0.12790697674418605,0.09621933229813666,0.019876133034092854,0.055029977570738436,0.13893525707384405,0.011538461538461539,0.027467032417472496,0.0,0.07692307692307693,0.7778841805680321,0.120397867375502,0.546224179767286,1.0125497337547706,0.25046511627906975,0.020290836498048016,0.2131782945736434,0.2869186046511628
patch_reassignment_v1,tt100k_signs/resnet50,tt100k_signs,resnet50,202,global_magnitude_shuffle,258,92,13,200,1.0,258,0.9966085271317832,0.3875968992248062,0.014786821705426445,0.19402985074626866,0.3875968992248062,0.3728100775193798,0.014077173078245766,0.3449612403100775,0.40310077519379844,0.014786821705426445,0.19402985074626866,0.0,0.3728100775193798,0.014077173078245766,0.3449612403100775,0.40310077519379844,0.24083930728088332,0.015314359969725817,0.21454753278122837,0.2687996031746031,0.5565384615384615,0.0683609892560882,0.46153846153846156,0.6923076923076923,4.862271911464835,0.0843295858259269,4.716313554821876,5.01986648066238,0.5477519379844962,0.015292944981787272,0.5193798449612403,0.5775193798449613
patch_reassignment_v1,tt100k_signs/resnet50,tt100k_signs,resnet50,202,within_true_class_shuffle,258,92,13,200,0.810077519379845,209,0.6412015503875971,0.3875968992248062,0.037848837209302266,0.004975124378109453,0.44019138755980863,0.39346889952153113,0.01357517961964213,0.3684210526315789,0.42105263157894735,0.0467224880382775,0.004975124378109453,0.0,0.34974806201550396,0.010996947831415523,0.32945736434108525,0.37209302325581395,0.2573536059351277,0.00869113055001969,0.24152669944789507,0.27441036922015183,0.5465384615384614,0.05460861279794587,0.46153846153846156,0.6173076923076928,4.501274438516648,0.03371670199682776,4.43829209892054,4.580434780933194,0.5156976744186047,0.013193960137104905,0.49224806201550386,0.5426356589147286
patch_reassignment_v1,tt100k_signs/resnet50,tt100k_signs,resnet50,202,within_failure_type_shuffle,258,92,13,200,0.5930232558139535,153,0.44587209302325576,0.3875968992248062,0.005503875968992322,0.38308457711442784,0.48366013071895425,0.4743790849673203,0.016357637398220302,0.43790849673202614,0.5032679738562091,0.009281045751633965,0.38308457711442784,0.0,0.3820930232558139,0.009700459387316687,0.36046511627906974,0.3992248062015504,0.269759273636991,0.006211532188802597,0.2568072808833678,0.2807718685300207,0.5753846153846154,0.05754339756696938,0.46153846153846156,0.6923076923076923,4.807522732778922,0.0,4.807522732778922,4.807522732778922,0.556937984496124,0.010198955278886295,0.5386627906976744,0.5737403100775195
patch_reassignment_v1,tt100k_signs/resnet50,tt100k_signs,resnet50,303,original,258,89,14,1,1.0,258,0.0,0.3488372093023256,0.0,nan,0.3488372093023256,0.3488372093023256,0.0,0.3488372093023256,0.3488372093023256,0.0,nan,0.0,0.3488372093023256,0.0,0.3488372093023256,0.3488372093023256,0.2679944752317522,0.0,0.2679944752317522,0.2679944752317522,0.42857142857142855,0.0,0.42857142857142855,0.42857142857142855,4.327965837618148,0.0,4.327965837618148,4.327965837618148,0.5387596899224806,0.0,0.5387596899224806,0.5387596899224806
patch_reassignment_v1,tt100k_signs/resnet50,tt100k_signs,resnet50,303,global_effect_shuffle,258,89,14,200,1.0,258,0.996046511627907,0.3488372093023256,0.24972868217054267,0.004975124378109453,0.3488372093023256,0.09910852713178293,0.013831888321816463,0.06976744186046512,0.12790697674418605,0.24972868217054267,0.004975124378109453,0.0,0.09910852713178293,0.013831888321816463,0.06976744186046512,0.12790697674418605,0.11164855773770181,0.0190720712099411,0.07250219253647872,0.1463298634060366,0.03035714285714285,0.036726721073577016,0.0,0.07142857142857142,0.5779341345972945,0.09709354873223287,0.40188336026053445,0.7797637159134762,0.2176937984496124,0.022345818441641678,0.17054263565891473,0.26356589147286824
patch_reassignment_v1,tt100k_signs/resnet50,tt100k_signs,resnet50,303,global_direction_shuffle,258,89,14,200,1.0,258,0.9960077519379845,0.3488372093023256,0.251453488372093,0.004975124378109453,0.3488372093023256,0.09738372093023256,0.013302749649914576,0.07364341085271318,0.12025193798449615,0.251453488372093,0.004975124378109453,0.0,0.09738372093023256,0.013302749649914576,0.07364341085271318,0.12025193798449615,0.10345828461030045,0.02017784760808565,0.06105032030098123,0.14027688452217535,0.02321428571428571,0.03494711748353736,0.0,0.07142857142857142,0.6411940244132117,0.11933449469090128,0.4060242213807291,0.8909108410254315,0.24145348837209302,0.020603965419845136,0.2054263565891473,0.27906976744186046
patch_reassignment_v1,tt100k_signs/resnet50,tt100k_signs,resnet50,303,global_magnitude_shuffle,258,89,14,200,1.0,258,0.9961821705426357,0.3488372093023256,0.02461240310077517,0.024875621890547265,0.3488372093023256,0.3242248062015504,0.012700823548690652,0.29844961240310075,0.3449612403100775,0.02461240310077517,0.024875621890547265,0.0,0.3242248062015504,0.012700823548690652,0.29844961240310075,0.3449612403100775,0.25008085592346996,0.01387735454423155,0.2259453604979877,0.28086355220567055,0.4182142857142857,0.04065628701036762,0.35714285714285715,0.5,4.368512212700489,0.10549125840372123,4.147469401213607,4.550146067722419,0.515562015503876,0.01430688095770061,0.4883720930232558,0.5426356589147286
patch_reassignment_v1,tt100k_signs/resnet50,tt100k_signs,resnet50,303,within_true_class_shuffle,258,89,14,200,0.8410852713178295,217,0.6559108527131784,0.3488372093023256,0.0450968992248062,0.004975124378109453,0.3824884792626728,0.32887096774193547,0.013068213620254962,0.30414746543778803,0.3548387096774194,0.05361751152073735,0.004975124378109453,0.0,0.3037403100775194,0.010991481998431496,0.28294573643410853,0.32558139534883723,0.25302526818852,0.006272772004178027,0.24032953717355562,0.26598647194400665,0.3507142857142857,0.03989143430126629,0.2857142857142857,0.42857142857142855,4.026187536524565,0.035463289985849356,3.954288082466598,4.096151038742256,0.49686046511627907,0.014551102062720525,0.4689922480620155,0.5232558139534884
patch_reassignment_v1,tt100k_signs/resnet50,tt100k_signs,resnet50,303,within_failure_type_shuffle,258,89,14,200,0.624031007751938,161,0.4542635658914728,0.3488372093023256,0.010290697674418592,0.13432835820895522,0.38509316770186336,0.3686024844720497,0.012180843191617037,0.3416149068322981,0.391304347826087,0.016490683229813674,0.13432835820895522,0.0,0.338546511627907,0.007601223852133119,0.32170542635658916,0.35271317829457366,0.2666955763722948,0.0028695571283847312,0.26111193375362246,0.272425940990052,0.3689285714285714,0.04390243124688831,0.2857142857142857,0.42857142857142855,4.327965837618149,8.881784197001252e-16,4.327965837618148,4.327965837618148,0.530484496124031,0.008962439734918316,0.5116279069767442,0.5503875968992248
patch_reassignment_v1,tt100k_signs/convnext_tiny,tt100k_signs,convnext_tiny,101,original,218,87,11,1,1.0,218,0.0,0.25229357798165136,0.0,nan,0.25229357798165136,0.25229357798165136,0.0,0.25229357798165136,0.25229357798165136,0.0,nan,0.0,0.25229357798165136,0.0,0.25229357798165136,0.25229357798165136,0.23085124104614357,0.0,0.23085124104614357,0.23085124104614357,0.2727272727272727,0.0,0.2727272727272727,0.2727272727272727,3.395709486832039,0.0,3.395709486832039,3.395709486832039,0.3073394495412844,0.0,0.3073394495412844,0.3073394495412844
patch_reassignment_v1,tt100k_signs/convnext_tiny,tt100k_signs,convnext_tiny,101,global_effect_shuffle,218,87,11,200,1.0,218,0.9958486238532109,0.25229357798165136,0.1882110091743119,0.004975124378109453,0.25229357798165136,0.06408256880733945,0.01294122795024479,0.04116972477064221,0.09174311926605505,0.1882110091743119,0.004975124378109453,0.0,0.06408256880733945,0.01294122795024479,0.04116972477064221,0.09174311926605505,0.0802851490921206,0.0200895367921237,0.03822432533733134,0.12258974679327003,0.003181818181818182,0.016707250863171912,0.0,0.09090909090909091,0.6901417406206608,0.08727323454934031,0.5211415460150595,0.8580123908399635,0.12389908256880734,0.01714510523293348,0.09174311926605505,0.15607798165137618
patch_reassignment_v1,tt100k_signs/convnext_tiny,tt100k_signs,convnext_tiny,101,global_direction_shuffle,218,87,11,200,1.0,218,0.9952752293577981,0.25229357798165136,0.1941743119266055,0.004975124378109453,0.25229357798165136,0.058119266055045866,0.013327326242688701,0.03211009174311927,0.08256880733944955,0.1941743119266055,0.004975124378109453,0.0,0.058119266055045866,0.013327326242688701,0.03211009174311927,0.08256880733944955,0.0631827836081959,0.01799288941690762,0.028995189905047476,0.09906723721472598,0.005,0.020725478391232722,0.0,0.09090909090909091,0.7878912811250494,0.1208482497176208,0.5628022552995501,1.0077815752330557,0.17112385321100917,0.02152641155053273,0.13291284403669726,0.21559633027522937
patch_reassignment_v1,tt100k_signs/convnext_tiny,tt100k_signs,convnext_tiny,101,global_magnitude_shuffle,218,87,11,200,1.0,218,0.9950688073394494,0.25229357798165136,-0.00873853211009179,0.7860696517412935,0.25229357798165136,0.26103211009174315,0.014452071279892755,0.23394495412844038,0.2889908256880734,-0.00873853211009179,0.7860696517412935,0.0,0.26103211009174315,0.014452071279892755,0.23394495412844038,0.2889908256880734,0.21628383508462215,0.016167757273598315,0.1878488218012206,0.24691238796186324,0.35590909090909095,0.04143849370248126,0.2727272727272727,0.45454545454545453,3.376021745658721,0.11724659054771333,3.1576863014156413,3.588769706410984,0.34977064220183485,0.016268243693858105,0.3165137614678899,0.38073394495412843
patch_reassignment_v1,tt100k_signs/convnext_tiny,tt100k_signs,convnext_tiny,101,within_true_class_shuffle,218,87,11,200,0.7935779816513762,173,0.5998165137614679,0.25229357798165136,0.0043348623853210755,0.43781094527363185,0.27167630057803466,0.26621387283236997,0.01420834058207695,0.23699421965317918,0.2947976878612717,0.005462427745664689,0.43781094527363185,0.0,0.2479587155963303,0.011275426241739953,0.22477064220183487,0.2706422018348624,0.22957996001999,0.008749468828558503,0.21354531067799432,0.2475317549558554,0.27272727272727265,5.551115123125783e-17,0.2727272727272727,0.2727272727272727,3.1700354441446077,0.032303884358915284,3.1119212740066744,3.22807212878967,0.3118348623853211,0.012662212362669765,0.2889908256880734,0.3348623853211009
patch_reassignment_v1,tt100k_signs/convnext_tiny,tt100k_signs,convnext_tiny,101,within_failure_type_shuffle,218,87,11,200,0.6559633027522935,143,0.46509174311926604,0.25229357798165136,-0.007912844036697286,0.9253731343283582,0.2937062937062937,0.3057692307692308,0.01118744528375955,0.2867132867132867,0.32867132867132864,-0.012062937062937096,0.9253731343283582,0.0,0.26020642201834865,0.0073385535576954855,0.24770642201834864,0.27522935779816515,0.23398725637181406,0.006548315277376298,0.22080314009661836,0.24670945777111447,0.27272727272727265,5.551115123125783e-17,0.2727272727272727,0.2727272727272727,3.395709486832039,0.0,3.395709486832039,3.395709486832039,0.33013761467889907,0.008407269570707396,0.3119266055045872,0.3440366972477064
patch_reassignment_v1,tt100k_signs/convnext_tiny,tt100k_signs,convnext_tiny,202,original,217,85,9,1,1.0,217,0.0,0.35023041474654376,0.0,nan,0.35023041474654376,0.35023041474654376,0.0,0.35023041474654376,0.35023041474654376,0.0,nan,0.0,0.35023041474654376,0.0,0.35023041474654376,0.35023041474654376,0.2921572218631042,0.0,0.2921572218631042,0.2921572218631042,0.3333333333333333,0.0,0.3333333333333333,0.3333333333333333,4.0714901353357025,0.0,4.0714901353357025,4.0714901353357025,0.4377880184331797,0.0,0.4377880184331797,0.4377880184331797
patch_reassignment_v1,tt100k_signs/convnext_tiny,tt100k_signs,convnext_tiny,202,global_effect_shuffle,217,85,9,200,1.0,217,0.9955990783410139,0.35023041474654376,0.2647465437788018,0.004975124378109453,0.35023041474654376,0.08548387096774196,0.014036400378357633,0.0597926267281106,0.1152073732718894,0.2647465437788018,0.004975124378109453,0.0,0.08548387096774196,0.014036400378357633,0.0597926267281106,0.1152073732718894,0.10513091018458665,0.02039200385487434,0.06680602240896358,0.14019250969618616,0.0,0.0,0.0,0.0,0.8049960625992898,0.09976362633097477,0.6212755631470906,0.9899921177723338,0.15912442396313364,0.019337879337418994,0.11981566820276497,0.1936635944700461
patch_reassignment_v1,tt100k_signs/convnext_tiny,tt100k_signs,convnext_tiny,202,global_direction_shuffle,217,85,9,200,1.0,217,0.9958064516129034,0.35023041474654376,0.2738479262672811,0.004975124378109453,0.35023041474654376,0.07638248847926267,0.014942800466378277,0.05069124423963134,0.10599078341013825,0.2738479262672811,0.004975124378109453,0.0,0.07638248847926267,0.014942800466378277,0.05069124423963134,0.10599078341013825,0.08799602546146663,0.019807361187357854,0.050357250592544714,0.1274174073475544,0.0,0.0,0.0,0.0,0.9217652214556794,0.11714434132583557,0.6944337635547129,1.1628998778725763,0.21195852534562212,0.023459333175183672,0.16589861751152074,0.25817972350230417
patch_reassignment_v1,tt100k_signs/convnext_tiny,tt100k_signs,convnext_tiny,202,global_magnitude_shuffle,217,85,9,200,1.0,217,0.995483870967742,0.35023041474654376,-0.008271889400921717,0.7761194029850746,0.35023041474654376,0.3585023041474655,0.015892254787709174,0.32707373271889406,0.3870967741935484,-0.008271889400921717,0.7761194029850746,0.0,0.3585023041474655,0.015892254787709174,0.32707373271889406,0.3870967741935484,0.285100987574517,0.015660804343393148,0.25408094968756734,0.31593105832076424,0.4916666666666667,0.07571673983577229,0.3333333333333333,0.6666666666666666,4.273914629811952,0.11324410516762015,4.065827282609193,4.486920771516716,0.4590783410138249,0.017134927059332145,0.4238479262672811,0.4930875576036866
patch_reassignment_v1,tt100k_signs/convnext_tiny,tt100k_signs,convnext_tiny,202,within_true_class_shuffle,217,85,9,200,0.7880184331797235,171,0.61,0.35023041474654376,0.008341013824884835,0.3034825870646766,0.391812865497076,0.38122807017543864,0.012817427476367162,0.3567251461988304,0.40365497076023393,0.010584795321637364,0.3034825870646766,0.0,0.3418894009216589,0.010100369117321586,0.3225806451612903,0.35956221198156685,0.2967416900093371,0.006075109172700713,0.2862358821733822,0.30840084751849456,0.2972222222222223,0.07851830013945872,0.2222222222222222,0.4444444444444444,3.837504475170292,0.025494837158042984,3.791285908051492,3.887115605408326,0.4297695852534562,0.01209833213579665,0.41013824884792627,0.45161290322580644
patch_reassignment_v1,tt100k_signs/convnext_tiny,tt100k_signs,convnext_tiny,202,within_failure_type_shuffle,217,85,9,200,0.6221198156682027,135,0.4569354838709678,0.35023041474654376,-0.0024193548387096975,0.7661691542288557,0.4222222222222222,0.42611111111111116,0.009541980020732045,0.4074074074074074,0.4444444444444444,-0.0038888888888889417,0.7661691542288557,0.0,0.35264976958525346,0.00593625485160749,0.34101382488479265,0.3640552995391705,0.29579787671478847,0.0035670078903916537,0.2902894087122028,0.3022590138619551,0.28166666666666673,0.07275657027731941,0.2222222222222222,0.4444444444444444,4.071490135335702,8.881784197001252e-16,4.0714901353357025,4.0714901353357025,0.44905529953917045,0.008303854646862499,0.43767281105990785,0.46543778801843316
patch_reassignment_v1,tt100k_signs/convnext_tiny,tt100k_signs,convnext_tiny,303,original,218,84,9,1,1.0,218,0.0,0.3532110091743119,0.0,nan,0.3532110091743119,0.3532110091743119,0.0,0.3532110091743119,0.3532110091743119,0.0,nan,0.0,0.3532110091743119,0.0,0.3532110091743119,0.3532110091743119,0.2969364699627858,0.0,0.2969364699627858,0.2969364699627858,0.3333333333333333,0.0,0.3333333333333333,0.3333333333333333,4.180302982688497,0.0,4.180302982688497,4.180302982688497,0.45871559633027525,0.0,0.45871559633027525,0.45871559633027525
patch_reassignment_v1,tt100k_signs/convnext_tiny,tt100k_signs,convnext_tiny,303,global_effect_shuffle,218,84,9,200,1.0,218,0.9954587155963303,0.3532110091743119,0.2833715596330275,0.004975124378109453,0.3532110091743119,0.06983944954128442,0.01295364031489317,0.04128440366972477,0.0963302752293578,0.2833715596330275,0.004975124378109453,0.0,0.06983944954128442,0.01295364031489317,0.04128440366972477,0.0963302752293578,0.08694726874003188,0.0194657358038925,0.04858991702741703,0.12485152274625959,0.0,0.0,0.0,0.0,0.8334696810943484,0.0831980095388991,0.676214734063518,1.0031790429642937,0.1369954128440367,0.016714362007418673,0.10550458715596331,0.16983944954128444
patch_reassignment_v1,tt100k_signs/convnext_tiny,tt100k_signs,convnext_tiny,303,global_direction_shuffle,218,84,9,200,1.0,218,0.9952752293577981,0.3532110091743119,0.28628440366972474,0.004975124378109453,0.3532110091743119,0.06692660550458716,0.013430186832544093,0.04128440366972477,0.09185779816513764,0.28628440366972474,0.004975124378109453,0.0,0.06692660550458716,0.013430186832544093,0.04128440366972477,0.09185779816513764,0.07642951127819549,0.018537143850792602,0.04322646103896103,0.11297279657477026,0.0,0.0,0.0,0.0,1.0162163527093404,0.1069705441549937,0.7989749063891475,1.2160169566274304,0.19738532110091744,0.01934730573504885,0.1559633027522936,0.23405963302752297
patch_reassignment_v1,tt100k_signs/convnext_tiny,tt100k_signs,convnext_tiny,303,global_magnitude_shuffle,218,84,9,200,1.0,218,0.9953669724770643,0.3532110091743119,-0.01727064220183483,0.8905472636815921,0.3532110091743119,0.37048165137614675,0.015616403030116237,0.3394495412844037,0.39908256880733944,-0.01727064220183483,0.8905472636815921,0.0,0.37048165137614675,0.015616403030116237,0.3394495412844037,0.39908256880733944,0.2989442957140326,0.016341044961823842,0.27042314593301436,0.3278860978203084,0.433888888888889,0.032579437580879445,0.3333333333333333,0.4444444444444444,4.385784196188495,0.11416557179091677,4.1742268373241815,4.608066565647162,0.46862385321100924,0.01776858413814166,0.43119266055045874,0.5
patch_reassignment_v1,tt100k_signs/convnext_tiny,tt100k_signs,convnext_tiny,303,within_true_class_shuffle,218,84,9,200,0.7889908256880734,172,0.6123853211009174,0.3532110091743119,0.009380733944954145,0.22388059701492538,0.38953488372093026,0.37764534883720935,0.01160313495011727,0.36031976744186045,0.4011627906976744,0.01188953488372091,0.22388059701492538,0.0,0.3438302752293578,0.009154767024863163,0.3301605504587156,0.3623853211009174,0.28853035524417103,0.0065904705724841904,0.27509889781271357,0.3000556077694235,0.33333333333333326,5.551115123125783e-17,0.3333333333333333,0.3333333333333333,4.03754131011541,0.022078204702033463,3.9985566339859258,4.07933031375159,0.445091743119266,0.00896445768337985,0.42660550458715596,0.463302752293578
patch_reassignment_v1,tt100k_signs/convnext_tiny,tt100k_signs,convnext_tiny,303,within_failure_type_shuffle,218,84,9,200,0.6422018348623854,140,0.4804816513761468,0.3532110091743119,-0.006811926605504615,0.945273631840796,0.42142857142857143,0.4320357142857143,0.008600471629213013,0.4142857142857143,0.45,-0.01060714285714287,0.945273631840796,0.0,0.36002293577981653,0.005523238660962485,0.3486238532110092,0.37155963302752293,0.3009985190248348,0.004133288894831265,0.2929560406698564,0.30705551758183336,0.33333333333333326,5.551115123125783e-17,0.3333333333333333,0.3333333333333333,4.180302982688496,8.881784197001252e-16,4.180302982688497,4.180302982688497,0.4642431192660551,0.00612514160243346,0.4541284403669725,0.47706422018348627
patch_reassignment_v1,tt100k_signs/densenet121,tt100k_signs,densenet121,101,original,312,92,19,1,1.0,312,0.0,0.5256410256410257,0.0,nan,0.5256410256410257,0.5256410256410257,0.0,0.5256410256410257,0.5256410256410257,0.0,nan,0.0,0.5256410256410257,0.0,0.5256410256410257,0.5256410256410257,0.3367319448037785,0.0,0.3367319448037785,0.3367319448037785,0.631578947368421,0.0,0.631578947368421,0.631578947368421,4.985584926173592,0.0,4.985584926173592,4.985584926173592,0.6057692307692307,0.0,0.6057692307692307,0.6057692307692307
patch_reassignment_v1,tt100k_signs/densenet121,tt100k_signs,densenet121,101,global_effect_shuffle,312,92,19,200,1.0,312,0.9967147435897437,0.5256410256410257,0.4364262820512821,0.004975124378109453,0.5256410256410257,0.0892147435897436,0.012978899437984014,0.060897435897435896,0.11217948717948718,0.4364262820512821,0.004975124378109453,0.0,0.0892147435897436,0.012978899437984014,0.060897435897435896,0.11217948717948718,0.09815103751268683,0.018112916117780816,0.0649740333049643,0.13338919832268128,0.01131578947368421,0.02162222873857523,0.0,0.05263157894736842,0.8800137783701305,0.08241394795598803,0.7218234414184013,1.0237608284390987,0.1860416666666667,0.01610013934003595,0.15376602564102565,0.21794871794871795
patch_reassignment_v1,tt100k_signs/densenet121,tt100k_signs,densenet121,101,global_direction_shuffle,312,92,19,200,1.0,312,0.9973717948717951,0.5256410256410257,0.43676282051282056,0.004975124378109453,0.5256410256410257,0.08887820512820511,0.013664939215885045,0.060897435897435896,0.1122596153846154,0.43676282051282056,0.004975124378109453,0.0,0.08887820512820511,0.013664939215885045,0.060897435897435896,0.1122596153846154,0.0939900339958823,0.018743699631934743,0.053132759968712244,0.12796441110742862,0.011052631578947368,0.022692695934010628,0.0,0.05263157894736842,1.0026382032527037,0.10182319226848734,0.7953841352952133,1.2164161877461102,0.2251121794871795,0.018523249501833264,0.1921474358974359,0.26290064102564104
patch_reassignment_v1,tt100k_signs/densenet121,tt100k_signs,densenet121,101,global_magnitude_shuffle,312,92,19,200,1.0,312,0.9970993589743591,0.5256410256410257,0.07032051282051283,0.004975124378109453,0.5256410256410257,0.45532051282051283,0.013814214111037532,0.42940705128205126,0.4840544871794872,0.07032051282051283,0.004975124378109453,0.0,0.45532051282051283,0.013814214111037532,0.42940705128205126,0.4840544871794872,0.2892611081892273,0.012784484841969857,0.2636236646872871,0.3138749161991128,0.5986842105263158,0.048363094603918695,0.525,0.6842105263157895,5.13989420135655,0.08289238597147325,4.996846785648714,5.29665429840168,0.565,0.013106427249253462,0.5416666666666666,0.589823717948718
patch_reassignment_v1,tt100k_signs/densenet121,tt100k_signs,densenet121,101,within_true_class_shuffle,312,92,19,200,0.8365384615384616,261,0.7041346153846153,0.5256410256410257,0.032644230769230786,0.004975124378109453,0.5862068965517241,0.547183908045977,0.011828334594242403,0.5248084291187739,0.5671455938697318,0.039022988505747036,0.004975124378109453,0.0,0.4929967948717949,0.00989485682402971,0.47427884615384613,0.5096955128205128,0.32015854837506535,0.005525312015335941,0.31108786184672294,0.33131318872132903,0.5928947368421054,0.036265220321764886,0.5263157894736842,0.6842105263157895,4.760883347471544,0.022850457437679366,4.719228644192649,4.808148922292718,0.5910897435897435,0.011777963075217352,0.5705128205128205,0.6154647435897437
patch_reassignment_v1,tt100k_signs/densenet121,tt100k_signs,densenet121,101,within_failure_type_shuffle,312,92,19,200,0.7211538461538461,225,0.5484775641025641,0.5256410256410257,0.014679487179487194,0.05472636815920398,0.64,0.6196444444444444,0.011246815735910805,0.5998888888888889,0.6444444444444445,0.02035555555555557,0.05472636815920398,0.0,0.5109615384615385,0.00811068442493569,0.4967147435897436,0.5288461538461539,0.32778813680018787,0.005241222061853171,0.31680495150721993,0.3371202747709127,0.6507894736842106,0.047420293235347195,0.5789473684210527,0.7368421052631579,4.985584926173593,8.881784197001252e-16,4.985584926173592,4.985584926173592,0.6059935897435897,0.00838562244011063,0.5897435897435898,0.6217948717948718
patch_reassignment_v1,tt100k_signs/densenet121,tt100k_signs,densenet121,202,original,312,82,20,1,1.0,312,0.0,0.532051282051282,0.0,nan,0.532051282051282,0.532051282051282,0.0,0.532051282051282,0.532051282051282,0.0,nan,0.0,0.532051282051282,0.0,0.532051282051282,0.532051282051282,0.34897027092149047,0.0,0.34897027092149047,0.34897027092149047,0.65,0.0,0.65,0.65,5.1734421388992375,0.0,5.1734421388992375,5.1734421388992375,0.6314102564102564,0.0,0.6314102564102564,0.6314102564102564
patch_reassignment_v1,tt100k_signs/densenet121,tt100k_signs,densenet121,202,global_effect_shuffle,312,82,20,200,1.0,312,0.9965384615384616,0.532051282051282,0.4405448717948718,0.004975124378109453,0.532051282051282,0.09150641025641025,0.013788571802775271,0.0641025641025641,0.11538461538461539,0.4405448717948718,0.004975124378109453,0.0,0.09150641025641025,0.013788571802775271,0.0641025641025641,0.11538461538461539,0.09983261978536369,0.022933404476571814,0.05638561133987963,0.14188321586949637,0.00375,0.013169567191065925,0.0,0.05,0.8819085062186468,0.09642345959578871,0.7269061191711956,1.0760347632864395,0.20823717948717949,0.019026452009462406,0.17307692307692307,0.2467948717948718
patch_reassignment_v1,tt100k_signs/densenet121,tt100k_signs,densenet121,202,global_direction_shuffle,312,82,20,200,1.0,312,0.9970673076923078,0.532051282051282,0.4441826923076923,0.004975124378109453,0.532051282051282,0.08786858974358974,0.013169440433244925,0.06402243589743589,0.11217948717948718,0.4441826923076923,0.004975124378109453,0.0,0.08786858974358974,0.013169440433244925,0.06402243589743589,0.11217948717948718,0.10168280449225571,0.023257231696101062,0.058364371062541796,0.14267266524126285,0.0015000000000000002,0.008529361054615991,0.0,0.05,0.9794550152919715,0.11752767645181716,0.771680211084514,1.2052639007106194,0.25379807692307693,0.01925233166160099,0.21474358974358973,0.28854166666666664
patch_reassignment_v1,tt100k_signs/densenet121,tt100k_signs,densenet121,202,global_magnitude_shuffle,312,82,20,200,1.0,312,0.9966506410256412,0.532051282051282,0.053621794871794914,0.004975124378109453,0.532051282051282,0.47842948717948713,0.013010254578393492,0.4519230769230769,0.5032051282051282,0.053621794871794914,0.004975124378109453,0.0,0.47842948717948713,0.013010254578393492,0.4519230769230769,0.5032051282051282,0.3156713716500302,0.014708324285242455,0.2869751902907391,0.34384547870828364,0.6082500000000001,0.05044241766608733,0.5,0.7,5.528899119889794,0.07814709166071993,5.39567700853782,5.691269040886145,0.6047275641025641,0.013963245036501202,0.5769230769230769,0.6314102564102564
patch_reassignment_v1,tt100k_signs/densenet121,tt100k_signs,densenet121,202,within_true_class_shuffle,312,82,20,200,0.8717948717948718,272,0.7356730769230769,0.532051282051282,0.05458333333333337,0.004975124378109453,0.5735294117647058,0.5109191176470589,0.012059215829343347,0.48887867647058825,0.5331801470588236,0.06261029411764696,0.004975124378109453,0.0,0.4774679487179487,0.01051316251788907,0.4582532051282051,0.496875,0.3289171223424272,0.006804435309543275,0.31506258984917523,0.34055294976026684,0.5152500000000001,0.05272511261249235,0.45,0.6,4.8598928017097,0.02528330645102464,4.814478782585893,4.907299751720618,0.5922916666666667,0.01250122240899919,0.5673076923076923,0.6154647435897437
patch_reassignment_v1,tt100k_signs/densenet121,tt100k_signs,densenet121,202,within_failure_type_shuffle,312,82,20,200,0.7724358974358975,241,0.5915705128205128,0.532051282051282,0.012964743589743533,0.06467661691542288,0.5892116182572614,0.5724273858921162,0.009742624604364782,0.5518672199170125,0.5892116182572614,0.016784232365145257,0.06467661691542288,0.0,0.5190865384615385,0.007525552979653574,0.5032051282051282,0.532051282051282,0.3472851521784449,0.005313848550580123,0.33529085244024265,0.35660110553403235,0.622,0.02722131517763242,0.59875,0.65,5.173442138899238,8.881784197001252e-16,5.1734421388992375,5.1734421388992375,0.6345352564102564,0.00782758651821859,0.6185897435897436,0.6474358974358975
patch_reassignment_v1,tt100k_signs/densenet121,tt100k_signs,densenet121,303,original,312,86,18,1,1.0,312,0.0,0.5064102564102564,0.0,nan,0.5064102564102564,0.5064102564102564,0.0,0.5064102564102564,0.5064102564102564,0.0,nan,0.0,0.5064102564102564,0.0,0.5064102564102564,0.5064102564102564,0.32752496862808983,0.0,0.32752496862808983,0.32752496862808983,0.7222222222222222,0.0,0.7222222222222222,0.7222222222222222,4.954621512720433,0.0,4.954621512720433,4.954621512720433,0.6025641025641025,0.0,0.6025641025641025,0.6025641025641025
patch_reassignment_v1,tt100k_signs/densenet121,tt100k_signs,densenet121,303,global_effect_shuffle,312,86,18,200,1.0,312,0.996923076923077,0.5064102564102564,0.4092628205128205,0.004975124378109453,0.5064102564102564,0.0971474358974359,0.012826080521796623,0.07371794871794872,0.125,0.4092628205128205,0.004975124378109453,0.0,0.0971474358974359,0.012826080521796623,0.07371794871794872,0.125,0.09502099251812378,0.01741754479665751,0.05787470222216244,0.13103604763278112,0.054444444444444455,0.007777777777777777,0.05555555555555555,0.05555555555555555,0.9496738828902987,0.07751568105451755,0.801392212876071,1.1032848251640248,0.19508012820512824,0.01774922763874137,0.16025641025641027,0.2276442307692308
patch_reassignment_v1,tt100k_signs/densenet121,tt100k_signs,densenet121,303,global_direction_shuffle,312,86,18,200,1.0,312,0.996426282051282,0.5064102564102564,0.4132692307692307,0.004975124378109453,0.5064102564102564,0.09314102564102565,0.013244743911779717,0.0672275641025641,0.12179487179487179,0.4132692307692307,0.004975124378109453,0.0,0.09314102564102565,0.013244743911779717,0.0672275641025641,0.12179487179487179,0.09118800443968743,0.016704442297614232,0.0578614909771198,0.12590250062423414,0.05250000000000002,0.014904531583662568,0.0,0.05555555555555555,1.0752269064868076,0.10246195331573273,0.9024240366752958,1.3027980885018995,0.24304487179487183,0.01847641739275417,0.21153846153846154,0.2790064102564103
patch_reassignment_v1,tt100k_signs/densenet121,tt100k_signs,densenet121,303,global_magnitude_shuffle,312,86,18,200,1.0,312,0.9969711538461539,0.5064102564102564,0.04620192307692306,0.009950248756218905,0.5064102564102564,0.46020833333333333,0.014434744212601576,0.4358173076923077,0.48717948717948717,0.04620192307692306,0.009950248756218905,0.0,0.46020833333333333,0.014434744212601576,0.4358173076923077,0.48717948717948717,0.30457609757162235,0.014351135816640348,0.2781028729334268,0.3325855483128663,0.6908333333333334,0.041416843654141534,0.6111111111111112,0.7222222222222222,5.2792999470107524,0.08356894691449383,5.124598095208749,5.4543070408998835,0.5740705128205128,0.015168724257333021,0.5480769230769231,0.605849358974359
patch_reassignment_v1,tt100k_signs/densenet121,tt100k_signs,densenet121,303,within_true_class_shuffle,312,86,18,200,0.8846153846153846,276,0.7244391025641025,0.5064102564102564,0.04371794871794871,0.004975124378109453,0.5579710144927537,0.5085507246376813,0.01156608910303117,0.48541666666666666,0.5290760869565218,0.04942028985507241,0.004975124378109453,0.0,0.4626923076923077,0.010231540360373728,0.4422275641025641,0.480849358974359,0.3045964839990238,0.0074926414419622354,0.28954375370283414,0.3182442568764478,0.6097222222222222,0.03576220330439924,0.5555555555555556,0.6666666666666666,4.684756234459346,0.02472368510010798,4.639558883762966,4.736692696835738,0.5702724358974358,0.012454459696088747,0.5479967948717949,0.5961538461538461
patch_reassignment_v1,tt100k_signs/densenet121,tt100k_signs,densenet121,303,within_failure_type_shuffle,312,86,18,200,0.7532051282051282,235,0.5537820512820513,0.5064102564102564,0.012355769230769253,0.07960199004975124,0.5659574468085107,0.5495531914893617,0.010348368370481932,0.5319148936170213,0.5702127659574469,0.01640425531914902,0.07960199004975124,0.0,0.49405448717948713,0.007794444125202722,0.4807692307692308,0.5096153846153846,0.3190075519093649,0.005907836352038969,0.3088024988336724,0.33093003282530514,0.6911111111111111,0.027577052546646365,0.6666666666666666,0.7222222222222222,4.954621512720434,8.881784197001252e-16,4.954621512720433,4.954621512720433,0.6114583333333333,0.008686060056193658,0.596073717948718,0.6282051282051282
patch_reassignment_v1,tt100k_signs/vgg16,tt100k_signs,vgg16,101,original,328,100,21,1,1.0,328,0.0,0.2865853658536585,0.0,nan,0.2865853658536585,0.2865853658536585,0.0,0.2865853658536585,0.2865853658536585,0.0,nan,0.0,0.2865853658536585,0.0,0.2865853658536585,0.2865853658536585,0.25209271284271284,0.0,0.25209271284271284,0.25209271284271284,0.42857142857142855,0.0,0.42857142857142855,0.42857142857142855,4.439686725381762,0.0,4.439686725381762,4.439686725381762,0.5274390243902439,0.0,0.5274390243902439,0.5274390243902439
patch_reassignment_v1,tt100k_signs/vgg16,tt100k_signs,vgg16,101,global_effect_shuffle,328,100,21,200,1.0,328,0.996295731707317,0.2865853658536585,0.13795731707317072,0.004975124378109453,0.2865853658536585,0.1486280487804878,0.01334429312970415,0.12195121951219512,0.17385670731707317,0.13795731707317072,0.004975124378109453,0.0,0.1486280487804878,0.01334429312970415,0.12195121951219512,0.17385670731707317,0.15478079906204903,0.01773488368082975,0.12074226190476191,0.19750890151515152,0.06904761904761904,0.04708028555544092,0.0,0.14285714285714285,2.324766549574518,0.10795683483154098,2.127768984384744,2.5255252997106985,0.370670731707317,0.017095912554055702,0.34146341463414637,0.40556402439024397
patch_reassignment_v1,tt100k_signs/vgg16,tt100k_signs,vgg16,101,global_direction_shuffle,328,100,21,200,1.0,328,0.9969512195121952,0.2865853658536585,0.14649390243902438,0.004975124378109453,0.2865853658536585,0.14009146341463413,0.014325213489609955,0.11280487804878049,0.16471036585365856,0.14649390243902438,0.004975124378109453,0.0,0.14009146341463413,0.014325213489609955,0.11280487804878049,0.16471036585365856,0.14116846320346318,0.017715086075728883,0.10680370670995669,0.17805541125541124,0.0619047619047619,0.047856550576766146,0.0,0.1440476190476193,2.5538164147904516,0.14986641241603926,2.2497057158547493,2.8376964311694954,0.388155487804878,0.017082906359681155,0.35365853658536583,0.4208079268292683
patch_reassignment_v1,tt100k_signs/vgg16,tt100k_signs,vgg16,101,global_magnitude_shuffle,328,100,21,200,1.0,328,0.996996951219512,0.2865853658536585,0.00934451219512189,0.2885572139303483,0.2865853658536585,0.2772408536585366,0.012172530522892733,0.2530487804878049,0.3018292682926829,0.00934451219512189,0.2885572139303483,0.0,0.2772408536585366,0.012172530522892733,0.2530487804878049,0.3018292682926829,0.2334072997835498,0.012649136652758736,0.21032864357864356,0.25823602994227984,0.35595238095238096,0.05322640215740037,0.2857142857142857,0.47619047619047616,4.761837037737393,0.11429569616639577,4.537119092997138,4.9994254034684,0.5349390243902439,0.012205940323426957,0.5152439024390244,0.5610518292682928
patch_reassignment_v1,tt100k_signs/vgg16,tt100k_signs,vgg16,101,within_true_class_shuffle,328,100,21,200,0.8902439024390244,292,0.6928048780487805,0.2865853658536585,0.015289634146341435,0.12437810945273632,0.2945205479452055,0.2773458904109589,0.012168273763210244,0.2534246575342466,0.3013698630136986,0.017174657534246573,0.12437810945273632,0.0,0.2712957317073171,0.010832731520906679,0.25,0.2926829268292683,0.24484033189033183,0.007413457215703333,0.23184531926406923,0.2583142857142857,0.355,0.06277727610017675,0.23809523809523808,0.47619047619047616,4.171871584027483,0.04161448430479166,4.096951877276935,4.261862553629695,0.5060670731707317,0.011589336610932454,0.4846798780487805,0.5304878048780488
patch_reassignment_v1,tt100k_signs/vgg16,tt100k_signs,vgg16,101,within_failure_type_shuffle,328,100,21,200,0.6310975609756098,207,0.45736280487804876,0.2865853658536585,0.008490853658536579,0.22885572139303484,0.34782608695652173,0.3343719806763285,0.015044858127402002,0.3090579710144927,0.36231884057971014,0.013454106280193223,0.22885572139303484,0.0,0.27809451219512193,0.00949477326942747,0.2621189024390244,0.29573170731707316,0.2514086940836941,0.006391943742926948,0.2392189033189033,0.2641505321067821,0.3695238095238095,0.0429205879590238,0.2857142857142857,0.42857142857142855,4.439686725381762,0.0,4.439686725381762,4.439686725381762,0.5283689024390245,0.007827695662092793,0.5152439024390244,0.5426829268292683
patch_reassignment_v1,tt100k_signs/vgg16,tt100k_signs,vgg16,202,original,328,103,21,1,1.0,328,0.0,0.32926829268292684,0.0,nan,0.32926829268292684,0.32926829268292684,0.0,0.32926829268292684,0.32926829268292684,0.0,nan,0.0,0.32926829268292684,0.0,0.32926829268292684,0.32926829268292684,0.2621094206045662,0.0,0.2621094206045662,0.2621094206045662,0.42857142857142855,0.0,0.42857142857142855,0.42857142857142855,4.382494005113386,0.0,4.382494005113386,4.382494005113386,0.5884146341463414,0.0,0.5884146341463414,0.5884146341463414
patch_reassignment_v1,tt100k_signs/vgg16,tt100k_signs,vgg16,202,global_effect_shuffle,328,103,21,200,1.0,328,0.9967225609756096,0.32926829268292684,0.17057926829268294,0.004975124378109453,0.32926829268292684,0.1586890243902439,0.014687244877984753,0.13109756097560976,0.1860518292682927,0.17057926829268294,0.004975124378109453,0.0,0.1586890243902439,0.014687244877984753,0.13109756097560976,0.1860518292682927,0.14909299303716778,0.018054223872399546,0.11622058541961455,0.18377399165020522,0.08595238095238095,0.052315435216623796,0.0,0.19047619047619047,2.2517602341774308,0.10550813425107636,2.064543407082149,2.484001322272347,0.3853658536585366,0.01833835761197874,0.35060975609756095,0.42073170731707316
patch_reassignment_v1,tt100k_signs/vgg16,tt100k_signs,vgg16,202,global_direction_shuffle,328,103,21,200,1.0,328,0.996935975609756,0.32926829268292684,0.1776829268292683,0.004975124378109453,0.32926829268292684,0.15158536585365853,0.015647581837798862,0.125,0.18292682926829268,0.1776829268292683,0.004975124378109453,0.0,0.15158536585365853,0.015647581837798862,0.125,0.18292682926829268,0.13913382612533098,0.01793929127558048,0.10936476706500978,0.17724045529263974,0.09523809523809523,0.054710120443219316,0.0,0.19047619047619047,2.420132462550379,0.14140822415604312,2.143003224538157,2.665810000783248,0.40204268292682926,0.01810192714900905,0.36585365853658536,0.43902439024390244
patch_reassignment_v1,tt100k_signs/vgg16,tt100k_signs,vgg16,202,global_magnitude_shuffle,328,103,21,200,1.0,328,0.9970579268292683,0.32926829268292684,0.03995426829268295,0.004975124378109453,0.32926829268292684,0.2893140243902439,0.012054823688763025,0.2682164634146342,0.3110518292682927,0.03995426829268295,0.004975124378109453,0.0,0.2893140243902439,0.012054823688763025,0.2682164634146342,0.3110518292682927,0.22233541669585358,0.013482380382958502,0.195420857908722,0.24939913174743272,0.3938095238095238,0.07122351518737516,0.2845238095238095,0.5238095238095238,4.535533605208923,0.12111614583444008,4.29116786636015,4.769787542309297,0.5551524390243903,0.013258479995482141,0.5274390243902439,0.5792682926829268
patch_reassignment_v1,tt100k_signs/vgg16,tt100k_signs,vgg16,202,within_true_class_shuffle,328,103,21,200,0.8780487804878049,288,0.6885365853658537,0.32926829268292684,0.03762195121951223,0.004975124378109453,0.3472222222222222,0.304375,0.012825807978784102,0.2776909722222222,0.3298611111111111,0.0428472222222222,0.004975124378109453,0.0,0.2916463414634146,0.011261685054542135,0.2682164634146342,0.31402439024390244,0.24260583645049663,0.00754402997501672,0.22631052200226962,0.25645352624721557,0.3938095238095238,0.0419777502883894,0.3333333333333333,0.47619047619047616,4.15065094779944,0.03275257877404743,4.089663103880452,4.217433729367728,0.5441310975609757,0.010988041316721979,0.524390243902439,0.5670731707317073
patch_reassignment_v1,tt100k_signs/vgg16,tt100k_signs,vgg16,202,within_failure_type_shuffle,328,103,21,200,0.6067073170731707,199,0.44931402439024387,0.32926829268292684,0.015564024390243958,0.024875621890547265,0.3969849246231156,0.37133165829145726,0.01234379432557355,0.3516331658291458,0.39195979899497485,0.02565326633165832,0.024875621890547265,0.0,0.3137042682926829,0.007489070337771765,0.3017530487804878,0.32621951219512196,0.2561427298878755,0.004403172024890371,0.24729806444005473,0.26436968506143266,0.43976190476190474,0.02972950617509423,0.38095238095238093,0.47619047619047616,4.382494005113386,0.0,4.382494005113386,4.382494005113386,0.5758536585365853,0.007704190474188823,0.5639481707317072,0.5914634146341463
patch_reassignment_v1,tt100k_signs/vgg16,tt100k_signs,vgg16,303,original,328,102,23,1,1.0,328,0.0,0.2926829268292683,0.0,nan,0.2926829268292683,0.2926829268292683,0.0,0.2926829268292683,0.2926829268292683,0.0,nan,0.0,0.2926829268292683,0.0,0.2926829268292683,0.2926829268292683,0.23978758169934644,0.0,0.23978758169934644,0.23978758169934644,0.391304347826087,0.0,0.391304347826087,0.391304347826087,4.469745156360881,0.0,4.469745156360881,4.469745156360881,0.5762195121951219,0.0,0.5762195121951219,0.5762195121951219
patch_reassignment_v1,tt100k_signs/vgg16,tt100k_signs,vgg16,303,global_effect_shuffle,328,102,23,200,1.0,328,0.9966006097560975,0.2926829268292683,0.13785060975609756,0.004975124378109453,0.2926829268292683,0.15483231707317072,0.012383745159886363,0.13109756097560976,0.17682926829268292,0.13785060975609756,0.004975124378109453,0.0,0.15483231707317072,0.012383745159886363,0.13109756097560976,0.17682926829268292,0.13621359840232392,0.014819615753297842,0.10583582970225125,0.1634647331154684,0.1834782608695652,0.048641273985902594,0.08695652173913043,0.30434782608695654,2.4267096144976037,0.08803958667933069,2.270260262779505,2.6007912208950827,0.3916006097560976,0.015678848317961125,0.3596798780487805,0.42073170731707316
patch_reassignment_v1,tt100k_signs/vgg16,tt100k_signs,vgg16,303,global_direction_shuffle,328,102,23,200,1.0,328,0.9971189024390243,0.2926829268292683,0.1302439024390244,0.004975124378109453,0.2926829268292683,0.16243902439024388,0.012910280479458943,0.13704268292682928,0.18902439024390244,0.1302439024390244,0.004975124378109453,0.0,0.16243902439024388,0.012910280479458943,0.13704268292682928,0.18902439024390244,0.1460935981230099,0.015735147698607826,0.11559595134350036,0.17421614015976764,0.1847826086956522,0.047179422639588485,0.08695652173913043,0.2608695652173913,2.7910419971789895,0.11062165008403481,2.593002275403767,3.0361574733616736,0.41759146341463416,0.015590302044749479,0.3871951219512195,0.4481707317073171
patch_reassignment_v1,tt100k_signs/vgg16,tt100k_signs,vgg16,303,global_magnitude_shuffle,328,102,23,200,1.0,328,0.9972865853658536,0.2926829268292683,0.0105030487804878,0.24378109452736318,0.2926829268292683,0.2821798780487805,0.01141440572981277,0.2621189024390244,0.3048780487804878,0.0105030487804878,0.24378109452736318,0.0,0.2821798780487805,0.01141440572981277,0.2621189024390244,0.3048780487804878,0.2222550974805877,0.012096516525493472,0.20024609309535785,0.2458182329199486,0.40565217391304353,0.03666380237423366,0.3467391304347826,0.4782608695652174,4.436967850381458,0.08931814417176147,4.280241058687142,4.62553232263857,0.5534908536585366,0.013531219753446516,0.524390243902439,0.5762957317073171
patch_reassignment_v1,tt100k_signs/vgg16,tt100k_signs,vgg16,303,within_true_class_shuffle,328,102,23,200,0.8810975609756098,289,0.6907621951219513,0.2926829268292683,0.006600609756097553,0.2935323383084577,0.3079584775086505,0.3004671280276817,0.010448323066003655,0.2837370242214533,0.32188581314878895,0.007491349480968801,0.2935323383084577,0.0,0.2860823170731707,0.009205991969741019,0.27134146341463417,0.30495426829268296,0.238713371459695,0.0055439642182449535,0.22904389070442993,0.25075208787218595,0.4173913043478261,0.022169650059099048,0.391304347826087,0.43478260869565216,4.329085182511452,0.028220005925458373,4.27719667202157,4.38902318751235,0.558719512195122,0.010900147082711616,0.5396341463414634,0.5823170731707317
patch_reassignment_v1,tt100k_signs/vgg16,tt100k_signs,vgg16,303,within_failure_type_shuffle,328,102,23,200,0.6432926829268293,211,0.4496646341463415,0.2926829268292683,0.0039786585365853555,0.3383084577114428,0.36018957345971564,0.3540047393364929,0.009433512084250757,0.33649289099526064,0.3744075829383886,0.006184834123222738,0.3383084577114428,0.0,0.2887042682926829,0.0060685092981003315,0.2774390243902439,0.3018292682926829,0.23935965867828612,0.004193733358168237,0.23068990559186636,0.24636574074074077,0.39130434782608703,5.551115123125783e-17,0.391304347826087,0.391304347826087,4.469745156360879,1.7763568394002505e-15,4.469745156360881,4.469745156360881,0.5767835365853657,0.007412221180501387,0.5609756097560976,0.5914634146341463
patch_reassignment_v1,lisa_signs/resnet50,lisa_signs,resnet50,101,original,34,13,3,1,1.0,34,0.0,0.6176470588235294,0.0,nan,0.6176470588235294,0.6176470588235294,0.0,0.6176470588235294,0.6176470588235294,0.0,nan,0.0,0.6176470588235294,0.0,0.6176470588235294,0.6176470588235294,0.5948717948717949,0.0,0.5948717948717949,0.5948717948717949,0.3333333333333333,0.0,0.3333333333333333,0.3333333333333333,5.208364450701458,0.0,5.208364450701458,5.208364450701458,0.7647058823529411,0.0,0.7647058823529411,0.7647058823529411
patch_reassignment_v1,lisa_signs/resnet50,lisa_signs,resnet50,101,global_effect_shuffle,34,13,3,200,1.0,34,0.9729411764705883,0.6176470588235294,0.36161764705882354,0.004975124378109453,0.6176470588235294,0.2560294117647059,0.05617550815313535,0.14705882352941177,0.35294117647058826,0.36161764705882354,0.004975124378109453,0.0,0.2560294117647059,0.05617550815313535,0.14705882352941177,0.35294117647058826,0.18079914529914531,0.06942432989427866,0.0726068376068376,0.32745726495726496,0.1383333333333333,0.18036228972697022,0.0,0.34166666666666856,1.8377238843684522,0.4504934505533983,1.0561912720776439,2.8115998098332273,0.36808823529411766,0.061833120373198894,0.2647058823529412,0.5
patch_reassignment_v1,lisa_signs/resnet50,lisa_signs,resnet50,101,global_direction_shuffle,34,13,3,200,1.0,34,0.9725,0.6176470588235294,0.33941176470588236,0.004975124378109453,0.6176470588235294,0.2782352941176471,0.059469977305292805,0.17647058823529413,0.3830882352941178,0.33941176470588236,0.004975124378109453,0.0,0.2782352941176471,0.059469977305292805,0.17647058823529413,0.3830882352941178,0.18695299145299146,0.06390062079631718,0.07677350427350428,0.32991452991452996,0.20666666666666664,0.19595917942265423,0.0,0.6666666666666666,1.985076224652435,0.44466973447823704,1.0866882041422758,2.7953826160297504,0.3963235294117648,0.06490194227237457,0.2647058823529412,0.5294117647058824
patch_reassignment_v1,lisa_signs/resnet50,lisa_signs,resnet50,101,global_magnitude_shuffle,34,13,3,200,1.0,34,0.968529411764706,0.6176470588235294,0.08808823529411769,0.024875621890547265,0.6176470588235294,0.5295588235294117,0.03436239545569092,0.47058823529411764,0.5882352941176471,0.08808823529411769,0.024875621890547265,0.0,0.5295588235294117,0.03436239545569092,0.47058823529411764,0.5882352941176471,0.5071880341880342,0.056298528956154135,0.4085470085470086,0.6076923076923076,0.33333333333333326,5.551115123125783e-17,0.3333333333333333,0.3333333333333333,4.543859696845878,0.16502063087340738,4.215563150439666,4.878277872302771,0.7213235294117646,0.03707953436212635,0.6470588235294118,0.7941176470588235
patch_reassignment_v1,lisa_signs/resnet50,lisa_signs,resnet50,101,within_true_class_shuffle,34,13,3,200,0.8235294117647058,28,0.6126470588235295,0.6176470588235294,0.018235294117647127,0.43283582089552236,0.6071428571428571,0.585,0.04264231873314087,0.5,0.6785714285714286,0.02214285714285713,0.43283582089552236,0.0,0.5994117647058823,0.035117203662586596,0.5294117647058824,0.6764705882352942,0.5775470085470085,0.023544908153953055,0.5393162393162393,0.6205128205128205,0.535,0.20789286770941529,0.3333333333333333,1.0,5.039124236790573,0.12418743621531683,4.773371769827516,5.265700264800998,0.6873529411764707,0.04549896382713083,0.6176470588235294,0.7654411764705884
patch_reassignment_v1,lisa_signs/resnet50,lisa_signs,resnet50,101,within_failure_type_shuffle,34,13,3,200,0.5882352941176471,20,0.4207352941176471,0.6176470588235294,0.005588235294117672,0.6069651741293532,0.7,0.6905,0.052055259100306096,0.6,0.8,0.009499999999999953,0.6069651741293532,0.0,0.6120588235294118,0.030620740647238884,0.5588235294117647,0.6764705882352942,0.5823418803418803,0.022410517187031975,0.5478632478632478,0.6230769230769231,0.6433333333333334,0.22732746815503355,0.3333333333333333,1.0,5.20836445070146,1.7763568394002505e-15,5.208364450701458,5.208364450701458,0.7317647058823531,0.02211952432583899,0.7058823529411765,0.7647058823529411
patch_reassignment_v1,lisa_signs/resnet50,lisa_signs,resnet50,202,original,34,11,2,1,1.0,34,0.0,0.6176470588235294,0.0,nan,0.6176470588235294,0.6176470588235294,0.0,0.6176470588235294,0.6176470588235294,0.0,nan,0.0,0.6176470588235294,0.0,0.6176470588235294,0.6176470588235294,0.5909090909090909,0.0,0.5909090909090909,0.5909090909090909,1.0,0.0,1.0,1.0,4.784816992195213,0.0,4.784816992195213,4.784816992195213,0.7647058823529411,0.0,0.7647058823529411,0.7647058823529411
patch_reassignment_v1,lisa_signs/resnet50,lisa_signs,resnet50,202,global_effect_shuffle,34,11,2,200,1.0,34,0.9723529411764708,0.6176470588235294,0.3211764705882353,0.004975124378109453,0.6176470588235294,0.29647058823529415,0.06276225255693713,0.17647058823529413,0.4117647058823529,0.3211764705882353,0.004975124378109453,0.0,0.29647058823529415,0.06276225255693713,0.17647058823529413,0.4117647058823529,0.20246392496392496,0.06673227133380158,0.0861562049062049,0.34745670995670996,0.3625,0.32763356055202886,0.0,1.0,2.0555561531211852,0.4526648605754815,1.252528316198903,2.9411677492618127,0.4126470588235294,0.06990539825995094,0.2647058823529412,0.5294117647058824
patch_reassignment_v1,lisa_signs/resnet50,lisa_signs,resnet50,202,global_direction_shuffle,34,11,2,200,1.0,34,0.9720588235294119,0.6176470588235294,0.3354411764705883,0.004975124378109453,0.6176470588235294,0.28220588235294114,0.05688705954127525,0.17573529411764707,0.3830882352941178,0.3354411764705883,0.004975124378109453,0.0,0.28220588235294114,0.05688705954127525,0.17573529411764707,0.3830882352941178,0.18706349206349204,0.06509006112849894,0.0764069264069264,0.3222222222222223,0.3675,0.306094348200028,0.0,1.0,2.1348125828951314,0.40663683070822343,1.432559283326394,2.9875257414417278,0.4155882352941177,0.06199606528423109,0.32279411764705884,0.5294117647058824
patch_reassignment_v1,lisa_signs/resnet50,lisa_signs,resnet50,202,global_magnitude_shuffle,34,11,2,200,1.0,34,0.9682352941176472,0.6176470588235294,0.07588235294117651,0.08955223880597014,0.6176470588235294,0.5417647058823529,0.04306187710162635,0.4698529411764706,0.6176470588235294,0.07588235294117651,0.08955223880597014,0.0,0.5417647058823529,0.04306187710162635,0.4698529411764706,0.6176470588235294,0.5173015873015874,0.07034321079448437,0.37301587301587297,0.6558441558441559,0.9725,0.11399013115177996,0.5,1.0,4.2801520204244,0.15936200394211364,4.002262064545803,4.584567957211714,0.7211764705882353,0.04064361098852867,0.6470588235294118,0.7941176470588235
patch_reassignment_v1,lisa_signs/resnet50,lisa_signs,resnet50,202,within_true_class_shuffle,34,11,2,200,0.8823529411764706,30,0.6639705882352942,0.6176470588235294,0.04323529411764715,0.14427860696517414,0.6,0.5509999999999999,0.030351642825755278,0.5,0.6,0.049000000000000044,0.14427860696517414,0.0,0.5744117647058823,0.026780861316842902,0.5294117647058824,0.6176470588235294,0.5693362193362193,0.016149210606752444,0.5375180375180375,0.5909090909090909,0.9125,0.18998355191963331,0.5,1.0,4.653402604071547,0.09729220683021693,4.463136241798673,4.852825741935521,0.7014705882352942,0.02723567526095902,0.6470588235294118,0.7647058823529411
patch_reassignment_v1,lisa_signs/resnet50,lisa_signs,resnet50,202,within_failure_type_shuffle,34,11,2,200,0.7647058823529411,26,0.5272058823529412,0.6176470588235294,0.05485294117647066,0.07960199004975124,0.6923076923076923,0.620576923076923,0.04027962543088096,0.5384615384615384,0.6923076923076923,0.07173076923076926,0.07960199004975124,0.0,0.5627941176470588,0.030802066505967788,0.5,0.6176470588235294,0.561002886002886,0.018600136071388093,0.5274170274170275,0.5909090909090909,0.85,0.229128784747792,0.5,1.0,4.784816992195212,8.881784197001252e-16,4.784816992195213,4.784816992195213,0.7248529411764707,0.0259586942319596,0.6764705882352942,0.7647058823529411
patch_reassignment_v1,lisa_signs/resnet50,lisa_signs,resnet50,303,original,34,17,1,1,1.0,34,0.0,0.38235294117647056,0.0,nan,0.38235294117647056,0.38235294117647056,0.0,0.38235294117647056,0.38235294117647056,0.0,nan,0.0,0.38235294117647056,0.0,0.38235294117647056,0.38235294117647056,0.3473389355742297,0.0,0.3473389355742297,0.3473389355742297,1.0,0.0,1.0,1.0,3.979795206940788,0.0,3.979795206940788,3.979795206940788,0.5294117647058824,0.0,0.5294117647058824,0.5294117647058824
patch_reassignment_v1,lisa_signs/resnet50,lisa_signs,resnet50,303,global_effect_shuffle,34,17,1,200,1.0,34,0.9725,0.38235294117647056,0.19867647058823526,0.004975124378109453,0.38235294117647056,0.1836764705882353,0.054984859507745454,0.08823529411764706,0.3235294117647059,0.19867647058823526,0.004975124378109453,0.0,0.1836764705882353,0.054984859507745454,0.08823529411764706,0.3235294117647059,0.15369047619047616,0.05831714436011731,0.05730042016806722,0.27170868347338933,0.015,0.12155245781143219,0.0,0.0,1.4815949117515566,0.31837039412623186,0.8587944790405933,2.0900878897580486,0.29455882352941176,0.05568677074482017,0.17647058823529413,0.4117647058823529
patch_reassignment_v1,lisa_signs/resnet50,lisa_signs,resnet50,303,global_direction_shuffle,34,17,1,200,1.0,34,0.970294117647059,0.38235294117647056,0.1825,0.004975124378109453,0.38235294117647056,0.19985294117647057,0.05409666313126639,0.11691176470588237,0.3235294117647059,0.1825,0.004975124378109453,0.0,0.19985294117647057,0.05409666313126639,0.11691176470588237,0.3235294117647059,0.1611834733893557,0.05923430627634247,0.05730042016806722,0.27678571428571436,0.085,0.27888169534768686,0.0,1.0,1.6715224615056365,0.3367496363842102,1.049108893276216,2.3419295549918946,0.3095588235294118,0.05933144687461527,0.17647058823529413,0.41250000000000014
patch_reassignment_v1,lisa_signs/resnet50,lisa_signs,resnet50,303,global_magnitude_shuffle,34,17,1,200,1.0,34,0.9667647058823531,0.38235294117647056,0.057794117647058774,0.05970149253731343,0.38235294117647056,0.3245588235294118,0.02857296554195227,0.2647058823529412,0.38235294117647056,0.057794117647058774,0.05970149253731343,0.0,0.3245588235294118,0.02857296554195227,0.2647058823529412,0.38235294117647056,0.27004201680672263,0.027300827696256566,0.20999649859943975,0.3278536414565827,0.765,0.4239988207530771,0.0,1.0,3.589552429798169,0.0938276188142984,3.422201109839335,3.7791545037111822,0.47617647058823537,0.03159404043492159,0.4117647058823529,0.5294117647058824
patch_reassignment_v1,lisa_signs/resnet50,lisa_signs,resnet50,303,within_true_class_shuffle,34,17,1,200,0.7352941176470589,25,0.49470588235294116,0.38235294117647056,0.02955882352941175,0.22885572139303484,0.4,0.35979999999999995,0.026980733866965152,0.32,0.4,0.04020000000000007,0.22885572139303484,0.0,0.3527941176470588,0.01983877490218024,0.3235294117647059,0.38235294117647056,0.33101540616246494,0.011683852065020246,0.3130252100840336,0.3473389355742297,1.0,0.0,1.0,1.0,3.892289568887037,0.03899059157038057,3.823583501171978,3.9594375628375396,0.49985294117647056,0.02325157657340227,0.47058823529411764,0.5294117647058824
patch_reassignment_v1,lisa_signs/resnet50,lisa_signs,resnet50,303,within_failure_type_shuffle,34,17,1,200,0.5294117647058824,18,0.3585294117647059,0.38235294117647056,0.0,1.0,0.5,0.5,0.0,0.5,0.5,0.0,1.0,0.0,0.38235294117647056,0.0,0.38235294117647056,0.38235294117647056,0.34733893557422973,5.551115123125783e-17,0.3473389355742297,0.3473389355742297,1.0,0.0,1.0,1.0,3.979795206940787,8.881784197001252e-16,3.979795206940788,3.979795206940788,0.5294117647058824,0.0,0.5294117647058824,0.5294117647058824
patch_reassignment_v1,lisa_signs/convnext_tiny,lisa_signs,convnext_tiny,101,original,14,6,1,1,1.0,14,0.0,0.42857142857142855,0.0,nan,0.42857142857142855,0.42857142857142855,0.0,0.42857142857142855,0.42857142857142855,0.0,nan,0.0,0.42857142857142855,0.0,0.42857142857142855,0.42857142857142855,0.28571428571428575,0.0,0.28571428571428575,0.28571428571428575,1.0,0.0,1.0,1.0,2.2862995181764876,0.0,2.2862995181764876,2.2862995181764876,0.5,0.0,0.5,0.5
patch_reassignment_v1,lisa_signs/convnext_tiny,lisa_signs,convnext_tiny,101,global_effect_shuffle,14,6,1,200,1.0,14,0.9353571428571431,0.42857142857142855,0.2621428571428571,0.004975124378109453,0.42857142857142855,0.1664285714285714,0.060655433661404655,0.07142857142857142,0.2857142857142857,0.2621428571428571,0.004975124378109453,0.0,0.1664285714285714,0.060655433661404655,0.07142857142857142,0.2857142857142857,0.07619047619047618,0.06276869679268604,0.023809523809523808,0.2380952380952381,0.03,0.1705872210923198,0.0,1.0,1.109438801635323,0.29641807266074127,0.45836271891104324,1.6518332551366517,0.2332142857142857,0.07741931283601011,0.07142857142857142,0.42857142857142855
patch_reassignment_v1,lisa_signs/convnext_tiny,lisa_signs,convnext_tiny,101,global_direction_shuffle,14,6,1,200,1.0,14,0.9314285714285715,0.42857142857142855,0.24857142857142858,0.004975124378109453,0.42857142857142855,0.17999999999999997,0.06660881843928439,0.07142857142857142,0.2857142857142857,0.24857142857142858,0.004975124378109453,0.0,0.17999999999999997,0.06660881843928439,0.07142857142857142,0.2857142857142857,0.07714285714285714,0.05635568932078519,0.023809523809523808,0.2380952380952381,0.11,0.31288975694324034,0.0,1.0,1.1191739749372749,0.2585609334369249,0.6143206658422334,1.6084998960876233,0.20964285714285716,0.08177791603495657,0.07142857142857142,0.35714285714285715
patch_reassignment_v1,lisa_signs/convnext_tiny,lisa_signs,convnext_tiny,101,global_magnitude_shuffle,14,6,1,200,1.0,14,0.9353571428571431,0.42857142857142855,0.14357142857142857,0.03482587064676617,0.42857142857142855,0.285,0.0597571616406514,0.21428571428571427,0.42857142857142855,0.14357142857142857,0.03482587064676617,0.0,0.285,0.0597571616406514,0.21428571428571427,0.42857142857142855,0.2714285714285714,0.09689042833036096,0.07142857142857142,0.42857142857142855,0.16,0.36660605559646714,0.0,1.0,1.9677883274571115,0.09827129762100677,1.7850667734514538,2.1643190364018614,0.3564285714285714,0.0597571616406514,0.2857142857142857,0.5
patch_reassignment_v1,lisa_signs/convnext_tiny,lisa_signs,convnext_tiny,101,within_true_class_shuffle,14,6,1,200,0.7857142857142857,11,0.5753571428571429,0.42857142857142855,0.14285714285714285,0.009950248756218905,0.45454545454545453,0.2727272727272727,0.06298366572977736,0.18181818181818182,0.36363636363636365,0.18181818181818182,0.009950248756218905,0.0,0.2857142857142857,0.049487165930539354,0.21428571428571427,0.35714285714285715,0.2380952380952381,0.01649572197684646,0.21428571428571427,0.2619047619047619,0.23,0.4208325082500163,0.0,1.0,1.9255712874419988,0.09479405101756078,1.7562002324964852,2.1142741271427696,0.35714285714285715,0.04948716593053935,0.2857142857142857,0.42857142857142855
patch_reassignment_v1,lisa_signs/convnext_tiny,lisa_signs,convnext_tiny,101,within_failure_type_shuffle,14,6,1,200,0.2857142857142857,4,0.2228571428571428,0.42857142857142855,0.05499999999999999,0.34328358208955223,0.75,0.5575,0.1575396775418815,0.25,0.75,0.1925,0.34328358208955223,0.0,0.37357142857142855,0.045011336440537564,0.2857142857142857,0.42857142857142855,0.2673809523809524,0.015003778813512534,0.2380952380952381,0.28571428571428575,0.89,0.3128897569432403,0.0,1.0,2.2862995181764876,0.0,2.2862995181764876,2.2862995181764876,0.445,0.04501133644053758,0.35714285714285715,0.5
patch_reassignment_v1,lisa_signs/convnext_tiny,lisa_signs,convnext_tiny,202,original,14,8,1,1,1.0,14,0.0,0.5714285714285714,0.0,nan,0.5714285714285714,0.5714285714285714,0.0,0.5714285714285714,0.5714285714285714,0.0,nan,0.0,0.5714285714285714,0.0,0.5714285714285714,0.5714285714285714,0.4125,0.0,0.4125,0.4125,1.0,0.0,1.0,1.0,2.467593789100647,0.0,2.467593789100647,2.467593789100647,0.5714285714285714,0.0,0.5714285714285714,0.5714285714285714
patch_reassignment_v1,lisa_signs/convnext_tiny,lisa_signs,convnext_tiny,202,global_effect_shuffle,14,8,1,200,1.0,14,0.9285714285714286,0.5714285714285714,0.40249999999999997,0.004975124378109453,0.5714285714285714,0.16892857142857143,0.08055214434876128,0.0,0.35714285714285715,0.40249999999999997,0.004975124378109453,0.0,0.16892857142857143,0.08055214434876128,0.0,0.35714285714285715,0.0924375,0.06238611499163896,0.0,0.26281250000000006,0.135,0.34172357249683555,0.0,1.0,0.8526780474678213,0.33201340927589956,0.26786554542902324,1.5779111218339368,0.22892857142857143,0.07963484905287051,0.07142857142857142,0.35714285714285715
patch_reassignment_v1,lisa_signs/convnext_tiny,lisa_signs,convnext_tiny,202,global_direction_shuffle,14,8,1,200,1.0,14,0.9260714285714287,0.5714285714285714,0.39428571428571424,0.004975124378109453,0.5714285714285714,0.17714285714285713,0.07524110904150681,0.07142857142857142,0.28750000000000037,0.39428571428571424,0.004975124378109453,0.0,0.17714285714285713,0.07524110904150681,0.07142857142857142,0.28750000000000037,0.09549999999999999,0.05877712139940165,0.025,0.2375,0.175,0.3799671038392666,0.0,1.0,0.9204322612718105,0.32889277041487847,0.37621751881523335,1.5042643933145783,0.24392857142857138,0.07152760991108145,0.14285714285714285,0.35714285714285715
patch_reassignment_v1,lisa_signs/convnext_tiny,lisa_signs,convnext_tiny,202,global_magnitude_shuffle,14,8,1,200,1.0,14,0.9275,0.5714285714285714,0.10214285714285715,0.10945273631840796,0.5714285714285714,0.46928571428571425,0.055562981363126866,0.35714285714285715,0.5714285714285714,0.10214285714285715,0.10945273631840796,0.0,0.46928571428571425,0.055562981363126866,0.35714285714285715,0.5714285714285714,0.35987499999999994,0.0329438442656591,0.3,0.4125,0.775,0.41758232721225164,0.0,1.0,2.0967510616745204,0.11148188097918271,1.8701535048452915,2.3027671646084484,0.46928571428571425,0.055562981363126866,0.35714285714285715,0.5714285714285714
patch_reassignment_v1,lisa_signs/convnext_tiny,lisa_signs,convnext_tiny,202,within_true_class_shuffle,14,8,1,200,0.6428571428571429,9,0.4239285714285714,0.5714285714285714,0.13499999999999995,0.03482587064676617,0.7777777777777778,0.5677777777777778,0.0901233722306385,0.4444444444444444,0.7777777777777778,0.20999999999999996,0.03482587064676617,0.0,0.43642857142857144,0.057936453576839034,0.35714285714285715,0.5714285714285714,0.34724999999999995,0.035819861808778664,0.3,0.4125,0.535,0.4987734956871706,0.0,1.0,2.06177776562183,0.1852628807594547,1.7551284320652485,2.467593789100647,0.43642857142857144,0.057936453576839034,0.35714285714285715,0.5714285714285714
patch_reassignment_v1,lisa_signs/convnext_tiny,lisa_signs,convnext_tiny,202,within_failure_type_shuffle,14,8,1,200,0.35714285714285715,5,0.22035714285714283,0.5714285714285714,1.1102230246251565e-16,1.0,1.0,1.0,0.0,1.0,1.0,0.0,1.0,0.0,0.5714285714285713,1.1102230246251565e-16,0.5714285714285714,0.5714285714285714,0.4124999999999999,5.551115123125783e-17,0.4125,0.4125,1.0,0.0,1.0,1.0,2.467593789100647,0.0,2.467593789100647,2.467593789100647,0.5714285714285713,1.1102230246251565e-16,0.5714285714285714,0.5714285714285714
patch_reassignment_v1,lisa_signs/convnext_tiny,lisa_signs,convnext_tiny,303,original,14,9,0,1,1.0,14,0.0,0.5,0.0,nan,0.5,0.5,0.0,0.5,0.5,0.0,nan,0.0,0.5,0.0,0.5,0.5,0.3333333333333333,0.0,0.3333333333333333,0.3333333333333333,nan,nan,nan,nan,1.998598507472447,0.0,1.998598507472447,1.998598507472447,0.5,0.0,0.5,0.5
patch_reassignment_v1,lisa_signs/convnext_tiny,lisa_signs,convnext_tiny,303,global_effect_shuffle,14,9,0,200,1.0,14,0.9303571428571429,0.5,0.2985714285714286,0.004975124378109453,0.5,0.2014285714285714,0.07618452357699076,0.07142857142857142,0.35714285714285715,0.2985714285714286,0.004975124378109453,0.0,0.2014285714285714,0.07618452357699076,0.07142857142857142,0.35714285714285715,0.11708333333333332,0.06478105933178423,0.027777777777777776,0.25,nan,nan,nan,nan,0.6701164247700945,0.32090024941861856,0.11906022268147874,1.4036981392552013,0.2289285714285714,0.07995454703665536,0.07142857142857142,0.35714285714285715
patch_reassignment_v1,lisa_signs/convnext_tiny,lisa_signs,convnext_tiny,303,global_direction_shuffle,14,9,0,200,1.0,14,0.9267857142857144,0.5,0.25357142857142856,0.009950248756218905,0.5,0.2464285714285714,0.07881455889540682,0.14285714285714285,0.42857142857142855,0.25357142857142856,0.009950248756218905,0.0,0.2464285714285714,0.07881455889540682,0.14285714285714285,0.42857142857142855,0.14708333333333334,0.06774575176877182,0.05555555555555555,0.2777777777777778,nan,nan,nan,nan,0.8420547244897512,0.3204872447520992,0.30842095852718815,1.559125976196348,0.2764285714285714,0.08550868197953675,0.14285714285714285,0.42857142857142855
patch_reassignment_v1,lisa_signs/convnext_tiny,lisa_signs,convnext_tiny,303,global_magnitude_shuffle,14,9,0,200,1.0,14,0.9335714285714287,0.5,0.07285714285714284,0.2736318407960199,0.5,0.42714285714285716,0.05530988766458839,0.35714285714285715,0.5,0.07285714285714284,0.2736318407960199,0.0,0.42714285714285716,0.05530988766458839,0.35714285714285715,0.5,0.29416666666666663,0.0428705703539052,0.19444444444444445,0.3333333333333333,nan,nan,nan,nan,1.622617520779846,0.1657535584113232,1.3226366268461274,1.9242859708225533,0.4464285714285714,0.0625764838140544,0.35714285714285715,0.5714285714285714
patch_reassignment_v1,lisa_signs/convnext_tiny,lisa_signs,convnext_tiny,303,within_true_class_shuffle,14,9,0,200,0.5714285714285714,8,0.33678571428571424,0.5,0.031071428571428528,0.5671641791044776,0.75,0.695625,0.06196962461561309,0.625,0.75,0.05437499999999995,0.5671641791044776,0.0,0.4689285714285715,0.035411214066064636,0.42857142857142855,0.5,0.32125,0.013771027692358443,0.3055555555555556,0.3333333333333333,nan,nan,nan,nan,1.845312438745584,0.06853777506507465,1.712474227430565,1.998598507472447,0.4689285714285715,0.035411214066064636,0.42857142857142855,0.5
patch_reassignment_v1,lisa_signs/convnext_tiny,lisa_signs,convnext_tiny,303,within_failure_type_shuffle,14,9,0,200,0.2857142857142857,4,0.13214285714285712,0.5,0.0,1.0,1.0,1.0,0.0,1.0,1.0,0.0,1.0,0.0,0.5,0.0,0.5,0.5,0.33333333333333326,5.551115123125783e-17,0.3333333333333333,0.3333333333333333,nan,nan,nan,nan,1.998598507472447,0.0,1.998598507472447,1.998598507472447,0.5,0.0,0.5,0.5
patch_reassignment_v1,lisa_signs/densenet121,lisa_signs,densenet121,101,original,17,10,0,1,1.0,17,0.0,0.4117647058823529,0.0,nan,0.4117647058823529,0.4117647058823529,0.0,0.4117647058823529,0.4117647058823529,0.0,nan,0.0,0.4117647058823529,0.0,0.4117647058823529,0.4117647058823529,0.3,0.0,0.3,0.3,nan,nan,nan,nan,1.5572743481572937,0.0,1.5572743481572937,1.5572743481572937,0.6470588235294118,0.0,0.6470588235294118,0.6470588235294118
patch_reassignment_v1,lisa_signs/densenet121,lisa_signs,densenet121,101,global_effect_shuffle,17,10,0,200,1.0,17,0.931764705882353,0.4117647058823529,0.25058823529411767,0.009950248756218905,0.4117647058823529,0.16117647058823528,0.07940958602675861,0.0,0.295588235294118,0.25058823529411767,0.009950248756218905,0.0,0.16117647058823528,0.07940958602675861,0.0,0.295588235294118,0.12633333333333335,0.07962341922379927,0.0,0.3,nan,nan,nan,nan,0.24372450450188757,0.32339358307106864,-0.2964066004531239,0.9444093069499908,0.27441176470588236,0.08489307339256014,0.11764705882352941,0.4117647058823529
patch_reassignment_v1,lisa_signs/densenet121,lisa_signs,densenet121,101,global_direction_shuffle,17,10,0,200,1.0,17,0.9373529411764707,0.4117647058823529,0.2702941176470588,0.004975124378109453,0.4117647058823529,0.14147058823529413,0.07558251294430332,0.0,0.29411764705882354,0.2702941176470588,0.004975124378109453,0.0,0.14147058823529413,0.07558251294430332,0.0,0.29411764705882354,0.10583333333333333,0.07191333518741694,0.0,0.26666666666666666,nan,nan,nan,nan,0.18302799730923958,0.3125353838934033,-0.3529932483399835,0.7825438957796286,0.2585294117647059,0.08127391849166386,0.11764705882352941,0.4117647058823529
patch_reassignment_v1,lisa_signs/densenet121,lisa_signs,densenet121,101,global_magnitude_shuffle,17,10,0,200,1.0,17,0.9355882352941177,0.4117647058823529,0.028823529411764637,0.5124378109452736,0.4117647058823529,0.3829411764705883,0.029405881764588186,0.35294117647058826,0.4117647058823529,0.028823529411764637,0.5124378109452736,0.0,0.3829411764705883,0.029405881764588186,0.35294117647058826,0.4117647058823529,0.2836666666666666,0.016663332999933313,0.26666666666666666,0.3,nan,nan,nan,nan,1.5826550252321494,0.040934957525141674,1.5079265592234639,1.6504543131855922,0.618235294117647,0.02940588176458821,0.5882352941176471,0.6470588235294118
patch_reassignment_v1,lisa_signs/densenet121,lisa_signs,densenet121,101,within_true_class_shuffle,17,10,0,200,0.6470588235294118,11,0.42,0.4117647058823529,0.10058823529411764,0.03482587064676617,0.5454545454545454,0.39,0.06655017370251344,0.2727272727272727,0.5454545454545454,0.1554545454545454,0.03482587064676617,0.0,0.3111764705882353,0.043061877101626345,0.23529411764705882,0.4117647058823529,0.243,0.024401730357588265,0.19999999999999998,0.3,nan,nan,nan,nan,1.213697526329745,0.130778804287761,0.9343682737911448,1.4595519744736307,0.47352941176470587,0.059916319963127546,0.35294117647058826,0.5882352941176471
patch_reassignment_v1,lisa_signs/densenet121,lisa_signs,densenet121,101,within_failure_type_shuffle,17,10,0,200,0.11764705882352941,2,0.052941176470588235,0.4117647058823529,-5.551115123125783e-17,1.0,1.0,1.0,0.0,1.0,1.0,0.0,1.0,0.0,0.411764705882353,5.551115123125783e-17,0.4117647058823529,0.4117647058823529,0.29999999999999993,5.551115123125783e-17,0.3,0.3,nan,nan,nan,nan,1.5572743481572935,2.220446049250313e-16,1.5572743481572937,1.5572743481572937,0.6470588235294119,1.1102230246251565e-16,0.6470588235294118,0.6470588235294118
patch_reassignment_v1,lisa_signs/densenet121,lisa_signs,densenet121,202,original,17,11,0,1,1.0,17,0.0,0.47058823529411764,0.0,nan,0.47058823529411764,0.47058823529411764,0.0,0.47058823529411764,0.47058823529411764,0.0,nan,0.0,0.47058823529411764,0.0,0.47058823529411764,0.47058823529411764,0.36363636363636365,0.0,0.36363636363636365,0.36363636363636365,nan,nan,nan,nan,1.9231583204339533,0.0,1.9231583204339533,1.9231583204339533,0.7058823529411765,0.0,0.7058823529411765,0.7058823529411765
patch_reassignment_v1,lisa_signs/densenet121,lisa_signs,densenet121,202,global_effect_shuffle,17,11,0,200,1.0,17,0.936764705882353,0.47058823529411764,0.3347058823529412,0.004975124378109453,0.47058823529411764,0.13588235294117648,0.07019251825783973,0.0,0.29411764705882354,0.3347058823529412,0.004975124378109453,0.0,0.13588235294117648,0.07019251825783973,0.0,0.29411764705882354,0.12734848484848482,0.0737942175735409,0.0,0.28787878787878785,nan,nan,nan,nan,0.2052643041857792,0.34750565352158413,-0.394220061164678,0.8642667580505509,0.2602941176470588,0.0960171373112084,0.058823529411764705,0.47058823529411764
patch_reassignment_v1,lisa_signs/densenet121,lisa_signs,densenet121,202,global_direction_shuffle,17,11,0,200,1.0,17,0.9341176470588236,0.47058823529411764,0.33852941176470586,0.004975124378109453,0.47058823529411764,0.13205882352941178,0.07192304133886808,0.0,0.29411764705882354,0.33852941176470586,0.004975124378109453,0.0,0.13205882352941178,0.07192304133886808,0.0,0.29411764705882354,0.11939393939393937,0.06919383614538388,0.0,0.25757575757575757,nan,nan,nan,nan,0.18384924310747638,0.3603430951759371,-0.39832754186862296,0.9177136557120811,0.26235294117647057,0.09128835639795926,0.058823529411764705,0.47058823529411764
patch_reassignment_v1,lisa_signs/densenet121,lisa_signs,densenet121,202,global_magnitude_shuffle,17,11,0,200,1.0,17,0.9461764705882354,0.47058823529411764,0.001764705882352835,0.9701492537313433,0.47058823529411764,0.4688235294117648,0.010034542417195282,0.4117647058823529,0.47058823529411764,0.001764705882352835,0.9701492537313433,0.0,0.4688235294117648,0.010034542417195282,0.4117647058823529,0.47058823529411764,0.36227272727272736,0.007753964595105448,0.3181818181818182,0.36363636363636365,nan,nan,nan,nan,1.851250376220952,0.06799331518992618,1.7181806491671172,1.9880138246333396,0.6679411764705884,0.03985158452216595,0.5882352941176471,0.7058823529411765
patch_reassignment_v1,lisa_signs/densenet121,lisa_signs,densenet121,202,within_true_class_shuffle,17,11,0,200,0.6470588235294118,11,0.3405882352941177,0.47058823529411764,0.0676470588235294,0.1791044776119403,0.6363636363636364,0.5318181818181817,0.0628194316412966,0.45454545454545453,0.6363636363636364,0.10454545454545461,0.1791044776119403,0.0,0.40294117647058825,0.040647867532603674,0.35294117647058826,0.47058823529411764,0.32151515151515153,0.026983312872101522,0.28787878787878785,0.36363636363636365,nan,nan,nan,nan,1.7437656028656396,0.1579364779849469,1.4951225221157074,1.9764582804020714,0.6382352941176471,0.040647867532603695,0.5882352941176471,0.7058823529411765
patch_reassignment_v1,lisa_signs/densenet121,lisa_signs,densenet121,202,within_failure_type_shuffle,17,11,0,200,0.23529411764705882,4,0.10705882352941178,0.47058823529411764,0.027352941176470524,0.5373134328358209,0.5,0.38375,0.12469337392179265,0.25,0.5,0.11625000000000002,0.5373134328358209,0.0,0.4432352941176471,0.02933961739336298,0.4117647058823529,0.47058823529411764,0.34954545454545455,0.0151143483541567,0.3333333333333333,0.36363636363636365,nan,nan,nan,nan,1.9231583204339529,4.440892098500626e-16,1.9231583204339533,1.9231583204339533,0.6785294117647059,0.029339617393362986,0.6470588235294118,0.7058823529411765
patch_reassignment_v1,lisa_signs/densenet121,lisa_signs,densenet121,303,original,17,12,0,1,1.0,17,0.0,0.35294117647058826,0.0,nan,0.35294117647058826,0.35294117647058826,0.0,0.35294117647058826,0.35294117647058826,0.0,nan,0.0,0.35294117647058826,0.0,0.35294117647058826,0.35294117647058826,0.3333333333333333,0.0,0.3333333333333333,0.3333333333333333,nan,nan,nan,nan,1.0153338177239193,0.0,1.0153338177239193,1.0153338177239193,0.6470588235294118,0.0,0.6470588235294118,0.6470588235294118
patch_reassignment_v1,lisa_signs/densenet121,lisa_signs,densenet121,303,global_effect_shuffle,17,12,0,200,1.0,17,0.9364705882352942,0.35294117647058826,0.15588235294117653,0.06467661691542288,0.35294117647058826,0.19705882352941173,0.08230040340960719,0.058823529411764705,0.35294117647058826,0.15588235294117653,0.06467661691542288,0.0,0.19705882352941173,0.08230040340960719,0.058823529411764705,0.35294117647058826,0.18083333333333332,0.08914849243651686,0.027777777777777776,0.3340277777777779,nan,nan,nan,nan,0.32668786898364915,0.2847118232201497,-0.20764635523014208,0.9000465120681947,0.3988235294117647,0.092291099564495,0.23529411764705882,0.5882352941176471
patch_reassignment_v1,lisa_signs/densenet121,lisa_signs,densenet121,303,global_direction_shuffle,17,12,0,200,1.0,17,0.9420588235294118,0.35294117647058826,0.16294117647058826,0.05472636815920398,0.35294117647058826,0.19,0.07617817395324734,0.058823529411764705,0.35294117647058826,0.16294117647058826,0.05472636815920398,0.0,0.19,0.07617817395324734,0.058823529411764705,0.35294117647058826,0.16333333333333327,0.08469079562855417,0.027777777777777776,0.3333333333333333,nan,nan,nan,nan,0.37305109547751764,0.29963208457643636,-0.2305456575350833,1.0706575520606303,0.39264705882352935,0.08379772564651984,0.23529411764705882,0.5294117647058824
patch_reassignment_v1,lisa_signs/densenet121,lisa_signs,densenet121,303,global_magnitude_shuffle,17,12,0,200,1.0,17,0.936764705882353,0.35294117647058826,0.017647058823529405,0.6169154228855721,0.35294117647058826,0.33529411764705885,0.03626125884099397,0.29411764705882354,0.4117647058823529,0.017647058823529405,0.6169154228855721,0.0,0.33529411764705885,0.03626125884099397,0.29411764705882354,0.4117647058823529,0.325,0.017123372230469384,0.3055555555555555,0.3611111111111111,nan,nan,nan,nan,0.866965769716069,0.07654405316804533,0.7250310314650941,1.0098690042195555,0.6223529411764706,0.029032853362948398,0.5882352941176471,0.6470588235294118
patch_reassignment_v1,lisa_signs/densenet121,lisa_signs,densenet121,303,within_true_class_shuffle,17,12,0,200,0.47058823529411764,8,0.2832352941176471,0.35294117647058826,0.03705882352941181,0.4577114427860697,0.375,0.29625,0.07936269589674988,0.125,0.375,0.07874999999999999,0.4577114427860697,0.0,0.31588235294117645,0.037347151010235245,0.23529411764705882,0.35294117647058826,0.3158333333333333,0.0176361546437222,0.27777777777777773,0.3333333333333333,nan,nan,nan,nan,1.044122214333757,0.034574690902198654,1.0007141410427935,1.113253381979816,0.593235294117647,0.03709965071324773,0.5294117647058824,0.6470588235294118
patch_reassignment_v1,lisa_signs/densenet121,lisa_signs,densenet121,303,within_failure_type_shuffle,17,12,0,200,0.11764705882352941,2,0.05882352941176471,0.35294117647058826,0.0,1.0,1.0,1.0,0.0,1.0,1.0,0.0,1.0,0.0,0.35294117647058826,0.0,0.35294117647058826,0.35294117647058826,0.33333333333333326,5.551115123125783e-17,0.3333333333333333,0.3333333333333333,nan,nan,nan,nan,1.0153338177239188,4.440892098500626e-16,1.0153338177239193,1.0153338177239193,0.6470588235294119,1.1102230246251565e-16,0.6470588235294118,0.6470588235294118
patch_reassignment_v1,lisa_signs/vgg16,lisa_signs,vgg16,101,original,36,21,1,1,1.0,36,0.0,0.3611111111111111,0.0,nan,0.3611111111111111,0.3611111111111111,0.0,0.3611111111111111,0.3611111111111111,0.0,nan,0.0,0.3611111111111111,0.0,0.3611111111111111,0.3611111111111111,0.38095238095238093,0.0,0.38095238095238093,0.38095238095238093,0.0,0.0,0.0,0.0,1.6499237696536713,0.0,1.6499237696536713,1.6499237696536713,0.4722222222222222,0.0,0.4722222222222222,0.4722222222222222
patch_reassignment_v1,lisa_signs/vgg16,lisa_signs,vgg16,101,global_effect_shuffle,36,21,1,200,1.0,36,0.97375,0.3611111111111111,0.2501388888888889,0.004975124378109453,0.3611111111111111,0.11097222222222221,0.04483315262251891,0.027777777777777776,0.19444444444444445,0.2501388888888889,0.004975124378109453,0.0,0.11097222222222221,0.04483315262251891,0.027777777777777776,0.19444444444444445,0.11321428571428571,0.0567417442047682,0.015873015873015872,0.23035714285714293,0.0,0.0,0.0,0.0,0.6506406541225604,0.12105076830805003,0.4448319952521059,0.9027955784100211,0.20805555555555555,0.05464461501938946,0.1111111111111111,0.3062500000000002
patch_reassignment_v1,lisa_signs/vgg16,lisa_signs,vgg16,101,global_direction_shuffle,36,21,1,200,1.0,36,0.97,0.3611111111111111,0.25819444444444445,0.004975124378109453,0.3611111111111111,0.10291666666666666,0.043372267053760474,0.027777777777777776,0.19444444444444445,0.25819444444444445,0.004975124378109453,0.0,0.10291666666666666,0.043372267053760474,0.027777777777777776,0.19444444444444445,0.09416666666666666,0.04687028719905011,0.015873015873015872,0.19087301587301594,0.005,0.07053367989832943,0.0,0.0,0.7129836598891036,0.10911144180322414,0.5132980449524761,0.9165435579033654,0.19986111111111116,0.05104596542744346,0.08333333333333333,0.3055555555555556
patch_reassignment_v1,lisa_signs/vgg16,lisa_signs,vgg16,101,global_magnitude_shuffle,36,21,1,200,1.0,36,0.9741666666666666,0.3611111111111111,-0.011527777777777748,0.7661691542288557,0.3611111111111111,0.37263888888888885,0.03133814728583428,0.3055555555555556,0.4166666666666667,-0.011527777777777748,0.7661691542288557,0.0,0.37263888888888885,0.03133814728583428,0.3055555555555556,0.4166666666666667,0.3875,0.03595542490355191,0.329265873015873,0.44444444444444436,0.0,0.0,0.0,0.0,1.5740180776994155,0.03202008055356077,1.5060676783109006,1.6318582620550512,0.4809722222222223,0.03222431746061458,0.4166666666666667,0.5277777777777778
patch_reassignment_v1,lisa_signs/vgg16,lisa_signs,vgg16,101,within_true_class_shuffle,36,21,1,200,0.5833333333333334,21,0.41888888888888887,0.3611111111111111,0.010833333333333306,0.6119402985074627,0.3333333333333333,0.31476190476190474,0.03803268674141987,0.23809523809523808,0.38095238095238093,0.018571428571428572,0.6119402985074627,0.0,0.3502777777777778,0.022185733932494924,0.3055555555555556,0.3888888888888889,0.3747619047619048,0.009123878008380886,0.35714285714285715,0.38888888888888884,0.215,0.41082234603292944,0.0,1.0,1.6339085532000497,0.01626174850217607,1.6058988040778785,1.6672352475372867,0.47347222222222224,0.02504586841559618,0.4166666666666667,0.5277777777777778
patch_reassignment_v1,lisa_signs/vgg16,lisa_signs,vgg16,101,within_failure_type_shuffle,36,21,1,200,0.3333333333333333,12,0.19055555555555556,0.3611111111111111,0.010138888888888864,0.6368159203980099,0.3333333333333333,0.3029166666666667,0.04011918009021508,0.25,0.3333333333333333,0.030416666666666592,0.6368159203980099,0.0,0.35097222222222224,0.013373060030071705,0.3333333333333333,0.3611111111111111,0.3780555555555556,0.003820874294306186,0.373015873015873,0.38095238095238093,0.0,0.0,0.0,0.0,1.6499237696536715,2.220446049250313e-16,1.6499237696536713,1.6499237696536713,0.4744444444444445,0.019515742300278117,0.4444444444444444,0.5
patch_reassignment_v1,lisa_signs/vgg16,lisa_signs,vgg16,202,original,36,18,2,1,1.0,36,0.0,0.3055555555555556,0.0,nan,0.3055555555555556,0.3055555555555556,0.0,0.3055555555555556,0.3055555555555556,0.0,nan,0.0,0.3055555555555556,0.0,0.3055555555555556,0.3055555555555556,0.31481481481481477,0.0,0.31481481481481477,0.31481481481481477,0.5,0.0,0.5,0.5,1.3682918243575841,0.0,1.3682918243575841,1.3682918243575841,0.4444444444444444,0.0,0.4444444444444444,0.4444444444444444
patch_reassignment_v1,lisa_signs/vgg16,lisa_signs,vgg16,202,global_effect_shuffle,36,18,2,200,1.0,36,0.9656944444444443,0.3055555555555556,0.18638888888888894,0.004975124378109453,0.3055555555555556,0.11916666666666666,0.039925663951590196,0.05555555555555555,0.19444444444444445,0.18638888888888894,0.004975124378109453,0.0,0.11916666666666666,0.039925663951590196,0.05555555555555555,0.19444444444444445,0.13717592592592592,0.05502117608924922,0.027777777777777776,0.24097222222222225,0.0025,0.03526683994916472,0.0,0.0,0.5583441292674333,0.14640381679476058,0.2698956762957904,0.8053270673812626,0.24569444444444444,0.041397044312097675,0.16666666666666666,0.3333333333333333
patch_reassignment_v1,lisa_signs/vgg16,lisa_signs,vgg16,202,global_direction_shuffle,36,18,2,200,1.0,36,0.9713888888888889,0.3055555555555556,0.18375000000000002,0.004975124378109453,0.3055555555555556,0.12180555555555556,0.03713063982185395,0.05555555555555555,0.19444444444444445,0.18375000000000002,0.004975124378109453,0.0,0.12180555555555556,0.03713063982185395,0.05555555555555555,0.19444444444444445,0.14037037037037037,0.05143216396100726,0.046296296296296294,0.25,0.005,0.049749371855330994,0.0,0.0,0.6394100344855213,0.1463261781228473,0.33839636300633824,0.9209776765753646,0.24569444444444444,0.04026316784835969,0.16666666666666666,0.3055555555555556
patch_reassignment_v1,lisa_signs/vgg16,lisa_signs,vgg16,202,global_magnitude_shuffle,36,18,2,200,1.0,36,0.97125,0.3055555555555556,0.016527777777777808,0.527363184079602,0.3055555555555556,0.2890277777777778,0.019463780068833023,0.25,0.3055555555555556,0.016527777777777808,0.527363184079602,0.0,0.2890277777777778,0.019463780068833023,0.25,0.3055555555555556,0.3035648148148148,0.017442770915242965,0.25,0.31481481481481477,0.365,0.22197972880423114,0.0,0.5,1.2615200968593754,0.043276744576877184,1.1817180144845774,1.3474331142864253,0.4319444444444445,0.017066952399228466,0.3888888888888889,0.4444444444444444
patch_reassignment_v1,lisa_signs/vgg16,lisa_signs,vgg16,202,within_true_class_shuffle,36,18,2,200,0.7222222222222222,26,0.49402777777777784,0.3055555555555556,0.03138888888888891,0.17412935323383086,0.3076923076923077,0.2642307692307692,0.027008107483170403,0.23076923076923078,0.3076923076923077,0.043461538461538496,0.17412935323383086,0.0,0.27416666666666667,0.019505855404511968,0.25,0.3055555555555556,0.30157407407407405,0.009777619948221147,0.287037037037037,0.31481481481481477,0.1225,0.2150436002302789,0.0,0.5,1.3517271244246514,0.016448294141168468,1.3212657174768134,1.3850493195001037,0.4213888888888889,0.01498713440024022,0.3888888888888889,0.4444444444444444
patch_reassignment_v1,lisa_signs/vgg16,lisa_signs,vgg16,202,within_failure_type_shuffle,36,18,2,200,0.5,18,0.2793055555555556,0.3055555555555556,0.0187500000000001,0.4527363184079602,0.3333333333333333,0.29583333333333334,0.03806163779456866,0.2222222222222222,0.3333333333333333,0.03749999999999998,0.4527363184079602,0.0,0.2868055555555555,0.019030818897284345,0.25,0.3055555555555556,0.3055555555555556,0.00992944934700334,0.287037037037037,0.31481481481481477,0.325,0.23848480035423641,0.0,0.5,1.3682918243575841,0.0,1.3682918243575841,1.3682918243575841,0.4347222222222223,0.013249155575235334,0.4166666666666667,0.4444444444444444
patch_reassignment_v1,lisa_signs/vgg16,lisa_signs,vgg16,303,original,36,17,1,1,1.0,36,0.0,0.3333333333333333,0.0,nan,0.3333333333333333,0.3333333333333333,0.0,0.3333333333333333,0.3333333333333333,0.0,nan,0.0,0.3333333333333333,0.0,0.3333333333333333,0.3333333333333333,0.3431372549019608,0.0,0.3431372549019608,0.3431372549019608,0.0,0.0,0.0,0.0,1.3962357910608665,0.0,1.3962357910608665,1.3962357910608665,0.3611111111111111,0.0,0.3611111111111111,0.3611111111111111
patch_reassignment_v1,lisa_signs/vgg16,lisa_signs,vgg16,303,global_effect_shuffle,36,17,1,200,1.0,36,0.971111111111111,0.3333333333333333,0.24083333333333332,0.004975124378109453,0.3333333333333333,0.0925,0.039879254484902364,0.027777777777777776,0.16666666666666666,0.24083333333333332,0.004975124378109453,0.0,0.0925,0.039879254484902364,0.027777777777777776,0.16666666666666666,0.11051470588235293,0.05081231129786351,0.029411764705882353,0.2156862745098039,0.0,0.0,0.0,0.0,0.6501133129589207,0.10399755945884284,0.46452777015252245,0.8701455699279905,0.1338888888888889,0.043101230253702924,0.05555555555555555,0.2222222222222222
patch_reassignment_v1,lisa_signs/vgg16,lisa_signs,vgg16,303,global_direction_shuffle,36,17,1,200,1.0,36,0.9708333333333333,0.3333333333333333,0.2311111111111111,0.004975124378109453,0.3333333333333333,0.10222222222222221,0.03576328208762463,0.027777777777777776,0.16666666666666666,0.2311111111111111,0.004975124378109453,0.0,0.10222222222222221,0.03576328208762463,0.027777777777777776,0.16666666666666666,0.12034313725490196,0.045732299252552656,0.029411764705882353,0.20122549019607847,0.0,0.0,0.0,0.0,0.6619463146210068,0.10202587374068083,0.4680661577489557,0.8663033165723162,0.14222222222222222,0.03722222222222222,0.0826388888888889,0.2222222222222222
patch_reassignment_v1,lisa_signs/vgg16,lisa_signs,vgg16,303,global_magnitude_shuffle,36,17,1,200,1.0,36,0.9715277777777778,0.3333333333333333,0.01722222222222225,0.44776119402985076,0.3333333333333333,0.31611111111111106,0.023824201824879505,0.2777777777777778,0.3611111111111111,0.01722222222222225,0.44776119402985076,0.0,0.31611111111111106,0.023824201824879505,0.2777777777777778,0.3611111111111111,0.33289215686274515,0.018916678734200384,0.30392156862745096,0.37254901960784315,0.0,0.0,0.0,0.0,1.3752070865789374,0.01800031032822888,1.3377790702805776,1.4087132551020556,0.3491666666666666,0.025985216594854112,0.3055555555555556,0.4166666666666667
patch_reassignment_v1,lisa_signs/vgg16,lisa_signs,vgg16,303,within_true_class_shuffle,36,17,1,200,0.8055555555555556,29,0.5252777777777777,0.3333333333333333,0.05125000000000002,0.22885572139303484,0.3448275862068966,0.28120689655172415,0.054314176110073255,0.1724137931034483,0.3793103448275862,0.06362068965517242,0.22885572139303484,0.0,0.2820833333333333,0.04375308631089234,0.19444444444444445,0.3611111111111111,0.3028676470588235,0.039316284878305394,0.23039215686274508,0.37254901960784315,0.0,0.0,0.0,0.0,1.3803781086837665,0.011525752307081125,1.3582604760976715,1.4013547286029078,0.32388888888888895,0.03605123240646138,0.25,0.3888888888888889
patch_reassignment_v1,lisa_signs/vgg16,lisa_signs,vgg16,303,within_failure_type_shuffle,36,17,1,200,0.5555555555555556,20,0.33416666666666667,0.3333333333333333,0.036111111111111094,0.3333333333333333,0.35,0.285,0.06726812023536856,0.15,0.4,0.065,0.3333333333333333,0.0,0.2972222222222222,0.03737117790853808,0.2222222222222222,0.3611111111111111,0.31235294117647056,0.0362352728970314,0.24509803921568624,0.37254901960784315,0.0,0.0,0.0,0.0,1.3962357910608667,2.220446049250313e-16,1.3962357910608665,1.3962357910608665,0.33944444444444444,0.02793842435706701,0.2777777777777778,0.3888888888888889
