experiment_id,setting,dataset,backbone,seed,condition,n,n_classes,n_estimable_classes,n_permutations,eligible_fraction,n_eligible,moved_fraction,original_RR_held,original_minus_mean_RR,p_null_ge_original,original_RR_held_eligible,RR_held_mean_eligible,RR_held_std_eligible,RR_held_p025_eligible,RR_held_p975_eligible,original_minus_mean_RR_eligible,p_null_ge_original_eligible,max_reconstruction_error,RR_held_mean,RR_held_std,RR_held_p025,RR_held_p975,macro_RR_mean,macro_RR_std,macro_RR_p025,macro_RR_p975,coverage_at_0.5_mean,coverage_at_0.5_std,coverage_at_0.5_p025,coverage_at_0.5_p975,target_margin_gain_mean,target_margin_gain_std,target_margin_gain_p025,target_margin_gain_p975,flip_rate_mean,flip_rate_std,flip_rate_p025,flip_rate_p975
patch_reassignment_nnpatching_v1,gtsrb/resnet50,gtsrb,resnet50,101,original,48,20,2,1,1.0,48,0.0,0.6458333333333334,0.0,nan,0.6458333333333334,0.6458333333333334,0.0,0.6458333333333334,0.6458333333333334,0.0,nan,0.0,0.6458333333333334,0.0,0.6458333333333334,0.6458333333333334,0.55,0.0,0.55,0.55,1.0,0.0,1.0,1.0,10.048405648636011,0.0,10.048405648636011,10.048405648636011,0.9791666666666666,0.0,0.9791666666666666,0.9791666666666666
patch_reassignment_nnpatching_v1,gtsrb/resnet50,gtsrb,resnet50,101,global_effect_shuffle,48,20,2,200,1.0,48,0.9798958333333333,0.6458333333333334,0.45375,0.004975124378109453,0.6458333333333334,0.19208333333333336,0.052546275901448156,0.08333333333333333,0.2916666666666667,0.45375,0.004975124378109453,0.0,0.19208333333333336,0.052546275901448156,0.08333333333333333,0.2916666666666667,0.17935416666666665,0.06155296034378309,0.0790625,0.3,0.14,0.2406241883103193,0.0,0.5,0.06402108348517989,0.8469814580005494,-1.4918396071511475,1.725746136875629,0.6907291666666667,0.056714804155675855,0.5833333333333334,0.7921875
patch_reassignment_nnpatching_v1,gtsrb/resnet50,gtsrb,resnet50,101,global_direction_shuffle,48,20,2,200,1.0,48,0.9798958333333333,0.6458333333333334,0.464375,0.004975124378109453,0.6458333333333334,0.18145833333333336,0.05189925804971697,0.08333333333333333,0.2916666666666667,0.464375,0.004975124378109453,0.0,0.18145833333333336,0.05189925804971697,0.08333333333333333,0.2916666666666667,0.16952083333333334,0.05867693077233259,0.0790625,0.304375,0.1175,0.21781586259958202,0.0,0.5,0.6040468043841571,0.8142498014254532,-1.1963622171196124,2.1170235069763916,0.7091666666666667,0.051826031104069706,0.6041666666666666,0.7921875
patch_reassignment_nnpatching_v1,gtsrb/resnet50,gtsrb,resnet50,101,global_magnitude_shuffle,48,20,2,200,1.0,48,0.9769791666666666,0.6458333333333334,-0.011562500000000031,0.9353233830845771,0.6458333333333334,0.6573958333333334,0.01582476467702862,0.625,0.6875,-0.011562500000000031,0.9353233830845771,0.0,0.6573958333333334,0.01582476467702862,0.625,0.6875,0.5579791666666667,0.0073098285718613204,0.5416666666666666,0.5708333333333333,1.0,0.0,1.0,1.0,10.99260184225425,0.33008029479981627,10.393306905177852,11.631455510217847,0.9339583333333333,0.014599693204539176,0.9166666666666666,0.9583333333333334
patch_reassignment_nnpatching_v1,gtsrb/resnet50,gtsrb,resnet50,101,within_true_class_shuffle,48,20,2,200,0.8333333333333334,40,0.5814583333333333,0.6458333333333334,0.028958333333333308,0.1890547263681592,0.675,0.6402500000000001,0.02559174671647093,0.6,0.6756250000000001,0.03474999999999995,0.1890547263681592,0.0,0.6168750000000001,0.0213264555970591,0.5833333333333334,0.6463541666666668,0.5317500000000001,0.013885444017227366,0.5041666666666667,0.5502083333333334,1.0,0.0,1.0,1.0,8.573408143192063,0.3592809891333332,7.84052983673755,9.268646049278324,0.9163541666666666,0.027910252683576893,0.8541666666666666,0.9583333333333334
patch_reassignment_nnpatching_v1,gtsrb/resnet50,gtsrb,resnet50,101,within_failure_type_shuffle,48,20,2,200,0.5208333333333334,25,0.31489583333333326,0.6458333333333334,0.014062499999999978,0.3283582089552239,0.76,0.733,0.01873499399519521,0.72,0.76,0.027000000000000024,0.3283582089552239,0.0,0.6317708333333334,0.009757809372497515,0.625,0.6458333333333334,0.544375,0.003903123748999037,0.5416666666666666,0.55,1.0,0.0,1.0,1.0,10.04840564863601,1.7763568394002505e-15,10.048405648636011,10.048405648636011,0.9791666666666665,1.1102230246251565e-16,0.9791666666666666,0.9791666666666666
patch_reassignment_nnpatching_v1,gtsrb/resnet50,gtsrb,resnet50,202,original,48,20,4,1,1.0,48,0.0,0.7083333333333334,0.0,nan,0.7083333333333334,0.7083333333333334,0.0,0.7083333333333334,0.7083333333333334,0.0,nan,0.0,0.7083333333333334,0.0,0.7083333333333334,0.7083333333333334,0.674047619047619,0.0,0.674047619047619,0.674047619047619,1.0,0.0,1.0,1.0,9.15402579162037,0.0,9.15402579162037,9.15402579162037,0.9375,0.0,0.9375,0.9375
patch_reassignment_nnpatching_v1,gtsrb/resnet50,gtsrb,resnet50,202,global_effect_shuffle,48,20,4,200,1.0,48,0.9804166666666666,0.7083333333333334,0.5333333333333334,0.004975124378109453,0.7083333333333334,0.175,0.051832730435936364,0.0625,0.2708333333333333,0.5333333333333334,0.004975124378109453,0.0,0.175,0.051832730435936364,0.0625,0.2708333333333333,0.15819999999999998,0.0620335320046386,0.05166666666666666,0.2884285714285714,0.04125,0.09279513726483733,0.0,0.25,0.33713239897129826,0.8600442126116925,-1.410799154008176,2.17573692114723,0.6873958333333333,0.05394576349729009,0.5833333333333334,0.7916666666666666
patch_reassignment_nnpatching_v1,gtsrb/resnet50,gtsrb,resnet50,202,global_direction_shuffle,48,20,4,200,1.0,48,0.9801041666666666,0.7083333333333334,0.5440625000000001,0.004975124378109453,0.7083333333333334,0.1642708333333333,0.052917384345526966,0.0625,0.2708333333333333,0.5440625000000001,0.004975124378109453,0.0,0.1642708333333333,0.052917384345526966,0.0625,0.2708333333333333,0.15062619047619047,0.05458630910515342,0.058797619047619036,0.25928571428571423,0.03625,0.09150648884095595,0.0,0.25,0.5395240105657497,0.7585633707201561,-0.692470787630525,2.0379392851268685,0.6953125,0.05786409109451599,0.5625,0.8125
patch_reassignment_nnpatching_v1,gtsrb/resnet50,gtsrb,resnet50,202,global_magnitude_shuffle,48,20,4,200,1.0,48,0.9801041666666666,0.7083333333333334,0.0031250000000000444,0.8507462686567164,0.7083333333333334,0.7052083333333333,0.007438987946398815,0.6875,0.7083333333333334,0.0031250000000000444,0.8507462686567164,0.0,0.7052083333333333,0.007438987946398815,0.6875,0.7083333333333334,0.6671904761904763,0.01706589868595214,0.6240476190476191,0.674047619047619,1.0,0.0,1.0,1.0,9.382741131414868,0.2242023571494221,9.035340162665277,9.873249762906607,0.9244791666666665,0.011493789838913505,0.8958333333333334,0.9375
patch_reassignment_nnpatching_v1,gtsrb/resnet50,gtsrb,resnet50,202,within_true_class_shuffle,48,20,4,200,0.7916666666666666,38,0.5888541666666667,0.7083333333333334,0.0025000000000000577,0.6965174129353234,0.7105263157894737,0.7073684210526315,0.02130766576841804,0.6578947368421053,0.7368421052631579,0.0031578947368421373,0.6965174129353234,0.0,0.7058333333333333,0.016868568733330962,0.6666666666666666,0.7291666666666666,0.6704285714285715,0.009022395918929366,0.6502380952380953,0.6811904761904761,1.0,0.0,1.0,1.0,8.608159645437263,0.1893202240160266,8.228614935674706,8.913277853280306,0.9209375,0.023871900249619375,0.875,0.9588541666666668
patch_reassignment_nnpatching_v1,gtsrb/resnet50,gtsrb,resnet50,202,within_failure_type_shuffle,48,20,4,200,0.5,24,0.3370833333333333,0.7083333333333334,-0.005520833333333197,0.9104477611940298,0.9166666666666666,0.9277083333333331,0.02550786235000236,0.875,0.9583333333333334,-0.011041666666666505,0.9104477611940298,0.0,0.7138541666666666,0.012753931175001143,0.6875,0.7291666666666666,0.6759404761904761,0.004372776402857528,0.6669047619047619,0.6811904761904761,1.0,0.0,1.0,1.0,9.15402579162037,0.0,9.15402579162037,9.15402579162037,0.9375,0.0,0.9375,0.9375
patch_reassignment_nnpatching_v1,gtsrb/resnet50,gtsrb,resnet50,303,original,48,20,3,1,1.0,48,0.0,0.6041666666666666,0.0,nan,0.6041666666666666,0.6041666666666666,0.0,0.6041666666666666,0.6041666666666666,0.0,nan,0.0,0.6041666666666666,0.0,0.6041666666666666,0.6041666666666666,0.54,0.0,0.54,0.54,0.6666666666666666,0.0,0.6666666666666666,0.6666666666666666,8.438338287582155,0.0,8.438338287582155,8.438338287582155,0.7916666666666666,0.0,0.7916666666666666,0.7916666666666666
patch_reassignment_nnpatching_v1,gtsrb/resnet50,gtsrb,resnet50,303,global_effect_shuffle,48,20,3,200,1.0,48,0.9795833333333333,0.6041666666666666,0.42999999999999994,0.004975124378109453,0.6041666666666666,0.1741666666666667,0.052582606968041776,0.08333333333333333,0.2713541666666668,0.42999999999999994,0.004975124378109453,0.0,0.1741666666666667,0.052582606968041776,0.08333333333333333,0.2713541666666668,0.16525595238095236,0.05918851128552972,0.06577083333333333,0.29395535714285714,0.06166666666666666,0.13365585991227205,0.0,0.3333333333333333,-0.10240949412119034,0.8848497460057478,-1.7374329385774518,1.9270162532726924,0.6728125,0.05495411201250852,0.5619791666666667,0.7708333333333334
patch_reassignment_nnpatching_v1,gtsrb/resnet50,gtsrb,resnet50,303,global_direction_shuffle,48,20,3,200,1.0,48,0.979375,0.6041666666666666,0.44468749999999996,0.004975124378109453,0.6041666666666666,0.15947916666666667,0.0496339683681672,0.0625,0.25,0.44468749999999996,0.004975124378109453,0.0,0.15947916666666667,0.0496339683681672,0.0625,0.25,0.1508642857142857,0.05963590901454366,0.051577380952380944,0.27759523809523806,0.028333333333333332,0.09296056511589561,0.0,0.3333333333333333,0.6129051363308775,0.779016740080959,-0.8120042597351872,2.2281638562379995,0.6692708333333335,0.057279828322358735,0.5625,0.7708333333333334
patch_reassignment_nnpatching_v1,gtsrb/resnet50,gtsrb,resnet50,303,global_magnitude_shuffle,48,20,3,200,1.0,48,0.9765625,0.6041666666666666,-1.1102230246251565e-16,1.0,0.6041666666666666,0.6041666666666667,1.1102230246251565e-16,0.6041666666666666,0.6041666666666666,-1.1102230246251565e-16,1.0,0.0,0.6041666666666667,1.1102230246251565e-16,0.6041666666666666,0.6041666666666666,0.54,0.0,0.54,0.54,0.6666666666666665,1.1102230246251565e-16,0.6666666666666666,0.6666666666666666,9.844599725158155,0.4079362410699583,8.979494650806204,10.640851409647514,0.8014583333333334,0.016913536245662338,0.7708333333333334,0.8333333333333334
patch_reassignment_nnpatching_v1,gtsrb/resnet50,gtsrb,resnet50,303,within_true_class_shuffle,48,20,3,200,0.8125,39,0.588125,0.6041666666666666,-0.009791666666666754,0.8855721393034826,0.6410256410256411,0.6530769230769232,0.020337390871388097,0.6153846153846154,0.6923076923076923,-0.012051282051282142,0.8855721393034826,0.0,0.6139583333333334,0.016524130083002863,0.5833333333333334,0.6458333333333334,0.5553964285714287,0.013438768449860975,0.5328571428571429,0.575,0.6666666666666665,1.1102230246251565e-16,0.6666666666666666,0.6666666666666666,7.665136547103368,0.2837149760958395,7.159154671512079,8.204362694271063,0.8046875,0.020458874313960793,0.7708333333333334,0.8338541666666668
patch_reassignment_nnpatching_v1,gtsrb/resnet50,gtsrb,resnet50,303,within_failure_type_shuffle,48,20,3,200,0.6666666666666666,32,0.4257291666666667,0.6041666666666666,-0.0009375000000000355,0.7711442786069652,0.6875,0.68890625,0.023027136674747466,0.65625,0.71875,-0.0014062500000000533,0.7711442786069652,0.0,0.6051041666666667,0.01535142444983164,0.5833333333333334,0.625,0.5507607142857144,0.013121892732283353,0.5328571428571429,0.5678571428571428,0.6666666666666665,1.1102230246251565e-16,0.6666666666666666,0.6666666666666666,8.438338287582155,0.0,8.438338287582155,8.438338287582155,0.8192708333333333,0.01612902350750212,0.7916666666666666,0.8541666666666666
patch_reassignment_nnpatching_v1,gtsrb/convnext_tiny,gtsrb,convnext_tiny,101,original,217,25,12,1,1.0,217,0.0,0.9308755760368663,0.0,nan,0.9308755760368663,0.9308755760368663,0.0,0.9308755760368663,0.9308755760368663,0.0,nan,0.0,0.9308755760368663,0.0,0.9308755760368663,0.9308755760368663,0.7395772946859904,0.0,0.7395772946859904,0.7395772946859904,1.0,0.0,1.0,1.0,13.810825084657989,0.0,13.810825084657989,13.810825084657989,1.0,0.0,1.0,1.0
patch_reassignment_nnpatching_v1,gtsrb/convnext_tiny,gtsrb,convnext_tiny,101,global_effect_shuffle,217,25,12,200,1.0,217,0.9949769585253457,0.9308755760368663,0.7111059907834101,0.004975124378109453,0.9308755760368663,0.21976958525345622,0.02678918019299054,0.175,0.2766129032258065,0.7111059907834101,0.004975124378109453,0.0,0.21976958525345622,0.02678918019299054,0.175,0.2766129032258065,0.19538789793953512,0.046600521929081984,0.11314277087984202,0.28956147325667636,0.018333333333333333,0.03833333333333333,0.0,0.08333333333333333,2.7603599835697015,0.3344997516025292,2.0783698719158683,3.465153635888949,0.5609677419354838,0.024759498535666842,0.511520737327189,0.6082949308755761
patch_reassignment_nnpatching_v1,gtsrb/convnext_tiny,gtsrb,convnext_tiny,101,global_direction_shuffle,217,25,12,200,1.0,217,0.9956221198156683,0.9308755760368663,0.6941935483870967,0.004975124378109453,0.9308755760368663,0.23668202764976962,0.026608823275343307,0.18433179723502305,0.2903225806451613,0.6941935483870967,0.004975124378109453,0.0,0.23668202764976962,0.026608823275343307,0.18433179723502305,0.2903225806451613,0.21977984600543518,0.04755006392893196,0.1332685216821071,0.3033869008058251,0.04375,0.057697426767192625,0.0,0.16666666666666666,2.834609927207508,0.3434751414785781,2.198071883218431,3.50770870278561,0.5729032258064516,0.027105863863055392,0.5161290322580645,0.6315668202764978
patch_reassignment_nnpatching_v1,gtsrb/convnext_tiny,gtsrb,convnext_tiny,101,global_magnitude_shuffle,217,25,12,200,1.0,217,0.9955529953917052,0.9308755760368663,0.004907834101382291,0.30845771144278605,0.9308755760368663,0.925967741935484,0.004768583344978923,0.9170506912442397,0.9354838709677419,0.004907834101382291,0.30845771144278605,0.0,0.925967741935484,0.004768583344978923,0.9170506912442397,0.9354838709677419,0.7267329951690822,0.011101671002503154,0.7051328502415458,0.7413164251207729,1.0,0.0,1.0,1.0,13.916540997636103,0.04694743436035769,13.817081386639266,14.004162541887181,0.99389400921659,0.004094321576939371,0.9861751152073732,1.0
patch_reassignment_nnpatching_v1,gtsrb/convnext_tiny,gtsrb,convnext_tiny,101,within_true_class_shuffle,217,25,12,200,0.9723502304147466,211,0.8843087557603687,0.9308755760368663,0.01635944700460812,0.05970149253731343,0.9478672985781991,0.931042654028436,0.010721275853899167,0.9098341232227488,0.9479857819905214,0.016824644549763068,0.05970149253731343,0.0,0.9145161290322582,0.010424835046878913,0.8938940092165899,0.9309907834101382,0.7272668706685091,0.015431631223563827,0.6997685813597266,0.7561797764227642,1.0,0.0,1.0,1.0,12.457923749858937,0.11075539944027206,12.238872520667384,12.676444688093879,0.9692165898617512,0.009109516286128046,0.9493087557603687,0.9861751152073732
patch_reassignment_nnpatching_v1,gtsrb/convnext_tiny,gtsrb,convnext_tiny,101,within_failure_type_shuffle,217,25,12,200,0.9032258064516129,196,0.7770276497695852,0.9308755760368663,0.0008294930875575313,0.6268656716417911,0.9693877551020408,0.968469387755102,0.005121391874012091,0.9591836734693877,0.9795918367346939,0.000918367346938731,0.6268656716417911,0.0,0.9300460829493088,0.00462577330555929,0.9216589861751152,0.9400921658986175,0.7352246859903382,0.0035463608529458924,0.7283888888888889,0.7430555555555556,1.0,0.0,1.0,1.0,13.810825084657985,3.552713678800501e-15,13.810825084657989,13.810825084657989,0.9995622119815668,0.00135122091349269,0.9953917050691244,1.0
patch_reassignment_nnpatching_v1,gtsrb/convnext_tiny,gtsrb,convnext_tiny,202,original,217,23,13,1,1.0,217,0.0,0.9585253456221198,0.0,nan,0.9585253456221198,0.9585253456221198,0.0,0.9585253456221198,0.9585253456221198,0.0,nan,0.0,0.9585253456221198,0.0,0.9585253456221198,0.9585253456221198,0.825202333897986,0.0,0.825202333897986,0.825202333897986,1.0,0.0,1.0,1.0,14.264697458858985,0.0,14.264697458858985,14.264697458858985,0.9907834101382489,0.0,0.9907834101382489,0.9907834101382489
patch_reassignment_nnpatching_v1,gtsrb/convnext_tiny,gtsrb,convnext_tiny,202,global_effect_shuffle,217,23,13,200,1.0,217,0.9951612903225808,0.9585253456221198,0.7388479262672811,0.004975124378109453,0.9585253456221198,0.21967741935483867,0.023225577864429952,0.18433179723502305,0.2672811059907834,0.7388479262672811,0.004975124378109453,0.0,0.21967741935483867,0.023225577864429952,0.18433179723502305,0.2672811059907834,0.1852631163025152,0.03915769590214469,0.11686285626189219,0.2722232928637866,0.021538461538461538,0.038584419089182934,0.0,0.07884615384615429,2.269574527468045,0.3770011965298511,1.5370239519477664,2.99094779032437,0.5280875576036866,0.027696187994931985,0.47453917050691247,0.5761520737327188
patch_reassignment_nnpatching_v1,gtsrb/convnext_tiny,gtsrb,convnext_tiny,202,global_direction_shuffle,217,23,13,200,1.0,217,0.9950921658986176,0.9585253456221198,0.7271428571428571,0.004975124378109453,0.9585253456221198,0.23138248847926268,0.027018877656842414,0.18433179723502305,0.28110599078341014,0.7271428571428571,0.004975124378109453,0.0,0.23138248847926268,0.027018877656842414,0.18433179723502305,0.28110599078341014,0.20232660891944043,0.04292347855455228,0.13463565647459166,0.29551671882522446,0.041923076923076924,0.04791356863323372,0.0,0.15384615384615385,2.404696716510934,0.4009016960325426,1.6459957329951802,3.1795885952111673,0.555668202764977,0.029648782588655484,0.502188940092166,0.6130184331797235
patch_reassignment_nnpatching_v1,gtsrb/convnext_tiny,gtsrb,convnext_tiny,202,global_magnitude_shuffle,217,23,13,200,1.0,217,0.9957373271889403,0.9585253456221198,-0.000852534562211904,0.8706467661691543,0.9585253456221198,0.9593778801843317,0.0030939990582823347,0.9539170506912442,0.9631336405529954,-0.000852534562211904,0.8706467661691543,0.0,0.9593778801843317,0.0030939990582823347,0.9539170506912442,0.9631336405529954,0.8226990400903443,0.00926421094241136,0.8034632034632034,0.8291549030679465,1.0,0.0,1.0,1.0,14.43742225760403,0.044049579202973504,14.351259609178339,14.513164264442825,0.9893778801843319,0.0023586863333153294,0.9860599078341014,0.9907834101382489
patch_reassignment_nnpatching_v1,gtsrb/convnext_tiny,gtsrb,convnext_tiny,202,within_true_class_shuffle,217,23,13,200,0.9815668202764977,213,0.8938709677419355,0.9585253456221198,0.02979262672811056,0.009950248756218905,0.971830985915493,0.9414788732394367,0.01054905131441683,0.92018779342723,0.9577464788732394,0.03035211267605631,0.009950248756218905,0.0,0.9287327188940092,0.010354598755625737,0.9078341013824884,0.9447004608294931,0.7961628689204175,0.022003014605029327,0.7555677379396479,0.8359727930759275,0.9880769230769231,0.02783882181415009,0.9230769230769231,1.0,12.929729622281027,0.11465541268144772,12.734689316757652,13.176110438106384,0.9662442396313363,0.009284742261962574,0.9493087557603687,0.9816820276497695
patch_reassignment_nnpatching_v1,gtsrb/convnext_tiny,gtsrb,convnext_tiny,202,within_failure_type_shuffle,217,23,13,200,0.9124423963133641,198,0.7884331797235022,0.9585253456221198,0.0015668202764979045,0.5572139303482587,0.9848484848484849,0.983131313131313,0.00602768838296393,0.9696969696969697,0.9949494949494949,0.0017171717171718948,0.5572139303482587,0.0,0.9569585253456219,0.005499918432381833,0.9447004608294931,0.967741935483871,0.8229793431206474,0.015326908672132546,0.7973306826024218,0.8508940335027291,1.0,0.0,1.0,1.0,14.264697458858986,1.7763568394002505e-15,14.264697458858985,14.264697458858985,0.989009216589862,0.002593675955450274,0.9815668202764977,0.9907834101382489
patch_reassignment_nnpatching_v1,gtsrb/convnext_tiny,gtsrb,convnext_tiny,303,original,217,25,11,1,1.0,217,0.0,0.9262672811059908,0.0,nan,0.9262672811059908,0.9262672811059908,0.0,0.9262672811059908,0.9262672811059908,0.0,nan,0.0,0.9262672811059908,0.0,0.9262672811059908,0.9262672811059908,0.6752380952380952,0.0,0.6752380952380952,0.6752380952380952,0.9090909090909091,0.0,0.9090909090909091,0.9090909090909091,13.425325244321801,0.0,13.425325244321801,13.425325244321801,0.9815668202764977,0.0,0.9815668202764977,0.9815668202764977
patch_reassignment_nnpatching_v1,gtsrb/convnext_tiny,gtsrb,convnext_tiny,303,global_effect_shuffle,217,25,11,200,1.0,217,0.9949769585253457,0.9262672811059908,0.6986635944700461,0.004975124378109453,0.9262672811059908,0.22760368663594469,0.025399147503804606,0.18433179723502305,0.2764976958525346,0.6986635944700461,0.004975124378109453,0.0,0.22760368663594469,0.025399147503804606,0.18433179723502305,0.2764976958525346,0.19262316676077545,0.04652556650624263,0.11440445605119517,0.29664918595896855,0.019545454545454546,0.04153809363873716,0.0,0.09090909090909091,2.296092760893146,0.35298858241896297,1.658185529026572,3.031998069973744,0.5333179723502304,0.026499539106395964,0.4883640552995392,0.5852534562211982
patch_reassignment_nnpatching_v1,gtsrb/convnext_tiny,gtsrb,convnext_tiny,303,global_direction_shuffle,217,25,11,200,1.0,217,0.9949539170506914,0.9262672811059908,0.6919585253456222,0.004975124378109453,0.9262672811059908,0.23430875576036864,0.027577083801191442,0.18421658986175116,0.29493087557603687,0.6919585253456222,0.004975124378109453,0.0,0.23430875576036864,0.027577083801191442,0.18421658986175116,0.29493087557603687,0.1967314605684171,0.043644287047531344,0.12061357989836251,0.29634022680218336,0.04409090909090909,0.053765253457403545,0.0,0.18181818181818182,2.3304080920295673,0.36376520482560865,1.6623123704568246,3.153039058614497,0.5449539170506913,0.027545878167562036,0.4883640552995392,0.6038018433179724
patch_reassignment_nnpatching_v1,gtsrb/convnext_tiny,gtsrb,convnext_tiny,303,global_magnitude_shuffle,217,25,11,200,1.0,217,0.9958064516129034,0.9262672811059908,-0.005552995391705173,0.9950248756218906,0.9262672811059908,0.9318202764976959,0.00369519455857374,0.9262672811059908,0.9400921658986175,-0.005552995391705173,0.9950248756218906,0.0,0.9318202764976959,0.00369519455857374,0.9262672811059908,0.9400921658986175,0.6864095238095237,0.006863621878999228,0.6780952380952381,0.6971428571428572,0.9945454545454545,0.021589712885523492,0.9090909090909091,1.0,13.542278533528473,0.043434593193949274,13.46502081129568,13.625139001143667,0.9815668202764978,0.0023497785776925174,0.9769585253456221,0.9861751152073732
patch_reassignment_nnpatching_v1,gtsrb/convnext_tiny,gtsrb,convnext_tiny,303,within_true_class_shuffle,217,25,11,200,0.9631336405529954,209,0.8846082949308756,0.9262672811059908,0.03391705069124429,0.004975124378109453,0.9521531100478469,0.9169377990430622,0.010071059993816555,0.8995215311004785,0.937799043062201,0.0352153110047847,0.004975124378109453,0.0,0.8923502304147465,0.009699776676072157,0.8755760368663594,0.9124423963133641,0.6531467532467533,0.00818156438141365,0.6386547619047619,0.6669686147186147,0.9090909090909087,3.3306690738754696e-16,0.9090909090909091,0.9090909090909091,12.079892024065707,0.10182348632410254,11.8987886417361,12.273916760023495,0.9400921658986175,0.011325535232667753,0.9170506912442397,0.9631336405529954
patch_reassignment_nnpatching_v1,gtsrb/convnext_tiny,gtsrb,convnext_tiny,303,within_failure_type_shuffle,217,25,11,200,0.9170506912442397,199,0.7965668202764976,0.9262672811059908,0.004585253456221072,0.36318407960199006,0.9698492462311558,0.9648492462311559,0.006102942149589832,0.9547738693467337,0.9748743718592965,0.004999999999999893,0.36318407960199006,0.0,0.9216820276497697,0.005596707316904957,0.9124423963133641,0.9308755760368663,0.6720004329004329,0.006260643702056637,0.6597835497835497,0.6800432900432901,0.9090909090909087,3.3306690738754696e-16,0.9090909090909091,0.9090909090909091,13.425325244321803,1.7763568394002505e-15,13.425325244321801,13.425325244321801,0.9801152073732718,0.003616190430645309,0.9723502304147466,0.9861751152073732
patch_reassignment_nnpatching_v1,gtsrb/densenet121,gtsrb,densenet121,101,original,83,22,7,1,1.0,83,0.0,0.8433734939759037,0.0,nan,0.8433734939759037,0.8433734939759037,0.0,0.8433734939759037,0.8433734939759037,0.0,nan,0.0,0.8433734939759037,0.0,0.8433734939759037,0.8433734939759037,0.75,0.0,0.75,0.75,0.8571428571428571,0.0,0.8571428571428571,0.8571428571428571,9.23108148067651,0.0,9.23108148067651,9.23108148067651,0.9397590361445783,0.0,0.9397590361445783,0.9397590361445783
patch_reassignment_nnpatching_v1,gtsrb/densenet121,gtsrb,densenet121,101,global_effect_shuffle,83,22,7,200,1.0,83,0.9862048192771082,0.8433734939759037,0.585421686746988,0.004975124378109453,0.8433734939759037,0.25795180722891564,0.044548834277743775,0.16837349397590362,0.3376506024096386,0.585421686746988,0.004975124378109453,0.0,0.25795180722891564,0.044548834277743775,0.16837349397590362,0.3376506024096386,0.23694336219336218,0.06431140608733124,0.11701659451659452,0.3448304473304473,0.10857142857142855,0.10125740083811056,0.0,0.2857142857142857,0.6545393645007259,0.5129300568021797,-0.35851001116862313,1.6842432556898304,0.5925301204819278,0.04744540987572466,0.4939759036144578,0.675
patch_reassignment_nnpatching_v1,gtsrb/densenet121,gtsrb,densenet121,101,global_direction_shuffle,83,22,7,200,1.0,83,0.989156626506024,0.8433734939759037,0.5878915662650603,0.004975124378109453,0.8433734939759037,0.2554819277108434,0.04347874612375707,0.18072289156626506,0.3376506024096386,0.5878915662650603,0.004975124378109453,0.0,0.2554819277108434,0.04347874612375707,0.18072289156626506,0.3376506024096386,0.24884812409812407,0.062184577961922505,0.14302308802308802,0.3696987734487735,0.10571428571428569,0.10995360802796489,0.0,0.2857142857142857,0.7114155528211937,0.5793466754370866,-0.36190664521098964,1.865685376733282,0.6121686746987952,0.03982087195829157,0.5301204819277109,0.6867469879518072
patch_reassignment_nnpatching_v1,gtsrb/densenet121,gtsrb,densenet121,101,global_magnitude_shuffle,83,22,7,200,1.0,83,0.9875301204819277,0.8433734939759037,0.02150602409638558,0.17412935323383086,0.8433734939759037,0.8218674698795181,0.01606876191854888,0.7831325301204819,0.8554216867469879,0.02150602409638558,0.17412935323383086,0.0,0.8218674698795181,0.01606876191854888,0.7831325301204819,0.8554216867469879,0.7070698051948051,0.020431050560128575,0.6644615800865801,0.7476551226551227,0.8635714285714287,0.02961487491661127,0.8571428571428571,1.0,10.255519912694444,0.2296082301972927,9.84067709803284,10.752332459368064,0.9190361445783133,0.012702703954792484,0.891566265060241,0.9397590361445783
patch_reassignment_nnpatching_v1,gtsrb/densenet121,gtsrb,densenet121,101,within_true_class_shuffle,83,22,7,200,0.9036144578313253,75,0.7322891566265061,0.8433734939759037,0.04427710843373511,0.024875621890547265,0.88,0.831,0.016967288790165885,0.8,0.8666666666666667,0.049000000000000044,0.024875621890547265,0.0,0.7990963855421686,0.015331887460993277,0.7710843373493976,0.8313253012048193,0.7059379509379508,0.01695629506262471,0.6742108585858585,0.7402011183261183,0.8585714285714287,0.014214106244380298,0.8571428571428571,0.8571428571428571,8.26127885930644,0.17854247062848194,7.916148380340492,8.596342425756381,0.9266867469879518,0.017366854503931335,0.891566265060241,0.963855421686747
patch_reassignment_nnpatching_v1,gtsrb/densenet121,gtsrb,densenet121,101,within_failure_type_shuffle,83,22,7,200,0.7590361445783133,63,0.5874698795180723,0.8433734939759037,0.022048192771084607,0.029850746268656716,0.8888888888888888,0.8598412698412699,0.01270932071180063,0.8412698412698413,0.8734126984126985,0.02904761904761899,0.029850746268656716,0.0,0.8213253012048191,0.009646833793294448,0.8072289156626506,0.8316265060240965,0.7279356060606059,0.010397278789245984,0.712121212121212,0.7389204545454546,0.8571428571428571,0.0,0.8571428571428571,0.8571428571428571,9.23108148067651,0.0,9.23108148067651,9.23108148067651,0.9560843373493975,0.011486768723710107,0.9394578313253013,0.9759036144578314
patch_reassignment_nnpatching_v1,gtsrb/densenet121,gtsrb,densenet121,202,original,82,23,5,1,1.0,82,0.0,0.7682926829268293,0.0,nan,0.7682926829268293,0.7682926829268293,0.0,0.7682926829268293,0.7682926829268293,0.0,nan,0.0,0.7682926829268293,0.0,0.7682926829268293,0.7682926829268293,0.6420289855072463,0.0,0.6420289855072463,0.6420289855072463,1.0,0.0,1.0,1.0,8.834977607719782,0.0,8.834977607719782,8.834977607719782,0.9878048780487805,0.0,0.9878048780487805,0.9878048780487805
patch_reassignment_nnpatching_v1,gtsrb/densenet121,gtsrb,densenet121,202,global_effect_shuffle,82,23,5,200,1.0,82,0.9869512195121952,0.7682926829268293,0.4920121951219512,0.004975124378109453,0.7682926829268293,0.27628048780487807,0.042797711511813614,0.1951219512195122,0.3417682926829269,0.4920121951219512,0.004975124378109453,0.0,0.27628048780487807,0.042797711511813614,0.1951219512195122,0.3417682926829269,0.24244202898550726,0.055029839531070546,0.13617753623188406,0.3485597826086956,0.16799999999999998,0.16545694303957148,0.0,0.6,1.259478350323057,0.46828111708778786,0.3879759740544393,2.1787279387740077,0.6266463414634146,0.04215135012865016,0.5365853658536586,0.7073170731707317
patch_reassignment_nnpatching_v1,gtsrb/densenet121,gtsrb,densenet121,202,global_direction_shuffle,82,23,5,200,1.0,82,0.9900000000000001,0.7682926829268293,0.5008536585365855,0.004975124378109453,0.7682926829268293,0.26743902439024386,0.042778812159524636,0.17073170731707318,0.35365853658536583,0.5008536585365855,0.004975124378109453,0.0,0.26743902439024386,0.042778812159524636,0.17073170731707318,0.35365853658536583,0.23594384057971013,0.05554887020989043,0.14528079710144928,0.3547644927536232,0.17400000000000002,0.14874138630522443,0.0,0.4,1.2662580853848577,0.5329854137413188,0.23298997556102008,2.2087986155374644,0.636280487804878,0.04566967337338996,0.5365853658536586,0.7195121951219512
patch_reassignment_nnpatching_v1,gtsrb/densenet121,gtsrb,densenet121,202,global_magnitude_shuffle,82,23,5,200,1.0,82,0.9887804878048781,0.7682926829268293,-0.0033536585365853133,0.8507462686567164,0.7682926829268293,0.7716463414634146,0.009282522772950209,0.7560975609756098,0.7926829268292683,-0.0033536585365853133,0.8507462686567164,0.0,0.7716463414634146,0.009282522772950209,0.7560975609756098,0.7926829268292683,0.6440507246376812,0.017774106787281793,0.6201086956521739,0.7000000000000001,0.9990000000000001,0.014106735979665884,1.0,1.0,9.502581779030226,0.15658539219990691,9.216244967389768,9.848396146923106,0.9690243902439025,0.01289688201600224,0.9390243902439024,0.9878048780487805
patch_reassignment_nnpatching_v1,gtsrb/densenet121,gtsrb,densenet121,202,within_true_class_shuffle,82,23,5,200,0.9024390243902439,74,0.7259756097560975,0.7682926829268293,0.029573170731707288,0.029850746268656716,0.7972972972972973,0.7645270270270271,0.013475453158904816,0.7432432432432432,0.7841216216216217,0.03277027027027013,0.029850746268656716,0.0,0.738719512195122,0.012160774801938504,0.7195121951219512,0.7564024390243903,0.6152137681159421,0.013988040902133955,0.5927536231884059,0.6376811594202898,0.909,0.09959417653658269,0.8,1.0,7.710995239498684,0.221639610479858,7.296615965223712,8.162957560359898,0.9209756097560977,0.01977566029329216,0.8780487804878049,0.9512195121951219
patch_reassignment_nnpatching_v1,gtsrb/densenet121,gtsrb,densenet121,202,within_failure_type_shuffle,82,23,5,200,0.7195121951219512,59,0.5625,0.7682926829268293,-1.1102230246251565e-16,1.0,0.8305084745762712,0.8305084745762715,3.3306690738754696e-16,0.8305084745762712,0.8305084745762712,-3.3306690738754696e-16,1.0,0.0,0.7682926829268294,1.1102230246251565e-16,0.7682926829268293,0.7682926829268293,0.6420289855072463,0.0,0.6420289855072463,0.6420289855072463,1.0,0.0,1.0,1.0,8.834977607719779,3.552713678800501e-15,8.834977607719782,8.834977607719782,0.9837804878048781,0.0057343014368335405,0.975609756097561,0.9878048780487805
patch_reassignment_nnpatching_v1,gtsrb/densenet121,gtsrb,densenet121,303,original,82,21,6,1,1.0,82,0.0,0.8170731707317073,0.0,nan,0.8170731707317073,0.8170731707317073,0.0,0.8170731707317073,0.8170731707317073,0.0,nan,0.0,0.8170731707317073,0.0,0.8170731707317073,0.8170731707317073,0.6825396825396824,0.0,0.6825396825396824,0.6825396825396824,1.0,0.0,1.0,1.0,9.382406222702164,0.0,9.382406222702164,9.382406222702164,0.975609756097561,0.0,0.975609756097561,0.975609756097561
patch_reassignment_nnpatching_v1,gtsrb/densenet121,gtsrb,densenet121,303,global_effect_shuffle,82,21,6,200,1.0,82,0.988719512195122,0.8170731707317073,0.5305487804878048,0.004975124378109453,0.8170731707317073,0.2865243902439024,0.045187781576519745,0.2073170731707317,0.3780487804878049,0.5305487804878048,0.004975124378109453,0.0,0.2865243902439024,0.045187781576519745,0.2073170731707317,0.3780487804878049,0.2556290627362056,0.054516409346928724,0.15351284958427816,0.3640088813303099,0.11666666666666665,0.12909944487358055,0.0,0.5,1.0671880909837441,0.5466251611815356,-0.08082859903324122,2.1971030501489786,0.589390243902439,0.04885832205010173,0.5118902439024391,0.6951219512195121
patch_reassignment_nnpatching_v1,gtsrb/densenet121,gtsrb,densenet121,303,global_direction_shuffle,82,21,6,200,1.0,82,0.9884146341463415,0.8170731707317073,0.5311585365853658,0.004975124378109453,0.8170731707317073,0.28591463414634144,0.04243302277440006,0.1951219512195122,0.36585365853658536,0.5311585365853658,0.004975124378109453,0.0,0.28591463414634144,0.04243302277440006,0.1951219512195122,0.36585365853658536,0.24130914588057442,0.054477432380651704,0.13635487528344672,0.33961923658352233,0.1275,0.1213094069815784,0.0,0.3333333333333333,1.0746228235649904,0.5085572937062027,0.08946594984137492,2.0482925433217187,0.6160365853658536,0.043868169212737104,0.5240853658536586,0.6951219512195121
patch_reassignment_nnpatching_v1,gtsrb/densenet121,gtsrb,densenet121,303,global_magnitude_shuffle,82,21,6,200,1.0,82,0.9891463414634147,0.8170731707317073,0.0065243902439025,0.5223880597014925,0.8170731707317073,0.8105487804878048,0.009592957646466487,0.7926829268292683,0.8292682926829268,0.0065243902439025,0.5223880597014925,0.0,0.8105487804878048,0.009592957646466487,0.7926829268292683,0.8292682926829268,0.6845873015873016,0.013001918574630253,0.6634920634920635,0.7063492063492063,1.0,0.0,1.0,1.0,9.924075946036215,0.13923240337381715,9.636657720817142,10.178242590715547,0.948719512195122,0.01132883508846474,0.926829268292683,0.975609756097561
patch_reassignment_nnpatching_v1,gtsrb/densenet121,gtsrb,densenet121,303,within_true_class_shuffle,82,21,6,200,0.9146341463414634,75,0.7465243902439025,0.8170731707317073,0.008048780487804774,0.47761194029850745,0.84,0.8311999999999999,0.014632687912873544,0.8,0.8533333333333334,0.00880000000000003,0.47761194029850745,0.0,0.8090243902439025,0.013383556017872111,0.7804878048780488,0.8292682926829268,0.6866825396825397,0.019420321933635545,0.6452380952380953,0.7182539682539681,1.0,0.0,1.0,1.0,8.67165326625881,0.16180917743606063,8.36724411921076,8.979713421176392,0.953109756097561,0.013252765080256152,0.926829268292683,0.975609756097561
patch_reassignment_nnpatching_v1,gtsrb/densenet121,gtsrb,densenet121,303,within_failure_type_shuffle,82,21,6,200,0.7682926829268293,63,0.6007317073170731,0.8170731707317073,-0.0065243902439025,1.0,0.873015873015873,0.8815079365079367,0.007917039614082045,0.873015873015873,0.8888888888888888,-0.008492063492063662,1.0,0.0,0.8235975609756098,0.0060826036059411105,0.8170731707317073,0.8292682926829268,0.6952777777777777,0.011875559421123123,0.6825396825396824,0.7063492063492063,1.0,0.0,1.0,1.0,9.382406222702162,1.7763568394002505e-15,9.382406222702164,9.382406222702164,0.981280487804878,0.007701052949939718,0.9634146341463414,0.9878048780487805
patch_reassignment_nnpatching_v1,gtsrb/vgg16,gtsrb,vgg16,101,original,190,29,17,1,1.0,190,0.0,0.5894736842105263,0.0,nan,0.5894736842105263,0.5894736842105263,0.0,0.5894736842105263,0.5894736842105263,0.0,nan,0.0,0.5894736842105263,0.0,0.5894736842105263,0.5894736842105263,0.4465829693597389,0.0,0.4465829693597389,0.4465829693597389,0.7058823529411765,0.0,0.7058823529411765,0.7058823529411765,310.87678711979015,0.0,310.87678711979015,310.87678711979015,0.9894736842105263,0.0,0.9894736842105263,0.9894736842105263
patch_reassignment_nnpatching_v1,gtsrb/vgg16,gtsrb,vgg16,101,global_effect_shuffle,190,29,17,200,1.0,190,0.9947105263157896,0.5894736842105263,0.5146842105263157,0.004975124378109453,0.5894736842105263,0.07478947368421053,0.019220185026824637,0.042105263157894736,0.11065789473684214,0.5146842105263157,0.004975124378109453,0.0,0.07478947368421053,0.019220185026824637,0.042105263157894736,0.11065789473684214,0.0679631653383922,0.024600288764850105,0.029223047823320053,0.12803749487052574,0.002058823529411765,0.010810574087934769,0.0,0.058823529411764705,-71.53052625675687,215.0366245221114,-492.30680690438436,404.71497063966615,0.8239736842105263,0.021364126480551658,0.7789473684210526,0.868421052631579
patch_reassignment_nnpatching_v1,gtsrb/vgg16,gtsrb,vgg16,101,global_direction_shuffle,190,29,17,200,1.0,190,0.994763157894737,0.5894736842105263,0.5134736842105263,0.004975124378109453,0.5894736842105263,0.076,0.018664852833653392,0.042105263157894736,0.11052631578947368,0.5134736842105263,0.004975124378109453,0.0,0.076,0.018664852833653392,0.042105263157894736,0.11052631578947368,0.07027735336855119,0.022782040272419816,0.0306013103653757,0.11674093450409241,0.0020588235294117644,0.012307338795828043,0.0,0.058823529411764705,-3.371203141269799,150.99286370907873,-268.56692968427484,320.24558086132583,0.9147631578947368,0.019163225834309083,0.8736842105263158,0.9473684210526315
patch_reassignment_nnpatching_v1,gtsrb/vgg16,gtsrb,vgg16,101,global_magnitude_shuffle,190,29,17,200,1.0,190,0.9948157894736843,0.5894736842105263,0.06181578947368416,0.004975124378109453,0.5894736842105263,0.5276578947368421,0.01446169359782773,0.5,0.552763157894737,0.06181578947368416,0.004975124378109453,0.0,0.5276578947368421,0.01446169359782773,0.5,0.552763157894737,0.409251764468643,0.023290772223759387,0.3673144648757171,0.44717295005861246,0.5802941176470588,0.06160413301193557,0.47058823529411764,0.7058823529411765,609.0422918181335,135.80758083818438,359.33651847968065,862.5473257802288,0.9251315789473685,0.013627793621961334,0.9,0.9526315789473684
patch_reassignment_nnpatching_v1,gtsrb/vgg16,gtsrb,vgg16,101,within_true_class_shuffle,190,29,17,200,0.9789473684210527,186,0.8473947368421054,0.5894736842105263,0.041315789473684084,0.004975124378109453,0.6021505376344086,0.5599462365591399,0.010856355110918675,0.5376344086021505,0.5806451612903226,0.042204301075268735,0.004975124378109453,0.0,0.5481578947368422,0.010627800266478245,0.5263157894736842,0.5684210526315789,0.414115227281289,0.009140762727794292,0.3984672058129408,0.43328042420374546,0.6508823529411765,0.047087307555985544,0.5294117647058824,0.7058823529411765,411.3610898514164,96.2212058312279,230.1669836574266,585.7717088236211,0.9421842105263158,0.012449093015055625,0.9157894736842105,0.9631578947368421
patch_reassignment_nnpatching_v1,gtsrb/vgg16,gtsrb,vgg16,101,within_failure_type_shuffle,190,29,17,200,0.7473684210526316,142,0.5821842105263159,0.5894736842105263,0.02036842105263159,0.014925373134328358,0.6690140845070423,0.6417605633802816,0.010570654772199926,0.6197183098591549,0.6619718309859155,0.027253521126760605,0.014925373134328358,0.0,0.5691052631578947,0.007900173566591537,0.5526315789473685,0.5842105263157895,0.42863269136590376,0.006508355043599759,0.4160410974385566,0.4430252244226836,0.7029411764705883,0.012820291010413747,0.6470588235294118,0.7058823529411765,310.87678711979015,0.0,310.87678711979015,310.87678711979015,0.9746842105263158,0.005702456097171304,0.9631578947368421,0.9842105263157894
patch_reassignment_nnpatching_v1,gtsrb/vgg16,gtsrb,vgg16,202,original,190,29,19,1,1.0,190,0.0,0.5421052631578948,0.0,nan,0.5421052631578948,0.5421052631578948,0.0,0.5421052631578948,0.5421052631578948,0.0,nan,0.0,0.5421052631578948,0.0,0.5421052631578948,0.5421052631578948,0.4383745564780048,0.0,0.4383745564780048,0.4383745564780048,0.5789473684210527,0.0,0.5789473684210527,0.5789473684210527,100.92813849132509,0.0,100.92813849132509,100.92813849132509,1.0,0.0,1.0,1.0
patch_reassignment_nnpatching_v1,gtsrb/vgg16,gtsrb,vgg16,202,global_effect_shuffle,190,29,19,200,1.0,190,0.994184210526316,0.5421052631578948,0.4518947368421053,0.004975124378109453,0.5421052631578948,0.09021052631578946,0.01889642273669192,0.05263157894736842,0.12631578947368421,0.4518947368421053,0.004975124378109453,0.0,0.09021052631578946,0.01889642273669192,0.05263157894736842,0.12631578947368421,0.09503923279785348,0.02926949605660048,0.041783018226983736,0.14955776981639055,0.017631578947368422,0.026461439043118703,0.0,0.05263157894736842,-81.77071607041142,179.331521718176,-391.3221206781425,243.37113826406485,0.826,0.023376006355453317,0.7788157894736842,0.8685526315789475
patch_reassignment_nnpatching_v1,gtsrb/vgg16,gtsrb,vgg16,202,global_direction_shuffle,190,29,19,200,1.0,190,0.9947894736842108,0.5421052631578948,0.46363157894736845,0.004975124378109453,0.5421052631578948,0.07847368421052632,0.018624366727786487,0.04723684210526316,0.11578947368421053,0.46363157894736845,0.004975124378109453,0.0,0.07847368421052632,0.018624366727786487,0.04723684210526316,0.11578947368421053,0.06450108990626233,0.016289373932667522,0.03528331103762138,0.09613841618151962,0.02078947368421052,0.02829283945705938,0.0,0.05394736842105293,-21.60217954186207,109.65056417212683,-221.50064262371984,205.86748384248563,0.8890263157894737,0.020759655498078285,0.8421052631578947,0.9264473684210527
patch_reassignment_nnpatching_v1,gtsrb/vgg16,gtsrb,vgg16,202,global_magnitude_shuffle,190,29,19,200,1.0,190,0.9951052631578947,0.5421052631578948,0.06102631578947365,0.004975124378109453,0.5421052631578948,0.4810789473684211,0.015282179617136281,0.4525,0.5105263157894737,0.06102631578947365,0.004975124378109453,0.0,0.4810789473684211,0.015282179617136281,0.4525,0.5105263157894737,0.41611712999644035,0.02955781697771283,0.35556695459712706,0.46422962813049024,0.45921052631578946,0.03971417966522782,0.3684210526315789,0.5263157894736842,442.31908306700484,123.06872799778134,188.85431049845815,642.2414176074667,0.9362105263157895,0.012383082016267458,0.9105263157894737,0.9580263157894737
patch_reassignment_nnpatching_v1,gtsrb/vgg16,gtsrb,vgg16,202,within_true_class_shuffle,190,29,19,200,0.9789473684210527,186,0.8472894736842105,0.5421052631578948,0.034289473684210536,0.01990049751243781,0.5483870967741935,0.5133602150537634,0.012858091986799094,0.489247311827957,0.5376344086021505,0.035026881720430114,0.01990049751243781,0.0,0.5078157894736842,0.012587395313392808,0.4842105263157895,0.531578947368421,0.41028751612372305,0.011197783847231186,0.3885914731819905,0.4318127562093079,0.5157894736842106,0.040427082883519004,0.42105263157894735,0.5789473684210527,82.39899873708164,88.41170345094444,-71.71699435498932,272.0703690381106,0.9507894736842105,0.011099524583664809,0.9263157894736842,0.9736842105263158
patch_reassignment_nnpatching_v1,gtsrb/vgg16,gtsrb,vgg16,202,within_failure_type_shuffle,190,29,19,200,0.7578947368421053,144,0.5732894736842106,0.5421052631578948,0.031184210526315814,0.004975124378109453,0.5972222222222222,0.5560763888888889,0.01577379002569424,0.5277777777777778,0.5833333333333334,0.041145833333333326,0.004975124378109453,0.0,0.5109210526315789,0.011954872440526159,0.48947368421052634,0.531578947368421,0.4107745104512347,0.00900801258119765,0.3933081286529563,0.4264430492878769,0.5305263157894737,0.034255031779522084,0.47368421052631576,0.5789473684210527,100.92813849132509,0.0,100.92813849132509,100.92813849132509,0.9875789473684212,0.0065534241752729875,0.9736842105263158,1.0
patch_reassignment_nnpatching_v1,gtsrb/vgg16,gtsrb,vgg16,303,original,190,30,17,1,1.0,190,0.0,0.7,0.0,nan,0.7,0.7,0.0,0.7,0.7,0.0,nan,0.0,0.7,0.0,0.7,0.7,0.5259255015137368,0.0,0.5259255015137368,0.5259255015137368,0.8823529411764706,0.0,0.8823529411764706,0.8823529411764706,-94.14445216843957,0.0,-94.14445216843957,-94.14445216843957,0.9947368421052631,0.0,0.9947368421052631,0.9947368421052631
patch_reassignment_nnpatching_v1,gtsrb/vgg16,gtsrb,vgg16,303,global_effect_shuffle,190,30,17,200,1.0,190,0.9948684210526316,0.7,0.5995526315789473,0.004975124378109453,0.7,0.10044736842105262,0.019407979482419794,0.06842105263157895,0.14210526315789473,0.5995526315789473,0.004975124378109453,0.0,0.10044736842105262,0.019407979482419794,0.06842105263157895,0.14210526315789473,0.08496044018617548,0.026138977312368597,0.04257191664544606,0.14162683558271794,0.00852941176470588,0.021530938550813172,0.0,0.058823529411764705,-21.075205361181833,95.88561857633694,-197.50501837694955,162.8032358029631,0.8067894736842106,0.023197275128928444,0.7577631578947369,0.8475
patch_reassignment_nnpatching_v1,gtsrb/vgg16,gtsrb,vgg16,303,global_direction_shuffle,190,30,17,200,1.0,190,0.9949473684210528,0.7,0.6078157894736842,0.004975124378109453,0.7,0.0921842105263158,0.021508083257914055,0.05776315789473684,0.14210526315789473,0.6078157894736842,0.004975124378109453,0.0,0.0921842105263158,0.021508083257914055,0.05776315789473684,0.14210526315789473,0.07431244376538494,0.024848243080905764,0.035337068160597576,0.1260801520102991,0.011176470588235295,0.023814449976467252,0.0,0.058823529411764705,14.764574472173452,45.996199468279535,-67.630995337172,118.56631001276077,0.8691578947368421,0.022814681573295272,0.8210526315789474,0.9105263157894737
patch_reassignment_nnpatching_v1,gtsrb/vgg16,gtsrb,vgg16,303,global_magnitude_shuffle,190,30,17,200,1.0,190,0.9944736842105263,0.7,0.0781578947368422,0.004975124378109453,0.7,0.6218421052631578,0.015610831526277777,0.5946052631578947,0.6526315789473685,0.0781578947368422,0.004975124378109453,0.0,0.6218421052631578,0.015610831526277777,0.5946052631578947,0.6526315789473685,0.4927850674108027,0.031875507745003875,0.4347435630817984,0.5476755015137369,0.6555882352941177,0.07237864201592348,0.5294117647058824,0.7647058823529411,231.44897412431848,60.619383048517136,87.59964337560262,347.97093382924857,0.9298684210526317,0.011673507425931108,0.9103947368421054,0.9527631578947369
patch_reassignment_nnpatching_v1,gtsrb/vgg16,gtsrb,vgg16,303,within_true_class_shuffle,190,30,17,200,0.968421052631579,184,0.8401315789473683,0.7,0.061473684210526236,0.004975124378109453,0.717391304347826,0.6539130434782607,0.013778647764403476,0.625,0.6793478260869565,0.06347826086956532,0.004975124378109453,0.0,0.6385263157894737,0.013343532571843378,0.6105263157894737,0.6631578947368421,0.4789821814079167,0.015845259550080072,0.44752978843052377,0.5100379353761706,0.7214705882352942,0.05144200887228846,0.6470588235294118,0.8235294117647058,-29.789092971917736,64.72593049922897,-153.3476525184517,75.62527839305174,0.9632894736842104,0.009696752462048807,0.9421052631578948,0.9789473684210527
patch_reassignment_nnpatching_v1,gtsrb/vgg16,gtsrb,vgg16,303,within_failure_type_shuffle,190,30,17,200,0.7684210526315789,146,0.5745263157894737,0.7,0.03057894736842115,0.014925373134328358,0.8082191780821918,0.7684246575342465,0.014093454000869001,0.7397260273972602,0.7945205479452054,0.0397945205479453,0.014925373134328358,0.0,0.6694210526315788,0.010829706758562502,0.6473684210526316,0.6894736842105263,0.5008716174348528,0.010263959390202734,0.4815459921342275,0.520190021715757,0.8123529411764707,0.0404943500694017,0.7647058823529411,0.8823529411764706,-94.14445216843957,0.0,-94.14445216843957,-94.14445216843957,0.9861842105263159,0.005032787236554003,0.9789473684210527,0.9947368421052631
patch_reassignment_nnpatching_v1,tt100k_signs/resnet50,tt100k_signs,resnet50,101,original,258,91,16,1,1.0,258,0.0,0.5736434108527132,0.0,nan,0.5736434108527132,0.5736434108527132,0.0,0.5736434108527132,0.5736434108527132,0.0,nan,0.0,0.5736434108527132,0.0,0.5736434108527132,0.5736434108527132,0.3160286599847039,0.0,0.3160286599847039,0.3160286599847039,0.8125,0.0,0.8125,0.8125,12.988498101379117,0.0,12.988498101379117,12.988498101379117,0.9108527131782945,0.0,0.9108527131782945,0.9108527131782945
patch_reassignment_nnpatching_v1,tt100k_signs/resnet50,tt100k_signs,resnet50,101,global_effect_shuffle,258,91,16,200,1.0,258,0.9961821705426357,0.5736434108527132,0.4238953488372093,0.004975124378109453,0.5736434108527132,0.1497480620155039,0.021448428357846952,0.10852713178294573,0.19767441860465115,0.4238953488372093,0.004975124378109453,0.0,0.1497480620155039,0.021448428357846952,0.10852713178294573,0.19767441860465115,0.1519048350916483,0.0280650266061267,0.10092644077534188,0.21430203267428544,0.0678125,0.04409573214892797,0.0,0.1875,1.6042710260370625,0.4032658019708619,0.7894611029008534,2.3476989697527806,0.6691472868217054,0.0254017653818421,0.6124031007751938,0.7209302325581395
patch_reassignment_nnpatching_v1,tt100k_signs/resnet50,tt100k_signs,resnet50,101,global_direction_shuffle,258,91,16,200,1.0,258,0.9962209302325582,0.5736434108527132,0.4141666666666667,0.004975124378109453,0.5736434108527132,0.15947674418604652,0.020319829823239908,0.12403100775193798,0.20155038759689922,0.4141666666666667,0.004975124378109453,0.0,0.15947674418604652,0.020319829823239908,0.12403100775193798,0.20155038759689922,0.16335450446988908,0.025866083910450845,0.11167259023028253,0.21503945688011622,0.075625,0.03831917763992333,0.0,0.12656250000000036,1.7519829272027556,0.4338021121591034,0.9658017331689527,2.663421699007959,0.6611046511627908,0.022605831135927575,0.6124031007751938,0.7015503875968992
patch_reassignment_nnpatching_v1,tt100k_signs/resnet50,tt100k_signs,resnet50,101,global_magnitude_shuffle,258,91,16,200,1.0,258,0.9962209302325583,0.5736434108527132,0.018062015503875983,0.06467661691542288,0.5736434108527132,0.5555813953488372,0.011108827359797131,0.5310077519379846,0.5737403100775195,0.018062015503875983,0.06467661691542288,0.0,0.5555813953488372,0.011108827359797131,0.5310077519379846,0.5737403100775195,0.3169517080904444,0.0151380835819114,0.28783706677937443,0.3463058004266795,0.75375,0.03984344362627307,0.6875,0.8125,12.47149116652747,0.11882889219104388,12.252283983408498,12.710963829651018,0.9182364341085273,0.00786351388820748,0.9031007751937985,0.9341085271317829
patch_reassignment_nnpatching_v1,tt100k_signs/resnet50,tt100k_signs,resnet50,101,within_true_class_shuffle,258,91,16,200,0.8294573643410853,214,0.6448643410852715,0.5736434108527132,0.0587984496124031,0.004975124378109453,0.6728971962616822,0.6020093457943925,0.015350378383503333,0.5700934579439252,0.6308411214953271,0.07088785046728974,0.004975124378109453,0.0,0.5148449612403101,0.012732484395619054,0.4883720930232558,0.5387596899224806,0.30176915026365575,0.007190487945782186,0.287490641226905,0.3160723845751318,0.698125,0.06849669243839443,0.5625,0.8125,11.194564640410507,0.16567119367511557,10.916399543675912,11.509842218659312,0.8500581395348835,0.01160577674448883,0.8255813953488372,0.8721899224806202
patch_reassignment_nnpatching_v1,tt100k_signs/resnet50,tt100k_signs,resnet50,101,within_failure_type_shuffle,258,91,16,200,0.5930232558139535,153,0.4260077519379844,0.5736434108527132,0.017325581395348788,0.014925373134328358,0.7973856209150327,0.7681699346405229,0.010186647221851416,0.7514705882352941,0.7843137254901961,0.029215686274509878,0.014925373134328358,0.0,0.5563178294573644,0.006040918701330494,0.5464147286821706,0.5658914728682171,0.3099185484844825,0.002246238743755143,0.30568942961800105,0.31392595499738357,0.7546875,0.042360755349143624,0.6875,0.8125,12.988498101379118,1.7763568394002505e-15,12.988498101379117,12.988498101379117,0.907906976744186,0.0033843224733244794,0.9031007751937985,0.9147286821705426
patch_reassignment_nnpatching_v1,tt100k_signs/resnet50,tt100k_signs,resnet50,202,original,258,92,13,1,1.0,258,0.0,0.627906976744186,0.0,nan,0.627906976744186,0.627906976744186,0.0,0.627906976744186,0.627906976744186,0.0,nan,0.0,0.627906976744186,0.0,0.627906976744186,0.627906976744186,0.34648033126294,0.0,0.34648033126294,0.34648033126294,0.9230769230769231,0.0,0.9230769230769231,0.9230769230769231,14.55529477438247,0.0,14.55529477438247,14.55529477438247,0.9457364341085271,0.0,0.9457364341085271,0.9457364341085271
patch_reassignment_nnpatching_v1,tt100k_signs/resnet50,tt100k_signs,resnet50,202,global_effect_shuffle,258,92,13,200,1.0,258,0.9962984496124031,0.627906976744186,0.451453488372093,0.004975124378109453,0.627906976744186,0.17645348837209304,0.02133874062477059,0.13565891472868216,0.21705426356589147,0.451453488372093,0.004975124378109453,0.0,0.17645348837209304,0.02133874062477059,0.13565891472868216,0.21705426356589147,0.1598292572463768,0.025935020350648676,0.11214458247066943,0.21157597912353351,0.10923076923076923,0.05723407765457931,0.0,0.23076923076923078,2.037498021193217,0.4435697016498879,1.1084670943501334,2.8912540499796657,0.6762015503875971,0.024820853231162086,0.6317829457364341,0.7209302325581395
patch_reassignment_nnpatching_v1,tt100k_signs/resnet50,tt100k_signs,resnet50,202,global_direction_shuffle,258,92,13,200,1.0,258,0.9960852713178293,0.627906976744186,0.4456589147286822,0.004975124378109453,0.627906976744186,0.18224806201550386,0.020560764269406593,0.13953488372093023,0.2248062015503876,0.4456589147286822,0.004975124378109453,0.0,0.18224806201550386,0.020560764269406593,0.13953488372093023,0.2248062015503876,0.16671059782608694,0.02610039546581799,0.11925552104899934,0.2195519539337474,0.1073076923076923,0.059034389736810466,0.0,0.23076923076923078,2.3299788929830956,0.44152447156685914,1.4313876690745866,3.1470659628726034,0.6626356589147288,0.02466602837815943,0.6046511627906976,0.7093992248062017
patch_reassignment_nnpatching_v1,tt100k_signs/resnet50,tt100k_signs,resnet50,202,global_magnitude_shuffle,258,92,13,200,1.0,258,0.9963178294573644,0.627906976744186,0.035038759689922316,0.004975124378109453,0.627906976744186,0.5928682170542637,0.009948790216766881,0.5736434108527132,0.6124031007751938,0.035038759689922316,0.004975124378109453,0.0,0.5928682170542637,0.009948790216766881,0.5736434108527132,0.6124031007751938,0.3226735679779158,0.011460512842468105,0.29687241200828157,0.3452665631469979,0.9219230769230771,0.0223970359408318,0.8461538461538461,1.0,14.53649537250305,0.14093001009805578,14.221908447798748,14.80786657694769,0.9272093023255814,0.008359522575556855,0.9107558139534884,0.9418604651162791
patch_reassignment_nnpatching_v1,tt100k_signs/resnet50,tt100k_signs,resnet50,202,within_true_class_shuffle,258,92,13,200,0.810077519379845,209,0.6429069767441863,0.627906976744186,0.05523255813953476,0.004975124378109453,0.7416267942583732,0.673444976076555,0.014884536105552421,0.645933014354067,0.6986842105263158,0.06818181818181823,0.004975124378109453,0.0,0.5726744186046513,0.012057628085505659,0.5503875968992248,0.5931201550387598,0.3284983609385783,0.01044633915448409,0.3086162870945479,0.3470906659765355,0.9196153846153848,0.015946471108944534,0.8461538461538461,0.9230769230769231,13.015903132661974,0.14699595251292796,12.746346478839223,13.318325983106643,0.9023255813953489,0.010628921861086865,0.8798449612403101,0.9187015503875969
patch_reassignment_nnpatching_v1,tt100k_signs/resnet50,tt100k_signs,resnet50,202,within_failure_type_shuffle,258,92,13,200,0.5930232558139535,153,0.44707364341085265,0.627906976744186,0.02034883720930225,0.004975124378109453,0.869281045751634,0.8349673202614379,0.01118296642631939,0.8169934640522876,0.8562091503267973,0.03431372549019607,0.004975124378109453,0.0,0.6075581395348838,0.006631759159794066,0.5968992248062015,0.6201550387596899,0.33906353519668736,0.005434001396517497,0.32828674948240166,0.3490392080745342,0.9230769230769232,1.1102230246251565e-16,0.9230769230769231,0.9230769230769231,14.555294774382473,3.552713678800501e-15,14.55529477438247,14.55529477438247,0.9394186046511629,0.0030595613754830883,0.9341085271317829,0.9457364341085271
patch_reassignment_nnpatching_v1,tt100k_signs/resnet50,tt100k_signs,resnet50,303,original,258,89,14,1,1.0,258,0.0,0.6007751937984496,0.0,nan,0.6007751937984496,0.6007751937984496,0.0,0.6007751937984496,0.6007751937984496,0.0,nan,0.0,0.6007751937984496,0.0,0.6007751937984496,0.6007751937984496,0.34993154565196866,0.0,0.34993154565196866,0.34993154565196866,0.7857142857142857,0.0,0.7857142857142857,0.7857142857142857,13.337252115686388,0.0,13.337252115686388,13.337252115686388,0.9147286821705426,0.0,0.9147286821705426,0.9147286821705426
patch_reassignment_nnpatching_v1,tt100k_signs/resnet50,tt100k_signs,resnet50,303,global_effect_shuffle,258,89,14,200,1.0,258,0.9962209302325582,0.6007751937984496,0.43746124031007744,0.004975124378109453,0.6007751937984496,0.16331395348837213,0.018824115380877898,0.12790697674418605,0.20155038759689922,0.43746124031007744,0.004975124378109453,0.0,0.16331395348837213,0.018824115380877898,0.12790697674418605,0.20155038759689922,0.15837332455309983,0.025197208970843047,0.1170056972659418,0.2107441832970584,0.08249999999999998,0.0495374008364655,0.0,0.21428571428571427,1.6953492456511685,0.41094067604776563,0.9300847880419546,2.503765247124356,0.6587015503875969,0.025631843315362324,0.615891472868217,0.7093992248062017
patch_reassignment_nnpatching_v1,tt100k_signs/resnet50,tt100k_signs,resnet50,303,global_direction_shuffle,258,89,14,200,1.0,258,0.9962984496124032,0.6007751937984496,0.42422480620155034,0.004975124378109453,0.6007751937984496,0.17655038759689923,0.01937887594476623,0.13556201550387595,0.21705426356589147,0.42422480620155034,0.004975124378109453,0.0,0.17655038759689923,0.01937887594476623,0.13556201550387595,0.21705426356589147,0.16948217029537255,0.02384083436711678,0.11664570214429763,0.2226456773288399,0.09607142857142854,0.049279243881689375,0.0,0.21428571428571427,1.908054632517768,0.3901608783228567,1.1774734570675705,2.685816629786802,0.6481395348837211,0.025957882617265924,0.5929263565891474,0.7015503875968992
patch_reassignment_nnpatching_v1,tt100k_signs/resnet50,tt100k_signs,resnet50,303,global_magnitude_shuffle,258,89,14,200,1.0,258,0.9958720930232559,0.6007751937984496,0.03949612403100766,0.004975124378109453,0.6007751937984496,0.5612790697674419,0.011189339123354304,0.5386627906976744,0.5813953488372093,0.03949612403100766,0.004975124378109453,0.0,0.5612790697674419,0.011189339123354304,0.5386627906976744,0.5813953488372093,0.32344864087957276,0.0122306640843373,0.2995293435726351,0.3464315876163199,0.7817857142857143,0.016284304450254274,0.7142857142857143,0.7857142857142857,12.800639685616364,0.13400693388442347,12.52471168315589,13.035128940317763,0.9099806201550388,0.00847799000496976,0.8952519379844962,0.9263565891472868
patch_reassignment_nnpatching_v1,tt100k_signs/resnet50,tt100k_signs,resnet50,303,within_true_class_shuffle,258,89,14,200,0.8410852713178295,217,0.6516085271317832,0.6007751937984496,0.08009689922480612,0.004975124378109453,0.6912442396313364,0.5960138248847926,0.013803958817122914,0.5714285714285714,0.6222350230414746,0.09523041474654381,0.004975124378109453,0.0,0.5206782945736435,0.01161030644695996,0.5,0.5427325581395349,0.31463782142070307,0.007267233931292224,0.3005214726339974,0.3279002612280867,0.7857142857142858,1.1102230246251565e-16,0.7857142857142857,0.7857142857142857,11.877727950660642,0.14064403568849945,11.624083238291417,12.174356138758188,0.8562790697674418,0.012716250337850713,0.8294573643410853,0.8798449612403101
patch_reassignment_nnpatching_v1,tt100k_signs/resnet50,tt100k_signs,resnet50,303,within_failure_type_shuffle,258,89,14,200,0.624031007751938,161,0.4511434108527132,0.6007751937984496,0.03784883720930221,0.004975124378109453,0.7329192546583851,0.6722670807453416,0.013607694909497736,0.6459627329192547,0.7018633540372671,0.06065217391304356,0.004975124378109453,0.0,0.5629263565891474,0.008491623567554814,0.5465116279069767,0.5813953488372093,0.33502159852705127,0.004524460132682326,0.32698674975608216,0.34419711704906686,0.7857142857142858,1.1102230246251565e-16,0.7857142857142857,0.7857142857142857,13.337252115686388,0.0,13.337252115686388,13.337252115686388,0.9006395348837211,0.00725311248822052,0.8875968992248062,0.9147286821705426
patch_reassignment_nnpatching_v1,tt100k_signs/convnext_tiny,tt100k_signs,convnext_tiny,101,original,218,87,11,1,1.0,218,0.0,0.5275229357798165,0.0,nan,0.5275229357798165,0.5275229357798165,0.0,0.5275229357798165,0.5275229357798165,0.0,nan,0.0,0.5275229357798165,0.0,0.5275229357798165,0.5275229357798165,0.3616346588610456,0.0,0.3616346588610456,0.3616346588610456,0.9090909090909091,0.0,0.9090909090909091,0.9090909090909091,9.815337468609385,0.0,9.815337468609385,9.815337468609385,0.8899082568807339,0.0,0.8899082568807339,0.8899082568807339
patch_reassignment_nnpatching_v1,tt100k_signs/convnext_tiny,tt100k_signs,convnext_tiny,101,global_effect_shuffle,218,87,11,200,1.0,218,0.9956192660550459,0.5275229357798165,0.4273623853211008,0.004975124378109453,0.5275229357798165,0.10016055045871561,0.018794902466467155,0.06422018348623854,0.13761467889908258,0.4273623853211008,0.004975124378109453,0.0,0.10016055045871561,0.018794902466467155,0.06422018348623854,0.13761467889908258,0.10011335295555686,0.02095732673117657,0.06286902679612574,0.14354077696000483,0.006363636363636365,0.0249130720109904,0.0,0.09090909090909091,1.1357921106752207,0.2527201388832209,0.6652118456073601,1.7080844080784796,0.48685779816513763,0.027991716869133085,0.43577981651376146,0.5412844036697247
patch_reassignment_nnpatching_v1,tt100k_signs/convnext_tiny,tt100k_signs,convnext_tiny,101,global_direction_shuffle,218,87,11,200,1.0,218,0.9953899082568808,0.5275229357798165,0.42862385321100915,0.004975124378109453,0.5275229357798165,0.09889908256880733,0.017621128406432054,0.06422018348623854,0.13302752293577982,0.42862385321100915,0.004975124378109453,0.0,0.09889908256880733,0.017621128406432054,0.06422018348623854,0.13302752293577982,0.09695315734989648,0.021848221065756363,0.06085067855682549,0.13591627346499915,0.012272727272727274,0.032368615551599866,0.0,0.09090909090909091,1.1948554515839234,0.23770791090400695,0.7790456131658375,1.6796338562773516,0.48543577981651376,0.02584909192611213,0.44036697247706424,0.5413990825688073
patch_reassignment_nnpatching_v1,tt100k_signs/convnext_tiny,tt100k_signs,convnext_tiny,101,global_magnitude_shuffle,218,87,11,200,1.0,218,0.9954128440366972,0.5275229357798165,0.013371559633027386,0.04975124378109453,0.5275229357798165,0.5141513761467891,0.006532108481084228,0.5,0.5275229357798165,0.013371559633027386,0.04975124378109453,0.0,0.5141513761467891,0.006532108481084228,0.5,0.5275229357798165,0.34846363425430144,0.008596635900443116,0.3286023654839247,0.361736036743533,0.9090909090909087,3.3306690738754696e-16,0.9090909090909091,0.9090909090909091,10.020841427263372,0.08517419925447826,9.869120109425065,10.201201652610195,0.8561697247706422,0.008641616246546692,0.8394495412844036,0.8715596330275229
patch_reassignment_nnpatching_v1,tt100k_signs/convnext_tiny,tt100k_signs,convnext_tiny,101,within_true_class_shuffle,218,87,11,200,0.7935779816513762,173,0.6014220183486239,0.5275229357798165,0.021605504587155933,0.01990049751243781,0.6011560693641619,0.5739306358381503,0.011021986174195825,0.5491329479768786,0.5953757225433526,0.02722543352601159,0.01990049751243781,0.0,0.5059174311926605,0.008746805541907685,0.48623853211009177,0.5229357798165137,0.35599672782656294,0.004748928484978678,0.3472470609933128,0.36496820042359773,0.8181818181818181,1.1102230246251565e-16,0.8181818181818182,0.8181818181818182,8.748452204885261,0.1102677666057384,8.550250574350121,8.946146467039195,0.8208944954128441,0.012069516924244074,0.7980504587155963,0.8440366972477065
patch_reassignment_nnpatching_v1,tt100k_signs/convnext_tiny,tt100k_signs,convnext_tiny,101,within_failure_type_shuffle,218,87,11,200,0.6559633027522935,143,0.4603211009174312,0.5275229357798165,0.0014678899082568586,0.5472636815920398,0.6363636363636364,0.6341258741258742,0.0076846751708062235,0.6223776223776224,0.6503496503496503,0.0022377622377621753,0.5472636815920398,0.0,0.5260550458715596,0.005040864905620612,0.518348623853211,0.536697247706422,0.3644796946764713,0.0024290117406702825,0.3606351586111706,0.36833963970395744,0.8295454545454546,0.030065355807552138,0.8181818181818182,0.9090909090909091,9.815337468609385,0.0,9.815337468609385,9.815337468609385,0.8872477064220183,0.0058088683002850295,0.8761467889908257,0.8990825688073395
patch_reassignment_nnpatching_v1,tt100k_signs/convnext_tiny,tt100k_signs,convnext_tiny,202,original,217,85,9,1,1.0,217,0.0,0.6682027649769585,0.0,nan,0.6682027649769585,0.6682027649769585,0.0,0.6682027649769585,0.6682027649769585,0.0,nan,0.0,0.6682027649769585,0.0,0.6682027649769585,0.6682027649769585,0.4392357968828557,0.0,0.4392357968828557,0.4392357968828557,1.0,0.0,1.0,1.0,11.080965797846046,0.0,11.080965797846046,11.080965797846046,0.9308755760368663,0.0,0.9308755760368663,0.9308755760368663
patch_reassignment_nnpatching_v1,tt100k_signs/convnext_tiny,tt100k_signs,convnext_tiny,202,global_effect_shuffle,217,85,9,200,1.0,217,0.9955069124423964,0.6682027649769585,0.5591013824884793,0.004975124378109453,0.6682027649769585,0.10910138248847925,0.019028059366590976,0.07373271889400922,0.14746543778801843,0.5591013824884793,0.004975124378109453,0.0,0.10910138248847925,0.019028059366590976,0.07373271889400922,0.14746543778801843,0.10298578790490556,0.022141626774156084,0.059892354377648484,0.1455129955828485,0.005,0.023033791601808757,0.0,0.1111111111111111,1.382043384402354,0.26799731819489153,0.8506154563772591,1.8659487220621507,0.5185483870967742,0.024918638444144575,0.4699308755760369,0.5669354838709677
patch_reassignment_nnpatching_v1,tt100k_signs/convnext_tiny,tt100k_signs,convnext_tiny,202,global_direction_shuffle,217,85,9,200,1.0,217,0.9952995391705071,0.6682027649769585,0.5581336405529954,0.004975124378109453,0.6682027649769585,0.11006912442396313,0.019676812280860937,0.07373271889400922,0.14297235023041477,0.5581336405529954,0.004975124378109453,0.0,0.11006912442396313,0.019676812280860937,0.07373271889400922,0.14297235023041477,0.1040427664655606,0.02278420812658364,0.06065316831860949,0.14976888062917476,0.0077777777777777776,0.028349668493717946,0.0,0.1111111111111111,1.4819658117998755,0.25998947371271347,0.8897809773526381,1.9738267758604255,0.5220276497695852,0.025421587040201664,0.4700460829493088,0.5714285714285714
patch_reassignment_nnpatching_v1,tt100k_signs/convnext_tiny,tt100k_signs,convnext_tiny,202,global_magnitude_shuffle,217,85,9,200,1.0,217,0.9952534562211983,0.6682027649769585,0.01914746543778789,0.009950248756218905,0.6682027649769585,0.6490552995391706,0.008141143521816115,0.631336405529954,0.663594470046083,0.01914746543778789,0.009950248756218905,0.0,0.6490552995391706,0.008141143521816115,0.631336405529954,0.663594470046083,0.41921551030668674,0.01111150987501925,0.39510331825037703,0.4403549522373051,0.9283333333333335,0.05316814696650481,0.8888888888888888,1.0,11.39822850479477,0.09479949630658263,11.21190064631142,11.587022818845952,0.9105529953917051,0.00863597420923602,0.8940092165898618,0.9262672811059908
patch_reassignment_nnpatching_v1,tt100k_signs/convnext_tiny,tt100k_signs,convnext_tiny,202,within_true_class_shuffle,217,85,9,200,0.7880184331797235,171,0.6079493087557605,0.6682027649769585,0.04820276497695841,0.004975124378109453,0.783625730994152,0.7224561403508772,0.012567522222843073,0.7016081871345029,0.7485380116959064,0.06116959064327476,0.004975124378109453,0.0,0.6200000000000001,0.009903439170996148,0.6035714285714286,0.6405529953917051,0.425618720821662,0.006218833436134924,0.4144592401062989,0.4385678373913668,0.973888888888889,0.04711098008367526,0.8888888888888888,1.0,9.869906533867601,0.12611963786244565,9.643940188421134,10.118693363214714,0.8703686635944701,0.012748496240134301,0.8433179723502304,0.8940092165898618
patch_reassignment_nnpatching_v1,tt100k_signs/convnext_tiny,tt100k_signs,convnext_tiny,202,within_failure_type_shuffle,217,85,9,200,0.6221198156682027,135,0.4548617511520737,0.6682027649769585,0.006935483870967762,0.21393034825870647,0.837037037037037,0.825888888888889,0.008606549966854409,0.8074074074074075,0.837037037037037,0.011148148148148018,0.21393034825870647,0.0,0.6612672811059908,0.005354305278918627,0.6497695852534562,0.6682027649769585,0.43958707893413773,0.0023086501181690693,0.43596656611362483,0.44270487682252385,1.0,0.0,1.0,1.0,11.080965797846044,1.7763568394002505e-15,11.080965797846046,11.080965797846046,0.9285944700460831,0.003599119644316523,0.9216589861751152,0.9354838709677419
patch_reassignment_nnpatching_v1,tt100k_signs/convnext_tiny,tt100k_signs,convnext_tiny,303,original,218,84,9,1,1.0,218,0.0,0.6467889908256881,0.0,nan,0.6467889908256881,0.6467889908256881,0.0,0.6467889908256881,0.6467889908256881,0.0,nan,0.0,0.6467889908256881,0.0,0.6467889908256881,0.6467889908256881,0.42193362193362194,0.0,0.42193362193362194,0.42193362193362194,1.0,0.0,1.0,1.0,11.632409906091699,0.0,11.632409906091699,11.632409906091699,0.9311926605504587,0.0,0.9311926605504587,0.9311926605504587
patch_reassignment_nnpatching_v1,tt100k_signs/convnext_tiny,tt100k_signs,convnext_tiny,303,global_effect_shuffle,218,84,9,200,1.0,218,0.995045871559633,0.6467889908256881,0.5444724770642202,0.004975124378109453,0.6467889908256881,0.1023165137614679,0.019779088321262468,0.06422018348623854,0.14220183486238533,0.5444724770642202,0.004975124378109453,0.0,0.1023165137614679,0.019779088321262468,0.06422018348623854,0.14220183486238533,0.09042534840890103,0.022133616168949807,0.046519067555251765,0.14033087769929878,0.026111111111111106,0.04711098008367523,0.0,0.1111111111111111,1.5076323326709178,0.2751946255266537,1.001797545110164,2.0247294019281314,0.4999082568807339,0.02544925024472597,0.44954128440366975,0.54598623853211
patch_reassignment_nnpatching_v1,tt100k_signs/convnext_tiny,tt100k_signs,convnext_tiny,303,global_direction_shuffle,218,84,9,200,1.0,218,0.9955275229357798,0.6467889908256881,0.5469266055045872,0.004975124378109453,0.6467889908256881,0.09986238532110091,0.0182030347895398,0.06869266055045872,0.13761467889908258,0.5469266055045872,0.004975124378109453,0.0,0.09986238532110091,0.0182030347895398,0.06869266055045872,0.13761467889908258,0.09279498778511935,0.022356818621734366,0.05231713279410648,0.13478127136021872,0.01833333333333333,0.04271279335338984,0.0,0.1111111111111111,1.6653896165366877,0.2681215696516676,1.1692092730493797,2.2093873062449068,0.4961926605504587,0.025540656627843352,0.44036697247706424,0.5412844036697247
patch_reassignment_nnpatching_v1,tt100k_signs/convnext_tiny,tt100k_signs,convnext_tiny,303,global_magnitude_shuffle,218,84,9,200,1.0,218,0.9952522935779817,0.6467889908256881,0.019954128440367036,0.009950248756218905,0.6467889908256881,0.626834862385321,0.008442735008855942,0.6100917431192661,0.6422018348623854,0.019954128440367036,0.009950248756218905,0.0,0.626834862385321,0.008442735008855942,0.6100917431192661,0.6422018348623854,0.4055388708513709,0.013687753134236941,0.3780753968253968,0.43108134920634916,0.9988888888888888,0.011055415967851336,1.0,1.0,11.624771305844988,0.09708107677260991,11.44329305458737,11.818467948155696,0.8948394495412845,0.009891013495458534,0.8715596330275229,0.9128440366972477
patch_reassignment_nnpatching_v1,tt100k_signs/convnext_tiny,tt100k_signs,convnext_tiny,303,within_true_class_shuffle,218,84,9,200,0.7889908256880734,172,0.6132798165137614,0.6467889908256881,0.027981651376146832,0.01990049751243781,0.75,0.7145348837209303,0.012724458504790264,0.6918604651162791,0.7385174418604651,0.035465116279069675,0.01990049751243781,0.0,0.6188073394495412,0.010039481022128116,0.6009174311926605,0.6377293577981651,0.41404671717171715,0.007085910284436497,0.40010822510822514,0.42808937590187596,0.9272222222222223,0.052818697587263715,0.8888888888888888,1.0,10.620983077550559,0.1068471685894832,10.45112540049109,10.894676666639729,0.8728211009174313,0.010639210865682546,0.8532110091743119,0.8944954128440367
patch_reassignment_nnpatching_v1,tt100k_signs/convnext_tiny,tt100k_signs,convnext_tiny,303,within_failure_type_shuffle,218,84,9,200,0.6422018348623854,140,0.48089449541284407,0.6467889908256881,0.009288990825688126,0.07462686567164178,0.8428571428571429,0.828392857142857,0.007903677134403847,0.8142857142857143,0.8428571428571429,0.014464285714285818,0.07462686567164178,0.0,0.6375,0.005075755957874032,0.6284403669724771,0.6467889908256881,0.41645445526695535,0.0039303586152515686,0.4094336219336219,0.4229256854256855,1.0,0.0,1.0,1.0,11.632409906091699,0.0,11.632409906091699,11.632409906091699,0.9231192660550459,0.0050090398879701495,0.9128440366972477,0.9313073394495412
patch_reassignment_nnpatching_v1,tt100k_signs/densenet121,tt100k_signs,densenet121,101,original,312,92,19,1,1.0,312,0.0,0.7115384615384616,0.0,nan,0.7115384615384616,0.7115384615384616,0.0,0.7115384615384616,0.7115384615384616,0.0,nan,0.0,0.7115384615384616,0.0,0.7115384615384616,0.7115384615384616,0.4759399899617291,0.0,0.4759399899617291,0.4759399899617291,0.8421052631578947,0.0,0.8421052631578947,0.8421052631578947,12.317382227118987,0.0,12.317382227118987,12.317382227118987,0.9487179487179487,0.0,0.9487179487179487,0.9487179487179487
patch_reassignment_nnpatching_v1,tt100k_signs/densenet121,tt100k_signs,densenet121,101,global_effect_shuffle,312,92,19,200,1.0,312,0.9968429487179489,0.7115384615384616,0.5470833333333334,0.004975124378109453,0.7115384615384616,0.1644551282051282,0.01742714594662129,0.1345352564102564,0.19879807692307694,0.5470833333333334,0.004975124378109453,0.0,0.1644551282051282,0.01742714594662129,0.1345352564102564,0.19879807692307694,0.14323217472770877,0.023159468864940594,0.09801411189891814,0.1917974519179623,0.08815789473684209,0.0417542938226906,0.0,0.15789473684210525,1.7280635663941024,0.27262998583141085,1.177098179958501,2.3124179076322418,0.5649198717948718,0.021610260507937133,0.5255608974358975,0.6089743589743589
patch_reassignment_nnpatching_v1,tt100k_signs/densenet121,tt100k_signs,densenet121,101,global_direction_shuffle,312,92,19,200,1.0,312,0.9968589743589744,0.7115384615384616,0.5447596153846155,0.004975124378109453,0.7115384615384616,0.16677884615384614,0.017512374405381666,0.1313301282051282,0.1987179487179487,0.5447596153846155,0.004975124378109453,0.0,0.16677884615384614,0.017512374405381666,0.1313301282051282,0.1987179487179487,0.145876376283347,0.02325201157700022,0.10073811978165712,0.1925198158804019,0.085,0.04843177798835774,0.0,0.21052631578947367,1.9020083292053034,0.24689679313215165,1.4083566328493424,2.398197762732915,0.5665224358974359,0.022425587145634116,0.5191506410256411,0.6122596153846155
patch_reassignment_nnpatching_v1,tt100k_signs/densenet121,tt100k_signs,densenet121,101,global_magnitude_shuffle,312,92,19,200,1.0,312,0.9966826923076924,0.7115384615384616,0.014022435897435903,0.03482587064676617,0.7115384615384616,0.6975160256410257,0.007601206666336105,0.6826923076923077,0.7115384615384616,0.014022435897435903,0.03482587064676617,0.0,0.6975160256410257,0.007601206666336105,0.6826923076923077,0.7115384615384616,0.45261406769558943,0.010455323646611437,0.42796364263755565,0.4711456960913483,0.841578947368421,0.00523677598477168,0.8421052631578947,0.8421052631578947,12.33402022271366,0.08429871259611496,12.179886980528124,12.50951336177101,0.9478205128205127,0.007218017032969063,0.9326923076923077,0.9615384615384616
patch_reassignment_nnpatching_v1,tt100k_signs/densenet121,tt100k_signs,densenet121,101,within_true_class_shuffle,312,92,19,200,0.8365384615384616,261,0.7049198717948717,0.7115384615384616,0.05509615384615385,0.004975124378109453,0.789272030651341,0.7234099616858236,0.011953715979946029,0.6973180076628352,0.7472222222222222,0.06586206896551738,0.004975124378109453,0.0,0.6564423076923077,0.009999743175531766,0.6346153846153846,0.6763621794871796,0.4585753279486739,0.0060038781161291625,0.44755258328627895,0.47048433872890394,0.7968421052631578,0.03571199042881552,0.7368421052631579,0.8421052631578947,10.892103158246192,0.11108827977665117,10.680638924839112,11.112878704039701,0.8961378205128205,0.009931230810639798,0.875,0.9166666666666666
patch_reassignment_nnpatching_v1,tt100k_signs/densenet121,tt100k_signs,densenet121,101,within_failure_type_shuffle,312,92,19,200,0.7211538461538461,225,0.5487339743589743,0.7115384615384616,0.017115384615384754,0.03980099502487562,0.8311111111111111,0.8073777777777777,0.01130881880286573,0.7866666666666666,0.8311111111111111,0.023733333333333384,0.03980099502487562,0.0,0.6944230769230768,0.00815539817514355,0.6794871794871795,0.7115384615384616,0.4679030553987076,0.005503310612738231,0.45868102609950434,0.4789602900119205,0.8347368421052631,0.018262475339892056,0.7894736842105263,0.8421052631578947,12.317382227118987,0.0,12.317382227118987,12.317382227118987,0.9435576923076923,0.004415522162007793,0.9358974358974359,0.9519230769230769
patch_reassignment_nnpatching_v1,tt100k_signs/densenet121,tt100k_signs,densenet121,202,original,312,82,20,1,1.0,312,0.0,0.7019230769230769,0.0,nan,0.7019230769230769,0.7019230769230769,0.0,0.7019230769230769,0.7019230769230769,0.0,nan,0.0,0.7019230769230769,0.0,0.7019230769230769,0.7019230769230769,0.4496379298208566,0.0,0.4496379298208566,0.4496379298208566,0.9,0.0,0.9,0.9,12.724669577921023,0.0,12.724669577921023,12.724669577921023,0.9583333333333334,0.0,0.9583333333333334,0.9583333333333334
patch_reassignment_nnpatching_v1,tt100k_signs/densenet121,tt100k_signs,densenet121,202,global_effect_shuffle,312,82,20,200,1.0,312,0.9969391025641027,0.7019230769230769,0.5456891025641025,0.004975124378109453,0.7019230769230769,0.15623397435897435,0.017991585427725814,0.12171474358974359,0.18918269230769233,0.5456891025641025,0.004975124378109453,0.0,0.15623397435897435,0.017991585427725814,0.12171474358974359,0.18918269230769233,0.14218052188326577,0.02626248834974167,0.09444898597337621,0.19566912169808515,0.0425,0.03526683994916471,0.0,0.1,1.6880739796147362,0.29990121658422264,1.0646573417868914,2.2056311811867864,0.5620192307692308,0.02308526825604695,0.5128205128205128,0.6057692307692307
patch_reassignment_nnpatching_v1,tt100k_signs/densenet121,tt100k_signs,densenet121,202,global_direction_shuffle,312,82,20,200,1.0,312,0.9967307692307693,0.7019230769230769,0.5408814102564102,0.004975124378109453,0.7019230769230769,0.16104166666666664,0.019019938055605052,0.125,0.19879807692307694,0.5408814102564102,0.004975124378109453,0.0,0.16104166666666664,0.019019938055605052,0.125,0.19879807692307694,0.145118253697522,0.025208113888918585,0.09585869161326478,0.19823708896117428,0.049499999999999995,0.034274626183227734,0.0,0.1,1.8831182402169617,0.3032215568827062,1.3516021563875233,2.5084810149619083,0.5658333333333334,0.023648199590089902,0.5160256410256411,0.6089743589743589
patch_reassignment_nnpatching_v1,tt100k_signs/densenet121,tt100k_signs,densenet121,202,global_magnitude_shuffle,312,82,20,200,1.0,312,0.9966666666666667,0.7019230769230769,0.0022756410256409287,0.4975124378109453,0.7019230769230769,0.6996474358974359,0.007019084414818922,0.6858974358974359,0.7116185897435898,0.0022756410256409287,0.4975124378109453,0.0,0.6996474358974359,0.007019084414818922,0.6858974358974359,0.7116185897435898,0.4341512983967252,0.013123589450327489,0.4077371603667336,0.4558902395030444,0.8977500000000002,0.01036520622081395,0.85,0.9,12.813215952169271,0.07973302498767944,12.643275413872091,12.963322698389222,0.9577884615384614,0.007124546538507263,0.9423076923076923,0.9711538461538461
patch_reassignment_nnpatching_v1,tt100k_signs/densenet121,tt100k_signs,densenet121,202,within_true_class_shuffle,312,82,20,200,0.8717948717948718,272,0.736650641025641,0.7019230769230769,0.03777243589743573,0.004975124378109453,0.7683823529411765,0.7250551470588235,0.011878343068855133,0.7022058823529411,0.7463235294117647,0.04332720588235306,0.004975124378109453,0.0,0.6641506410256411,0.010355478572848062,0.6442307692307693,0.6826923076923077,0.43114104679196147,0.008022465243518283,0.4171591019075775,0.4453242683806708,0.836,0.040669398815325504,0.75,0.9,11.448497532019033,0.09958966564635573,11.257473913958679,11.620566419411887,0.9054326923076923,0.009327955599734126,0.8878205128205128,0.9231570512820514
patch_reassignment_nnpatching_v1,tt100k_signs/densenet121,tt100k_signs,densenet121,202,within_failure_type_shuffle,312,82,20,200,0.7724358974358975,241,0.596698717948718,0.7019230769230769,0.0019391025641025683,0.48258706467661694,0.8008298755186722,0.7983195020746888,0.009461104120350665,0.7800829875518672,0.8174273858921162,0.0025103734439834158,0.48258706467661694,0.0,0.6999839743589743,0.0073080964519375395,0.6858974358974359,0.7147435897435898,0.44887174004856933,0.0057169714596481585,0.437769968852286,0.45886141466934155,0.9000000000000002,2.220446049250313e-16,0.9,0.9,12.724669577921022,1.7763568394002505e-15,12.724669577921023,12.724669577921023,0.9509615384615384,0.004452706406874957,0.9423076923076923,0.9583333333333334
patch_reassignment_nnpatching_v1,tt100k_signs/densenet121,tt100k_signs,densenet121,303,original,312,86,18,1,1.0,312,0.0,0.6666666666666666,0.0,nan,0.6666666666666666,0.6666666666666666,0.0,0.6666666666666666,0.6666666666666666,0.0,nan,0.0,0.6666666666666666,0.0,0.6666666666666666,0.6666666666666666,0.4571522475439245,0.0,0.4571522475439245,0.4571522475439245,0.8888888888888888,0.0,0.8888888888888888,0.8888888888888888,12.710203142397894,0.0,12.710203142397894,12.710203142397894,0.9775641025641025,0.0,0.9775641025641025,0.9775641025641025
patch_reassignment_nnpatching_v1,tt100k_signs/densenet121,tt100k_signs,densenet121,303,global_effect_shuffle,312,86,18,200,1.0,312,0.9964583333333334,0.6666666666666666,0.5030288461538461,0.004975124378109453,0.6666666666666666,0.1636378205128205,0.018083279649344502,0.125,0.1955128205128205,0.5030288461538461,0.004975124378109453,0.0,0.1636378205128205,0.018083279649344502,0.125,0.1955128205128205,0.14324789033272814,0.02379203286946357,0.09731206191101387,0.19192925256381496,0.09555555555555557,0.041260988061393646,0.05555555555555555,0.16666666666666666,1.6995454590062156,0.27312182628975423,1.1889393127859922,2.2308207718533457,0.5711858974358974,0.025337932177564245,0.5224358974358975,0.625
patch_reassignment_nnpatching_v1,tt100k_signs/densenet121,tt100k_signs,densenet121,303,global_direction_shuffle,312,86,18,200,1.0,312,0.9970833333333334,0.6666666666666666,0.5012820512820513,0.004975124378109453,0.6666666666666666,0.16538461538461535,0.01937976468952689,0.128125,0.20841346153846158,0.5012820512820513,0.004975124378109453,0.0,0.16538461538461535,0.01937976468952689,0.128125,0.20841346153846158,0.14239809131918219,0.02550345474299926,0.09655527682684965,0.19383886292546024,0.10388888888888889,0.047567366134647966,0.05555555555555555,0.2222222222222222,1.8271501402931452,0.23611224158498928,1.3761240923800906,2.2975118120202644,0.5676923076923077,0.021767894314326422,0.5288461538461539,0.6122596153846155
patch_reassignment_nnpatching_v1,tt100k_signs/densenet121,tt100k_signs,densenet121,303,global_magnitude_shuffle,312,86,18,200,1.0,312,0.9969711538461539,0.6666666666666666,0.010352564102564132,0.15422885572139303,0.6666666666666666,0.6563141025641025,0.007998127554540371,0.6410256410256411,0.6730769230769231,0.010352564102564132,0.15422885572139303,0.0,0.6563141025641025,0.007998127554540371,0.6410256410256411,0.6730769230769231,0.43903473252233965,0.011858911099376512,0.41575949274273943,0.4636059843755682,0.8888888888888892,3.3306690738754696e-16,0.8888888888888888,0.8888888888888888,12.734371039955526,0.07294511804307034,12.578460245795878,12.872795436022926,0.9769711538461537,0.005625684814767748,0.9647435897435898,0.9871794871794872
patch_reassignment_nnpatching_v1,tt100k_signs/densenet121,tt100k_signs,densenet121,303,within_true_class_shuffle,312,86,18,200,0.8846153846153846,276,0.7208333333333333,0.6666666666666666,0.042932692307692366,0.004975124378109453,0.7246376811594203,0.6761050724637682,0.01221126032405965,0.6521739130434783,0.6992753623188406,0.048532608695652124,0.004975124378109453,0.0,0.6237339743589743,0.010802268748206615,0.6025641025641025,0.6442307692307693,0.43179030903250615,0.007001687651797882,0.41807639121554363,0.4441528419362722,0.8075,0.03680005199942649,0.7222222222222222,0.8888888888888888,11.252441056667536,0.09963635957886377,11.052956926513938,11.43994293369029,0.9162820512820514,0.0106955277079724,0.8941506410256411,0.9358974358974359
patch_reassignment_nnpatching_v1,tt100k_signs/densenet121,tt100k_signs,densenet121,303,within_failure_type_shuffle,312,86,18,200,0.7532051282051282,235,0.5551442307692308,0.6666666666666666,0.010464743589743586,0.12437810945273632,0.7659574468085106,0.7520638297872341,0.009883682955922898,0.7319148936170212,0.7702127659574468,0.01389361702127656,0.12437810945273632,0.0,0.656201923076923,0.007444440687954715,0.6410256410256411,0.6698717948717948,0.4408538834827849,0.006160327649814633,0.4299430425444043,0.45196875719366547,0.8888888888888892,3.3306690738754696e-16,0.8888888888888888,0.8888888888888888,12.71020314239789,3.552713678800501e-15,12.710203142397894,12.710203142397894,0.9643108974358973,0.004379165857350009,0.9551282051282052,0.9711538461538461
patch_reassignment_nnpatching_v1,tt100k_signs/vgg16,tt100k_signs,vgg16,101,original,328,100,21,1,1.0,328,0.0,0.4420731707317073,0.0,nan,0.4420731707317073,0.4420731707317073,0.0,0.4420731707317073,0.4420731707317073,0.0,nan,0.0,0.4420731707317073,0.0,0.4420731707317073,0.4420731707317073,0.3665360750360751,0.0,0.3665360750360751,0.3665360750360751,0.5714285714285714,0.0,0.5714285714285714,0.5714285714285714,36.516717372773066,0.0,36.516717372773066,36.516717372773066,0.9329268292682927,0.0,0.9329268292682927,0.9329268292682927
patch_reassignment_nnpatching_v1,tt100k_signs/vgg16,tt100k_signs,vgg16,101,global_effect_shuffle,328,100,21,200,1.0,328,0.9968140243902438,0.4420731707317073,0.32733231707317073,0.004975124378109453,0.4420731707317073,0.11474085365853659,0.015100476182850658,0.08536585365853659,0.14634146341463414,0.32733231707317073,0.004975124378109453,0.0,0.11474085365853659,0.015100476182850658,0.08536585365853659,0.14634146341463414,0.10971107142857144,0.0186369201791708,0.07803988095238096,0.1486375,0.04666666666666666,0.03748317838886557,0.0,0.14285714285714285,4.5637222949362934,224.45774042186625,-442.13762784856783,457.7350861066134,0.7277591463414634,0.019409020045241795,0.6919969512195121,0.7653963414634147
patch_reassignment_nnpatching_v1,tt100k_signs/vgg16,tt100k_signs,vgg16,101,global_direction_shuffle,328,100,21,200,1.0,328,0.996875,0.4420731707317073,0.3314481707317073,0.004975124378109453,0.4420731707317073,0.110625,0.014510970113802334,0.07926829268292683,0.13719512195121952,0.3314481707317073,0.004975124378109453,0.0,0.110625,0.014510970113802334,0.07926829268292683,0.13719512195121952,0.10330920995670995,0.01833145499732554,0.07149364177489177,0.13813079004329004,0.03476190476190476,0.03770935513705594,0.0,0.0964285714285717,37.162999951757854,153.71092284411964,-258.0416611569967,415.3087260943548,0.8146036585365855,0.01992557072032406,0.7773628048780488,0.853734756097561
patch_reassignment_nnpatching_v1,tt100k_signs/vgg16,tt100k_signs,vgg16,101,global_magnitude_shuffle,328,100,21,200,1.0,328,0.996875,0.4420731707317073,0.07099085365853658,0.004975124378109453,0.4420731707317073,0.37108231707317074,0.014628992677382406,0.3445121951219512,0.39939024390243905,0.07099085365853658,0.004975124378109453,0.0,0.37108231707317074,0.014628992677382406,0.3445121951219512,0.39939024390243905,0.29542192099567094,0.01706050160350505,0.2641124549062049,0.3290400162337662,0.47071428571428575,0.05757327973706675,0.38095238095238093,0.5726190476190478,336.47585145795745,202.9322966247274,-133.73666753164414,622.471184819114,0.8974542682926829,0.010107879856936406,0.8780487804878049,0.9176829268292683
patch_reassignment_nnpatching_v1,tt100k_signs/vgg16,tt100k_signs,vgg16,101,within_true_class_shuffle,328,100,21,200,0.8902439024390244,292,0.6941615853658536,0.4420731707317073,0.0395731707317073,0.004975124378109453,0.4623287671232877,0.4178767123287671,0.011892785887435439,0.3938356164383562,0.4417808219178082,0.04445205479452058,0.004975124378109453,0.0,0.4025,0.010587480119302271,0.38109756097560976,0.42378048780487804,0.34269519660894665,0.0075028518223079314,0.329027913059163,0.357134117965368,0.5004761904761904,0.04591967748193961,0.42857142857142855,0.5714285714285714,8.909847523659955,119.5097991946718,-198.67600157822355,194.2202062370984,0.8683231707317074,0.010452427214850016,0.8475609756097561,0.8871951219512195
patch_reassignment_nnpatching_v1,tt100k_signs/vgg16,tt100k_signs,vgg16,101,within_failure_type_shuffle,328,100,21,200,0.6310975609756098,207,0.45509146341463413,0.4420731707317073,0.015411585365853686,0.04477611940298507,0.5410628019323671,0.5166425120772946,0.012232791252389887,0.4927536231884058,0.5411835748792271,0.024420289855072497,0.04477611940298507,0.0,0.42666158536585364,0.007720084723307041,0.4115853658536585,0.4421493902439025,0.35560841269841276,0.004494249445612933,0.34661790223665223,0.3644054202741703,0.5254761904761903,0.03607044631697352,0.47619047619047616,0.5714285714285714,36.51671737277307,7.105427357601002e-15,36.516717372773066,36.516717372773066,0.9036280487804877,0.006126380066451961,0.8902439024390244,0.9146341463414634
patch_reassignment_nnpatching_v1,tt100k_signs/vgg16,tt100k_signs,vgg16,202,original,328,103,21,1,1.0,328,0.0,0.4481707317073171,0.0,nan,0.4481707317073171,0.4481707317073171,0.0,0.4481707317073171,0.4481707317073171,0.0,nan,0.0,0.4481707317073171,0.0,0.4481707317073171,0.4481707317073171,0.3188863904883322,0.0,0.3188863904883322,0.3188863904883322,0.6190476190476191,0.0,0.6190476190476191,0.6190476190476191,280.42448759320257,0.0,280.42448759320257,280.42448759320257,0.9237804878048781,0.0,0.9237804878048781,0.9237804878048781
patch_reassignment_nnpatching_v1,tt100k_signs/vgg16,tt100k_signs,vgg16,202,global_effect_shuffle,328,103,21,200,1.0,328,0.9976219512195121,0.4481707317073171,0.3261128048780488,0.004975124378109453,0.4481707317073171,0.1220579268292683,0.01445320526389759,0.0944359756097561,0.14641768292682927,0.3261128048780488,0.004975124378109453,0.0,0.1220579268292683,0.01445320526389759,0.0944359756097561,0.14641768292682927,0.10511795310945797,0.017671921603991277,0.07117829940645473,0.13726792310530173,0.0969047619047619,0.05458096401359233,0.0,0.19166666666666693,20.030986081694053,306.03930681150075,-526.2270653018484,618.9635146666952,0.7307621951219511,0.019636584267671623,0.6951219512195121,0.7682926829268293
patch_reassignment_nnpatching_v1,tt100k_signs/vgg16,tt100k_signs,vgg16,202,global_direction_shuffle,328,103,21,200,1.0,328,0.9966158536585366,0.4481707317073171,0.33553353658536583,0.004975124378109453,0.4481707317073171,0.11263719512195124,0.016008848486018742,0.08536585365853659,0.14634146341463414,0.33553353658536583,0.004975124378109453,0.0,0.11263719512195124,0.016008848486018742,0.08536585365853659,0.14634146341463414,0.09717352734464385,0.017378418135984047,0.06324334421421801,0.13315106392169496,0.07404761904761904,0.04356492275134969,0.0,0.14285714285714285,60.72262069556795,169.25955458808988,-334.61539923267696,484.0420891812234,0.8223170731707315,0.017659677735665007,0.7895579268292683,0.8567835365853659
patch_reassignment_nnpatching_v1,tt100k_signs/vgg16,tt100k_signs,vgg16,202,global_magnitude_shuffle,328,103,21,200,1.0,328,0.9967378048780487,0.4481707317073171,0.08039634146341462,0.004975124378109453,0.4481707317073171,0.36777439024390246,0.012773298748409573,0.3444359756097561,0.3932926829268293,0.08039634146341462,0.004975124378109453,0.0,0.36777439024390246,0.012773298748409573,0.3444359756097561,0.3932926829268293,0.2673579700145234,0.014607898379062083,0.23673227303081673,0.29294369667549275,0.4961904761904762,0.0581966328283893,0.38095238095238093,0.6190476190476191,373.98044119999804,184.97639335302475,-21.498866747828433,681.6064858723746,0.8927896341463415,0.009591685819913823,0.875,0.9086128048780489
patch_reassignment_nnpatching_v1,tt100k_signs/vgg16,tt100k_signs,vgg16,202,within_true_class_shuffle,328,103,21,200,0.8780487804878049,288,0.686234756097561,0.4481707317073171,0.05268292682926834,0.004975124378109453,0.4895833333333333,0.42958333333333326,0.013308896878070365,0.40616319444444443,0.45147569444444446,0.06000000000000005,0.004975124378109453,0.0,0.39548780487804874,0.011685860673427634,0.3749237804878049,0.41471036585365856,0.285214943003778,0.008035660949480801,0.27030473481929784,0.3022130925528984,0.5109523809523808,0.04987740071456026,0.42857142857142855,0.5726190476190478,385.5907700970459,93.64991566396466,223.59434523190652,537.3601980743941,0.889939024390244,0.009751332677877738,0.871875,0.9085365853658537
patch_reassignment_nnpatching_v1,tt100k_signs/vgg16,tt100k_signs,vgg16,202,within_failure_type_shuffle,328,103,21,200,0.6067073170731707,199,0.4500762195121951,0.4481707317073171,0.017774390243902427,0.03482587064676617,0.5979899497487438,0.5686934673366834,0.01375370550215556,0.5476130653266332,0.5979899497487438,0.0292964824120604,0.03482587064676617,0.0,0.43039634146341466,0.008344473765027316,0.41760670731707317,0.4481707317073171,0.3042722859664607,0.005974665408477167,0.29229725012492,0.31624199110849593,0.5933333333333333,0.05169244474328347,0.47619047619047616,0.667857142857143,280.4244875932026,5.684341886080802e-14,280.42448759320257,280.42448759320257,0.9154268292682926,0.005850481861615119,0.9054115853658536,0.926829268292683
patch_reassignment_nnpatching_v1,tt100k_signs/vgg16,tt100k_signs,vgg16,303,original,328,102,23,1,1.0,328,0.0,0.4329268292682927,0.0,nan,0.4329268292682927,0.4329268292682927,0.0,0.4329268292682927,0.4329268292682927,0.0,nan,0.0,0.4329268292682927,0.0,0.4329268292682927,0.4329268292682927,0.3047608437314319,0.0,0.3047608437314319,0.3047608437314319,0.6086956521739131,0.0,0.6086956521739131,0.6086956521739131,521.1492676691652,0.0,521.1492676691652,521.1492676691652,0.9664634146341463,0.0,0.9664634146341463,0.9664634146341463
patch_reassignment_nnpatching_v1,tt100k_signs/vgg16,tt100k_signs,vgg16,303,global_effect_shuffle,328,102,23,200,1.0,328,0.996859756097561,0.4329268292682927,0.31015243902439027,0.004975124378109453,0.4329268292682927,0.12277439024390244,0.016134675202880255,0.09451219512195122,0.15548780487804878,0.31015243902439027,0.004975124378109453,0.0,0.12277439024390244,0.016134675202880255,0.09451219512195122,0.15548780487804878,0.11184910931479561,0.018538639769094596,0.08027395466733701,0.15278038886494769,0.08956521739130434,0.04296215418099348,0.0,0.17391304347826086,-49.67642168556106,344.4194060000159,-660.7368749456421,563.2745495980363,0.7674390243902439,0.019429033911006772,0.7317073170731707,0.8079268292682927
patch_reassignment_nnpatching_v1,tt100k_signs/vgg16,tt100k_signs,vgg16,303,global_direction_shuffle,328,102,23,200,1.0,328,0.9968140243902439,0.4329268292682927,0.32652439024390245,0.004975124378109453,0.4329268292682927,0.10640243902439024,0.014889165179359488,0.07614329268292683,0.13414634146341464,0.32652439024390245,0.004975124378109453,0.0,0.10640243902439024,0.014889165179359488,0.07614329268292683,0.13414634146341464,0.09129279267392013,0.018680227120171422,0.05622012609757708,0.1256799613784908,0.07913043478260869,0.04952706388138484,0.0,0.17391304347826086,83.14974093946446,162.35955907313675,-251.37975030749706,476.2515250972696,0.8417378048780487,0.01744794991613703,0.8048780487804879,0.8719512195121951
patch_reassignment_nnpatching_v1,tt100k_signs/vgg16,tt100k_signs,vgg16,303,global_magnitude_shuffle,328,102,23,200,1.0,328,0.9972103658536585,0.4329268292682927,0.09396341463414631,0.004975124378109453,0.4329268292682927,0.33896341463414636,0.013298974791973584,0.31097560975609756,0.3628048780487805,0.09396341463414631,0.004975124378109453,0.0,0.33896341463414636,0.013298974791973584,0.31097560975609756,0.3628048780487805,0.25958811304889734,0.015524306375560343,0.22921108552848748,0.2857481473229022,0.42565217391304344,0.0636908293173392,0.30434782608695654,0.522826086956522,447.2127107341581,184.26340650026285,30.525365771631414,737.0185416154112,0.9277896341463415,0.0087759213862631,0.9085365853658537,0.9420731707317073
patch_reassignment_nnpatching_v1,tt100k_signs/vgg16,tt100k_signs,vgg16,303,within_true_class_shuffle,328,102,23,200,0.8810975609756098,289,0.6871189024390244,0.4329268292682927,0.04658536585365852,0.004975124378109453,0.4671280276816609,0.4142560553633218,0.010788747554272716,0.3944636678200692,0.4359861591695502,0.05287197231833912,0.004975124378109453,0.0,0.38634146341463416,0.009505939156051265,0.36890243902439024,0.4054878048780488,0.2826776824301334,0.0058594454443380755,0.2701652793013087,0.2936818378607594,0.5421739130434783,0.04302151393925728,0.4782608695652174,0.6086956521739131,511.65532144360407,223.87340481947436,64.58555319725889,872.0924674913285,0.909954268292683,0.010041914223397723,0.8871951219512195,0.926829268292683
patch_reassignment_nnpatching_v1,tt100k_signs/vgg16,tt100k_signs,vgg16,303,within_failure_type_shuffle,328,102,23,200,0.6432926829268293,211,0.45190548780487805,0.4329268292682927,0.022408536585365846,0.004975124378109453,0.5687203791469194,0.5338862559241706,0.009961066140750556,0.5118483412322274,0.5498815165876778,0.034834123222748814,0.004975124378109453,0.0,0.41051829268292683,0.006407880962495018,0.39634146341463417,0.4208079268292683,0.293005686579216,0.004264671912511407,0.28474801115732484,0.3012306305259736,0.5706521739130435,0.03280736581040561,0.5217391304347826,0.6086956521739131,521.1492676691652,0.0,521.1492676691652,521.1492676691652,0.9520426829268293,0.00494156438752687,0.9420731707317073,0.9603658536585366
patch_reassignment_nnpatching_v1,lisa_signs/resnet50,lisa_signs,resnet50,101,original,34,13,3,1,1.0,34,0.0,0.5294117647058824,0.0,nan,0.5294117647058824,0.5294117647058824,0.0,0.5294117647058824,0.5294117647058824,0.0,nan,0.0,0.5294117647058824,0.0,0.5294117647058824,0.5294117647058824,0.5025641025641026,0.0,0.5025641025641026,0.5025641025641026,0.3333333333333333,0.0,0.3333333333333333,0.3333333333333333,13.101343536064686,0.0,13.101343536064686,13.101343536064686,0.9117647058823529,0.0,0.9117647058823529,0.9117647058823529
patch_reassignment_nnpatching_v1,lisa_signs/resnet50,lisa_signs,resnet50,101,global_effect_shuffle,34,13,3,200,1.0,34,0.9713235294117648,0.5294117647058824,0.2738235294117647,0.004975124378109453,0.5294117647058824,0.25558823529411767,0.060946258021161624,0.1463235294117647,0.38235294117647056,0.2738235294117647,0.004975124378109453,0.0,0.25558823529411767,0.060946258021161624,0.1463235294117647,0.38235294117647056,0.22416239316239317,0.07272654092749056,0.07083333333333333,0.35747863247863254,0.17,0.16663332999933314,0.0,0.3333333333333333,4.322071541242733,1.6121551377078782,1.2725399243453628,7.341495631583145,0.6891176470588236,0.07031257449054107,0.5588235294117647,0.8235294117647058
patch_reassignment_nnpatching_v1,lisa_signs/resnet50,lisa_signs,resnet50,101,global_direction_shuffle,34,13,3,200,1.0,34,0.9679411764705883,0.5294117647058824,0.29117647058823526,0.004975124378109453,0.5294117647058824,0.23823529411764707,0.06134309886651239,0.11764705882352941,0.35294117647058826,0.29117647058823526,0.004975124378109453,0.0,0.23823529411764707,0.06134309886651239,0.11764705882352941,0.35294117647058826,0.20847435897435898,0.08190633464544425,0.05551282051282051,0.3705341880341881,0.11666666666666664,0.169148192751537,0.0,0.3333333333333333,4.630577842507709,1.2725343409048822,2.1605336850534416,7.04465311019382,0.7279411764705881,0.07118315476635849,0.5588235294117647,0.8529411764705882
patch_reassignment_nnpatching_v1,lisa_signs/resnet50,lisa_signs,resnet50,101,global_magnitude_shuffle,34,13,3,200,1.0,34,0.9723529411764708,0.5294117647058824,-0.00014705882352938904,0.746268656716418,0.5294117647058824,0.5295588235294117,0.029189972563705785,0.47058823529411764,0.5882352941176471,-0.00014705882352938904,0.746268656716418,0.0,0.5295588235294117,0.029189972563705785,0.47058823529411764,0.5882352941176471,0.47930769230769227,0.03882502410682212,0.41709401709401706,0.5307692307692308,0.3933333333333333,0.13232955494186138,0.3333333333333333,0.6666666666666666,11.34151452636393,0.7476127764744421,9.835282073410163,12.73915381738863,0.9163235294117648,0.024799803967302022,0.8823529411764706,0.9705882352941176
patch_reassignment_nnpatching_v1,lisa_signs/resnet50,lisa_signs,resnet50,101,within_true_class_shuffle,34,13,3,200,0.8235294117647058,28,0.6164705882352942,0.5294117647058824,0.0052941176470588935,0.6716417910447762,0.5,0.4935714285714286,0.031085793067127054,0.42857142857142855,0.5366071428571431,0.006428571428571395,0.6716417910447762,0.0,0.5241176470588235,0.025600064878810527,0.47058823529411764,0.559558823529412,0.50158547008547,0.010726545952822788,0.4811965811965812,0.5182692307692309,0.365,0.09773831274263833,0.3333333333333333,0.6666666666666666,12.35614418848911,0.2706540110570808,11.76314686180695,12.857790128955179,0.8954411764705884,0.029367245718781097,0.8529411764705882,0.9411764705882353
patch_reassignment_nnpatching_v1,lisa_signs/resnet50,lisa_signs,resnet50,101,within_failure_type_shuffle,34,13,3,200,0.5882352941176471,20,0.4113235294117647,0.5294117647058824,-0.004117647058823448,0.8855721393034826,0.55,0.5569999999999999,0.02959729717389747,0.5,0.6,-0.006999999999999895,0.8855721393034826,0.0,0.5335294117647058,0.017410174808174996,0.5,0.5588235294117647,0.5059487179487179,0.00776783435026115,0.494017094017094,0.517948717948718,0.33333333333333326,5.551115123125783e-17,0.3333333333333333,0.3333333333333333,13.101343536064688,1.7763568394002505e-15,13.101343536064686,13.101343536064686,0.8880882352941178,0.016295683721724526,0.8529411764705882,0.9117647058823529
patch_reassignment_nnpatching_v1,lisa_signs/resnet50,lisa_signs,resnet50,202,original,34,11,2,1,1.0,34,0.0,0.5882352941176471,0.0,nan,0.5882352941176471,0.5882352941176471,0.0,0.5882352941176471,0.5882352941176471,0.0,nan,0.0,0.5882352941176471,0.0,0.5882352941176471,0.5882352941176471,0.4848484848484848,0.0,0.4848484848484848,0.4848484848484848,1.0,0.0,1.0,1.0,11.076398082954043,0.0,11.076398082954043,11.076398082954043,0.9705882352941176,0.0,0.9705882352941176,0.9705882352941176
patch_reassignment_nnpatching_v1,lisa_signs/resnet50,lisa_signs,resnet50,202,global_effect_shuffle,34,11,2,200,1.0,34,0.9711764705882353,0.5882352941176471,0.31426470588235295,0.004975124378109453,0.5882352941176471,0.27397058823529413,0.06717079789585202,0.14705882352941177,0.3830882352941178,0.31426470588235295,0.004975124378109453,0.0,0.27397058823529413,0.06717079789585202,0.14705882352941177,0.3830882352941178,0.22007756132756132,0.07124844464036925,0.09367784992784992,0.3699224386724388,0.1975,0.29957261223282744,0.0,1.0,3.727486897703356,1.3231984169635904,1.3713663606479873,6.54803104094257,0.7841176470588235,0.057892634189727475,0.6764705882352942,0.8823529411764706
patch_reassignment_nnpatching_v1,lisa_signs/resnet50,lisa_signs,resnet50,202,global_direction_shuffle,34,11,2,200,1.0,34,0.9676470588235295,0.5882352941176471,0.32161764705882356,0.004975124378109453,0.5882352941176471,0.2666176470588235,0.06777976114417375,0.1463235294117647,0.38235294117647056,0.32161764705882356,0.004975124378109453,0.0,0.2666176470588235,0.06777976114417375,0.1463235294117647,0.38235294117647056,0.20066378066378066,0.07984865337449884,0.07067099567099568,0.3548069985569986,0.1975,0.27339303209847904,0.0,1.0,3.8876186121915617,1.2416253656671161,1.3735361563995172,6.308611025714943,0.8036764705882353,0.05755526154477875,0.6764705882352942,0.9117647058823529
patch_reassignment_nnpatching_v1,lisa_signs/resnet50,lisa_signs,resnet50,202,global_magnitude_shuffle,34,11,2,200,1.0,34,0.9723529411764705,0.5882352941176471,0.02147058823529413,0.36318407960199006,0.5882352941176471,0.566764705882353,0.029952384357839087,0.5294117647058824,0.6176470588235294,0.02147058823529413,0.36318407960199006,0.0,0.566764705882353,0.029952384357839087,0.5294117647058824,0.6176470588235294,0.47128787878787876,0.030769049210985142,0.4242424242424242,0.5303030303030303,1.0,0.0,1.0,1.0,10.9722568544956,0.4732423976060716,10.03776501666845,11.806250684945681,0.9539705882352942,0.01626380169808832,0.9117647058823529,0.9705882352941176
patch_reassignment_nnpatching_v1,lisa_signs/resnet50,lisa_signs,resnet50,202,within_true_class_shuffle,34,11,2,200,0.8823529411764706,30,0.6652941176470588,0.5882352941176471,0.026176470588235357,0.35323383084577115,0.6,0.5703333333333331,0.03210918871600464,0.5,0.6333333333333333,0.02966666666666684,0.35323383084577115,0.0,0.5620588235294117,0.028331637102357046,0.5,0.6176470588235294,0.46949494949494947,0.024136130608169548,0.423989898989899,0.5151515151515151,0.965,0.12757350822173072,0.5,1.0,10.34938306961147,0.28386201642359554,9.851720982088763,10.90509033907335,0.9679411764705883,0.01932914682429148,0.9411764705882353,1.0
patch_reassignment_nnpatching_v1,lisa_signs/resnet50,lisa_signs,resnet50,202,within_failure_type_shuffle,34,11,2,200,0.7647058823529411,26,0.5242647058823529,0.5882352941176471,0.0339705882352942,0.22885572139303484,0.6923076923076923,0.6478846153846155,0.032201634527958184,0.5769230769230769,0.6923076923076923,0.04442307692307679,0.22885572139303484,0.0,0.5542647058823529,0.02462477934490921,0.5,0.5882352941176471,0.45712121212121204,0.021236097560714942,0.41414141414141414,0.4848484848484848,1.0,0.0,1.0,1.0,11.076398082954043,0.0,11.076398082954043,11.076398082954043,0.96,0.014117647058823532,0.9411764705882353,0.9705882352941176
patch_reassignment_nnpatching_v1,lisa_signs/resnet50,lisa_signs,resnet50,303,original,34,17,1,1,1.0,34,0.0,0.35294117647058826,0.0,nan,0.35294117647058826,0.35294117647058826,0.0,0.35294117647058826,0.35294117647058826,0.0,nan,0.0,0.35294117647058826,0.0,0.35294117647058826,0.35294117647058826,0.20588235294117646,0.0,0.20588235294117646,0.20588235294117646,1.0,0.0,1.0,1.0,13.07916374062188,0.0,13.07916374062188,13.07916374062188,1.0,0.0,1.0,1.0
patch_reassignment_nnpatching_v1,lisa_signs/resnet50,lisa_signs,resnet50,303,global_effect_shuffle,34,17,1,200,1.0,34,0.9679411764705884,0.35294117647058826,0.1573529411764706,0.01990049751243781,0.35294117647058826,0.19558823529411765,0.05953612494116812,0.08823529411764706,0.3235294117647059,0.1573529411764706,0.01990049751243781,0.0,0.19558823529411765,0.05953612494116812,0.08823529411764706,0.3235294117647059,0.16433823529411767,0.06125449603122293,0.06083683473389355,0.30961134453781514,0.15,0.3570714214271425,0.0,1.0,-0.035554552891117044,2.0349122330368488,-3.8479531966605194,3.7261987311912788,0.641764705882353,0.067182548401267,0.5294117647058824,0.7941176470588235
patch_reassignment_nnpatching_v1,lisa_signs/resnet50,lisa_signs,resnet50,303,global_direction_shuffle,34,17,1,200,1.0,34,0.9725,0.35294117647058826,0.18852941176470595,0.009950248756218905,0.35294117647058826,0.1644117647058823,0.05666556413880965,0.058823529411764705,0.2654411764705884,0.18852941176470595,0.009950248756218905,0.0,0.1644117647058823,0.05666556413880965,0.058823529411764705,0.2654411764705884,0.13453781512605043,0.05568524063595652,0.027941176470588233,0.24865196078431373,0.1,0.3,0.0,1.0,2.339690651133873,1.8345331968053153,-1.2226588358886505,5.91306139329764,0.6879411764705883,0.056405446496448075,0.5588235294117647,0.7941176470588235
patch_reassignment_nnpatching_v1,lisa_signs/resnet50,lisa_signs,resnet50,303,global_magnitude_shuffle,34,17,1,200,1.0,34,0.9713235294117648,0.35294117647058826,-0.007647058823529396,0.7661691542288557,0.35294117647058826,0.36058823529411765,0.03304605154161914,0.29411764705882354,0.4117647058823529,-0.007647058823529396,0.7661691542288557,0.0,0.36058823529411765,0.03304605154161914,0.29411764705882354,0.4117647058823529,0.2391596638655462,0.034229156060850974,0.18907563025210083,0.29411764705882354,1.0,0.0,1.0,1.0,13.789299189340536,0.9450827203397147,11.986482471192996,15.552598652524011,0.9145588235294119,0.03189481794531372,0.8529411764705882,0.9705882352941176
patch_reassignment_nnpatching_v1,lisa_signs/resnet50,lisa_signs,resnet50,303,within_true_class_shuffle,34,17,1,200,0.7352941176470589,25,0.49573529411764705,0.35294117647058826,0.02147058823529413,0.3880597014925373,0.44,0.4108000000000001,0.028763866221354878,0.36,0.44,0.029199999999999893,0.3880597014925373,0.0,0.33147058823529413,0.021149901633349177,0.29411764705882354,0.35294117647058826,0.1958718487394958,0.009808871674488713,0.17647058823529413,0.20588235294117646,1.0,0.0,1.0,1.0,11.95599015742157,0.3706898876257943,11.29909940585768,12.688793730168769,0.9279411764705884,0.02966800147328238,0.8816176470588235,0.9705882352941176
patch_reassignment_nnpatching_v1,lisa_signs/resnet50,lisa_signs,resnet50,303,within_failure_type_shuffle,34,17,1,200,0.5294117647058824,18,0.35,0.35294117647058826,-0.008823529411764619,0.9253731343283582,0.5,0.5166666666666666,0.03333333333333335,0.4444444444444444,0.5555555555555556,-0.016666666666666607,0.9253731343283582,0.0,0.3617647058823529,0.01764705882352939,0.3235294117647059,0.38235294117647056,0.21120798319327733,0.00779827150403693,0.19747899159663865,0.22058823529411764,1.0,0.0,1.0,1.0,13.07916374062188,0.0,13.07916374062188,13.07916374062188,0.9858823529411765,0.0173902888224641,0.9411764705882353,1.0
patch_reassignment_nnpatching_v1,lisa_signs/convnext_tiny,lisa_signs,convnext_tiny,101,original,14,6,1,1,1.0,14,0.0,0.42857142857142855,0.0,nan,0.42857142857142855,0.42857142857142855,0.0,0.42857142857142855,0.42857142857142855,0.0,nan,0.0,0.42857142857142855,0.0,0.42857142857142855,0.42857142857142855,0.28571428571428575,0.0,0.28571428571428575,0.28571428571428575,1.0,0.0,1.0,1.0,6.804466173052788,0.0,6.804466173052788,6.804466173052788,1.0,0.0,1.0,1.0
patch_reassignment_nnpatching_v1,lisa_signs/convnext_tiny,lisa_signs,convnext_tiny,101,global_effect_shuffle,14,6,1,200,1.0,14,0.9310714285714287,0.42857142857142855,0.23285714285714285,0.01990049751243781,0.42857142857142855,0.1957142857142857,0.08548779600215531,0.07142857142857142,0.35714285714285715,0.23285714285714285,0.01990049751243781,0.0,0.1957142857142857,0.08548779600215531,0.07142857142857142,0.35714285714285715,0.12107142857142858,0.09402584136043354,0.023809523809523808,0.32202380952380966,0.09,0.2861817604250837,0.0,1.0,1.6828889504886633,1.0031292347628291,-0.37292285891515864,3.5003886543613465,0.43821428571428567,0.10777847178166816,0.21428571428571427,0.6428571428571429
patch_reassignment_nnpatching_v1,lisa_signs/convnext_tiny,lisa_signs,convnext_tiny,101,global_direction_shuffle,14,6,1,200,1.0,14,0.9282142857142859,0.42857142857142855,0.22428571428571428,0.014925373134328358,0.42857142857142855,0.20428571428571426,0.0795523188132906,0.07142857142857142,0.35714285714285715,0.22428571428571428,0.014925373134328358,0.0,0.20428571428571426,0.0795523188132906,0.07142857142857142,0.35714285714285715,0.1275595238095238,0.09798405554845827,0.023809523809523808,0.3455357142857143,0.09,0.2861817604250837,0.0,1.0,1.6487815365282381,0.9974440195669979,-0.21668191921182148,3.4558932423044912,0.4460714285714286,0.11327623361517991,0.21428571428571427,0.6428571428571429
patch_reassignment_nnpatching_v1,lisa_signs/convnext_tiny,lisa_signs,convnext_tiny,101,global_magnitude_shuffle,14,6,1,200,1.0,14,0.9239285714285714,0.42857142857142855,0.0,1.0,0.42857142857142855,0.42857142857142855,0.0,0.42857142857142855,0.42857142857142855,0.0,1.0,0.0,0.42857142857142855,0.0,0.42857142857142855,0.42857142857142855,0.2857142857142857,5.551115123125783e-17,0.28571428571428575,0.28571428571428575,1.0,0.0,1.0,1.0,6.5315889766306965,0.24776567799655203,6.0619409276180285,7.004515082425927,0.9882142857142858,0.026512896361382075,0.9285714285714286,1.0
patch_reassignment_nnpatching_v1,lisa_signs/convnext_tiny,lisa_signs,convnext_tiny,101,within_true_class_shuffle,14,6,1,200,0.7857142857142857,11,0.5639285714285714,0.42857142857142855,0.05178571428571427,0.36318407960199006,0.45454545454545453,0.3886363636363636,0.055251117187014614,0.2727272727272727,0.45454545454545453,0.06590909090909092,0.36318407960199006,0.0,0.3767857142857143,0.043411592075511485,0.2857142857142857,0.42857142857142855,0.26845238095238094,0.014470530691837175,0.2380952380952381,0.28571428571428575,0.915,0.2788816953476868,0.0,1.0,4.2450741652598865,0.7253822971678646,2.8797213419207504,5.749537741020322,0.8042857142857143,0.07327610630418377,0.7142857142857143,0.9285714285714286
patch_reassignment_nnpatching_v1,lisa_signs/convnext_tiny,lisa_signs,convnext_tiny,101,within_failure_type_shuffle,14,6,1,200,0.2857142857142857,4,0.21857142857142853,0.42857142857142855,0.0,1.0,1.0,1.0,0.0,1.0,1.0,0.0,1.0,0.0,0.42857142857142855,0.0,0.42857142857142855,0.42857142857142855,0.2857142857142857,5.551115123125783e-17,0.28571428571428575,0.28571428571428575,1.0,0.0,1.0,1.0,6.804466173052788,0.0,6.804466173052788,6.804466173052788,1.0,0.0,1.0,1.0
patch_reassignment_nnpatching_v1,lisa_signs/convnext_tiny,lisa_signs,convnext_tiny,202,original,14,8,1,1,1.0,14,0.0,0.5,0.0,nan,0.5,0.5,0.0,0.5,0.5,0.0,nan,0.0,0.5,0.0,0.5,0.5,0.35,0.0,0.35,0.35,1.0,0.0,1.0,1.0,7.08767255661743,0.0,7.08767255661743,7.08767255661743,0.9285714285714286,0.0,0.9285714285714286,0.9285714285714286
patch_reassignment_nnpatching_v1,lisa_signs/convnext_tiny,lisa_signs,convnext_tiny,202,global_effect_shuffle,14,8,1,200,1.0,14,0.9278571428571429,0.5,0.2875,0.009950248756218905,0.5,0.2125,0.09131619768246854,0.07142857142857142,0.35714285714285715,0.2875,0.009950248756218905,0.0,0.2125,0.09131619768246854,0.07142857142857142,0.35714285714285715,0.14087499999999997,0.08568392133300155,0.025,0.3625,0.195,0.3962007067131506,0.0,1.0,1.060233609205378,1.0875117114339725,-0.931450514698268,3.0916874674780828,0.415,0.10935571987503788,0.21428571428571427,0.6428571428571429
patch_reassignment_nnpatching_v1,lisa_signs/convnext_tiny,lisa_signs,convnext_tiny,202,global_direction_shuffle,14,8,1,200,1.0,14,0.9253571428571429,0.5,0.3028571428571429,0.009950248756218905,0.5,0.19714285714285712,0.07667849657325511,0.07142857142857142,0.35714285714285715,0.3028571428571429,0.009950248756218905,0.0,0.19714285714285712,0.07667849657325511,0.07142857142857142,0.35714285714285715,0.11756250000000001,0.0657896446543831,0.025,0.26281250000000006,0.17,0.37563279941985894,0.0,1.0,0.9097725449828766,1.109994134463583,-1.0499784318613723,3.080269672989558,0.3767857142857143,0.11110243021644486,0.14285714285714285,0.6428571428571429
patch_reassignment_nnpatching_v1,lisa_signs/convnext_tiny,lisa_signs,convnext_tiny,202,global_magnitude_shuffle,14,8,1,200,1.0,14,0.9260714285714287,0.5,0.010000000000000009,0.8606965174129353,0.5,0.49,0.02478478796128211,0.42857142857142855,0.5,0.010000000000000009,0.8606965174129353,0.0,0.49,0.02478478796128211,0.42857142857142855,0.5,0.34650000000000003,0.008674675786448725,0.325,0.35,1.0,0.0,1.0,1.0,6.625941606654712,0.34360158313503786,5.967824904406966,7.291969709887723,0.9385714285714286,0.03502185906323218,0.8571428571428571,1.0
patch_reassignment_nnpatching_v1,lisa_signs/convnext_tiny,lisa_signs,convnext_tiny,202,within_true_class_shuffle,14,8,1,200,0.6428571428571429,9,0.4321428571428571,0.5,0.1021428571428572,0.04975124378109453,0.6666666666666666,0.5077777777777778,0.06431980283736137,0.4444444444444444,0.6666666666666666,0.15888888888888886,0.04975124378109453,0.0,0.3978571428571428,0.041348444681160855,0.35714285714285715,0.5,0.31425,0.01447195563840631,0.3,0.35,0.525,0.4993746088859544,0.0,1.0,4.84249204320567,0.7820602910066079,3.6013465305524215,6.586643810250929,0.7832142857142856,0.05906477765287593,0.7142857142857143,0.9285714285714286
patch_reassignment_nnpatching_v1,lisa_signs/convnext_tiny,lisa_signs,convnext_tiny,202,within_failure_type_shuffle,14,8,1,200,0.35714285714285715,5,0.2107142857142857,0.5,0.0,1.0,1.0,1.0,0.0,1.0,1.0,0.0,1.0,0.0,0.5,0.0,0.5,0.5,0.35,0.0,0.35,0.35,1.0,0.0,1.0,1.0,7.08767255661743,0.0,7.08767255661743,7.08767255661743,0.9285714285714286,0.0,0.9285714285714286,0.9285714285714286
patch_reassignment_nnpatching_v1,lisa_signs/convnext_tiny,lisa_signs,convnext_tiny,303,original,14,9,0,1,1.0,14,0.0,0.42857142857142855,0.0,nan,0.42857142857142855,0.42857142857142855,0.0,0.42857142857142855,0.42857142857142855,0.0,nan,0.0,0.42857142857142855,0.0,0.42857142857142855,0.42857142857142855,0.3055555555555556,0.0,0.3055555555555556,0.3055555555555556,nan,nan,nan,nan,5.8316582542444975,0.0,5.8316582542444975,5.8316582542444975,0.8571428571428571,0.0,0.8571428571428571,0.8571428571428571
patch_reassignment_nnpatching_v1,lisa_signs/convnext_tiny,lisa_signs,convnext_tiny,303,global_effect_shuffle,14,9,0,200,1.0,14,0.9364285714285715,0.42857142857142855,0.20892857142857144,0.03980099502487562,0.42857142857142855,0.2196428571428571,0.09311434160345493,0.06964285714285717,0.42857142857142855,0.20892857142857144,0.03980099502487562,0.0,0.2196428571428571,0.09311434160345493,0.06964285714285717,0.42857142857142855,0.20125,0.10219419528223077,0.027083333333333348,0.4173611111111113,nan,nan,nan,nan,0.5998126444114107,1.180223931299819,-1.396310968191496,3.0507461164046887,0.4107142857142857,0.1105990183371573,0.21428571428571427,0.6428571428571429
patch_reassignment_nnpatching_v1,lisa_signs/convnext_tiny,lisa_signs,convnext_tiny,303,global_direction_shuffle,14,9,0,200,1.0,14,0.9235714285714286,0.42857142857142855,0.2317857142857143,0.029850746268656716,0.42857142857142855,0.19678571428571426,0.09408460695196702,0.07142857142857142,0.3589285714285718,0.2317857142857143,0.029850746268656716,0.0,0.19678571428571426,0.09408460695196702,0.07142857142857142,0.3589285714285718,0.17166666666666663,0.09964288084807515,0.027777777777777776,0.3888888888888889,nan,nan,nan,nan,0.4835833449114471,1.3345269670427995,-1.9085184344737443,3.022987944909094,0.41642857142857137,0.1182590549667663,0.21428571428571427,0.6428571428571429
patch_reassignment_nnpatching_v1,lisa_signs/convnext_tiny,lisa_signs,convnext_tiny,303,global_magnitude_shuffle,14,9,0,200,1.0,14,0.9339285714285714,0.42857142857142855,0.0,1.0,0.42857142857142855,0.42857142857142855,0.0,0.42857142857142855,0.42857142857142855,0.0,1.0,0.0,0.42857142857142855,0.0,0.42857142857142855,0.42857142857142855,0.3055555555555555,5.551115123125783e-17,0.3055555555555556,0.3055555555555556,nan,nan,nan,nan,4.776726662493804,0.6181939734075329,3.6840198572765717,5.8702165273668045,0.8853571428571427,0.034917906639454134,0.8571428571428571,0.9285714285714286
patch_reassignment_nnpatching_v1,lisa_signs/convnext_tiny,lisa_signs,convnext_tiny,303,within_true_class_shuffle,14,9,0,200,0.5714285714285714,8,0.3564285714285714,0.42857142857142855,0.020714285714285685,0.7114427860696517,0.625,0.58875,0.056720256522692136,0.5,0.625,0.036250000000000004,0.7114427860696517,0.0,0.40785714285714286,0.03241157515582407,0.35714285714285715,0.42857142857142855,0.29749999999999993,0.012604501449487146,0.2777777777777778,0.3055555555555556,nan,nan,nan,nan,4.589760691241493,0.48412321656692797,3.7262523089136397,5.8316582542444975,0.7503571428571427,0.0548641643571853,0.6428571428571429,0.8571428571428571
patch_reassignment_nnpatching_v1,lisa_signs/convnext_tiny,lisa_signs,convnext_tiny,303,within_failure_type_shuffle,14,9,0,200,0.2857142857142857,4,0.14285714285714282,0.42857142857142855,0.0,1.0,1.0,1.0,0.0,1.0,1.0,0.0,1.0,0.0,0.42857142857142855,0.0,0.42857142857142855,0.42857142857142855,0.3055555555555555,5.551115123125783e-17,0.3055555555555556,0.3055555555555556,nan,nan,nan,nan,5.8316582542444975,0.0,5.8316582542444975,5.8316582542444975,0.8571428571428571,0.0,0.8571428571428571,0.8571428571428571
patch_reassignment_nnpatching_v1,lisa_signs/densenet121,lisa_signs,densenet121,101,original,17,10,0,1,1.0,17,0.0,0.35294117647058826,0.0,nan,0.35294117647058826,0.35294117647058826,0.0,0.35294117647058826,0.35294117647058826,0.0,nan,0.0,0.35294117647058826,0.0,0.35294117647058826,0.35294117647058826,0.26666666666666666,0.0,0.26666666666666666,0.26666666666666666,nan,nan,nan,nan,4.573972193414674,0.0,4.573972193414674,4.573972193414674,1.0,0.0,1.0,1.0
patch_reassignment_nnpatching_v1,lisa_signs/densenet121,lisa_signs,densenet121,101,global_effect_shuffle,17,10,0,200,1.0,17,0.95,0.35294117647058826,0.1761764705882353,0.06467661691542288,0.35294117647058826,0.17676470588235296,0.08794019279402633,0.0,0.35294117647058826,0.1761764705882353,0.06467661691542288,0.0,0.17676470588235296,0.08794019279402633,0.0,0.35294117647058826,0.155,0.08628119403696523,0.0,0.33375000000000016,nan,nan,nan,nan,0.44182559637161084,1.09414233643987,-1.5829837734591874,2.531175215914846,0.5823529411764706,0.10814574300500139,0.35294117647058826,0.7661764705882356
patch_reassignment_nnpatching_v1,lisa_signs/densenet121,lisa_signs,densenet121,101,global_direction_shuffle,17,10,0,200,1.0,17,0.9441176470588236,0.35294117647058826,0.17529411764705885,0.03482587064676617,0.35294117647058826,0.1776470588235294,0.08441945035722466,0.0,0.35294117647058826,0.17529411764705885,0.03482587064676617,0.0,0.1776470588235294,0.08441945035722466,0.0,0.35294117647058826,0.16399999999999998,0.08573926884585745,0.0,0.35041666666666677,nan,nan,nan,nan,0.38840688276628305,1.1080696758654258,-1.6160032413857397,2.572357053391403,0.6055882352941176,0.10519342868946885,0.4102941176470588,0.7661764705882356
patch_reassignment_nnpatching_v1,lisa_signs/densenet121,lisa_signs,densenet121,101,global_magnitude_shuffle,17,10,0,200,1.0,17,0.9394117647058825,0.35294117647058826,0.00500000000000006,0.7164179104477612,0.35294117647058826,0.3479411764705882,0.04547994729038647,0.23529411764705882,0.4117647058823529,0.00500000000000006,0.7164179104477612,0.0,0.3479411764705882,0.04547994729038647,0.23529411764705882,0.4117647058823529,0.2638333333333333,0.025771970131219003,0.2,0.3,nan,nan,nan,nan,5.4533947930244855,0.35861371126775804,4.825312245850938,6.203703893338591,0.8076470588235294,0.050158917004031314,0.7058823529411765,0.8823529411764706
patch_reassignment_nnpatching_v1,lisa_signs/densenet121,lisa_signs,densenet121,101,within_true_class_shuffle,17,10,0,200,0.6470588235294118,11,0.40823529411764703,0.35294117647058826,0.05705882352941183,0.22388059701492538,0.45454545454545453,0.3663636363636364,0.05814629597435412,0.2727272727272727,0.45454545454545453,0.08818181818181814,0.22388059701492538,0.0,0.29588235294117643,0.03762407386575855,0.23529411764705882,0.35294117647058826,0.23433333333333337,0.02132030852392984,0.2,0.26666666666666666,nan,nan,nan,nan,2.756384342562626,0.8115741911819956,1.2201751758727957,4.508088745395927,0.8297058823529412,0.06717160279056386,0.7058823529411765,0.9411764705882353
patch_reassignment_nnpatching_v1,lisa_signs/densenet121,lisa_signs,densenet121,101,within_failure_type_shuffle,17,10,0,200,0.11764705882352941,2,0.0611764705882353,0.35294117647058826,0.0,1.0,0.5,0.5,0.0,0.5,0.5,0.0,1.0,0.0,0.35294117647058826,0.0,0.35294117647058826,0.35294117647058826,0.26666666666666666,0.0,0.26666666666666666,0.26666666666666666,nan,nan,nan,nan,4.573972193414675,8.881784197001252e-16,4.573972193414674,4.573972193414674,1.0,0.0,1.0,1.0
patch_reassignment_nnpatching_v1,lisa_signs/densenet121,lisa_signs,densenet121,202,original,17,11,0,1,1.0,17,0.0,0.29411764705882354,0.0,nan,0.29411764705882354,0.29411764705882354,0.0,0.29411764705882354,0.29411764705882354,0.0,nan,0.0,0.29411764705882354,0.0,0.29411764705882354,0.29411764705882354,0.25757575757575757,0.0,0.25757575757575757,0.25757575757575757,nan,nan,nan,nan,5.589651034377954,0.0,5.589651034377954,5.589651034377954,1.0,0.0,1.0,1.0
patch_reassignment_nnpatching_v1,lisa_signs/densenet121,lisa_signs,densenet121,202,global_effect_shuffle,17,11,0,200,1.0,17,0.9367647058823529,0.29411764705882354,0.10235294117647059,0.15920398009950248,0.29411764705882354,0.19176470588235295,0.07720013984246078,0.058823529411764705,0.35294117647058826,0.10235294117647059,0.15920398009950248,0.0,0.19176470588235295,0.07720013984246078,0.058823529411764705,0.35294117647058826,0.20325757575757575,0.08042126087734468,0.04507575757575759,0.3484848484848485,nan,nan,nan,nan,1.072516832917326,0.9968653160020765,-0.6280901223037612,3.248107846703052,0.6208823529411766,0.08538484018990757,0.47058823529411764,0.7661764705882356
patch_reassignment_nnpatching_v1,lisa_signs/densenet121,lisa_signs,densenet121,202,global_direction_shuffle,17,11,0,200,1.0,17,0.9405882352941178,0.29411764705882354,0.1120588235294118,0.15422885572139303,0.29411764705882354,0.18205882352941175,0.07683116347980747,0.058823529411764705,0.295588235294118,0.1120588235294118,0.15422885572139303,0.0,0.18205882352941175,0.07683116347980747,0.058823529411764705,0.295588235294118,0.19507575757575754,0.08448158633543801,0.0303030303030303,0.3488636363636365,nan,nan,nan,nan,1.2665377999378533,0.9233701404655504,-0.5625505044813525,3.301333125395481,0.6038235294117648,0.08910891046284561,0.4117647058823529,0.7661764705882356
patch_reassignment_nnpatching_v1,lisa_signs/densenet121,lisa_signs,densenet121,202,global_magnitude_shuffle,17,11,0,200,1.0,17,0.938529411764706,0.29411764705882354,-0.04911764705882349,0.9850746268656716,0.29411764705882354,0.343235294117647,0.04697695083798652,0.29411764705882354,0.41323529411764737,-0.04911764705882349,0.9850746268656716,0.0,0.343235294117647,0.04697695083798652,0.29411764705882354,0.41323529411764737,0.2865909090909091,0.028051895860007028,0.25757575757575757,0.34886363636363643,nan,nan,nan,nan,5.612087807478327,0.2523221074551862,5.085827728977364,6.037581075965982,0.9076470588235296,0.0360267105830178,0.8808823529411764,1.0
patch_reassignment_nnpatching_v1,lisa_signs/densenet121,lisa_signs,densenet121,202,within_true_class_shuffle,17,11,0,200,0.6470588235294118,11,0.3541176470588235,0.29411764705882354,0.027941176470588247,0.48756218905472637,0.36363636363636365,0.3204545454545455,0.06979160242174585,0.18181818181818182,0.45454545454545453,0.043181818181818155,0.48756218905472637,0.0,0.2661764705882353,0.045159272155247315,0.17647058823529413,0.35294117647058826,0.23568181818181813,0.02853547644560997,0.18181818181818182,0.28787878787878785,nan,nan,nan,nan,4.911332535487325,0.3741392568864398,4.212928185568137,5.610993601162644,0.933235294117647,0.039755959706438124,0.8823529411764706,1.0
patch_reassignment_nnpatching_v1,lisa_signs/densenet121,lisa_signs,densenet121,202,within_failure_type_shuffle,17,11,0,200,0.23529411764705882,4,0.11117647058823531,0.29411764705882354,5.551115123125783e-17,1.0,0.25,0.25,0.0,0.25,0.25,0.0,1.0,0.0,0.2941176470588235,5.551115123125783e-17,0.29411764705882354,0.29411764705882354,0.2575757575757576,5.551115123125783e-17,0.25757575757575757,0.25757575757575757,nan,nan,nan,nan,5.589651034377953,8.881784197001252e-16,5.589651034377954,5.589651034377954,1.0,0.0,1.0,1.0
patch_reassignment_nnpatching_v1,lisa_signs/densenet121,lisa_signs,densenet121,303,original,17,12,0,1,1.0,17,0.0,0.17647058823529413,0.0,nan,0.17647058823529413,0.17647058823529413,0.0,0.17647058823529413,0.17647058823529413,0.0,nan,0.0,0.17647058823529413,0.0,0.17647058823529413,0.17647058823529413,0.25,0.0,0.25,0.25,nan,nan,nan,nan,3.766405053436756,0.0,3.766405053436756,3.766405053436756,0.8235294117647058,0.0,0.8235294117647058,0.8235294117647058
patch_reassignment_nnpatching_v1,lisa_signs/densenet121,lisa_signs,densenet121,303,global_effect_shuffle,17,12,0,200,1.0,17,0.9432352941176471,0.17647058823529413,0.03058823529411764,0.4626865671641791,0.17647058823529413,0.1458823529411765,0.07713736455428474,0.0,0.29411764705882354,0.03058823529411764,0.4626865671641791,0.0,0.1458823529411765,0.07713736455428474,0.0,0.29411764705882354,0.15222222222222223,0.08642237650339074,0.0,0.30625000000000013,nan,nan,nan,nan,0.7094900468873846,1.0882798487847698,-1.3202147165080533,2.913644166893381,0.6232352941176471,0.1034186406065826,0.4117647058823529,0.8235294117647058
patch_reassignment_nnpatching_v1,lisa_signs/densenet121,lisa_signs,densenet121,303,global_direction_shuffle,17,12,0,200,1.0,17,0.9388235294117648,0.17647058823529413,-0.006176470588235283,0.6766169154228856,0.17647058823529413,0.1826470588235294,0.08491752563028172,0.0,0.35294117647058826,-0.006176470588235283,0.6766169154228856,0.0,0.1826470588235294,0.08491752563028172,0.0,0.35294117647058826,0.18986111111111112,0.0964963977770705,0.0,0.36180555555555577,nan,nan,nan,nan,1.1810354229509612,1.1359299538678493,-0.9850912270651114,3.762268237166558,0.6247058823529412,0.09236605377124951,0.47058823529411764,0.8235294117647058
patch_reassignment_nnpatching_v1,lisa_signs/densenet121,lisa_signs,densenet121,303,global_magnitude_shuffle,17,12,0,200,1.0,17,0.9423529411764707,0.17647058823529413,-0.02470588235294116,1.0,0.17647058823529413,0.2011764705882353,0.029032853362948384,0.17647058823529413,0.23529411764705882,-0.02470588235294116,1.0,0.0,0.2011764705882353,0.029032853362948384,0.17647058823529413,0.23529411764705882,0.26166666666666666,0.013709958532503385,0.25,0.27777777777777773,nan,nan,nan,nan,4.177068990397982,0.6317322027940108,2.9564358715196786,5.341571693500297,0.8358823529411765,0.05114265278860743,0.7058823529411765,0.9411764705882353
patch_reassignment_nnpatching_v1,lisa_signs/densenet121,lisa_signs,densenet121,303,within_true_class_shuffle,17,12,0,200,0.47058823529411764,8,0.2985294117647059,0.17647058823529413,0.0,1.0,0.0,0.0,0.0,0.0,0.0,0.0,1.0,0.0,0.17647058823529413,0.0,0.17647058823529413,0.17647058823529413,0.25,0.0,0.25,0.25,nan,nan,nan,nan,2.532631334116792,0.5157283852970668,1.646412907716106,3.766405053436756,0.7061764705882354,0.059262333918377555,0.6470588235294118,0.8235294117647058
patch_reassignment_nnpatching_v1,lisa_signs/densenet121,lisa_signs,densenet121,303,within_failure_type_shuffle,17,12,0,200,0.11764705882352941,2,0.0611764705882353,0.17647058823529413,0.0,1.0,0.0,0.0,0.0,0.0,0.0,0.0,1.0,0.0,0.17647058823529413,0.0,0.17647058823529413,0.17647058823529413,0.25,0.0,0.25,0.25,nan,nan,nan,nan,3.766405053436756,0.0,3.766405053436756,3.766405053436756,0.823529411764706,1.1102230246251565e-16,0.8235294117647058,0.8235294117647058
patch_reassignment_nnpatching_v1,lisa_signs/vgg16,lisa_signs,vgg16,101,original,36,21,1,1,1.0,36,0.0,0.05555555555555555,0.0,nan,0.05555555555555555,0.05555555555555555,0.0,0.05555555555555555,0.05555555555555555,0.0,nan,0.0,0.05555555555555555,0.0,0.05555555555555555,0.05555555555555555,0.031746031746031744,0.0,0.031746031746031744,0.031746031746031744,0.0,0.0,0.0,0.0,-11642.417325811668,0.0,-11642.417325811668,-11642.417325811668,1.0,0.0,1.0,1.0
patch_reassignment_nnpatching_v1,lisa_signs/vgg16,lisa_signs,vgg16,101,global_effect_shuffle,36,21,1,200,1.0,36,0.9747222222222222,0.05555555555555555,0.03458333333333333,0.1791044776119403,0.05555555555555555,0.020972222222222222,0.023814078598723334,0.0,0.08333333333333333,0.03458333333333333,0.1791044776119403,0.0,0.020972222222222222,0.023814078598723334,0.0,0.08333333333333333,0.02424603174603174,0.03133863092669793,0.0,0.11111111111111109,0.0,0.0,0.0,0.0,219.19850685809755,9738.603611362838,-18204.500323368164,23473.620704886333,0.9677777777777777,0.031111111111111117,0.8888888888888888,1.0
patch_reassignment_nnpatching_v1,lisa_signs/vgg16,lisa_signs,vgg16,101,global_direction_shuffle,36,21,1,200,1.0,36,0.97375,0.05555555555555555,0.040138888888888884,0.12437810945273632,0.05555555555555555,0.015416666666666667,0.01977838248139233,0.0,0.05555555555555555,0.040138888888888884,0.12437810945273632,0.0,0.015416666666666667,0.01977838248139233,0.0,0.05555555555555555,0.018452380952380953,0.02514680379278236,0.0,0.07142857142857142,0.0,0.0,0.0,0.0,-4494.051223392186,13733.933336119078,-30883.35827939434,20257.923021108803,0.9697222222222222,0.028353750813343653,0.8888888888888888,1.0
patch_reassignment_nnpatching_v1,lisa_signs/vgg16,lisa_signs,vgg16,101,global_magnitude_shuffle,36,21,1,200,1.0,36,0.9754166666666666,0.05555555555555555,0.02638888888888888,0.05472636815920398,0.05555555555555555,0.029166666666666674,0.006054026310473157,0.027777777777777776,0.05555555555555555,0.02638888888888888,0.05472636815920398,0.0,0.029166666666666674,0.006054026310473157,0.027777777777777776,0.05555555555555555,0.01746031746031746,0.00777615791359739,0.015873015873015872,0.032539682539682716,0.0,0.0,0.0,0.0,4859.696536926846,13281.47820704621,-19076.41459143632,30598.45878995287,0.9956944444444443,0.010052907877331988,0.9722222222222222,1.0
patch_reassignment_nnpatching_v1,lisa_signs/vgg16,lisa_signs,vgg16,101,within_true_class_shuffle,36,21,1,200,0.5833333333333334,21,0.42027777777777786,0.05555555555555555,-2.0816681711721685e-17,1.0,0.09523809523809523,0.09523809523809523,0.0,0.09523809523809523,0.09523809523809523,0.0,1.0,0.0,0.05555555555555557,2.0816681711721685e-17,0.05555555555555555,0.05555555555555555,0.031746031746031744,0.0,0.031746031746031744,0.031746031746031744,0.0,0.0,0.0,0.0,-8652.481824762659,2578.4638665959856,-12891.615838509715,-4762.623403845313,1.0,0.0,1.0,1.0
patch_reassignment_nnpatching_v1,lisa_signs/vgg16,lisa_signs,vgg16,101,within_failure_type_shuffle,36,21,1,200,0.3333333333333333,12,0.19305555555555554,0.05555555555555555,-2.0816681711721685e-17,1.0,0.08333333333333333,0.08333333333333331,1.3877787807814457e-17,0.08333333333333333,0.08333333333333333,1.3877787807814457e-17,1.0,0.0,0.05555555555555557,2.0816681711721685e-17,0.05555555555555555,0.05555555555555555,0.031746031746031744,0.0,0.031746031746031744,0.031746031746031744,0.0,0.0,0.0,0.0,-11642.417325811666,1.8189894035458565e-12,-11642.417325811668,-11642.417325811668,1.0,0.0,1.0,1.0
patch_reassignment_nnpatching_v1,lisa_signs/vgg16,lisa_signs,vgg16,202,original,36,18,2,1,1.0,36,0.0,0.027777777777777776,0.0,nan,0.027777777777777776,0.027777777777777776,0.0,0.027777777777777776,0.027777777777777776,0.0,nan,0.0,0.027777777777777776,0.0,0.027777777777777776,0.027777777777777776,0.027777777777777776,0.0,0.027777777777777776,0.027777777777777776,0.0,0.0,0.0,0.0,-17225.614848385125,0.0,-17225.614848385125,-17225.614848385125,1.0,0.0,1.0,1.0
patch_reassignment_nnpatching_v1,lisa_signs/vgg16,lisa_signs,vgg16,202,global_effect_shuffle,36,18,2,200,1.0,36,0.9725,0.027777777777777776,0.013194444444444441,0.43781094527363185,0.027777777777777776,0.014583333333333335,0.018201864475112718,0.0,0.05555555555555555,0.013194444444444441,0.43781094527363185,0.0,0.014583333333333335,0.018201864475112718,0.0,0.05555555555555555,0.022361111111111113,0.030580482256853447,0.0,0.1111111111111111,0.0,0.0,0.0,0.0,-2536.2890426292615,11162.466524169131,-24583.78802695289,18393.95004492183,0.96375,0.02766609492938922,0.9166666666666666,1.0
patch_reassignment_nnpatching_v1,lisa_signs/vgg16,lisa_signs,vgg16,202,global_direction_shuffle,36,18,2,200,1.0,36,0.9709722222222221,0.027777777777777776,0.014444444444444442,0.3880597014925373,0.027777777777777776,0.013333333333333334,0.018831612507420326,0.0,0.05555555555555555,0.014444444444444442,0.3880597014925373,0.0,0.013333333333333334,0.018831612507420326,0.0,0.05555555555555555,0.018194444444444444,0.02847696437473629,0.0,0.09756944444444453,0.0,0.0,0.0,0.0,666.5729271875398,10924.885425570328,-24429.904431506046,18616.643160700754,0.9702777777777777,0.028397259040049184,0.9166666666666666,1.0
patch_reassignment_nnpatching_v1,lisa_signs/vgg16,lisa_signs,vgg16,202,global_magnitude_shuffle,36,18,2,200,1.0,36,0.9736111111111111,0.027777777777777776,0.023888888888888887,0.14427860696517414,0.027777777777777776,0.0038888888888888883,0.009638528651609706,0.0,0.027777777777777776,0.023888888888888887,0.14427860696517414,0.0,0.0038888888888888883,0.009638528651609706,0.0,0.027777777777777776,0.004861111111111111,0.01286129109545287,0.0,0.05555555555555555,0.0,0.0,0.0,0.0,-784.5627521504558,8911.730421663371,-16675.739394590142,15602.042000783309,0.9969444444444444,0.008691382137312235,0.9722222222222222,1.0
patch_reassignment_nnpatching_v1,lisa_signs/vgg16,lisa_signs,vgg16,202,within_true_class_shuffle,36,18,2,200,0.7222222222222222,26,0.5058333333333332,0.027777777777777776,-0.014583333333333351,1.0,0.038461538461538464,0.05865384615384615,0.019206715726382866,0.038461538461538464,0.07692307692307693,-0.020192307692307683,1.0,0.0,0.04236111111111113,0.013871516913498734,0.027777777777777776,0.05555555555555555,0.04236111111111113,0.013871516913498734,0.027777777777777776,0.05555555555555555,0.0,0.0,0.0,0.0,-19180.462346881646,2671.7994148995986,-24795.313398447463,-14706.711339975434,1.0,0.0,1.0,1.0
patch_reassignment_nnpatching_v1,lisa_signs/vgg16,lisa_signs,vgg16,202,within_failure_type_shuffle,36,18,2,200,0.5,18,0.2826388888888889,0.027777777777777776,-0.015972222222222235,1.0,0.05555555555555555,0.08750000000000002,0.02746349990734054,0.05555555555555555,0.1111111111111111,-0.03194444444444447,1.0,0.0,0.04375000000000001,0.01373174995367027,0.027777777777777776,0.05555555555555555,0.04375000000000001,0.01373174995367027,0.027777777777777776,0.05555555555555555,0.0,0.0,0.0,0.0,-17225.61484838513,3.637978807091713e-12,-17225.614848385125,-17225.614848385125,1.0,0.0,1.0,1.0
patch_reassignment_nnpatching_v1,lisa_signs/vgg16,lisa_signs,vgg16,303,original,36,17,1,1,1.0,36,0.0,0.05555555555555555,0.0,nan,0.05555555555555555,0.05555555555555555,0.0,0.05555555555555555,0.05555555555555555,0.0,nan,0.0,0.05555555555555555,0.0,0.05555555555555555,0.05555555555555555,0.029411764705882353,0.0,0.029411764705882353,0.029411764705882353,0.0,0.0,0.0,0.0,14438.656825803142,0.0,14438.656825803142,14438.656825803142,1.0,0.0,1.0,1.0
patch_reassignment_nnpatching_v1,lisa_signs/vgg16,lisa_signs,vgg16,303,global_effect_shuffle,36,17,1,200,1.0,36,0.9709722222222221,0.05555555555555555,0.02791666666666666,0.2835820895522388,0.05555555555555555,0.027638888888888893,0.02784678927344239,0.0,0.08333333333333333,0.02791666666666666,0.2835820895522388,0.0,0.027638888888888893,0.02784678927344239,0.0,0.08333333333333333,0.02821078431372549,0.03298002458061466,0.0,0.10330882352941184,0.0,0.0,0.0,0.0,2811.5271990099513,12824.026098905942,-23234.4847509109,27826.151720871934,0.9691666666666666,0.027469118463026857,0.9166666666666666,1.0
patch_reassignment_nnpatching_v1,lisa_signs/vgg16,lisa_signs,vgg16,303,global_direction_shuffle,36,17,1,200,1.0,36,0.9704166666666666,0.05555555555555555,0.027638888888888883,0.26865671641791045,0.05555555555555555,0.02791666666666667,0.02700272905732326,0.0,0.08333333333333333,0.027638888888888883,0.26865671641791045,0.0,0.02791666666666667,0.02700272905732326,0.0,0.08333333333333333,0.027671568627450984,0.0313912991609813,0.0,0.11764705882352941,0.0,0.0,0.0,0.0,-7039.697903273364,15744.527129049746,-37871.2371227799,22707.85653848715,0.9797222222222223,0.02268783053359197,0.9166666666666666,1.0
patch_reassignment_nnpatching_v1,lisa_signs/vgg16,lisa_signs,vgg16,303,global_magnitude_shuffle,36,17,1,200,1.0,36,0.973611111111111,0.05555555555555555,0.021944444444444433,0.208955223880597,0.05555555555555555,0.03361111111111112,0.011650120541950425,0.027777777777777776,0.05555555555555555,0.021944444444444433,0.208955223880597,0.0,0.03361111111111112,0.011650120541950425,0.027777777777777776,0.05555555555555555,0.014117647058823528,0.011460109173492123,0.00980392156862745,0.06862745098039216,0.005,0.07053367989832943,0.0,0.0,16795.73979412279,15224.115078439729,-13808.296263961653,45246.265064871695,0.9981944444444443,0.006847940575345031,0.9722222222222222,1.0
patch_reassignment_nnpatching_v1,lisa_signs/vgg16,lisa_signs,vgg16,303,within_true_class_shuffle,36,17,1,200,0.8055555555555556,29,0.5311111111111111,0.05555555555555555,-2.0816681711721685e-17,1.0,0.06896551724137931,0.06896551724137932,1.3877787807814457e-17,0.06896551724137931,0.06896551724137931,-1.3877787807814457e-17,1.0,0.0,0.05555555555555557,2.0816681711721685e-17,0.05555555555555555,0.05555555555555555,0.029411764705882356,3.469446951953614e-18,0.029411764705882353,0.029411764705882353,0.0,0.0,0.0,0.0,10848.297814739495,2777.5777458924267,5323.615340702862,14977.202591001682,0.9863888888888889,0.01388611083327777,0.9722222222222222,1.0
patch_reassignment_nnpatching_v1,lisa_signs/vgg16,lisa_signs,vgg16,303,within_failure_type_shuffle,36,17,1,200,0.5555555555555556,20,0.3297222222222222,0.05555555555555555,-2.0816681711721685e-17,1.0,0.1,0.1,0.0,0.1,0.1,0.0,1.0,0.0,0.05555555555555557,2.0816681711721685e-17,0.05555555555555555,0.05555555555555555,0.029411764705882356,3.469446951953614e-18,0.029411764705882353,0.029411764705882353,0.0,0.0,0.0,0.0,14438.65682580314,1.8189894035458565e-12,14438.656825803142,14438.656825803142,1.0,0.0,1.0,1.0
