method,setting,seed,split,grouping,n_vec,n_groups,cos_within,cos_between,cos_gap,cos_gap_null_mean,cos_gap_null_sd,cos_z,cos_p_perm,l2_within,l2_between,l2_gap,l2_gap_null_mean,l2_gap_null_sd,l2_z,l2_p_perm,n_pairs_within,n_pairs_between,note
DynaPatch-NoGate,gtsrb/resnet50,101,seen,failure_type,38,24.0,0.04018610173681475,0.8698157394029762,0.8296296376661614,0.002311262414991292,0.06827700950929896,12.11708569524236,0.0,0.1990897948679351,0.9764056860619524,0.7773158911940173,-0.004662346532669683,0.05481382708245224,14.266076268240695,0.0,21.0,682.0,
DynaPatch-NoGate,gtsrb/resnet50,101,seen,true_class,38,19.0,0.06230101822287481,0.8998362185251911,0.8375352003023163,-0.00048242161603258006,0.048328760618269614,17.339936120443674,0.0,0.26488822888043895,1.0013770244413667,0.7364887955609277,-0.005030548666000362,0.035633547628360615,20.80958516788112,0.0,46.0,657.0,
DynaPatch-NoGate,gtsrb/resnet50,101,held,failure_type,48,33.0,0.08829344364625971,0.8046350866988577,0.7163416430525981,0.00896079785486006,0.06273388691055942,11.275896967694427,0.0,0.25571974552985516,1.0054454459129494,0.7497257003830942,-0.0026639184097974984,0.05821577678647091,12.924153216054304,0.0,21.0,1107.0,
DynaPatch-NoGate,gtsrb/resnet50,101,held,true_class,48,20.0,0.2516464043816008,0.8205511325589478,0.568904728177347,0.0028128531921239723,0.03847199673872723,14.714387683461755,0.0,0.4951804315443694,1.0183904282730734,0.5232099967287039,0.0014210046321055626,0.03215917679831497,16.225197409521787,0.0,58.0,1070.0,
DynaPatch-NoGate,gtsrb/resnet50,202,seen,failure_type,38,26.0,0.02940005874763753,0.9215412156976054,0.8921411569499679,-0.003557878837363367,0.07615577008885711,11.761407372422143,0.0,0.16640550375554383,0.9909317339219009,0.8245262301663571,-0.0029358942131189874,0.05646648514945021,14.654039864085265,0.0,14.0,689.0,
DynaPatch-NoGate,gtsrb/resnet50,202,seen,true_class,38,20.0,0.08872091845746932,0.9426444546162117,0.8539235361587424,-0.000665877894435219,0.05097421320285299,16.76513202147045,0.0,0.2861543951229619,1.007339345873074,0.721184950750112,-0.0024561769619930746,0.04007593115007952,18.056751444753704,0.0,32.0,671.0,
DynaPatch-NoGate,gtsrb/resnet50,202,held,failure_type,48,32.0,0.1189662601970963,0.8492711901648272,0.7303049299677309,0.00897824862582197,0.06877024307813183,10.48893604333927,0.0,0.2560043374870785,0.9802646337595432,0.7242602962724647,0.006930403897509664,0.05046357211856423,14.21480609171647,0.0,31.0,1097.0,
DynaPatch-NoGate,gtsrb/resnet50,202,held,true_class,48,20.0,0.23765581626280763,0.8671489190292968,0.6294931027664892,0.0020659420490320535,0.0440406475001505,14.24654714036769,0.0,0.43334585171835016,0.9941687922447836,0.5608229405264334,0.005595870648810622,0.03355612622232478,16.54622068657275,0.0,68.0,1060.0,
DynaPatch-NoGate,gtsrb/resnet50,303,seen,failure_type,38,25.0,0.03340518226970134,0.8892864119784487,0.8558812297087474,0.004930577805541195,0.07078429465923038,12.02174374962454,0.0,0.16385979441360293,0.985129600380436,0.8212698059668331,0.006093577812834186,0.049033233042664326,16.62497407478884,0.0,20.0,683.0,
DynaPatch-NoGate,gtsrb/resnet50,303,seen,true_class,38,18.0,0.0737654496625583,0.9088909930768168,0.8351255434142585,0.0038088479138736865,0.0507718501717577,16.373574976521905,0.0,0.257492165866381,1.0008911453619425,0.7433989794955614,0.0024371545387822384,0.03708605801449446,19.979525045428318,0.0,37.0,666.0,
DynaPatch-NoGate,gtsrb/resnet50,303,held,failure_type,48,28.0,0.1180985853471697,0.8088488378431734,0.6907502524960037,0.002466628662440391,0.05312420803047885,12.95612018207819,0.0,0.3085379927307909,0.9923710231748112,0.6838330304440203,0.001962876012982595,0.04371193549956636,15.599175525462673,0.0,30.0,1098.0,
DynaPatch-NoGate,gtsrb/resnet50,303,held,true_class,48,20.0,0.2304500770818914,0.8230497905564186,0.5925997134745271,7.845962786973137e-05,0.03738258106205079,15.850196455062584,0.0,0.460673490097445,1.004050437937922,0.5433769478404771,0.0020439316191623574,0.03674920771106201,14.730467673283625,0.0,62.0,1066.0,
DynaPatch-NoGate,gtsrb/convnext_tiny,101,seen,failure_type,174,47.0,0.010214920890894477,0.8685665261040484,0.8583516052131539,0.002601270247609139,0.014372529186160344,59.54069209544738,0.0,0.09009430275778285,0.968113598422442,0.8780192956646592,-8.592162277324234e-05,0.012494966459559912,70.27671663298595,0.0,870.0,14181.0,
DynaPatch-NoGate,gtsrb/convnext_tiny,101,seen,true_class,174,25.0,0.06813478310429416,0.8953459878004261,0.827211204696132,0.0020414712723689932,0.012697966142281943,64.9844017626659,0.0,0.20516785281850203,0.9898263426696585,0.7846584898511565,-0.0011441028865211023,0.009735564043103141,80.71464469628141,0.0,1390.0,13661.0,
DynaPatch-NoGate,gtsrb/convnext_tiny,101,held,failure_type,217,49.0,0.024965968528406584,0.8448988514049265,0.8199328828765199,9.257472179370952e-05,0.014861333718375485,55.165998128812504,0.0,0.1200297252701082,0.9660418111866221,0.8460120859165139,-0.00013140114589811847,0.011542738794641124,73.30526160584527,0.0,1262.0,22174.0,
DynaPatch-NoGate,gtsrb/convnext_tiny,101,held,true_class,217,25.0,0.09878722549372425,0.8707776885000482,0.771990463006324,0.0002500612282003578,0.012914569597464527,59.75734583287076,0.0,0.26089775015947314,0.9862890669969024,0.7253913168374293,-0.00016559036643434445,0.009856254767850943,73.61385477746231,0.0,2126.0,21310.0,
DynaPatch-NoGate,gtsrb/convnext_tiny,202,seen,failure_type,174,49.0,0.011127793916324659,0.8680583559724219,0.8569305620560972,-0.001266040873141423,0.01601135453350616,53.59925052435347,0.0,0.09497377359910217,0.9700375602110165,0.8750637866119143,-0.00012881577879617133,0.011031789232686964,79.33369500191313,0.0,837.0,14214.0,
DynaPatch-NoGate,gtsrb/convnext_tiny,202,seen,true_class,174,27.0,0.061380704649823856,0.8910142884998942,0.8296335838500704,-0.000500654530031287,0.01248572467508185,66.48666856881282,0.0,0.19503644426605066,0.9889444621813379,0.7939080179152873,3.858153746142623e-05,0.009738650343995882,81.51739802279158,0.0,1281.0,13770.0,
DynaPatch-NoGate,gtsrb/convnext_tiny,202,held,failure_type,217,46.0,0.0245229690453939,0.8618309996611218,0.8373080306157279,-0.0006709415153565346,0.01361738646061186,61.53743043816755,0.0,0.11594710031265071,0.9683094327246671,0.8523623324120164,3.890683614808654e-05,0.009747272609387948,87.44224765679816,0.0,1302.0,22134.0,
DynaPatch-NoGate,gtsrb/convnext_tiny,202,held,true_class,217,23.0,0.10375467737505517,0.8897700258495356,0.7860153484744804,-0.000862101563883414,0.011809310929962834,66.6319529258265,0.0,0.25950816318023134,0.9901685513892693,0.7306603882090379,0.00021688477209893698,0.008366211182439997,87.30875750336929,0.0,2220.0,21216.0,
DynaPatch-NoGate,gtsrb/convnext_tiny,303,seen,failure_type,174,47.0,0.012319966169756861,0.8767930637450104,0.8644730975752536,0.00012185754610541388,0.01712964444441226,50.45938009884629,0.0,0.09552724464438067,0.9712026172472077,0.875675372602827,1.9337137065511544e-05,0.011224046472460815,78.01607357348747,0.0,782.0,14269.0,
DynaPatch-NoGate,gtsrb/convnext_tiny,303,seen,true_class,174,23.0,0.06664106242958327,0.9004628107459987,0.8338217483164154,0.00044597848206762934,0.012636844435648269,65.94809123529798,0.0,0.2010010151087899,0.9906575830093123,0.7896565679005224,0.00018104256402812379,0.00928443794450871,85.03212902816568,0.0,1238.0,13813.0,
DynaPatch-NoGate,gtsrb/convnext_tiny,303,held,failure_type,217,44.0,0.02601940693333994,0.8634205366222281,0.8374011296888881,9.080291353752545e-05,0.012155153802345752,68.88521036606527,0.0,0.1095954203522116,0.9690456833861365,0.8594502630339249,-6.786940083574499e-05,0.010386563315695848,82.75289007800404,0.0,1320.0,22116.0,
DynaPatch-NoGate,gtsrb/convnext_tiny,303,held,true_class,217,25.0,0.12405407807401318,0.8921612197097438,0.7681071416357307,0.0007320705280538692,0.010522378831042265,72.92790759166562,0.0,0.2766372203888753,0.9912589245365568,0.7146217041476816,-0.0004464327521545125,0.008203667662489717,87.1644447619733,0.0,2316.0,21120.0,
DynaPatch-NoGate,gtsrb/densenet121,101,seen,failure_type,66,30.0,0.026380574044956962,0.8482696571902685,0.8218890831453115,-0.001419602202642191,0.03298302117446885,24.961591024908603,0.0,0.14910725834740174,0.9816407624116161,0.8325335040642143,0.0021610980897632114,0.028600100917107428,29.033897759735595,0.0,111.0,2034.0,
DynaPatch-NoGate,gtsrb/densenet121,101,seen,true_class,66,24.0,0.02493499969669444,0.8590102746441978,0.8340752749475033,-0.0014853978847499754,0.028806780405402004,29.005694529006053,0.0,0.1493491462853034,0.9924040753887958,0.8430549291034924,0.0022534020368379466,0.02403739223577056,34.97889949062198,0.0,137.0,2008.0,
DynaPatch-NoGate,gtsrb/densenet121,101,held,failure_type,83,34.0,0.09540093633687907,0.778027582766877,0.6826266464299979,-0.0013321642211984869,0.027024353159167267,25.30897988926974,0.0,0.24971266969078645,0.996514465004926,0.7468017953141396,-0.0005327359961739003,0.02284632877463714,32.71136201573251,0.0,171.0,3232.0,
DynaPatch-NoGate,gtsrb/densenet121,101,held,true_class,83,22.0,0.1874286164189622,0.7832986592085199,0.5958700427895578,-0.0007504537781422577,0.0219528508512436,27.17735844803615,0.0,0.35170720675594247,1.0021875318496074,0.6504803250936649,-0.00010964499745018119,0.02004338659875399,32.45908404017415,0.0,226.0,3177.0,
DynaPatch-NoGate,gtsrb/densenet121,202,seen,failure_type,66,30.0,0.020892805625280397,0.804179714526424,0.7832869089011436,0.0030920811558408307,0.03470057581024932,22.483627706615096,0.0,0.14847773340216136,0.9887768480207423,0.840299114618581,-0.0013818201663941675,0.02861891632636039,29.40995127688701,0.0,124.0,2021.0,
DynaPatch-NoGate,gtsrb/densenet121,202,seen,true_class,66,22.0,0.0480633574260459,0.8138805393831375,0.7658171819570916,0.0023783680830365504,0.028398364719338327,26.883196317543447,0.0,0.18668245876550868,0.9984832496945756,0.8118007909290669,0.0007671777771068161,0.024476551562823304,33.13512571561263,0.0,154.0,1991.0,
DynaPatch-NoGate,gtsrb/densenet121,202,held,failure_type,83,36.0,0.05054320465686213,0.7438080514251683,0.6932648467683061,0.0015175813750546658,0.030782167472153274,22.47233779091613,0.0,0.22827704005872043,0.9783957153057723,0.7501186752470519,0.0009059809395673624,0.023291324815242587,32.1670278620222,0.0,176.0,3227.0,
DynaPatch-NoGate,gtsrb/densenet121,202,held,true_class,83,23.0,0.10411233797332432,0.7515193637595257,0.6474070257862014,0.00046356520509068243,0.024410610239123096,26.50255172718895,0.0,0.29551138240815233,0.9860704555042833,0.690559073096131,-0.0006844948698823833,0.019978199482099716,34.599893176097346,0.0,229.0,3174.0,
DynaPatch-NoGate,gtsrb/densenet121,303,seen,failure_type,66,34.0,0.039446865324906155,0.8528022764600374,0.8133554111351312,0.0019702252127140924,0.03735613830227039,21.720263998791957,0.0,0.1885209607371893,0.9964399109975477,0.8079189502603584,0.002500397082570519,0.029796600285731247,27.0305519900688,0.0,88.0,2057.0,
DynaPatch-NoGate,gtsrb/densenet121,303,seen,true_class,66,24.0,0.08510320279315983,0.8625658073516794,0.7774626045585196,0.0028308663334252844,0.02849403267307735,27.185753139457198,0.0,0.2587682785393357,1.004675871826578,0.7459075932872423,0.0019469098398907647,0.024034632017996285,30.953695603050896,0.0,119.0,2026.0,
DynaPatch-NoGate,gtsrb/densenet121,303,held,failure_type,83,33.0,0.08909626044917954,0.7800770584882573,0.6909807980390777,0.001945212960950309,0.02910538766585114,23.673815754149445,0.0,0.25788835990934106,0.9937287648654389,0.7358404049560978,-0.0033896560926556674,0.02663602471880573,27.75301753264573,0.0,219.0,3184.0,
DynaPatch-NoGate,gtsrb/densenet121,303,held,true_class,83,21.0,0.1611598698433324,0.7863118999642538,0.6251520301209214,0.0006281744764746006,0.023640850250625314,26.41714866416493,0.0,0.3365973887845809,1.0001947741756185,0.6635973853910376,-0.0022857736159112587,0.02117926625367106,31.440331832085512,0.0,276.0,3127.0,
DynaPatch-NoGate,gtsrb/vgg16,101,seen,failure_type,151,70.0,0.06318529542031406,0.392782710221513,0.329597414801199,-0.001852170702077367,0.025936186709115815,12.779426259065373,0.0,0.3461956786196318,1.0314569223489753,0.6852612437293435,-0.0009136604922754521,0.030956881365195962,22.165504855114463,0.0,195.0,11130.0,
DynaPatch-NoGate,gtsrb/vgg16,101,seen,true_class,151,29.0,0.1563061854704299,0.3982598230636709,0.241953637593241,-0.0013267796953524307,0.01717433927327624,14.165343621281512,0.0,0.48706443331699234,1.0453925825125847,0.5583281491955924,0.0007423670214108236,0.017812462552622924,31.30312726247796,0.0,522.0,10803.0,
DynaPatch-NoGate,gtsrb/vgg16,101,held,failure_type,190,80.0,0.08893728742046406,0.4724913990040676,0.38355411158360353,0.0027153316682398836,0.030382005011480435,12.53501142399658,0.0,0.39311325186353835,1.0745014022789006,0.6813881504153623,0.0008274844105482737,0.027794680904815728,24.485284371889094,0.0,335.0,17620.0,
DynaPatch-NoGate,gtsrb/vgg16,101,held,true_class,190,29.0,0.18588419025713346,0.47946220240801385,0.2935780121508804,-0.0005355706340216973,0.0183638685183736,16.01588371614711,0.0,0.5668674078529886,1.0868079227162561,0.5199405148632675,0.0006220883856059023,0.016294102085190082,31.87155841608512,0.0,864.0,17091.0,
DynaPatch-NoGate,gtsrb/vgg16,202,seen,failure_type,151,69.0,0.05422635834541139,0.3694842907352024,0.315257932389791,-9.676578128210628e-05,0.04367915588148656,7.21979836376638,0.0,0.3399898394577038,1.0696398469021977,0.7296500074444939,-0.004195767809003805,0.03871914165899168,18.95304864187569,0.0,227.0,11098.0,
DynaPatch-NoGate,gtsrb/vgg16,202,seen,true_class,151,27.0,0.18149281119341634,0.37316785825492604,0.1916750470615097,0.0027325333353698826,0.026247492054930047,7.198497796419083,0.0,0.5497714555508961,1.0828326610999541,0.533061205549058,-0.003932156714847494,0.02334041979777907,23.007013879501663,0.0,591.0,10734.0,
DynaPatch-NoGate,gtsrb/vgg16,202,held,failure_type,190,81.0,0.08194543649034906,0.34738667994656186,0.2654412434562128,0.000492754380065297,0.02318154023477942,11.429287544371803,0.0,0.4230846497489637,1.0668398393451124,0.6437551895961486,-0.0029265850550492046,0.029018398115263484,22.285233390907347,0.0,285.0,17670.0,
DynaPatch-NoGate,gtsrb/vgg16,202,held,true_class,190,29.0,0.17836204221254037,0.35098989287928495,0.17262785066674458,0.0011751998482033702,0.01447080886237114,11.848173273335556,0.0,0.6071897111287029,1.0779368715003474,0.47074716037164455,-0.0014871586021312265,0.020216737252179803,23.358582201462806,0.0,813.0,17142.0,
DynaPatch-NoGate,gtsrb/vgg16,303,seen,failure_type,151,71.0,0.07588128778925712,0.48051652151144075,0.40463523372218363,0.0012767306104894184,0.03941227025642323,10.234338201710731,0.0,0.38770439523260314,1.078051531124145,0.6903471358915418,0.000358998069314429,0.03893311671557929,17.722396664133566,0.0,185.0,11140.0,
DynaPatch-NoGate,gtsrb/vgg16,303,seen,true_class,151,29.0,0.25689902068739684,0.4853651988591635,0.22846617817176668,-0.0005044868158216412,0.02649138402280927,8.643212630257434,0.0,0.6497299625567269,1.0887954588741084,0.43906549631738157,0.0019412000816575903,0.02826006753044686,15.46791407165983,0.0,568.0,10757.0,
DynaPatch-NoGate,gtsrb/vgg16,303,held,failure_type,190,80.0,0.05707962173023646,0.40490111529606737,0.3478214935658309,-0.0028453789618037724,0.02606613962928961,13.452965322112739,0.0,0.36716077533573505,1.0503578278472576,0.6831970525115225,-0.003500067649279146,0.031113695234527217,22.07057422664138,0.0,344.0,17611.0,
DynaPatch-NoGate,gtsrb/vgg16,303,held,true_class,190,30.0,0.15065064935842362,0.4108447683004048,0.2601941189419812,-0.000654427461212114,0.01739072988420792,14.999286868635917,0.0,0.5378864436948583,1.0626979108527377,0.5248114671578794,-0.002865978809541419,0.018887804156795706,27.93746914988149,0.0,870.0,17085.0,
DynaPatch-NoGate,tt100k_signs/resnet50,101,seen,failure_type,206,113.0,0.08034216955525901,0.6625820526547196,0.5822398830994606,0.0005890069617746929,0.05356760754235899,10.858257495761462,0.0,0.3496676654424639,1.1272764441297813,0.7776087786873174,0.0017125684969380983,0.048395806059958524,16.03230265889308,0.0,267.0,20848.0,
DynaPatch-NoGate,tt100k_signs/resnet50,101,seen,true_class,206,83.0,0.26186617171016624,0.666428167684676,0.4045619959745098,0.0015090054673331666,0.05325850736744627,7.567861181666741,0.0,0.5412864089514533,1.1338610825452613,0.592574673593808,0.0035356458522424815,0.045353510285569075,12.987727389119044,0.0,585.0,20530.0,
DynaPatch-NoGate,tt100k_signs/resnet50,101,held,failure_type,258,148.0,0.13302733035375255,0.6055015734927566,0.472474243139004,0.0037154556641807346,0.044568118435931975,10.517805191577931,0.0,0.3814650715998287,1.075674263845815,0.6942091922459863,-0.0033889348089137777,0.03400910137089099,20.51210114100442,0.0,343.0,32810.0,
DynaPatch-NoGate,tt100k_signs/resnet50,101,held,true_class,258,91.0,0.4841987795548943,0.6035399317510992,0.11934115219620489,-0.00508993017524231,0.04489559185107963,2.7715656980627013,0.01,0.6506818504155113,1.0789953856509624,0.4283135352354511,0.0003044165485540423,0.030707564266432664,13.938230820242168,0.0,813.0,32340.0,
DynaPatch-NoGate,tt100k_signs/resnet50,202,seen,failure_type,206,118.0,0.09910239788235824,0.6612880362430206,0.5621856383606624,-0.0014618382365852477,0.04953852978103634,11.377961337916766,0.0,0.3554442720235336,1.0946008807524599,0.7391566087289263,-0.00023638207125823986,0.03786268816522877,19.528275106987213,0.0,228.0,20887.0,
DynaPatch-NoGate,tt100k_signs/resnet50,202,seen,true_class,206,76.0,0.32448026408971525,0.6651562865040188,0.34067602241430356,-0.0033310188253217517,0.05135426140641796,6.698704874955803,0.0,0.579900229285461,1.1018464973441706,0.5219462680587096,0.006889771225359562,0.0372429029838407,13.829654928967216,0.0,616.0,20499.0,
DynaPatch-NoGate,tt100k_signs/resnet50,202,held,failure_type,258,143.0,0.14050404606149006,0.5260054960831276,0.3855014500216376,0.0011409819805963633,0.04509706818166505,8.522959108654126,0.0,0.45047391707841056,1.0545000923341787,0.6040261752557682,0.004282446272308888,0.0343617847155784,17.453800317132632,0.0,450.0,32703.0,
DynaPatch-NoGate,tt100k_signs/resnet50,202,held,true_class,258,92.0,0.44655420319374817,0.5230288903934952,0.07647468719974704,0.0021262060854448646,0.041318663771331456,1.7993921953518917,0.05,0.7258262776945316,1.0560426319410934,0.3302163542465618,0.002996231931136487,0.02882967028619519,11.350116704621538,0.0,978.0,32175.0,
DynaPatch-NoGate,tt100k_signs/resnet50,303,seen,failure_type,206,112.0,0.12126346476644739,0.7106825383312222,0.5894190735647749,-0.005909883513935074,0.05815610962300591,10.236739715356883,0.0,0.3306068122044447,1.1069882832722524,0.7763814710678076,-0.001063392059326505,0.04984826248010057,15.596227921121503,0.0,301.0,20814.0,
DynaPatch-NoGate,tt100k_signs/resnet50,303,seen,true_class,206,79.0,0.27415392754916174,0.7140510796426026,0.4398971520934409,-0.007831521919250971,0.045446836579364304,9.851701629902594,0.0,0.5281532106583116,1.1115309106803044,0.5833777000219929,-0.0008185791779607759,0.03983323875921143,14.666050197843687,0.0,565.0,20550.0,
DynaPatch-NoGate,tt100k_signs/resnet50,303,held,failure_type,258,141.0,0.1634963862211739,0.6097579104767683,0.4462615242555944,0.006064849470976133,0.041968426729113266,10.488758075574168,0.0,0.43540485640027077,1.072609742253074,0.6372048858528032,0.00030689302415032207,0.031171839135004556,20.43183881611315,0.0,360.0,32793.0,
DynaPatch-NoGate,tt100k_signs/resnet50,303,held,true_class,258,89.0,0.5321991048924095,0.6071315885828833,0.07493248369047378,0.009337244128602411,0.04751497584705206,1.3805171609817946,0.095,0.6989099632419349,1.076886246685076,0.37797628344314105,-0.0005354673823244343,0.032282851625662995,11.72485489208908,0.0,982.0,32171.0,
DynaPatch-NoGate,tt100k_signs/convnext_tiny,101,seen,failure_type,173,92.0,0.017238775921871997,0.7213504622770613,0.7041116863551894,-0.003402464526085731,0.07036573355068923,10.054810987816245,0.0,0.07594971145194623,1.14313198943715,1.0671822779852038,-0.004219516629847424,0.05553152896061985,19.293576363718376,0.0,283.0,14595.0,
DynaPatch-NoGate,tt100k_signs/convnext_tiny,101,seen,true_class,173,69.0,0.060086112759568405,0.7275163429827192,0.6674302302231507,-0.006586001215528878,0.056444119320438656,11.941301229279242,0.0,0.20137119321678773,1.1506513858145397,0.949280192597752,-0.002678799916484341,0.04952902436468989,19.22022500353721,0.0,436.0,14442.0,
DynaPatch-NoGate,tt100k_signs/convnext_tiny,101,held,failure_type,218,117.0,0.1274524263110782,0.64234899022293,0.5148965639118518,0.0003088302133091214,0.06286607556038808,8.185459790567856,0.0,0.28261749585753604,1.1702908727388825,0.8876733768813465,0.00025874702958563476,0.053587204538910284,16.560196365362533,0.0,266.0,23387.0,
DynaPatch-NoGate,tt100k_signs/convnext_tiny,101,held,true_class,218,87.0,0.5357407322906134,0.6389809539060144,0.10324022161540103,-0.0039259108320127325,0.06904896100952253,1.552031064320902,0.135,0.8106630030803356,1.1687094522440369,0.3580464491637013,0.0007168141309904341,0.055812900822644194,6.402276709497497,0.0,555.0,23098.0,
DynaPatch-NoGate,tt100k_signs/convnext_tiny,202,seen,failure_type,174,99.0,0.020571921232662202,0.7351502738689653,0.7145783526363031,0.0031115357851313036,0.0749156783219923,9.496901486812222,0.0,0.08169283748120948,1.1697532494072007,1.0880604119259911,-0.0028102680661601554,0.061880116931977217,17.62877534917526,0.0,197.0,14854.0,
DynaPatch-NoGate,tt100k_signs/convnext_tiny,202,seen,true_class,174,77.0,0.07881385355429738,0.740120986096689,0.6613071325423916,0.004143947321768962,0.06192410655331785,10.612396718944666,0.0,0.2474046648728655,1.1756165932040614,0.9282119283311959,0.0006218453387364587,0.05233324537844093,17.724681056314967,0.0,326.0,14725.0,
DynaPatch-NoGate,tt100k_signs/convnext_tiny,202,held,failure_type,217,118.0,0.0827222271231169,0.6104063156446763,0.5276840885215593,0.006551979881391209,0.07276999484001738,7.161359702975104,0.0,0.24223643034388792,1.1767359418775127,0.9344995115336248,-0.0011486453790215323,0.06416990923493318,14.580792898935751,0.0,343.0,23093.0,
DynaPatch-NoGate,tt100k_signs/convnext_tiny,202,held,true_class,217,85.0,0.45777838973541346,0.6072630463621671,0.14948465662675364,0.0007635384398326694,0.06381340070283048,2.330562492307259,0.015,0.7132083293135523,1.1772764601170098,0.46406813080345755,0.0032685158808043956,0.05142668085838219,8.960321903383848,0.0,718.0,22718.0,
DynaPatch-NoGate,tt100k_signs/convnext_tiny,303,seen,failure_type,174,103.0,0.01994647083438701,0.7369624606364436,0.7170159898020565,-0.0039185141736180875,0.07359792466938718,9.79558197061159,0.0,0.1009566893283846,1.1719007682971814,1.0709440789687967,0.003287114358426797,0.06280106820596382,17.00061790496711,0.0,173.0,14878.0,
DynaPatch-NoGate,tt100k_signs/convnext_tiny,303,seen,true_class,174,79.0,0.09764773622539495,0.7446256090457026,0.6469778728203077,-0.004271039986666846,0.06633175540460648,9.818056356638042,0.0,0.30896059830330347,1.1810292021392992,0.8720686038359957,-0.0009855882384522275,0.060476436212970365,14.43627050022448,0.0,370.0,14681.0,
DynaPatch-NoGate,tt100k_signs/convnext_tiny,303,held,failure_type,218,113.0,0.05624319360788278,0.5591335731858438,0.502890379577961,0.0014522853846473196,0.07090127478821705,7.072342432262929,0.0,0.1844201208001678,1.175611618970221,0.9911914981700533,0.004197607497287949,0.0542411518577314,18.19640359488209,0.0,393.0,23260.0,
DynaPatch-NoGate,tt100k_signs/convnext_tiny,303,held,true_class,218,84.0,0.31289984463690607,0.5573296835610072,0.24442983892410114,0.005412290944511573,0.054868625582231885,4.356178880716023,0.0,0.497077386035207,1.1773776576730304,0.6803002716378234,0.0006740628620666266,0.045018810353950695,15.096494185813567,0.0,634.0,23019.0,
DynaPatch-NoGate,tt100k_signs/densenet121,101,seen,failure_type,250,131.0,0.029093224627863085,0.4983543692118607,0.46926114458399765,0.00042603726149361115,0.05370143385970699,8.730402032440848,0.0,0.22707632065262698,1.107517640730308,0.8804413200776811,-0.00017219949942276657,0.04112825551328904,21.411399743690943,0.0,372.0,30753.0,
DynaPatch-NoGate,tt100k_signs/densenet121,101,seen,true_class,250,85.0,0.15780842904998083,0.5008690859459024,0.3430606568959216,0.0024319880091148967,0.039513935122984935,8.620469407007892,0.0,0.3813501513551138,1.1143513010107025,0.7330011496555886,-0.0015030422494129547,0.02941093779267372,24.97384466478975,0.0,737.0,30388.0,
DynaPatch-NoGate,tt100k_signs/densenet121,101,held,failure_type,312,141.0,0.08785125916449843,0.48127450422699347,0.39342324506249504,0.004057074570849554,0.046926049562353155,8.297441913706724,0.0,0.29714410668454044,1.0940094116616759,0.7968653049771355,-0.00014342312609343376,0.030921851250304982,25.774935712155756,0.0,716.0,47800.0,
DynaPatch-NoGate,tt100k_signs/densenet121,101,held,true_class,312,92.0,0.28410742386499527,0.4813511942314351,0.1972437703664398,-0.0020870434380173036,0.03178876153908038,6.270480639930997,0.0,0.4659192631282322,1.1011965387849258,0.6352772756566937,0.000484796945858188,0.024377312227976386,26.040298157082375,0.0,1447.0,47069.0,
DynaPatch-NoGate,tt100k_signs/densenet121,202,seen,failure_type,250,134.0,0.05938544727744079,0.5796117085119076,0.5202262612344668,-0.001842189803434238,0.05521470133336065,9.455243593122773,0.0,0.2578953600526123,1.115683909570532,0.8577885495179196,-0.0015636004053283647,0.0424316308126884,20.252630724860612,0.0,357.0,30768.0,
DynaPatch-NoGate,tt100k_signs/densenet121,202,seen,true_class,250,83.0,0.22855521151772676,0.581654021264371,0.3530988097466443,0.0029181202769298976,0.04013001988737002,8.726152901090373,0.0,0.4314831047174819,1.1214965679764082,0.6900134632589263,-0.0005306252715650428,0.028953121390271064,23.850419414145797,0.0,706.0,30419.0,
DynaPatch-NoGate,tt100k_signs/densenet121,202,held,failure_type,312,127.0,0.10072882071941944,0.5860729338986627,0.4853441131792432,0.006442957637481254,0.04668411588182398,10.258331907661965,0.0,0.3481081765480545,1.1324799235948364,0.7843717470467819,-0.0025565131507334347,0.03582116747647666,21.96824714583392,0.0,790.0,47726.0,
DynaPatch-NoGate,tt100k_signs/densenet121,202,held,true_class,312,82.0,0.36649205593550294,0.5858096151088054,0.21931755917330242,0.005001535934700685,0.03972700061938324,5.39471945759328,0.0,0.6367963030559989,1.137136559620627,0.5003402565646282,-0.0021621470670222633,0.029592815391556886,16.980554129974355,0.0,1690.0,46826.0,
DynaPatch-NoGate,tt100k_signs/densenet121,303,seen,failure_type,250,121.0,0.06283347861998753,0.5762623533658183,0.5134288747458308,0.0007689006961504616,0.04656492766993858,11.009573077671376,0.0,0.2467323282428093,1.1246865362011351,0.8779542079583258,-0.0011570109863621003,0.039791788572526056,22.09277970303579,0.0,424.0,30701.0,
DynaPatch-NoGate,tt100k_signs/densenet121,303,seen,true_class,250,82.0,0.26891746914985143,0.5778845074659348,0.30896703831608335,-0.0021371532933358796,0.04351093465758422,7.150023184989014,0.0,0.4405333565746514,1.1320102092599793,0.6914768526853279,0.0006893424225838574,0.031565038711417,21.88457668486886,0.0,868.0,30257.0,
DynaPatch-NoGate,tt100k_signs/densenet121,303,held,failure_type,312,139.0,0.09153464558840399,0.5071194635060433,0.41558481791763935,0.0014228879420334515,0.04262948438949588,9.715386800876768,0.0,0.3591462745393541,1.107732913980091,0.748586639440737,0.0008905286081563036,0.033136103196719224,22.564394683682814,0.0,639.0,47877.0,
DynaPatch-NoGate,tt100k_signs/densenet121,303,held,true_class,312,86.0,0.32461119831280905,0.5066550781683775,0.18204387985556847,-5.589064044806996e-05,0.03270246636493748,5.568380331267295,0.0,0.6183885158439514,1.111440506208088,0.4930519903641367,0.0019393556865969896,0.026189662024970257,18.75215625885288,0.0,1335.0,47181.0,
DynaPatch-NoGate,tt100k_signs/vgg16,101,seen,failure_type,262,155.0,0.03649998599512206,0.24467122408265554,0.2081712380875335,0.0018703217351330717,0.0408983940712482,5.044230245030254,0.0,0.4440039230479702,1.1255222654729378,0.6815183424249676,-0.008061406770820973,0.05424002901532335,12.713484150022522,0.0,256.0,33935.0,
DynaPatch-NoGate,tt100k_signs/vgg16,101,seen,true_class,262,96.0,0.15479605388168993,0.2445271280345131,0.08973107415282316,0.0019119823779254934,0.02803580417910972,3.132390681955248,0.0,0.5712375439487701,1.1292156795119472,0.5579781355631771,-0.004833274781266297,0.03660733946483395,15.374277905929812,0.0,539.0,33652.0,
DynaPatch-NoGate,tt100k_signs/vgg16,101,held,failure_type,328,178.0,0.02608507561507275,0.15145577349684422,0.12537069788177146,0.0015228772925954437,0.021854632622119043,5.6668909848506415,0.0,0.5715737458405036,1.1250300022039257,0.5534562563634221,-0.0023651329410239535,0.04337508204403954,12.81430173958624,0.0,415.0,53213.0,
DynaPatch-NoGate,tt100k_signs/vgg16,101,held,true_class,328,100.0,0.1556605516029859,0.1503747073674736,-0.005285844235512288,0.0006779893707543295,0.023028646973923154,-0.25897455515996587,0.835,0.9208032238938585,1.1250313503022822,0.2042281264084237,0.002339450484122957,0.043943419218730906,4.594286915062161,0.0,1125.0,52503.0,
DynaPatch-NoGate,tt100k_signs/vgg16,202,seen,failure_type,262,157.0,0.03739380929360508,0.19857733016286497,0.16118352086925988,-0.0059314213248946816,0.04599354222356282,3.633443612110114,0.0,0.4246648706216013,1.139584595775274,0.7149197251536726,-0.0027740476994989583,0.06261859765387968,11.461351734651052,0.0,243.0,33948.0,
DynaPatch-NoGate,tt100k_signs/vgg16,202,seen,true_class,262,92.0,0.23432152018135652,0.19673145054752822,-0.0375900696338283,-0.0017995906660955713,0.03132235278503742,-1.142649762366736,0.275,0.732549816629112,1.142134385997118,0.409584569368006,-0.0008264637910120942,0.044334697059715676,9.25710696967133,0.0,637.0,33554.0,
DynaPatch-NoGate,tt100k_signs/vgg16,202,held,failure_type,328,181.0,0.05514347102241175,0.19799032779361186,0.14284685677120013,0.0024249029332943446,0.0379306569517918,3.7020701753906837,0.0,0.6010688752537626,1.1347242671110702,0.5336553918573076,-0.0008119451301647102,0.05288146659807919,10.106893234250405,0.0,436.0,53192.0,
DynaPatch-NoGate,tt100k_signs/vgg16,202,held,true_class,328,103.0,0.1760307443641113,0.19722980375144192,0.021199059387330604,0.0018733724194334486,0.03189890205872456,0.6058417600616324,0.53,0.8332453448183866,1.1361122223388613,0.3028668775204747,0.001816066828711549,0.0391093992736869,7.697658779602241,0.0,1014.0,52614.0,
DynaPatch-NoGate,tt100k_signs/vgg16,303,seen,failure_type,262,150.0,0.03296613058129765,0.09227273489557829,0.059306604314280635,0.0006432129196316114,0.018314889823230308,3.2030436414112793,0.0,0.5591580185154851,1.1365057471224684,0.5773477286069834,0.008890155465334108,0.05821665421301783,9.764518088790679,0.0,347.0,33844.0,
DynaPatch-NoGate,tt100k_signs/vgg16,303,seen,true_class,262,92.0,0.08090525355502813,0.09188798256644676,0.010982729011418627,0.002240708380748332,0.012764015973904117,0.6848957763652411,0.435,0.6783662168609333,1.1397688430684678,0.46140262620753447,0.0049528647950627,0.039934775589777,11.429881717374409,0.0,676.0,33515.0,
DynaPatch-NoGate,tt100k_signs/vgg16,303,held,failure_type,328,180.0,0.04258237270939387,0.09563021088350056,0.05304783817410669,-0.0003524064987048627,0.019361389282273822,2.7580791797282687,0.015,0.6054609021013309,1.130783562753986,0.5253226606526551,0.0021047699724590706,0.0400249651085752,13.072288489141648,0.0,345.0,53283.0,
DynaPatch-NoGate,tt100k_signs/vgg16,303,held,true_class,328,102.0,0.1098503716329332,0.09502042908321254,-0.014829942549720657,-0.00033642442459969226,0.019721014618024835,-0.7349276092082548,0.465,0.8894876503405169,1.1317912542865136,0.2423036039459967,0.001556756402182422,0.04186258317600561,5.7508837074357215,0.0,971.0,52657.0,
DynaPatch-NoGate,lisa_signs/resnet50,101,seen,failure_type,27,17.0,0.12251391163980786,0.8199750738731642,0.6974611622333563,0.0020733514604776267,0.09934454647128528,6.9997582702425944,0.0,0.36704499696637505,0.9817364525102964,0.6146914555439214,0.0018384298401861988,0.07348981979706383,8.339291447274462,0.0,18.0,333.0,
DynaPatch-NoGate,lisa_signs/resnet50,101,seen,true_class,27,12.0,0.2223234108395513,0.8367203977697621,0.6143969869302108,0.00021436958881697777,0.0756731590221772,8.11625449855056,0.0,0.45482479051719676,0.9965118533202727,0.5416870628030759,0.0025744017095555376,0.055967596441712744,9.632585555917963,0.0,30.0,321.0,
DynaPatch-NoGate,lisa_signs/resnet50,101,held,failure_type,34,20.0,0.09357963520540429,0.6609439666585063,0.567364331453102,-0.006988357623566754,0.08261927058138167,6.9518005306518385,0.0,0.36870234522698836,1.0550241863443388,0.6863218411173504,-0.0026586968542755994,0.06869573957046933,10.029450767537451,0.0,43.0,518.0,
DynaPatch-NoGate,lisa_signs/resnet50,101,held,true_class,34,13.0,0.2785461635030277,0.6618697548694393,0.38332359136641164,-0.003679081470318152,0.05739232571671006,6.743108385958107,0.0,0.515142747274675,1.0662751024158754,0.5511323551412004,0.002291376658682459,0.05148553930418147,10.660099629708704,0.0,65.0,496.0,
DynaPatch-NoGate,lisa_signs/resnet50,202,seen,failure_type,27,19.0,0.07706618776919373,0.8444388569256628,0.7673726691564691,0.007569172946608746,0.11075520099516985,6.8602060162947645,0.0,0.3085821064729606,1.00551912443514,0.6969370179621794,-0.0026489596628033905,0.08288227297512257,8.440719016315171,0.0,14.0,337.0,
DynaPatch-NoGate,lisa_signs/resnet50,202,seen,true_class,27,12.0,0.17348351422389705,0.8629378329972994,0.6894543187734024,0.008990017221389457,0.07713561152652376,8.821662110103418,0.0,0.4052861486716558,1.0216194500259883,0.6163333013543325,-0.0015358649465548341,0.05923855538970457,10.43018625666622,0.0,25.0,326.0,
DynaPatch-NoGate,lisa_signs/resnet50,202,held,failure_type,34,16.0,0.24393564812595647,0.7710709615386824,0.5271353134127259,0.00399061224493988,0.07181546407664838,7.2845689697437725,0.0,0.42649746115823056,1.0001510599750443,0.5736535988168137,-0.001119829896450713,0.06381962746135744,9.006217233911016,0.0,41.0,520.0,
DynaPatch-NoGate,lisa_signs/resnet50,202,held,true_class,34,11.0,0.4608584470147196,0.7719128812963959,0.3110544342816763,0.0005444643306510427,0.058852203263149036,5.276097626410844,0.0,0.6038699573115619,1.0095717961742645,0.4057018388627026,0.0012382075427025123,0.048863145849640605,8.27747833830264,0.0,71.0,490.0,
DynaPatch-NoGate,lisa_signs/resnet50,303,seen,failure_type,27,15.0,0.07863983886866256,0.7340279384719924,0.6553880996033299,-0.0020944962999380006,0.08641096366001845,7.6087867563022,0.0,0.29216642829592027,0.9907479870798227,0.6985815587839024,-0.005496149867938707,0.07047177988730619,9.990917070177092,0.0,22.0,329.0,
DynaPatch-NoGate,lisa_signs/resnet50,303,seen,true_class,27,8.0,0.19801585092352714,0.7770881993843206,0.5790723484607935,-0.0026477786988939878,0.058985746192417976,9.86204574325788,0.0,0.4612332683789294,1.0295361749481549,0.5683029065692254,-0.003013034272961273,0.0491915042034577,11.614118130390786,0.0,51.0,300.0,
DynaPatch-NoGate,lisa_signs/resnet50,303,held,failure_type,34,22.0,0.046467573953326916,0.6187109986652694,0.5722434247119424,-0.006185245055225028,0.08297847409709608,6.970827989477807,0.0,0.26899319215719913,0.995186707125574,0.7261935149683749,-0.003039743594262831,0.08203514135242616,8.889278991072057,0.0,28.0,533.0,
DynaPatch-NoGate,lisa_signs/resnet50,303,held,true_class,34,17.0,0.08501213251083087,0.6258179493442386,0.5408058168334078,-0.0048539239726208576,0.066500173827818,8.205388187565394,0.0,0.3370889732479228,1.0028512066186248,0.6657622333707021,-0.005928736392407827,0.06452085284538354,10.410447787513379,0.0,37.0,524.0,
DynaPatch-NoGate,lisa_signs/convnext_tiny,101,seen,failure_type,10,,,,,,,,,,,,,,,,,,too few vectors or one group only
DynaPatch-NoGate,lisa_signs/convnext_tiny,101,seen,true_class,10,,,,,,,,,,,,,,,,,,too few vectors or one group only
DynaPatch-NoGate,lisa_signs/convnext_tiny,101,held,failure_type,14,11.0,0.022800976295946518,0.6797922674641638,0.6569912911682172,-0.006456835582124347,0.20533969099472513,3.2309784997395052,0.0,0.2762627945177775,1.024697643956993,0.7484348494392155,-0.007361693166379332,0.1273248725970473,5.93596936076719,0.0,6.0,85.0,
DynaPatch-NoGate,lisa_signs/convnext_tiny,101,held,true_class,14,6.0,0.41679917264538985,0.7107759944321417,0.29397682178675183,4.787438289426626e-05,0.13380723374556858,2.1966596212620324,0.05,0.8030396201354594,1.0336318417696397,0.23059222163418036,-0.0010113523569771044,0.08589812997862356,2.69625862688859,0.02,23.0,68.0,
DynaPatch-NoGate,lisa_signs/convnext_tiny,202,seen,failure_type,10,,,,,,,,,,,,,,,,,,too few vectors or one group only
DynaPatch-NoGate,lisa_signs/convnext_tiny,202,seen,true_class,10,8.0,0.2569968265886949,0.9025633706094557,0.6455665440207607,0.010107065373965284,0.17329830593027856,3.666853378813679,0.02,0.528773122888718,0.9914881748659277,0.46271505197720963,0.010499517504706252,0.1253458798163819,3.607741515966399,0.01,3.0,42.0,
DynaPatch-NoGate,lisa_signs/convnext_tiny,202,held,failure_type,14,11.0,0.01586545884200985,0.6324622913633262,0.6165968325213164,-0.010668214727866093,0.16395576509416923,3.82581879255714,0.0,0.1895646936248105,0.9711295858307144,0.781564892205904,0.002589040335624406,0.16626976792050746,4.685011963437743,0.0,4.0,87.0,
DynaPatch-NoGate,lisa_signs/convnext_tiny,202,held,true_class,14,8.0,0.4797197386266847,0.6244435989931292,0.14472386036644447,-0.005235152723047403,0.12304166427516461,1.2187661307385422,0.205,0.7829612899192862,0.9601392058574679,0.17717791593818177,0.0070695526178886706,0.11935545062412256,1.4252249262966445,0.115,12.0,79.0,
DynaPatch-NoGate,lisa_signs/convnext_tiny,303,seen,failure_type,10,,,,,,,,,,,,,,,,,,too few vectors or one group only
DynaPatch-NoGate,lisa_signs/convnext_tiny,303,seen,true_class,10,6.0,0.31353927601283665,0.9197703042204349,0.6062310282075982,0.0032001805392538277,0.1230623973108164,4.900203968401334,0.0,0.5517646923073395,1.0107570378412276,0.4589923455338881,0.01690407830265942,0.09770359856118693,4.524790015281226,0.0,7.0,38.0,
DynaPatch-NoGate,lisa_signs/convnext_tiny,303,held,failure_type,14,,,,,,,,,,,,,,,,,,too few vectors or one group only
DynaPatch-NoGate,lisa_signs/convnext_tiny,303,held,true_class,14,9.0,0.12954111190557388,0.6182980134696314,0.48875690156405754,-0.006443500882184179,0.1268147457833426,3.904911841154221,0.0,0.4896916197093143,1.0114231089896075,0.5217314892802932,0.0040022654356634815,0.12382268462900524,4.181214657004548,0.0,8.0,83.0,
DynaPatch-NoGate,lisa_signs/densenet121,101,seen,failure_type,13,,,,,,,,,,,,,,,,,,too few vectors or one group only
DynaPatch-NoGate,lisa_signs/densenet121,101,seen,true_class,13,10.0,0.030437009929572434,0.9300669027312348,0.8996298928016624,0.001219943002771069,0.16260333725269238,5.52516304383839,0.0,0.1405648183187013,1.0113401486729594,0.8707753303542581,-0.02263606135979967,0.10562948754973613,8.457973359805736,0.0,3.0,75.0,
DynaPatch-NoGate,lisa_signs/densenet121,101,held,failure_type,17,,,,,,,,,,,,,,,,,,too few vectors or one group only
DynaPatch-NoGate,lisa_signs/densenet121,101,held,true_class,17,10.0,0.49702481792868786,0.5977311857185582,0.10070636778987035,-0.005045537835687727,0.0941025304699947,1.1237944941146303,0.31,0.8789355387830777,0.9757592636025252,0.09682372481944745,-0.003474209033454434,0.08217387924162987,1.2205573690486025,0.245,10.0,126.0,
DynaPatch-NoGate,lisa_signs/densenet121,202,seen,failure_type,13,,,,,,,,,,,,,,,,,,too few vectors or one group only
DynaPatch-NoGate,lisa_signs/densenet121,202,seen,true_class,13,8.0,0.09591162324472814,0.9698189762309569,0.8739073529862288,0.005900240404036123,0.14080952150014472,6.164406379117879,0.0,0.25655095109659976,1.005199015890096,0.7486480647934963,0.003964730127651987,0.10229888618008405,7.2794862433560175,0.0,6.0,72.0,
DynaPatch-NoGate,lisa_signs/densenet121,202,held,failure_type,17,,,,,,,,,,,,,,,,,,too few vectors or one group only
DynaPatch-NoGate,lisa_signs/densenet121,202,held,true_class,17,11.0,0.4759393962232727,0.7299996793775464,0.2540602831542737,0.00010090574655936379,0.12937491339154067,1.9629723471749725,0.045,0.7498564179166836,1.0306374670676857,0.2807810491510021,0.010653596997775874,0.1004062429757645,2.6903451831748924,0.015,7.0,129.0,
DynaPatch-NoGate,lisa_signs/densenet121,303,seen,failure_type,13,,,,,,,,,,,,,,,,,,too few vectors or one group only
DynaPatch-NoGate,lisa_signs/densenet121,303,seen,true_class,13,10.0,0.0766028026650879,0.8312987364998079,0.75469593383472,0.0009141761842849055,0.11490730818990272,6.5599113713301,0.0,0.243201773910831,1.0043798095281293,0.7611780356172984,0.0012493876420512796,0.11087893855627441,6.853678957097038,0.0,3.0,75.0,
DynaPatch-NoGate,lisa_signs/densenet121,303,held,failure_type,17,,,,,,,,,,,,,,,,,,too few vectors or one group only
DynaPatch-NoGate,lisa_signs/densenet121,303,held,true_class,17,12.0,0.20297188086836654,0.6815011869416726,0.47852930607330607,0.0002517566521796766,0.11762962929399666,4.065961546318244,0.0,0.5178496770372356,0.9841246753307006,0.46627499829346497,0.009067600750923997,0.10255061297937662,4.458358504692985,0.0,7.0,129.0,
DynaPatch-NoGate,lisa_signs/vgg16,101,seen,failure_type,28,18.0,0.040106879391631274,0.48084057535300306,0.4407336959613718,0.004862133397503017,0.07842424661739694,5.557867386151224,0.0,0.3381804590253906,1.022625287343611,0.6844448283182204,0.007051823802677821,0.09082283283991069,7.458399868479045,0.0,14.0,364.0,
DynaPatch-NoGate,lisa_signs/vgg16,101,seen,true_class,28,14.0,0.09249165333642395,0.4864009552378461,0.39390930190142215,0.0006995164060651323,0.05547905896113457,7.087535240345904,0.0,0.4458918059755658,1.0297098125880757,0.5838180066125098,0.00280392697285331,0.06694630104665124,8.67880779889692,0.0,21.0,357.0,
DynaPatch-NoGate,lisa_signs/vgg16,101,held,failure_type,36,29.0,0.19454626388775328,0.37084656681580314,0.17630030292804985,0.005243749588881233,0.08522089244018385,2.0072138232678705,0.035,0.6218800545222358,0.996106710592318,0.3742266560700822,0.00993392141874783,0.11843331945806176,3.0759311342046574,0.0,9.0,621.0,
DynaPatch-NoGate,lisa_signs/vgg16,101,held,true_class,36,21.0,0.27578223580222005,0.3731175042700079,0.09733526846778784,0.0026820703076708553,0.054293186628530804,1.743371572679689,0.055,0.7552353384422761,1.0029497366891804,0.24771439824690433,0.0034794708164165673,0.068802467425629,3.5497989616570083,0.0,31.0,599.0,
DynaPatch-NoGate,lisa_signs/vgg16,202,seen,failure_type,28,21.0,0.02158887356213595,0.3341959052498959,0.31260703168775994,-0.0012979640356016618,0.06211675814481564,5.053467133402021,0.0,0.27632822029024146,0.981769962205521,0.7054417419152796,-0.0020036489224178685,0.09590686352122789,7.376379175133135,0.0,9.0,369.0,
DynaPatch-NoGate,lisa_signs/vgg16,202,seen,true_class,28,13.0,0.04440251310377449,0.34504600309263095,0.3006434899888565,-0.0038669152749941367,0.03486306001714115,8.734471532487316,0.0,0.36021227716593646,1.004155458201783,0.6439431810358467,0.0022038135095513232,0.057013697407058014,11.25588054627019,0.0,23.0,355.0,
DynaPatch-NoGate,lisa_signs/vgg16,202,held,failure_type,36,26.0,0.08516051302362153,0.27264829088656284,0.1874877778629413,0.0020555613898802904,0.04494129290506022,4.126098838782093,0.0,0.5513007047372228,0.9919676503071215,0.4406669455698987,0.005736342687805256,0.08829113706850503,4.926095838359235,0.0,12.0,618.0,
DynaPatch-NoGate,lisa_signs/vgg16,202,held,true_class,36,18.0,0.1421782306215642,0.2772226303387836,0.13504439971721938,0.0009471067189767704,0.02787771889745379,4.8101960381586375,0.0,0.6872099638384682,1.002597361014841,0.3153873971763729,-0.0008045693091137029,0.06089869227541222,5.192097804831791,0.0,38.0,592.0,
DynaPatch-NoGate,lisa_signs/vgg16,303,seen,failure_type,28,20.0,0.09421101603011883,0.541352712937907,0.44714169690778816,0.001594614330018005,0.09780760294990998,4.555342009571505,0.0,0.427325049357438,1.0151556400567474,0.5878305906993094,0.009424876563439495,0.10463389502845342,5.52790005545578,0.0,10.0,368.0,
DynaPatch-NoGate,lisa_signs/vgg16,303,seen,true_class,28,15.0,0.2017109026759718,0.5557485807043536,0.3540376780283818,-0.002110473004320057,0.07092579284741789,5.021419383973038,0.0,0.6073925651169788,1.030981526317663,0.4235889612006841,0.0030294441363177206,0.0741365864106902,5.672766139095536,0.0,28.0,350.0,
DynaPatch-NoGate,lisa_signs/vgg16,303,held,failure_type,36,24.0,0.09166765780551553,0.3482627509590212,0.2565950931535057,0.0013088784472525636,0.052178701304321666,4.8925367692165365,0.0,0.5167662885368938,1.0124221329501841,0.49565584441329036,-0.00201576745846546,0.0693827692073214,7.172841579405679,0.0,19.0,611.0,
DynaPatch-NoGate,lisa_signs/vgg16,303,held,true_class,36,17.0,0.10446786115137391,0.35440983393944314,0.24994197278806923,0.0007214111211098883,0.040229544874119415,6.194963488664613,0.0,0.5679668059083612,1.0227388983327244,0.4547720924243631,-0.0006263170746836017,0.052565048611860676,8.663521132702385,0.0,35.0,595.0,
NN-Patching,gtsrb/resnet50,101,seen,failure_type,38,24.0,0.027843384488220848,0.16240957440778092,0.13456618991956007,0.0007518901187841082,0.014719961900238061,9.090668895652588,0.0,0.32494071332281366,1.0954281757519766,0.7704874624291629,0.0005418787163568178,0.09893281891257813,7.782509304474433,0.0,21.0,682.0,
NN-Patching,gtsrb/resnet50,101,seen,true_class,38,19.0,0.049872516187767876,0.16598767895848085,0.11611516277071297,0.00015321473799815398,0.010511094846900465,11.032337707035115,0.0,0.40284576303562575,1.1192920330943505,0.7164462700587249,-0.0060966184153732365,0.06876934972471684,10.506757608671956,0.0,46.0,657.0,
NN-Patching,gtsrb/resnet50,101,held,failure_type,48,33.0,0.016358217422827524,0.13902747323563175,0.12266925581280422,0.0009013018934647754,0.013827346204352244,8.806314104741652,0.0,0.2796395959353778,1.0462819470268354,0.7666423510914576,-0.008819534180752292,0.07987364036772727,9.708608267913934,0.0,21.0,1107.0,
NN-Patching,gtsrb/resnet50,101,held,true_class,48,20.0,0.05375364714830226,0.14124226533002077,0.0874886181817185,0.00028809707942071736,0.008793274419350282,9.916729187990487,0.0,0.49845949170184445,1.0609307442566753,0.5624712525548309,0.0010115085846905307,0.04834328185804541,11.614017964423464,0.0,58.0,1070.0,
NN-Patching,gtsrb/resnet50,202,seen,failure_type,38,26.0,0.017055625313841534,0.15143264064477213,0.1343770153309306,0.00013070583095668145,0.013897109507709192,9.660016668634796,0.0,0.31907802881173924,1.042775852691599,0.7236978238798597,-0.0017389605827985426,0.07733603310166641,9.380320600354745,0.0,14.0,689.0,
NN-Patching,gtsrb/resnet50,202,seen,true_class,38,20.0,0.04126600434060751,0.15388279585654593,0.11261679151593842,-0.00021852226676438783,0.009547616038372281,11.818166264478446,0.0,0.45538264038878973,1.0556891362376077,0.600306495848818,-0.003092362152763191,0.06207045893285908,9.721192147854905,0.0,32.0,671.0,
NN-Patching,gtsrb/resnet50,202,held,failure_type,48,32.0,0.01374181100905715,0.12757853206962946,0.11383672106057231,0.0002886739165910085,0.012454102970530682,9.117320404652602,0.0,0.2676955462662076,1.0484916991303865,0.7807961528641789,0.007843788726264204,0.08807938158981103,8.775633413604185,0.0,31.0,1097.0,
NN-Patching,gtsrb/resnet50,202,held,true_class,48,20.0,0.03986478967323729,0.12987626426781523,0.09001147459457795,0.00024111150907236742,0.007605443261631297,11.803436037263557,0.0,0.4702870119168047,1.0627494708207017,0.5924624589038969,0.007386035453251068,0.053855062082986585,10.863907696146061,0.0,68.0,1060.0,
NN-Patching,gtsrb/resnet50,303,seen,failure_type,38,25.0,0.01409564610414179,0.15251347752783428,0.1384178314236925,0.0005205056030970403,0.016223402981966166,8.499901405727353,0.0,0.24515727570514953,1.094123232123126,0.8489659564179765,0.00943556465818798,0.11053575973314873,7.595102198410324,0.0,20.0,683.0,
NN-Patching,gtsrb/resnet50,303,seen,true_class,38,18.0,0.03589484165875738,0.15483559899732677,0.11894075733856939,-0.00039988448484740163,0.011369933576087034,10.49615998319594,0.0,0.35818051538641904,1.1095144654427935,0.7513339500563745,0.008223674947248698,0.07286569230311776,10.198356065946982,0.0,37.0,666.0,
NN-Patching,gtsrb/resnet50,303,held,failure_type,48,28.0,0.020270244501964064,0.14123818579234998,0.12096794129038592,0.0012143012249623318,0.011796211304093997,10.15187308603992,0.0,0.31668791076623165,1.0774359228837378,0.7607480121175061,-0.007502676433162829,0.07563005718586178,10.158007505567864,0.0,30.0,1098.0,
NN-Patching,gtsrb/resnet50,303,held,true_class,48,20.0,0.05449825556243434,0.1428787462384505,0.08838049067601617,0.0008935143566387774,0.008836663451391464,9.900453580780063,0.0,0.5307215341967828,1.0878241515282652,0.5571026173314824,0.0002845681771647107,0.05632884493720199,9.885131672151259,0.0,62.0,1066.0,
NN-Patching,gtsrb/convnext_tiny,101,seen,failure_type,174,47.0,0.09194189646486048,0.8809473396069483,0.7890054431420878,0.002284557641570864,0.019562096771923013,40.216593069382064,0.0,0.31111199006802714,1.029553762156637,0.7184417720886099,0.0005553452684264315,0.018143714068409478,39.566674390584055,0.0,870.0,14181.0,
NN-Patching,gtsrb/convnext_tiny,101,seen,true_class,174,25.0,0.19733335013287967,0.9002569589492613,0.7029236088163816,0.0018749588544632835,0.016748028958613395,41.858576412331516,0.0,0.42815368326074427,1.0449920000563662,0.616838316795622,-0.0001419331563787346,0.015626141643502248,39.48385109954979,0.0,1390.0,13661.0,
NN-Patching,gtsrb/convnext_tiny,101,held,failure_type,217,49.0,0.08253975239374398,0.8807921097600376,0.7982523573662936,-0.00010056415187556622,0.016960214608447034,47.07210020051736,0.0,0.3061571804324796,1.0287667477711695,0.7226095673386899,-0.0007483376659864904,0.01618078378439701,44.704750684419835,0.0,1262.0,22174.0,
NN-Patching,gtsrb/convnext_tiny,101,held,true_class,217,25.0,0.23038234649377928,0.898407158174294,0.6680248116805146,-0.0004624097205930583,0.01425239692119874,46.90349455254851,0.0,0.4633549714683595,1.0423815841127158,0.5790266126443562,-0.0002514089024201277,0.014853786136911552,38.99867792416076,0.0,2126.0,21310.0,
NN-Patching,gtsrb/convnext_tiny,202,seen,failure_type,174,49.0,0.08483072670944496,0.8755046650705621,0.7906739383611172,-0.0014626420571046865,0.019997996344879563,39.61079733777608,0.0,0.31710377044397375,1.0435435841255147,0.726439813681541,-0.001889048715119389,0.021032728768253576,34.62835804079586,0.0,837.0,14214.0,
NN-Patching,gtsrb/convnext_tiny,202,seen,true_class,174,27.0,0.17681140108592047,0.8924423545953313,0.7156309535094107,-0.0007390656827879066,0.01551048097731476,46.186189854057865,0.0,0.4179856148870843,1.0575820470552884,0.639596432168204,-0.00020120773330979615,0.016687273241149405,38.340454465951126,0.0,1281.0,13770.0,
NN-Patching,gtsrb/convnext_tiny,202,held,failure_type,217,46.0,0.08081245475636332,0.8952962358059564,0.8144837810495931,-1.623811593390645e-05,0.017570335596738262,46.356543085629696,0.0,0.29235072197137046,1.0244472732143137,0.7320965512429433,-0.0008022434066433182,0.013877921411275258,52.81041539847063,0.0,1302.0,22134.0,
NN-Patching,gtsrb/convnext_tiny,202,held,true_class,217,23.0,0.228805414104461,0.9150526338664178,0.6862472197619568,-0.0005258156961296229,0.013833994126670145,49.6438721254358,0.0,0.4477442399149906,1.039864459498542,0.5921202195835513,-0.0006063374787384012,0.012279074901325187,48.27127139276998,0.0,2220.0,21216.0,
NN-Patching,gtsrb/convnext_tiny,303,seen,failure_type,174,47.0,0.08469874171838922,0.8828863595035475,0.7981876177851583,-0.000659246233739354,0.021297973253740363,37.50811659231921,0.0,0.3111686176974743,1.0150899912326388,0.7039213735351645,0.0016271694075450183,0.01876405663626475,37.42763186574955,0.0,782.0,14269.0,
NN-Patching,gtsrb/convnext_tiny,303,seen,true_class,174,23.0,0.18599168292682505,0.9001579798969443,0.7141662969701192,0.0008140110524101135,0.016127476116800946,44.232109271601146,0.0,0.4260186666462409,1.0280345931101065,0.6020159264638656,8.63974615086377e-05,0.014669230164091466,41.03347771001477,0.0,1238.0,13813.0,
NN-Patching,gtsrb/convnext_tiny,303,held,failure_type,217,44.0,0.08012655766884491,0.8848746700350149,0.8047481123661699,-0.0005638728497993861,0.014624500715765364,55.065947262922194,0.0,0.29792253987524503,1.0199879591243797,0.7220654192491347,0.00039523420639183684,0.013369584143658943,53.978506529019086,0.0,1320.0,22116.0,
NN-Patching,gtsrb/convnext_tiny,303,held,true_class,217,25.0,0.25521449410770614,0.9036258754859763,0.6484113813782701,0.0006112463986968747,0.012784787203691524,50.669606353859024,0.0,0.4873578063460763,1.0332666087657478,0.5459088024196715,1.3136648921646677e-05,0.011591469768575382,47.094602895276076,0.0,2316.0,21120.0,
NN-Patching,gtsrb/densenet121,101,seen,failure_type,65,30.0,0.0239451701188977,0.2254850183161906,0.20153984819729293,0.0013495028780701787,0.01712921665772239,11.687069485298593,0.0,0.31919298466126467,1.058547785501741,0.7393548008404762,-0.0048199589625684165,0.051197407593709866,14.535399247049744,0.0,109.0,1971.0,
NN-Patching,gtsrb/densenet121,101,seen,true_class,65,24.0,0.03916482820514461,0.2271227469596283,0.1879579187544837,0.000984185540975981,0.01415273466386123,13.211138175135217,0.0,0.3361959279758876,1.0672510387019352,0.7310551107260476,-0.003730097897048969,0.042589165562319675,17.252866988686375,0.0,135.0,1945.0,
NN-Patching,gtsrb/densenet121,101,held,failure_type,83,34.0,0.03757726107488421,0.19433283825646927,0.15675557718158506,4.113955587707982e-05,0.010180657130191003,15.393351883502085,0.0,0.34618087644839457,1.0803672871945824,0.7341864107461878,-0.0017140229290364384,0.034631598161520165,21.24939282968604,0.0,171.0,3232.0,
NN-Patching,gtsrb/densenet121,101,held,true_class,83,22.0,0.05044564074005771,0.19613117094159926,0.14568553020154157,-6.176432830119705e-05,0.007906296840660638,18.43433119812258,0.0,0.480401121130876,1.0835295400409153,0.6031284189100392,-0.001978153250654284,0.02782204771087332,21.74917455491454,0.0,226.0,3177.0,
NN-Patching,gtsrb/densenet121,202,seen,failure_type,66,30.0,0.011013732227954922,0.1816871806807811,0.17067344845282617,0.0014928373501334946,0.010562641148076635,16.01688523873426,0.0,0.24399970380327915,1.0723421291494528,0.8283424253461736,0.0027500711569622828,0.04828724686488871,17.097523834443955,0.0,124.0,2021.0,
NN-Patching,gtsrb/densenet121,202,seen,true_class,66,22.0,0.02286964009480472,0.18334182339403568,0.16047218329923096,0.0010664786133188025,0.00818306993871184,19.479939174456756,0.0,0.31978251463125934,1.0789617775135298,0.7591792628822704,0.002641249464228026,0.041216199259903184,18.355356073204895,0.0,154.0,1991.0,
NN-Patching,gtsrb/densenet121,202,held,failure_type,82,36.0,0.028154240158453636,0.1825194038722725,0.15436516371381886,-2.9950544783619583e-05,0.010071037466290325,15.330606678811554,0.0,0.4087833495361949,1.0489392380552285,0.6401558885190336,-0.005732770345743354,0.03754090395868934,17.204930908385137,0.0,175.0,3146.0,
NN-Patching,gtsrb/densenet121,202,held,true_class,82,23.0,0.0455594202978683,0.18374746997508987,0.13818804967722156,-0.0005174472823811287,0.00795025051678427,17.446682547842506,0.0,0.4775001970816612,1.0542837160036205,0.5767835189219592,-0.00469410685387344,0.029048185479600776,20.01769185080976,0.0,225.0,3096.0,
NN-Patching,gtsrb/densenet121,303,seen,failure_type,66,34.0,0.02448418244960324,0.18267931366286383,0.1581951312132606,0.0004857130183007949,0.01119369848635109,14.089125088832066,0.0,0.3249192934777858,1.0513623653096982,0.7264430718319124,0.0015235991010490197,0.0514723500869065,14.0836676680357,0.0,88.0,2057.0,
NN-Patching,gtsrb/densenet121,303,seen,true_class,66,24.0,0.04190570648354882,0.1840765928867392,0.14217088640319037,0.000703471348316525,0.009017004888184353,15.688958450556024,0.0,0.434549094195149,1.0560384704140533,0.6214893762189043,0.00040682433471856126,0.040075094143708745,15.497968629630517,0.0,119.0,2026.0,
NN-Patching,gtsrb/densenet121,303,held,failure_type,82,33.0,0.026152660029599876,0.19020010316572683,0.16404744313612696,0.0004087894193093307,0.014330209794952984,11.419138731871955,0.0,0.37027315598047655,1.0285723124246169,0.6582991564441403,-0.0039965222095290605,0.037246606671795635,17.7813695747323,0.0,217.0,3104.0,
NN-Patching,gtsrb/densenet121,303,held,true_class,82,21.0,0.04422929619408486,0.19154669691310203,0.14731740071901717,0.00012613605907366667,0.011207953166916557,13.132751578699256,0.0,0.43916638778734485,1.034301238155335,0.5951348503679901,-0.002055012507546063,0.03025595968947697,19.737924990146684,0.0,272.0,3049.0,
NN-Patching,gtsrb/vgg16,101,seen,failure_type,151,70.0,0.012868448276707403,0.0803455582093377,0.0674771099326303,0.0004080535901525199,0.004323130136002327,15.514003561545266,0.0,0.5312142396462646,1.4826958641965031,0.9514816245502385,-0.022417634348217832,0.14704945158495372,6.6229370350911525,0.0,195.0,11130.0,
NN-Patching,gtsrb/vgg16,101,seen,true_class,151,29.0,0.025454505571994496,0.0817798906206892,0.05632538504869471,0.00025986616502054376,0.0030506938767721637,18.377956337139025,0.0,0.6321906815572417,1.506617440476277,0.8744267589190354,-0.013703135591922206,0.0914679403380145,9.709739731967451,0.0,522.0,10803.0,
NN-Patching,gtsrb/vgg16,101,held,failure_type,190,80.0,0.42034597089801834,0.6315715843770577,0.2112256134790394,0.0016545011252002673,0.04105035871468975,5.1052200007631,0.0,1.82744521866069,4.022752081873534,2.1953068632128443,-0.07011329171284755,0.613217444733069,3.694317854750733,0.0,335.0,17620.0,
NN-Patching,gtsrb/vgg16,101,held,true_class,190,29.0,0.5053659780629675,0.6338114219137668,0.12844544385079937,0.0009838290024290653,0.02641898846942711,4.824621313228866,0.0,2.6614343263598434,4.048540551921367,1.3871062255615239,-0.02906097612170405,0.39859483913498533,3.552898990747057,0.0,864.0,17091.0,
NN-Patching,gtsrb/vgg16,202,seen,failure_type,151,69.0,0.01435369427146507,0.08035460565853597,0.0660009113870709,-0.00021192747605899425,0.00472246076443409,14.020834084588436,0.0,0.5487404258729786,1.5264035157848506,0.977663089911872,0.0005582922512741562,0.19526830345703935,5.003908880022431,0.0,227.0,11098.0,
NN-Patching,gtsrb/vgg16,202,seen,true_class,151,27.0,0.026127532138070755,0.08194450630747671,0.05581697416940595,-1.966845925603207e-05,0.0028022352118012724,19.925751547759806,0.0,0.8600310385756496,1.542417733468905,0.6823866948932555,-0.006190480426245832,0.11695817830117175,5.88737944892149,0.0,591.0,10734.0,
NN-Patching,gtsrb/vgg16,202,held,failure_type,190,81.0,0.3472891742324414,0.5619405331948755,0.2146513589624341,0.0031486282888467465,0.03576938880683833,5.912953442113041,0.0,6.048278622145966,14.270534369181686,8.222255747035721,0.04104050453189594,2.119254143568071,3.8604219637035624,0.0,285.0,17670.0,
NN-Patching,gtsrb/vgg16,202,held,true_class,190,29.0,0.4736092057689557,0.5625610985835687,0.08895189281461302,0.003919585415000645,0.025087458191893404,3.3894349417869574,0.0,10.313813752587748,14.321489390380245,4.007675637792497,0.015485283261374052,1.5223152818026608,2.622446481520647,0.0,813.0,17142.0,
NN-Patching,gtsrb/vgg16,303,seen,failure_type,151,71.0,0.014480305347071948,0.07837242299064025,0.0638921176435683,-4.73522066270856e-05,0.004519516301330874,14.147414363174118,0.0,0.7162633132380049,1.5024295345387606,0.7861662213007558,-0.016941555762764647,0.14511520915887657,5.53427708723983,0.0,185.0,11140.0,
NN-Patching,gtsrb/vgg16,303,seen,true_class,151,29.0,0.029492450623141726,0.07985460041377672,0.050362149790635,-1.3354296775824059e-05,0.0031389695140032815,16.048420937709604,0.0,1.056959957552123,1.5124310190407382,0.45547106148861527,0.007901818692274926,0.10938769763869352,4.091586645059168,0.0,568.0,10757.0,
NN-Patching,gtsrb/vgg16,303,held,failure_type,190,80.0,0.16108383734752799,0.4096474329596001,0.2485635956120721,-0.0001920786172459754,0.040352330268387034,6.164592541958712,0.0,10.976933378991557,31.569708477346847,20.59277509835529,-0.9610626711244169,7.78293861347529,2.7693701363851018,0.005,344.0,17611.0,
NN-Patching,gtsrb/vgg16,303,held,true_class,190,30.0,0.29653819008417803,0.4104024323398205,0.11386424225564246,-0.0013906742586387488,0.024904328320768578,4.627907045922545,0.0,17.95076598328882,31.848582655631674,13.897816672342852,-1.0458378841433549,4.527117697190211,3.3009202667202127,0.0,870.0,17085.0,
NN-Patching,tt100k_signs/resnet50,101,seen,failure_type,206,113.0,0.01045350899597873,0.05629013567212586,0.04583662667614713,0.00020245773173110904,0.0022476574405967406,20.30299106077188,0.0,0.3742115831914089,1.0300822196301567,0.6558706364387478,-0.0016815367870684317,0.030327312011064516,21.681848129640873,0.0,267.0,20848.0,
NN-Patching,tt100k_signs/resnet50,101,seen,true_class,206,83.0,0.0342694603260891,0.056321490555462456,0.022052030229373354,0.00011595859948231084,0.0022267193715681836,9.851295991820965,0.0,0.5957704290591394,1.033928051951389,0.4381576228922496,0.0008642905835170044,0.025596174970334173,17.084323450612008,0.0,585.0,20530.0,
NN-Patching,tt100k_signs/resnet50,101,held,failure_type,258,148.0,0.0074272123288621475,0.06055540522958949,0.053128192900727345,5.788229494113114e-05,0.0024964506266914395,21.258305698944383,0.0,0.3564531842314579,1.0171862359779382,0.6607330517464803,0.0034988449865462324,0.026053471234113973,25.22635854657772,0.0,343.0,32810.0,
NN-Patching,tt100k_signs/resnet50,101,held,true_class,258,91.0,0.03471701040624945,0.06064147959033241,0.025924469184082963,-0.0001566451822571633,0.002086525744379352,12.499780759522002,0.0,0.6134964113483351,1.0203268788559476,0.40683046750761254,0.0015923806105341005,0.0211482840554002,19.161747866462925,0.0,813.0,32340.0,
NN-Patching,tt100k_signs/resnet50,202,seen,failure_type,206,118.0,0.008672765315220387,0.05366115032358832,0.04498838500836794,1.8712617771121307e-05,0.0019749745984449013,22.76974721762815,0.0,0.3965522583750754,1.0352914957555404,0.638739237380465,0.0014845977391076681,0.030772773955702982,20.708391142701952,0.0,228.0,20887.0,
NN-Patching,tt100k_signs/resnet50,202,seen,true_class,206,76.0,0.03173519889528967,0.05381964753310703,0.02208444863781736,-0.0002510028733034822,0.001910932210630457,11.688248999719177,0.0,0.6269358003242974,1.040458311808172,0.41352251148387464,0.0031270571291993144,0.02986582158450338,13.741308042698476,0.0,616.0,20499.0,
NN-Patching,tt100k_signs/resnet50,202,held,failure_type,258,143.0,0.008662519853307548,0.05833952118287512,0.04967700132956757,0.00045740005587314504,0.004237230180332272,11.615984774803707,0.0,0.33731000420675206,1.0413188677223113,0.7040088635155592,-0.00105359688583052,0.03404951581074685,20.706974639508623,0.0,450.0,32703.0,
NN-Patching,tt100k_signs/resnet50,202,held,true_class,258,92.0,0.04255782372149686,0.058124442690844755,0.015566618969347898,0.00043141011827506505,0.003336140748837929,4.53674169826561,0.0,0.6229592094542543,1.0441891632065123,0.421229953752258,0.0007915396784037521,0.02653349243876351,15.84557385456649,0.0,978.0,32175.0,
NN-Patching,tt100k_signs/resnet50,303,seen,failure_type,206,112.0,0.005696625350823613,0.05415546811700957,0.04845884276618596,-8.340902390347456e-05,0.002277291289946778,21.315785109733643,0.0,0.35391728414178975,1.032807668272474,0.6788903841306844,0.0013296239700725009,0.02835718164958873,23.893797645667828,0.0,301.0,20814.0,
NN-Patching,tt100k_signs/resnet50,303,seen,true_class,206,79.0,0.02699754109938918,0.0541923594597022,0.02719481836031302,1.0297868104268693e-05,0.0018993210371445748,14.312757004347723,0.0,0.5772356209487316,1.0353892838984875,0.4581536629497559,0.0004909338428252274,0.023095261875709067,19.816303947974323,0.0,565.0,20550.0,
NN-Patching,tt100k_signs/resnet50,303,held,failure_type,258,141.0,0.011107826073316639,0.057165076873804864,0.046057250800488225,-0.00012696144954961127,0.002510124750376894,18.399170090930394,0.0,0.3599496885523579,1.0218783766958432,0.6619286881434854,-0.001093039805032473,0.025491147076513124,26.009882016388303,0.0,360.0,32793.0,
NN-Patching,tt100k_signs/resnet50,303,held,true_class,258,89.0,0.04093356949095043,0.05714514370299225,0.01621157421204182,-0.00019260283425624695,0.002652262577850463,6.184974737081999,0.0,0.6114777005297094,1.0269984891033994,0.41552078857369,-0.0009269655574059604,0.026541524594560703,15.690423232158654,0.0,982.0,32171.0,
NN-Patching,tt100k_signs/convnext_tiny,101,seen,failure_type,173,92.0,0.09960190829492245,0.702038411017122,0.6024365027221996,-0.0015666450005429756,0.021100639760041673,28.62487367979808,0.0,0.3255117924151239,0.9999810314013027,0.6744692389861788,-7.00456831651508e-05,0.019780549411405196,34.101139993933266,0.0,283.0,14595.0,
NN-Patching,tt100k_signs/convnext_tiny,101,seen,true_class,173,69.0,0.18140444571601894,0.7059510878347993,0.5245466421187803,-0.0016839515300887736,0.016455585043270875,31.97884440043534,0.0,0.4379513868664879,1.0037319059605112,0.5657805190940233,-0.00023200714738974614,0.015844623491667282,35.722687036606295,0.0,436.0,14442.0,
NN-Patching,tt100k_signs/convnext_tiny,101,held,failure_type,218,117.0,0.09053708878312836,0.6660310919564743,0.5754940031733459,-0.0009249111182939779,0.01832353652923168,31.45784184950413,0.0,0.3187086140329004,0.989184092556922,0.6704754785240216,-0.0012314311644348553,0.016894672752298577,39.7585037305508,0.0,266.0,23387.0,
NN-Patching,tt100k_signs/convnext_tiny,101,held,true_class,218,87.0,0.2590727025006018,0.6691820358175834,0.4101093333169816,0.00016758672885280545,0.018912370012351774,21.675852698457028,0.0,0.5510654397346778,0.9919899361377064,0.44092449640302855,-0.0010503207614794624,0.014815768712081378,29.831379371781935,0.0,555.0,23098.0,
NN-Patching,tt100k_signs/convnext_tiny,202,seen,failure_type,174,99.0,0.10344563986758855,0.6943240790017603,0.5908784391341717,-0.0006540719279182045,0.023843111999431992,24.80936679118785,0.0,0.3145034628655226,0.9954721141995995,0.6809686513340769,-0.0003927569488112476,0.01990102340337194,34.23750600349547,0.0,197.0,14854.0,
NN-Patching,tt100k_signs/convnext_tiny,202,seen,true_class,174,77.0,0.22254162743619332,0.6968638431240655,0.47432221568787214,0.00028150095458503776,0.019469689758342335,24.347625493406923,0.0,0.47443907318731754,0.9978969662917685,0.5234578931044509,0.0006497921263025747,0.01600254541023308,32.67030885043827,0.0,326.0,14725.0,
NN-Patching,tt100k_signs/convnext_tiny,202,held,failure_type,217,118.0,0.10293704944308384,0.667949895658143,0.5650128462150592,0.0017677192770466199,0.020816308347393918,27.057877771178852,0.0,0.33526752904737894,0.9952294705877184,0.6599619415403395,0.0011217805485510346,0.01737801602254479,37.91227721847833,0.0,343.0,23093.0,
NN-Patching,tt100k_signs/convnext_tiny,202,held,true_class,217,85.0,0.2647616141501657,0.6721619644965515,0.40740035034638583,0.0019883914044707502,0.017947543902128927,22.588715265448474,0.0,0.5682735564297372,0.9987591563178484,0.4304855998881112,-0.00036141563500832475,0.01373373178386681,31.371445305045896,0.0,718.0,22718.0,
NN-Patching,tt100k_signs/convnext_tiny,303,seen,failure_type,174,103.0,0.09152096258791162,0.6447854562822979,0.5532644936943862,-0.0031580303581113895,0.02248003019189811,24.75185839511384,0.0,0.3336494722466001,0.9913077053917191,0.6576582331451191,0.0007614158327061538,0.016759258610164387,39.196054703446904,0.0,173.0,14878.0,
NN-Patching,tt100k_signs/convnext_tiny,303,seen,true_class,174,79.0,0.25084643079237573,0.6481941261291845,0.39734769533680875,-0.000949418392675857,0.021107331999117723,18.870083330629527,0.0,0.5059991553308175,0.9957889593382095,0.489789804007392,-0.0005577796461929457,0.015485535486041134,31.66487746348364,0.0,370.0,14681.0,
NN-Patching,tt100k_signs/convnext_tiny,303,held,failure_type,218,113.0,0.09445534627529407,0.6607619102101951,0.5663065639349011,6.649240536012069e-05,0.0224219870664739,25.253786376094567,0.0,0.3309118673944443,0.9887686241226245,0.6578567567281801,0.0003808290608828285,0.01654814419660559,39.73109732524749,0.0,393.0,23260.0,
NN-Patching,tt100k_signs/convnext_tiny,303,held,true_class,218,84.0,0.2414674465850698,0.6626418446257611,0.42117439804069134,0.00059959295792884,0.0185173286327604,22.712498838303247,0.0,0.5085400939961998,0.9907638099563261,0.48222371596012625,-0.0008716576324315306,0.014169818333838747,34.09326514827583,0.0,634.0,23019.0,
NN-Patching,tt100k_signs/densenet121,101,seen,failure_type,250,131.0,0.010098303051534281,0.06359205973459937,0.053493756683065094,-0.00010031022513040766,0.001473538916976479,36.370988410535475,0.0,0.3417706033516049,1.0327929050776545,0.6910223017260496,0.0003365648389586734,0.0304450136787235,22.686333603032352,0.0,372.0,30753.0,
NN-Patching,tt100k_signs/densenet121,101,seen,true_class,250,85.0,0.0238147176634134,0.06390192624836677,0.04008720858495337,1.904852265498698e-06,0.0011372227410507926,35.24841902158998,0.0,0.4939109752403613,1.0374031356307674,0.543492160390406,-0.0013000787459929125,0.023632350565416137,23.052816418126497,0.0,737.0,30388.0,
NN-Patching,tt100k_signs/densenet121,101,held,failure_type,312,141.0,0.009821031356708889,0.06338720892001207,0.053566177563303174,1.0665893160680673e-05,0.001427100765504368,37.527491349699716,0.0,0.40210475241578336,1.0320868664741378,0.6299821140583545,0.0035131395258317395,0.02809010795116658,22.302120575659924,0.0,716.0,47800.0,
NN-Patching,tt100k_signs/densenet121,101,held,true_class,312,92.0,0.02372269248684625,0.06379174634684216,0.040069053859995915,-4.39534988074583e-05,0.0009798483115759072,40.93797666839977,0.0,0.5276173570402106,1.0380122140805266,0.510394857040316,0.0025334291938304814,0.020281348536300477,25.04081160641026,0.0,1447.0,47069.0,
NN-Patching,tt100k_signs/densenet121,202,seen,failure_type,250,134.0,0.010094871872575566,0.06344695705797676,0.053352085185401195,-0.00010717461837169269,0.0015374528730397994,34.771316055563865,0.0,0.38530778967709806,1.0489790321721886,0.6636712424950906,0.005288084691874313,0.03342643585681951,19.696480971039556,0.0,357.0,30768.0,
NN-Patching,tt100k_signs/densenet121,202,seen,true_class,250,83.0,0.02538770434237222,0.06370413638688399,0.03831643204451177,-4.543224985843967e-05,0.0010881316832770111,35.25479944080392,0.0,0.5503579873944223,1.052762714214411,0.5024047268199886,0.0011821464734603792,0.023257937694668242,21.55060293414924,0.0,706.0,30419.0,
NN-Patching,tt100k_signs/densenet121,202,held,failure_type,312,127.0,0.010659421147422136,0.06473495037872559,0.05407552923130346,-5.576600118229781e-05,0.0013043833347527278,41.49952989183805,0.0,0.38298823489005035,1.029056149937182,0.6460679150471316,-0.0017749367606131345,0.023567731469769797,27.488553686689816,0.0,790.0,47726.0,
NN-Patching,tt100k_signs/densenet121,202,held,true_class,312,82.0,0.02560856013675113,0.0652347567131596,0.03962619657640848,-9.618331322702404e-05,0.0010995860167020612,36.12484994366171,0.0,0.5161751854330567,1.0366667760236454,0.5204915905905887,-0.0008552186001349449,0.020844567319527902,25.011160038678135,0.0,1690.0,46826.0,
NN-Patching,tt100k_signs/densenet121,303,seen,failure_type,250,121.0,0.009969976518911404,0.0649119378574222,0.0549419613385108,-4.88459541855454e-05,0.0014841528675636892,37.05198329462821,0.0,0.3506441573706727,1.0610002290204144,0.7103560716497417,-0.005656665100670679,0.030479890094778306,23.49131622523749,0.0,424.0,30701.0,
NN-Patching,tt100k_signs/densenet121,303,seen,true_class,250,82.0,0.025661724424551655,0.06526801392749536,0.0396062895029437,2.364493472550081e-05,0.0012008632647378542,32.961824795179474,0.0,0.5035902768857775,1.0670365467013931,0.5634462698156156,-0.0026044637184258097,0.027544345366361075,20.550524108835365,0.0,868.0,30257.0,
NN-Patching,tt100k_signs/densenet121,303,held,failure_type,312,139.0,0.010068910595048344,0.06806531503012193,0.05799640443507359,6.963487756161881e-05,0.0015329305052293114,37.788255450666,0.0,0.3732155473702298,1.0315595446036423,0.6583439972334124,-0.0012708385749214206,0.02366341069613551,27.874884320381643,0.0,639.0,47877.0,
NN-Patching,tt100k_signs/densenet121,303,held,true_class,312,86.0,0.02816757397510648,0.06840875374219742,0.040241179767090934,-6.044146203457466e-05,0.001154697402525197,34.9023225531537,0.0,0.5419908548872009,1.0364956923440312,0.49450483745683027,-0.0003560245386383254,0.018518804864756423,26.722073350992968,0.0,1335.0,47181.0,
NN-Patching,tt100k_signs/vgg16,101,seen,failure_type,262,155.0,0.005411549186229645,0.03848017758040364,0.033068628394173995,0.0002709751618101631,0.0025409710908710164,12.907527101464833,0.0,0.6404972706974499,1.2984440134344877,0.6579467427370378,0.0006165275857076214,0.09044801149414934,7.267492167990694,0.0,256.0,33935.0,
NN-Patching,tt100k_signs/vgg16,101,seen,true_class,262,96.0,0.015027744519994928,0.03860425022246509,0.02357650570247016,0.00013838871413932838,0.0017416460309888362,13.457451490051723,0.0,0.8516490190396353,1.3005950931871961,0.4489460741475608,0.005451812711407445,0.06200809915385531,7.15219894627954,0.0,539.0,33652.0,
NN-Patching,tt100k_signs/vgg16,101,held,failure_type,328,178.0,0.23597910749725182,0.3415649493257203,0.10558584182846847,0.0008580623732006847,0.04246828632342627,2.4660232027076647,0.02,47.03952200933628,98.74900825214263,51.70948624280635,3.415282124663356,42.86075455352082,1.1267698065799616,0.115,415.0,53213.0,
NN-Patching,tt100k_signs/vgg16,101,held,true_class,328,100.0,0.47782460907190955,0.33781068306334905,-0.1400139260085605,0.006016224354304278,0.043897470672169876,-3.3266187806150382,0.005,136.7574715901718,97.52585989783815,-39.23161169233366,3.3120333763038117,46.736012107714416,-0.910296859958536,0.23,1125.0,52503.0,
NN-Patching,tt100k_signs/vgg16,202,seen,failure_type,262,157.0,0.004395587795131263,0.03493376766324142,0.030538179868110155,-6.982341938385242e-05,0.0020026158679076434,15.284011158959606,0.0,0.5992314817459664,1.3338927599604038,0.7346612782144374,0.003270441416981279,0.13115147804473315,5.576687717864808,0.0,243.0,33948.0,
NN-Patching,tt100k_signs/vgg16,202,seen,true_class,262,92.0,0.01775712882173981,0.03503869527944472,0.01728156645770491,-2.9508426365260615e-05,0.0016912158386225879,10.235875562715469,0.0,1.036668806597529,1.334214896447441,0.29754608984991204,0.0014167896826442717,0.10690724555345735,2.7699647356120765,0.015,637.0,33554.0,
NN-Patching,tt100k_signs/vgg16,202,held,failure_type,328,181.0,0.2546329107510912,0.3370645034626555,0.0824315927115643,-0.0015720225645991443,0.04917314220442393,1.7083231111250323,0.1,41.14215551728001,106.62625969648278,65.48410417920277,3.395952632321829,50.894120837532355,1.219947422710802,0.07,436.0,53192.0,
NN-Patching,tt100k_signs/vgg16,202,held,true_class,328,103.0,0.3620145638207579,0.335900563529836,-0.026114000290921924,-0.0009014830881343344,0.03892589644486125,-0.6477054995471603,0.545,72.23228593913801,106.74646382404987,34.51417788491186,0.36402231319769013,44.103057610387715,0.7743262581338559,0.295,1014.0,52614.0,
NN-Patching,tt100k_signs/vgg16,303,seen,failure_type,262,150.0,0.005076890097847633,0.0379102292136285,0.03283333911578087,-0.00010112356911730287,0.0031246298437121863,10.540276551679614,0.0,0.7237136932861173,1.3879715745166856,0.6642578812305683,0.011827906671138972,0.15037645388086027,4.3386444999693605,0.0,347.0,33844.0,
NN-Patching,tt100k_signs/vgg16,303,seen,true_class,262,92.0,0.01580728456922196,0.03801610484861113,0.02220882027938917,3.102761295266154e-05,0.0022254036716556186,9.965739222480615,0.0,1.079356117401187,1.3873189283649048,0.3079628109637178,0.009601179782093992,0.10984641055336467,2.7161709670427516,0.0,676.0,33515.0,
NN-Patching,tt100k_signs/vgg16,303,held,failure_type,328,180.0,0.18756618243714976,0.42133921108210715,0.2337730286449574,-0.003136156889915922,0.039677815022009955,5.970822370069646,0.0,48.595422841668515,107.11993676889522,58.5245139272267,3.3956923975907296,31.113645773472502,1.7718534796920855,0.055,345.0,53283.0,
NN-Patching,tt100k_signs/vgg16,303,held,true_class,328,102.0,0.38766839841068185,0.42042846159431724,0.03276006318363539,0.0017413032207931939,0.03974809260242422,0.780383609153864,0.435,111.81882690144697,106.64984580997992,-5.168981091467046,1.5307805803957286,34.3826632659969,-0.19485871760517112,0.89,971.0,52657.0,
NN-Patching,lisa_signs/resnet50,101,seen,failure_type,27,17.0,0.06735973510342136,0.23446888923107967,0.1671091541276583,0.0005337758074740465,0.03128402314887939,5.324614980692676,0.0,0.48393448797791894,1.0732991280144493,0.5893646400365303,0.004665018113538032,0.11006963973114196,5.312088086650213,0.0,18.0,333.0,
NN-Patching,lisa_signs/resnet50,101,seen,true_class,27,12.0,0.0986642027809567,0.23779030922860567,0.13912610644764897,0.0006071362613097091,0.02277529948468556,6.081982380666363,0.0,0.5574341143791225,1.08846232704374,0.5310282126646174,-0.0008581465733627303,0.0864394827825699,6.153280215358706,0.0,30.0,321.0,
NN-Patching,lisa_signs/resnet50,101,held,failure_type,34,20.0,0.034984865246926324,0.18955780783290727,0.15457294258598095,0.0010105485345301667,0.02994280878042628,5.1285233517139694,0.0,0.6359013377079845,1.1586418193718164,0.5227404816638319,-0.016153544774522993,0.13914973307672265,3.8727636375511656,0.0,43.0,518.0,
NN-Patching,lisa_signs/resnet50,101,held,true_class,34,13.0,0.06485797087198265,0.19249904346045346,0.1276410725884708,0.0009067610042813681,0.02006475233344959,6.316265931007615,0.0,0.6335584241203669,1.1821349241697994,0.5485765000494325,-0.009575118985725271,0.09468516602050402,5.894815867021826,0.0,65.0,496.0,
NN-Patching,lisa_signs/resnet50,202,seen,failure_type,27,19.0,0.056548925855541575,0.2290452884260257,0.17249636257048412,0.0008273429165193919,0.03803902970815079,4.512970519136756,0.0,0.7483522923132657,1.1374901816875096,0.3891378893742439,0.005339706060489652,0.1905537334089749,2.014120513125898,0.02,14.0,337.0,
NN-Patching,lisa_signs/resnet50,202,seen,true_class,27,12.0,0.08569067095996577,0.2326309214341997,0.14694025047423392,0.0014197115933389367,0.02470480865150673,5.890373041449542,0.0,0.7089689833971778,1.1536407936691628,0.444671810271985,0.009602948304529004,0.10706737064401263,4.063505616570609,0.0,25.0,326.0,
NN-Patching,lisa_signs/resnet50,202,held,failure_type,34,16.0,0.04880409704810309,0.2083020046295851,0.159497907581482,0.000466798408039599,0.030816421894209647,5.160596181939068,0.0,0.5399877519480046,1.045359571822188,0.5053718198741833,-0.0026704721561329812,0.07951823339891936,6.389003758109539,0.0,41.0,520.0,
NN-Patching,lisa_signs/resnet50,202,held,true_class,34,11.0,0.11411090638341367,0.2086043592512941,0.09449345286788044,-0.0012083755001116453,0.023461752264172155,4.079057151671355,0.0,0.669717766229718,1.0575030893369302,0.38778532310721214,-0.0019164915934650989,0.06307880051455837,6.178015617220834,0.0,71.0,490.0,
NN-Patching,lisa_signs/resnet50,303,seen,failure_type,27,15.0,0.04378121839799441,0.20515244608346553,0.16137122768547113,0.003492914404611435,0.024501825415780484,6.443532699924231,0.0,0.7499388306281092,1.2669073505675204,0.5169685199394112,0.013506708722142937,0.16044642641025064,3.1378811138293137,0.0,22.0,329.0,
NN-Patching,lisa_signs/resnet50,303,seen,true_class,27,8.0,0.10517309818939276,0.21031504519518998,0.10514194700579722,0.0025094691401388314,0.020228775369126113,5.073588291322182,0.0,0.7216432634511831,1.321691220581741,0.6000479571305579,-0.008969785743067317,0.12413690141956873,4.906016953092037,0.0,51.0,300.0,
NN-Patching,lisa_signs/resnet50,303,held,failure_type,34,22.0,0.03772998805398869,0.19694634576741796,0.15921635771342926,0.0014145023059783525,0.02254746403572011,6.99865205020217,0.0,0.5910370134700552,1.2622358560719047,0.6711988426018495,-0.02852362459067996,0.256127294826805,2.7319324465709696,0.0,28.0,533.0,
NN-Patching,lisa_signs/resnet50,303,held,true_class,34,17.0,0.04579577058143232,0.19911144741990927,0.15331567683847697,0.0007303283708179412,0.018602421041870414,8.202445698654858,0.0,0.5722797205870557,1.2750885458048964,0.7028088252178407,-0.021853327047954788,0.18781061318472134,3.858472851846742,0.0,37.0,524.0,
NN-Patching,lisa_signs/convnext_tiny,101,seen,failure_type,10,,,,,,,,,,,,,,,,,,too few vectors or one group only
NN-Patching,lisa_signs/convnext_tiny,101,seen,true_class,10,,,,,,,,,,,,,,,,,,too few vectors or one group only
NN-Patching,lisa_signs/convnext_tiny,101,held,failure_type,14,11.0,0.12066570379689197,0.9670633736260309,0.8463976698291389,0.0008848023373838942,0.1931004125226692,4.378617613714919,0.0,0.4108718445323028,1.0255070666539743,0.6146352221216715,-0.005421068931407469,0.09517598418019418,6.514839813714223,0.0,6.0,85.0,
NN-Patching,lisa_signs/convnext_tiny,101,held,true_class,14,6.0,0.6100084271277632,1.013149811133168,0.4031413840054049,-0.00020171249960779458,0.10937344758617583,3.6877606530920506,0.01,0.8125502527325743,1.0433040576460653,0.23075380491349096,-0.006013438732145278,0.0656060839876315,3.608922058000966,0.005,23.0,68.0,
NN-Patching,lisa_signs/convnext_tiny,202,seen,failure_type,10,,,,,,,,,,,,,,,,,,too few vectors or one group only
NN-Patching,lisa_signs/convnext_tiny,202,seen,true_class,10,8.0,0.14260259888169216,1.0767187954833133,0.9341161966016212,-0.011241115362691718,0.31299114007292306,3.020396397613798,0.02,0.536899705663039,1.1336006583951592,0.5967009527321202,0.01579154141151674,0.26442093314625253,2.1969115848974887,0.01,3.0,42.0,
NN-Patching,lisa_signs/convnext_tiny,202,held,failure_type,14,11.0,0.03731499045714426,1.0250566689977567,0.9877416785406125,-0.013546433917380876,0.22968575830468288,4.359382661964633,0.0,0.3040475718666719,1.0925057604186736,0.7884581885520017,0.008220854338722635,0.15917679356618403,4.901702796795959,0.0,4.0,87.0,
NN-Patching,lisa_signs/convnext_tiny,202,held,true_class,14,8.0,0.6681046201049657,1.0292649964984029,0.3611603763934371,0.0012356282667858641,0.14832259090811362,2.4266347150529435,0.035,0.8864359440691617,1.083885571076726,0.1974496270075642,0.01218581436955303,0.11215748424500083,1.6518185467825084,0.055,12.0,79.0,
NN-Patching,lisa_signs/convnext_tiny,303,seen,failure_type,10,,,,,,,,,,,,,,,,,,too few vectors or one group only
NN-Patching,lisa_signs/convnext_tiny,303,seen,true_class,10,6.0,0.2583526544981215,1.191868511782341,0.9335158572842196,0.037165038519290795,0.21973394397545137,4.0792551325660895,0.0,0.5149991068533637,1.1611974891149741,0.6461983822616104,0.0007552633858255515,0.17852528143442323,3.6154157757721097,0.0,7.0,38.0,
NN-Patching,lisa_signs/convnext_tiny,303,held,failure_type,14,,,,,,,,,,,,,,,,,,too few vectors or one group only
NN-Patching,lisa_signs/convnext_tiny,303,held,true_class,14,9.0,0.5194045379960441,1.0237711296845222,0.5043665916884781,0.0043963134598020434,0.142352596179115,3.512196416818958,0.0,0.7040155347292891,1.0779727065204963,0.37395717179120713,0.00808577048113505,0.15434594081994474,2.370463384809815,0.0,8.0,83.0,
NN-Patching,lisa_signs/densenet121,101,seen,failure_type,13,,,,,,,,,,,,,,,,,,too few vectors or one group only
NN-Patching,lisa_signs/densenet121,101,seen,true_class,13,10.0,0.11339932537369206,0.2876938037259732,0.17429447835228112,-0.004196160475654683,0.07073299165094658,2.523442521789953,0.0,0.48411589210291517,1.0976693812692475,0.6135534891663323,-0.0031386504642573875,0.19645561133927789,3.1390914997201396,0.0,3.0,75.0,
NN-Patching,lisa_signs/densenet121,101,held,failure_type,17,,,,,,,,,,,,,,,,,,too few vectors or one group only
NN-Patching,lisa_signs/densenet121,101,held,true_class,17,10.0,0.18969157995286773,0.23453607566939494,0.04484449571652721,0.0003152714695892231,0.03894100691916883,1.1435046951463095,0.28,0.753203328956825,1.0709759388887101,0.31777260993188516,-0.0050784114994464466,0.11026466547071276,2.9279644576090935,0.005,10.0,126.0,
NN-Patching,lisa_signs/densenet121,202,seen,failure_type,13,,,,,,,,,,,,,,,,,,too few vectors or one group only
NN-Patching,lisa_signs/densenet121,202,seen,true_class,13,8.0,0.15597714413004235,0.2706607764123104,0.11468363228226805,0.002846503160617395,0.046170158804062826,2.4222816645236893,0.01,0.6064126550442128,1.0084816869698097,0.40206903192559684,0.006053756802040173,0.09514331173678903,4.162302823922696,0.0,6.0,72.0,
NN-Patching,lisa_signs/densenet121,202,held,failure_type,17,,,,,,,,,,,,,,,,,,too few vectors or one group only
NN-Patching,lisa_signs/densenet121,202,held,true_class,17,11.0,0.1166638590299802,0.22114259010016282,0.10447873107018263,-0.0011471604008086197,0.03951052356899824,2.673360966322319,0.01,0.5873509784563503,1.0170013946901573,0.42965041623380695,0.0093704823454829,0.11240927003746681,3.7388369637531045,0.0,7.0,129.0,
NN-Patching,lisa_signs/densenet121,303,seen,failure_type,13,,,,,,,,,,,,,,,,,,too few vectors or one group only
NN-Patching,lisa_signs/densenet121,303,seen,true_class,13,10.0,0.1141205628894667,0.2809408177160044,0.16682025482653767,-0.003951130042919253,0.06825504807988633,2.501959776910311,0.015,0.4103776717558663,1.0754282323867859,0.6650505606309196,-0.001158166683147535,0.23262058172519204,2.863928558558217,0.0,3.0,75.0,
NN-Patching,lisa_signs/densenet121,303,held,failure_type,17,,,,,,,,,,,,,,,,,,too few vectors or one group only
NN-Patching,lisa_signs/densenet121,303,held,true_class,17,12.0,0.18416518640682447,0.3108144009502222,0.12664921454339775,0.002568153914634211,0.07461827952308732,1.6628775337644883,0.08,0.6553203030003422,1.0774022216347197,0.4220819186343775,0.013465110433983178,0.1502601035465295,2.7193965567256697,0.005,7.0,129.0,
NN-Patching,lisa_signs/vgg16,101,seen,failure_type,28,18.0,0.021866730313005574,0.12781328305348877,0.1059465527404832,-0.0007507549255264733,0.021590583890090387,4.941844472767575,0.0,0.6442220241951873,1.199006400401707,0.5547843762065197,0.004415844953335364,0.20154771382138892,2.730710861539163,0.005,14.0,364.0,
NN-Patching,lisa_signs/vgg16,101,seen,true_class,28,14.0,0.031036170187603313,0.12935128762440426,0.09831511743680095,-0.000448709127092983,0.015264673769424246,6.470090881028309,0.0,0.689327422474926,1.2072312667030265,0.5179038442281005,-0.0006312347587848072,0.1315356096093628,3.942165019213424,0.0,21.0,357.0,
NN-Patching,lisa_signs/vgg16,101,held,failure_type,36,29.0,0.8488954151717264,0.9686338439158235,0.11973842874409713,-0.006631077550791038,0.05392762449681073,2.3433167596695883,0.015,0.8403785024534436,2.1181371073025472,1.2777586048491036,-0.2269259880022121,1.4180546992885406,1.0610906572258303,0.305,9.0,621.0,
NN-Patching,lisa_signs/vgg16,101,held,true_class,36,21.0,0.8947501662196949,0.9706584652011042,0.07590829898140927,-0.00334160003542497,0.029895106870848072,2.6509321193115754,0.005,1.5145341421029501,2.1301769478326738,0.6156428057297236,-0.09841085546571811,0.9684143748001535,0.7373431041252975,0.63,31.0,599.0,
NN-Patching,lisa_signs/vgg16,202,seen,failure_type,28,21.0,0.024869089467630237,0.1376464871816295,0.11277739771399926,-0.00027655622120507944,0.030002592325688998,3.7681395228850434,0.0,0.8051701237102411,1.2579123533316874,0.4527422296214463,0.016191900645452947,0.2666775865206248,1.6369966995355032,0.08,9.0,369.0,
NN-Patching,lisa_signs/vgg16,202,seen,true_class,28,13.0,0.03550108942986037,0.14140521272772721,0.10590412329786685,-0.0010376947932389427,0.017802658259370992,6.00707020979895,0.0,0.9176906403407744,1.2684769148308366,0.35078627449006217,0.007679576195298862,0.14604236367717735,2.3493641821002154,0.01,23.0,355.0,
NN-Patching,lisa_signs/vgg16,202,held,failure_type,36,26.0,0.519380835638187,0.9423976810465781,0.423016845408391,0.0046462917627808535,0.05274597028096394,7.931801261956662,0.0,0.9295000069643318,1.7978031339475546,0.8683031269832229,-0.016074447123711158,0.681369546078311,1.2979411527793658,0.19,12.0,618.0,
NN-Patching,lisa_signs/vgg16,202,held,true_class,36,18.0,0.7557231611152739,0.9458055013379444,0.19008234022267045,0.0032095967628585653,0.03782784973089203,4.940083689247147,0.0,1.4114811989768803,1.8050000866588505,0.3935188876819702,0.0028336903377761936,0.5465610678294263,0.7148061220222264,0.615,38.0,592.0,
NN-Patching,lisa_signs/vgg16,303,seen,failure_type,28,20.0,0.0385558018100155,0.15255282342421858,0.11399702161420308,-0.0004837408897537316,0.027983997146674065,4.090936755740488,0.0,0.637635207148175,1.0932843939870236,0.4556491868388486,0.005619472157612672,0.14625798499890455,3.0769582575715755,0.0,10.0,368.0,
NN-Patching,lisa_signs/vgg16,303,seen,true_class,28,15.0,0.06462265116024579,0.1563301794449306,0.09170752828468481,-0.0009682495318846626,0.021725345855707144,4.265790677295856,0.0,0.7252115118345672,1.1097116763638246,0.3845001645292574,-0.007001005869425605,0.1073987140623107,3.645305940701451,0.0,28.0,350.0,
NN-Patching,lisa_signs/vgg16,303,held,failure_type,36,24.0,0.5057998668354696,0.9493412051770062,0.44354133834153653,-0.0005994720518600139,0.0439395234300842,10.108002447727902,0.0,1.2495614408154765,1.978737045600974,0.7291756047854976,0.004364223849390533,0.9809051102976848,0.7389209958498459,0.4,19.0,611.0,
NN-Patching,lisa_signs/vgg16,303,held,true_class,36,17.0,0.627782428756829,0.9540929223975388,0.32631049364070985,0.0011559438376723507,0.03583641764159868,9.07329948673572,0.0,1.274619155954608,1.996871145847526,0.7222519898929178,-0.01743276241915069,0.6775003245059165,1.0917850893287908,0.275,35.0,595.0,
PatchNAS,gtsrb/resnet50,101,seen,failure_type,38,24.0,0.040323778925996576,0.301114708517677,0.26079092959168043,-0.0001787398522583232,0.035069255044449715,7.44155155579217,0.0,0.35918147604487316,0.9992536450982298,0.6400721690533566,-0.002516837091331962,0.061873882476325394,10.385464438572688,0.0,21.0,682.0,
PatchNAS,gtsrb/resnet50,101,seen,true_class,38,19.0,0.07122803051446579,0.308874491876463,0.23764646136199719,0.0010865215074576655,0.027990509286681366,8.45143392795106,0.0,0.46901685294289847,1.015919363346365,0.5469025104034666,-0.0029078768687892057,0.047782297553682684,11.506570747106618,0.0,46.0,657.0,
PatchNAS,gtsrb/resnet50,101,held,failure_type,48,33.0,0.03314379844986754,0.28025834925762383,0.2471145508077563,0.0011183952443293932,0.041631200181306595,5.908937395179304,0.0,0.31412947021664406,1.011196968048543,0.697067497831899,-0.0016830036558243477,0.06261087460074073,11.160209882586376,0.0,21.0,1107.0,
PatchNAS,gtsrb/resnet50,101,held,true_class,48,20.0,0.07930077933989176,0.2863014646672178,0.20700068532732602,0.0012986358270740492,0.028449613637958043,7.230398701041402,0.0,0.49860578803553224,1.0253015203721738,0.5266957323366416,0.0020061337764892056,0.04482608364872999,11.705006456956292,0.0,58.0,1070.0,
PatchNAS,gtsrb/resnet50,202,seen,failure_type,38,26.0,0.033308390185395935,0.3475847311211213,0.3142763409357254,0.003264612072539231,0.03487882093932315,8.916922088488024,0.0,0.31916683173017046,1.0455320543356583,0.7263652226054879,-0.0013229565079772077,0.07827540474951758,9.29651122766827,0.0,14.0,689.0,
PatchNAS,gtsrb/resnet50,202,seen,true_class,38,20.0,0.0542494804948336,0.3550167121150723,0.3007672316202387,0.0010872885181477812,0.024088466795232983,12.440806035399302,0.0,0.3853573939129843,1.061860632602497,0.6765032386895128,-0.0008399090715151858,0.06633135397600036,10.21150793930558,0.0,32.0,671.0,
PatchNAS,gtsrb/resnet50,202,held,failure_type,48,32.0,0.0987101004751011,0.36536684293565536,0.26665674246055426,0.000503289012658803,0.03925156461144349,6.780709408040255,0.0,0.42448771500421995,1.0885611187224304,0.6640734037182106,0.0033232946295061573,0.09780385987302687,6.7558694507534,0.0,31.0,1097.0,
PatchNAS,gtsrb/resnet50,202,held,true_class,48,20.0,0.163703809715439,0.37050526486272856,0.20680145514728956,0.0015090179933561405,0.025003048176154747,8.21069637987215,0.0,0.5633242844769053,1.1028345425086863,0.539510258031781,0.00401480534457107,0.05767430510154423,9.284818460059558,0.0,68.0,1060.0,
PatchNAS,gtsrb/resnet50,303,seen,failure_type,38,25.0,0.03130109124224395,0.277251705381682,0.24595061413943803,0.0012493545212481968,0.04430344929474642,5.523300409065071,0.0,0.2842070190629541,1.0093676710937765,0.7251606520308224,0.002912074243186757,0.06670927743752246,10.826808586755284,0.0,20.0,683.0,
PatchNAS,gtsrb/resnet50,303,seen,true_class,38,18.0,0.05010473695939019,0.28248507707663095,0.23238034011724076,0.00015765978115855797,0.027412785144837276,8.471327488274062,0.0,0.3768574148638661,1.0227305336161343,0.6458731187522682,0.0007674229927789955,0.04413649259969733,14.616152252870608,0.0,37.0,666.0,
PatchNAS,gtsrb/resnet50,303,held,failure_type,48,28.0,0.03598378755918434,0.27456859808484874,0.23858481052566438,9.182040868045415e-05,0.02708878219128191,8.8041237300411,0.0,0.3586996647415634,1.0137489733053258,0.6550493085637623,0.0024048165842422238,0.046556774169886316,14.01824983801483,0.0,30.0,1098.0,
PatchNAS,gtsrb/resnet50,303,held,true_class,48,20.0,0.0790013037898621,0.2792286618095384,0.20022735801967634,0.0003175048358887532,0.021494162487271602,9.30065794807634,0.0,0.5505241686510163,1.022255970145527,0.47173180149451066,0.0007497136942641458,0.03841496311166287,12.26038110251354,0.0,62.0,1066.0,
PatchNAS,gtsrb/convnext_tiny,101,seen,failure_type,174,47.0,0.04650155025878026,0.2779520130742243,0.23145046281544404,0.0002673075721684262,0.004551301747413811,50.79495230652329,0.0,0.41340908467444015,0.9987552484994108,0.5853461638249706,0.0007587441930766232,0.01290016773381342,45.31626500128985,0.0,870.0,14181.0,
PatchNAS,gtsrb/convnext_tiny,101,seen,true_class,174,25.0,0.07191907510756279,0.2841758532853525,0.2122567781777897,0.00028324048068305546,0.003951561503714282,53.64298074171906,0.0,0.5068040764036504,1.0115333003759484,0.5047292239722979,2.1994606725153076e-05,0.010216042159491815,49.403401183817685,0.0,1390.0,13661.0,
PatchNAS,gtsrb/convnext_tiny,101,held,failure_type,217,49.0,0.041925543706846535,0.26960340964155655,0.22767786593471,-7.14647081881832e-05,0.004449174639663011,51.18911911467679,0.0,0.3858417332542716,1.000488868150519,0.6146471348962474,-0.0002773932230185461,0.011312216927637429,54.35932956364677,0.0,1262.0,22174.0,
PatchNAS,gtsrb/convnext_tiny,101,held,true_class,217,25.0,0.07847096437003732,0.2751884923181237,0.1967175279480864,-0.00012506873877101573,0.0038457923187717423,51.183886263140835,0.0,0.5194853172598386,1.0120763324843776,0.49259101522453896,-0.0003477506078408077,0.010634860118188257,46.35122232994683,0.0,2126.0,21310.0,
PatchNAS,gtsrb/convnext_tiny,202,seen,failure_type,174,49.0,0.05479548276660748,0.3471006949766498,0.29230521221004235,-0.0008625198836244325,0.007128047943823587,41.12875423439964,0.0,0.3904168434418289,1.0001650384362006,0.6097481949943717,-0.0005904210935173698,0.012901338579431595,47.308162039374295,0.0,837.0,14214.0,
PatchNAS,gtsrb/convnext_tiny,202,seen,true_class,174,27.0,0.08637369799220021,0.35358811839838367,0.2672144204061835,-0.0004089135989478429,0.0054353472452092775,49.23757800235805,0.0,0.47737184012739897,1.011736487079867,0.5343646469524681,-1.0681134660535662e-05,0.010807718354119374,49.443861370980954,0.0,1281.0,13770.0,
PatchNAS,gtsrb/convnext_tiny,202,held,failure_type,217,46.0,0.05609084626850345,0.3446906091925398,0.28859976292403633,7.269371740045938e-05,0.005894636767913411,48.94738734848654,0.0,0.38361699312644854,0.9950309003088655,0.611413907182417,-0.00048220606749801054,0.009703732109302613,63.0578118083304,0.0,1302.0,22134.0,
PatchNAS,gtsrb/convnext_tiny,202,held,true_class,217,23.0,0.10699854363399496,0.3518512188368118,0.24485267520281684,8.455016157952744e-06,0.005032529456329907,48.65231734114182,0.0,0.5279656760676658,1.0063819509623326,0.47841627489466687,-8.838077315897086e-05,0.0085971783275403,55.65833781524808,0.0,2220.0,21216.0,
PatchNAS,gtsrb/convnext_tiny,303,seen,failure_type,174,47.0,0.05213120406207993,0.31473228766241984,0.2626010836003399,0.00030169264393419606,0.0060280983901897815,43.512791917889544,0.0,0.41411348305990614,0.995648000094465,0.5815345170345588,0.00034989693755102633,0.011072440595525587,52.489296739092666,0.0,782.0,14269.0,
PatchNAS,gtsrb/convnext_tiny,303,seen,true_class,174,23.0,0.07704688681910375,0.3211682884492554,0.2441214016301516,0.0007649250611107819,0.004783117183381216,50.8782175280373,0.0,0.494609555270323,1.0076313203269462,0.5130217650566232,0.00020312919153105902,0.0090185298747287,56.8627750788103,0.0,1238.0,13813.0,
PatchNAS,gtsrb/convnext_tiny,303,held,failure_type,217,44.0,0.05344986504015164,0.32534643015853876,0.2718965651183871,0.00028670330728936016,0.004740702452428904,57.293167938570996,0.0,0.3912509143381276,0.9935330171093055,0.602282102771178,-0.0005449687392567604,0.009798386589628514,61.52309524988508,0.0,1320.0,22116.0,
PatchNAS,gtsrb/convnext_tiny,303,held,true_class,217,25.0,0.10893889363085414,0.3320839485601414,0.22314505492928727,0.00031579900598235596,0.0042343793924148245,52.62382871734215,0.0,0.5433595068476034,1.0052560035727596,0.4618964967251562,-0.001198508829232185,0.007442381800779181,62.224032290802455,0.0,2316.0,21120.0,
PatchNAS,gtsrb/densenet121,101,seen,failure_type,65,30.0,0.07860575456897836,0.7141059634292289,0.6355002088602506,0.0020285911343538797,0.04576767137892288,13.841027927057366,0.0,0.30036680795727305,1.028517610494453,0.7281508025371799,-0.0030269927410721243,0.03523153076684526,20.75350628663503,0.0,109.0,1971.0,
PatchNAS,gtsrb/densenet121,101,seen,true_class,65,24.0,0.0973304135536967,0.7213014269086271,0.6239710133549303,0.0007648997949170572,0.03852278650983218,16.17759694991884,0.0,0.3147997254423309,1.0372494752787633,0.7224497498364324,-0.0007819358151908523,0.030413794802011358,23.779725296891066,0.0,135.0,1945.0,
PatchNAS,gtsrb/densenet121,101,held,failure_type,83,34.0,0.11051064430346755,0.5918309022219844,0.48132025791851685,-0.0006807531124560832,0.029169191490795443,16.52431851484631,0.0,0.33443061845361044,1.034999105103697,0.7005684866500866,-0.001808106379591914,0.025044509419860826,28.045132816402223,0.0,171.0,3232.0,
PatchNAS,gtsrb/densenet121,101,held,true_class,83,22.0,0.1437845478787577,0.5977965024667131,0.4540119545879554,-0.0002766957573566445,0.022615443834091236,20.087540782216067,0.0,0.4372274858105961,1.0398147093665475,0.6025872235559514,-0.0020506682731450793,0.01981761964925717,30.510116880825805,0.0,226.0,3177.0,
PatchNAS,gtsrb/densenet121,202,seen,failure_type,66,30.0,0.013395024324761372,0.3127597972449303,0.29936477292016894,0.0003906949630217446,0.01741663722881927,17.16600478106471,0.0,0.19970466028029502,1.0631979066481254,0.8634932463678304,0.0021854917238377613,0.05076287596237413,16.967276544091668,0.0,124.0,2021.0,
PatchNAS,gtsrb/densenet121,202,seen,true_class,66,22.0,0.022637329826661404,0.31655569284528806,0.29391836301862667,0.0006692018583175305,0.014561877874912997,20.13814177396561,0.0,0.26041323396934213,1.0715131638268907,0.8110999298575485,0.003208460361923602,0.039668046238186254,20.366303513520307,0.0,154.0,1991.0,
PatchNAS,gtsrb/densenet121,202,held,failure_type,82,36.0,0.07342082336924503,0.2924872792712665,0.21906645590202145,0.001029576241748421,0.0197405200881793,11.045143627182812,0.0,0.40918037273093644,1.0327723717926556,0.6235919990617191,-0.005367190269044932,0.03448577148611165,18.23822296003512,0.0,175.0,3146.0,
PatchNAS,gtsrb/densenet121,202,held,true_class,82,23.0,0.09273292825701383,0.29462167823617386,0.20188874997916,-8.356608765707179e-05,0.015474726417607153,13.051753588610207,0.0,0.46324977401195694,1.0389138397076607,0.5756640656957037,-0.004423003694066267,0.026369240006750255,21.998626779508054,0.0,225.0,3096.0,
PatchNAS,gtsrb/densenet121,303,seen,failure_type,66,34.0,0.1121637654377698,0.6921202689840191,0.5799565035462493,0.0014924603773781792,0.03868114795498619,14.954676211447586,0.0,0.36070733473917566,1.05544257098139,0.6947352362422143,0.0009026697578866838,0.043422367054227355,15.978690558298373,0.0,88.0,2057.0,
PatchNAS,gtsrb/densenet121,303,seen,true_class,66,24.0,0.15789492557937948,0.6983081483290745,0.540413222749695,0.001894154162797368,0.030676443271588492,17.554807896132516,0.0,0.45685229929373744,1.060425562857755,0.6035732635640176,0.0010769339863771626,0.03445111795660919,17.488440587588176,0.0,119.0,2026.0,
PatchNAS,gtsrb/densenet121,303,held,failure_type,82,33.0,0.1128019613208861,0.6774871127590563,0.5646851514381701,0.0005303582187617623,0.029506328789563288,19.11978942632254,0.0,0.37220609669846405,1.0478600067755202,0.6756539100770561,-0.0009598843722894851,0.028597943116266573,23.65952654968485,0.0,217.0,3104.0,
PatchNAS,gtsrb/densenet121,303,held,true_class,82,21.0,0.19080012558340115,0.6807151162519048,0.4899149906685037,-0.00015871117547686385,0.02407971615180471,20.35213782147921,0.0,0.4627039235885613,1.0519746529349598,0.5892707293463986,-0.0009344950378578448,0.02330799656142658,25.32200581047325,0.0,272.0,3049.0,
PatchNAS,gtsrb/vgg16,101,seen,failure_type,151,70.0,0.012389853725074205,0.07153744271882168,0.059147588993747474,0.00020457728881411496,0.003750533523154883,15.715900504639572,0.0,0.5924169148567944,1.5380326051897817,0.9456156903329873,-0.02150173262386742,0.1495509692882502,6.466808122696477,0.0,195.0,11130.0,
PatchNAS,gtsrb/vgg16,101,seen,true_class,151,29.0,0.021908617719677934,0.0728678571218368,0.050959239402158865,-3.3096416023945324e-05,0.002223838212439369,22.92987660254228,0.0,0.690249637657952,1.561928527566592,0.87167888990864,-0.011093384942989046,0.09417375133821321,9.373867583036905,0.0,522.0,10803.0,
PatchNAS,gtsrb/vgg16,101,held,failure_type,190,80.0,0.26095089250378034,0.4105724555708324,0.14962156306705204,0.003866970584580138,0.047339513015030005,3.0789204027746715,0.0,2.854964033044716,6.478515221623166,3.6235511885784497,0.04264806486420348,1.9954608831171001,1.7945243397198243,0.06,335.0,17620.0,
PatchNAS,gtsrb/vgg16,101,held,true_class,190,29.0,0.3201711692340364,0.4122097785927462,0.09203860935870983,0.00023734969806163685,0.03306384797320919,2.7764844470690764,0.01,4.0415051862489255,6.530688120949686,2.489182934700761,0.11687996391796948,1.3768354139097445,1.7230112959141095,0.065,864.0,17091.0,
PatchNAS,gtsrb/vgg16,202,seen,failure_type,151,69.0,0.01644067519278495,0.08754467768624125,0.0711040024934563,0.0003663252625809844,0.006291083962380379,11.244115901588753,0.0,0.6065978506297228,1.6059954219238595,0.9993975712941366,-0.0019377197769922716,0.21215560809754583,4.7198153282189494,0.0,227.0,11098.0,
PatchNAS,gtsrb/vgg16,202,seen,true_class,151,27.0,0.02885149159462823,0.08927255773227523,0.060421066137647,8.881686817622608e-05,0.004221729331859512,14.290885206656727,0.0,0.9503546432713689,1.6209591308394415,0.6706044875680727,-0.007311932425393623,0.1275587048088507,5.3145445542428735,0.0,591.0,10734.0,
PatchNAS,gtsrb/vgg16,202,held,failure_type,190,81.0,0.3004185905696018,0.38676264467774363,0.08634405410814183,-0.0010998693451104344,0.044641035420302545,1.9588238182200481,0.05,3.7126699028084325,4.5056219466227265,0.7929520438142941,-0.021774379824077216,0.7958773985594927,1.0236833274973898,0.355,285.0,17670.0,
PatchNAS,gtsrb/vgg16,202,held,true_class,190,29.0,0.3275128045071172,0.38813716717441266,0.060624362667295484,-0.000819176689805064,0.02882408991827192,2.1316731778587434,0.035,3.9307362424997794,4.519703777503889,0.5889675350041093,-0.03545747761024824,0.5100037390265726,1.2243537935720876,0.265,813.0,17142.0,
PatchNAS,gtsrb/vgg16,303,seen,failure_type,151,71.0,0.01230952541803814,0.07893989431367812,0.06663036889563997,-0.0008454930705940882,0.004576378346957338,14.744380126776854,0.0,0.7550092090614132,1.5205067091104438,0.7654975000490306,-0.01610231117150565,0.153490114177186,5.092183398294827,0.0,185.0,11140.0,
PatchNAS,gtsrb/vgg16,303,seen,true_class,151,29.0,0.026404720348273767,0.08056798398241997,0.05416326363414621,-0.000651405186609427,0.003284214654518826,16.69034291916472,0.0,1.114900590479806,1.5287587531629798,0.4138581626831739,0.010329049485110717,0.11359056253767963,3.552488025232327,0.0,568.0,10757.0,
PatchNAS,gtsrb/vgg16,303,held,failure_type,190,80.0,0.15021718587677949,0.283262655603275,0.13304546972649553,0.00038342514825815034,0.04472522664295913,2.9661570109931583,0.0,1.8184180197318094,3.352339334272389,1.5339213145405797,0.04357651771814774,0.6521559382251391,2.2852583400162887,0.01,344.0,17611.0,
PatchNAS,gtsrb/vgg16,303,held,true_class,190,30.0,0.2306480664376454,0.2832630683037833,0.05261500186613788,-0.0021975668159966645,0.030817466866066078,1.7786201870054246,0.095,2.449473283348658,3.367430029742198,0.9179567463935401,0.027842489417547505,0.3981575506855288,2.2355830134106474,0.015,870.0,17085.0,
PatchNAS,tt100k_signs/resnet50,101,seen,failure_type,206,113.0,0.02272580609426538,0.12127920949753755,0.09855340340327218,5.162011499126477e-05,0.006439004481473452,15.297672731304395,0.0,0.45765837648629853,1.0096519715446046,0.5519935950583061,-0.001336871723752031,0.025143536493766015,22.006867128545814,0.0,267.0,20848.0,
PatchNAS,tt100k_signs/resnet50,101,seen,true_class,206,83.0,0.0479994875897183,0.12208558449059169,0.0740860969008734,0.001040395411280839,0.005732000826481999,12.743491092914002,0.0,0.6015960423274017,1.014100604214429,0.4125045618870272,0.0009309966920471096,0.019339797907071906,21.281171972495148,0.0,585.0,20530.0,
PatchNAS,tt100k_signs/resnet50,101,held,failure_type,258,148.0,0.021539868284034338,0.11655280256395373,0.09501293427991939,0.0004927001938167038,0.004930578531838347,19.170211661082895,0.0,0.4641958118708091,1.0081832897155607,0.5439874778447515,0.0015009167385968863,0.020339357561166855,26.671764801226143,0.0,343.0,32810.0,
PatchNAS,tt100k_signs/resnet50,101,held,true_class,258,91.0,0.05365123104566086,0.11712638145035942,0.06347515040469856,-0.0003705860831500316,0.0038732917602843846,16.483585648264548,0.0,0.6492260283345127,1.0114376047620062,0.36221157642749346,0.00013833688728665916,0.017588434535050945,20.585870720789092,0.0,813.0,32340.0,
PatchNAS,tt100k_signs/resnet50,202,seen,failure_type,206,118.0,0.020577703347846987,0.11910410832577537,0.09852640497792838,0.00039961026766408025,0.005665738557058895,17.31932981106049,0.0,0.45988666988003724,1.0159832488316387,0.5560965789516015,0.0003602205781687806,0.024683270286872602,22.514697278442778,0.0,228.0,20887.0,
PatchNAS,tt100k_signs/resnet50,202,seen,true_class,206,76.0,0.04819017288070774,0.12013923022924355,0.07194905734853582,0.00020860570206321773,0.006377589597849524,11.24883477284492,0.0,0.6308473382741879,1.0213714970828913,0.3905241588087034,0.0010675792359054299,0.025046869350017587,15.54911211116991,0.0,616.0,20499.0,
PatchNAS,tt100k_signs/resnet50,202,held,failure_type,258,143.0,0.01783116291545638,0.11355640558454998,0.0957252426690936,0.00014953827785906413,0.004688193783575158,20.386466256086205,0.0,0.427612805292604,1.010735889672918,0.5831230843803139,0.001159128728128726,0.024019674247908244,24.228636476143592,0.0,450.0,32703.0,
PatchNAS,tt100k_signs/resnet50,202,held,true_class,258,92.0,0.05397441084758673,0.11402866142453934,0.06005425057695261,0.0005436201148183462,0.0037366572035547993,15.92616801712337,0.0,0.6327820924049609,1.014068707878261,0.3812866154733002,0.0005489902826569599,0.01914224391704553,19.889916084065735,0.0,978.0,32175.0,
PatchNAS,tt100k_signs/resnet50,303,seen,failure_type,206,112.0,0.021919651468453007,0.1509542811831723,0.1290346297147193,-0.0001738056636551015,0.010102576213453656,12.789652127891612,0.0,0.43061030739496925,1.0246542788886137,0.5940439714936445,0.002764352213100198,0.025465747498106657,23.21862412643833,0.0,301.0,20814.0,
PatchNAS,tt100k_signs/resnet50,303,seen,true_class,206,79.0,0.05943596736684575,0.15158048185286058,0.09214451448601482,0.0005214896878030613,0.008578468783943992,10.680580310441725,0.0,0.6053102041981765,1.0274826081723367,0.4221724039741602,0.0007564509325072999,0.020363880592498832,20.694285212818915,0.0,565.0,20550.0,
PatchNAS,tt100k_signs/resnet50,303,held,failure_type,258,141.0,0.030429909793956187,0.13143565260791462,0.10100574281395844,0.00019465133176837013,0.0056194522443386305,17.939665127648958,0.0,0.47879681745535757,1.0101799582831592,0.5313831408278016,-0.0026411529111084174,0.01947515167229104,27.42080281055224,0.0,360.0,32793.0,
PatchNAS,tt100k_signs/resnet50,303,held,true_class,258,89.0,0.07046107106959953,0.1321665895280477,0.061705518458448155,2.3884422910730938e-05,0.0053036978966788904,11.629929763256644,0.0,0.661088105806416,1.01488948762431,0.353801381817894,-0.0011706928311535786,0.02102552069551682,16.882914804951955,0.0,982.0,32171.0,
PatchNAS,tt100k_signs/convnext_tiny,101,seen,failure_type,173,92.0,0.0349583368918969,0.262769315470191,0.2278109785782941,-0.00027287590118467696,0.009478799819143803,24.06252466633677,0.0,0.37559821895113593,0.9816083762502222,0.6060101572990864,0.0014646563644721599,0.020911861420726808,28.90921514554937,0.0,283.0,14595.0,
PatchNAS,tt100k_signs/convnext_tiny,101,seen,true_class,173,69.0,0.06737093914398674,0.26420424035182566,0.19683330120783893,-3.294993441381067e-05,0.007466158494042254,26.367810336865688,0.0,0.4464703021626485,0.9858889001240999,0.5394185979614514,-0.0008440140525985889,0.016966775655411923,31.84238555131005,0.0,436.0,14442.0,
PatchNAS,tt100k_signs/convnext_tiny,101,held,failure_type,218,117.0,0.04341211485115992,0.2625206445170436,0.21910852966588368,0.0005258848321134484,0.008513054408516765,25.676171479582717,0.0,0.40493156418471055,0.9895014553434569,0.5845698911587464,-0.002825615363447365,0.017580326620351576,33.4120929134953,0.0,266.0,23387.0,
PatchNAS,tt100k_signs/convnext_tiny,101,held,true_class,218,87.0,0.12138040976346479,0.2633886833687672,0.1420082736053024,-8.567379522944174e-05,0.007560074836803288,18.795309629741674,0.0,0.5775806934951311,0.9926671160836765,0.41508642258854545,-0.0019140380933217243,0.01633755422163024,25.5240444805534,0.0,555.0,23098.0,
PatchNAS,tt100k_signs/convnext_tiny,202,seen,failure_type,174,99.0,0.030422403207125765,0.2274937584839565,0.19707135527683073,-0.0012388807911889125,0.00861441894418268,23.02073271917172,0.0,0.39225337273600425,0.9921245832849804,0.5998712105489762,-0.0019692666140194628,0.021599103562451403,27.864141462861028,0.0,197.0,14854.0,
PatchNAS,tt100k_signs/convnext_tiny,202,seen,true_class,174,77.0,0.06934947900014357,0.22835840895065854,0.15900892995051497,-0.0005732637454600036,0.006851578006264568,23.291305087203803,0.0,0.5059578562458733,0.9948624932704879,0.4889046370246146,-0.00048370133514491265,0.016888823291303715,28.9770536342088,0.0,326.0,14725.0,
PatchNAS,tt100k_signs/convnext_tiny,202,held,failure_type,217,118.0,0.036587280984505074,0.2266387315706896,0.1900514505861845,0.0009286636469681661,0.008285208010497324,22.826558690713856,0.0,0.40520608058869595,0.9907710823243088,0.5855650017356129,0.0015369573195132603,0.01940001894891561,30.10450896588635,0.0,343.0,23093.0,
PatchNAS,tt100k_signs/convnext_tiny,202,held,true_class,217,85.0,0.09812499967108272,0.2278309673288046,0.12970596765772185,0.00036837529246746046,0.006822713866790151,18.956912875366747,0.0,0.5755977710545317,0.9950516370340714,0.4194538659795397,0.0004243833555045784,0.015644217617477422,26.784943347318208,0.0,718.0,22718.0,
PatchNAS,tt100k_signs/convnext_tiny,303,seen,failure_type,174,103.0,0.03759790013470446,0.22960189266724865,0.1920039925325442,-0.0007671615270736476,0.006790859003933358,28.386858557890143,0.0,0.4098242657800679,1.002623423734281,0.5927991579542131,0.0010408550204081318,0.0222573599731196,26.587084165502528,0.0,173.0,14878.0,
PatchNAS,tt100k_signs/convnext_tiny,303,seen,true_class,174,79.0,0.08016765504138298,0.2311054671658142,0.15093781212443122,-0.0005387490988076229,0.006415817191712154,23.609862418664903,0.0,0.5395315484502867,1.0073090541088467,0.46777750565856,0.0015589663815328719,0.017916610465473236,26.021581489950158,0.0,370.0,14681.0,
PatchNAS,tt100k_signs/convnext_tiny,303,held,failure_type,218,113.0,0.03241421777028121,0.21986478479426566,0.18745056702398444,-0.00021857866697174322,0.007145362172899683,26.264469333194494,0.0,0.41257585482389886,0.9862567068216014,0.5736808519977026,0.0012474640620850292,0.02063412205947358,27.742076268520414,0.0,393.0,23260.0,
PatchNAS,tt100k_signs/convnext_tiny,303,held,true_class,218,84.0,0.0772344834434789,0.22059285891633754,0.14335837547285862,-0.00026266767809799807,0.005826982111304483,24.647586071644326,0.0,0.5479175189460961,0.9885352797517014,0.44061776080560533,0.00011935715882682107,0.01573152035456576,28.00100649464129,0.0,634.0,23019.0,
PatchNAS,tt100k_signs/densenet121,101,seen,failure_type,250,131.0,0.1557176195535158,0.4425494854244922,0.2868318658709764,3.7131725565146546e-05,0.01411375421072225,20.320230170028925,0.0,0.5348185129530293,1.0213111159665287,0.4864926030134994,0.0001760669512934393,0.022782169857586944,21.346365999413614,0.0,372.0,30753.0,
PatchNAS,tt100k_signs/densenet121,101,seen,true_class,250,85.0,0.20485970283357038,0.44480287214508935,0.23994316931151896,-0.0008617623579461633,0.010031041847412511,24.00597418577955,0.0,0.6301844267902741,1.0248416254308526,0.39465719864057847,-0.00135399403635797,0.01834564903852689,21.586109699564442,0.0,737.0,30388.0,
PatchNAS,tt100k_signs/densenet121,101,held,failure_type,312,141.0,0.12860123000541776,0.4354710713123614,0.3068698413069436,-7.75600126787479e-05,0.01383105263265265,22.192627665430294,0.0,0.5229521312893871,1.031054740811404,0.5081026095220168,-0.0006722037621453247,0.020968645509651003,24.263599335766845,0.0,716.0,47800.0,
PatchNAS,tt100k_signs/densenet121,101,held,true_class,312,92.0,0.20171378956042085,0.4379892463387969,0.23627545677837603,-0.0002745902351443821,0.010312393028513875,22.93842431494985,0.0,0.6540397026687584,1.0349158657933377,0.3808761631245793,-0.00038028680176713627,0.015747895261696027,24.209994006594357,0.0,1447.0,47069.0,
PatchNAS,tt100k_signs/densenet121,202,seen,failure_type,250,134.0,0.12302256177137809,0.37786322480899354,0.25484066303761543,-0.0006269116440501718,0.015244520480357779,16.757993470117462,0.0,0.48573278350484733,1.0163057086766336,0.5305729251717863,0.0037525716222587806,0.022261321362342924,23.66527776814846,0.0,357.0,30768.0,
PatchNAS,tt100k_signs/densenet121,202,seen,true_class,250,83.0,0.1795123565476888,0.37947595357351743,0.19996359702582864,-0.0002593553824958575,0.01176584363562888,17.017305226205767,0.0,0.6133079443839713,1.0194321062342224,0.40612416185025113,0.00016635764604901627,0.014586207764662965,27.831620852121514,0.0,706.0,30419.0,
PatchNAS,tt100k_signs/densenet121,202,held,failure_type,312,127.0,0.11881853454930068,0.35960450882726464,0.24078597427796394,-0.0013613964196236023,0.014748304046608441,16.418658709226552,0.0,0.5057245226808982,1.0158238165002338,0.5100992938193356,-0.0002320147661880234,0.01746967088524267,29.212416874287456,0.0,790.0,47726.0,
PatchNAS,tt100k_signs/densenet121,202,held,true_class,312,82.0,0.1858054892760515,0.3618148070240348,0.17600931774798328,-0.00034292561073347134,0.012295818499503513,14.342456612505716,0.0,0.6264760317986202,1.0212699215279633,0.39479388972934304,-0.0001868421693601674,0.014795518524287992,26.695970893052223,0.0,1690.0,46826.0,
PatchNAS,tt100k_signs/densenet121,303,seen,failure_type,250,121.0,0.1343492150627505,0.4380026190671775,0.30365340400442703,0.00031178759068793916,0.012432101431717246,24.399866591776885,0.0,0.5041225918813288,1.0262333708076652,0.5221107789263364,-0.002598596481599712,0.022962334954620793,22.85087193536893,0.0,424.0,30701.0,
PatchNAS,tt100k_signs/densenet121,303,seen,true_class,250,82.0,0.1921074011188025,0.44080157487513316,0.24869417375633066,0.0005977165014075137,0.010363532192104397,23.939372468008496,0.0,0.6160188269062616,1.0306849441243078,0.41466611721804614,0.0002668948749305516,0.01662184681729873,24.930997552384493,0.0,868.0,30257.0,
PatchNAS,tt100k_signs/densenet121,303,held,failure_type,312,139.0,0.12132706065123341,0.43801790205653895,0.31669084140530557,-0.0012100075223125803,0.0118144053848574,26.90790086720453,0.0,0.49305825267239967,1.0265540661829577,0.5334958135105581,-0.0006608335415643752,0.019672803815347792,27.15203445521307,0.0,639.0,47877.0,
PatchNAS,tt100k_signs/densenet121,303,held,true_class,312,86.0,0.2051329032567908,0.4403183201430499,0.2351854168862591,-0.000721630072884027,0.008804654767977123,26.79344655174362,0.0,0.650513444976043,1.0299687967837925,0.3794553518077495,-0.000593043817504128,0.01542537408573252,24.63787221550342,0.0,1335.0,47181.0,
PatchNAS,tt100k_signs/vgg16,101,seen,failure_type,262,155.0,0.006262638328476724,0.04334541970456611,0.037082781376089384,0.000132893463152763,0.0021666352948655197,17.05404134394294,0.0,0.6736656503993591,1.2906804474491733,0.6170147970498142,0.0003165281125270358,0.08433887953401144,7.312146809838496,0.0,256.0,33935.0,
PatchNAS,tt100k_signs/vgg16,101,seen,true_class,262,96.0,0.015805400680380104,0.043504425951498164,0.02769902527111806,0.00019051575084882923,0.001514511969405088,18.16328299664182,0.0,0.8866007592831379,1.2924587418708047,0.4058579825876668,0.004628802660537318,0.05910128180258142,6.7888405747371765,0.0,539.0,33652.0,
PatchNAS,tt100k_signs/vgg16,101,held,failure_type,328,178.0,0.2189130395582382,0.2546972815051178,0.03578424194687957,0.0017367856138550742,0.048733631884191435,0.6986439347109364,0.495,2.2070276512852076,3.041973671011454,0.8349460197262464,-0.00047955742458716586,0.740760633066122,1.1277942426445517,0.25,415.0,53213.0,
PatchNAS,tt100k_signs/vgg16,101,held,true_class,328,100.0,0.30778670654390056,0.2532768662226275,-0.05450984032127304,0.005344299265537688,0.049558842171187965,-1.2077388607839672,0.29,3.92601001776964,3.016431445075996,-0.9095785726936443,0.07564855984733578,0.745027864486864,-1.322403066384947,0.2,1125.0,52503.0,
PatchNAS,tt100k_signs/vgg16,202,seen,failure_type,262,157.0,0.03708510011580294,0.151457918380405,0.11437281826460208,-0.0008107504074740327,0.011474521048072523,10.03820274323226,0.0,0.6282622273259808,1.3082283953854972,0.6799661680595164,0.0040544847372115545,0.11789299218079215,5.733264300222716,0.0,243.0,33948.0,
PatchNAS,tt100k_signs/vgg16,202,seen,true_class,262,92.0,0.09235186997077278,0.15175171220524372,0.05939984223447094,-0.0004936240676896887,0.009771258413351417,6.129555044229802,0.0,1.0430715233859635,1.3083378651543842,0.2652663417684207,0.0021738696043531636,0.09370371818142743,2.807705790840284,0.01,637.0,33554.0,
PatchNAS,tt100k_signs/vgg16,202,held,failure_type,328,181.0,0.14480179649252728,0.2761808655996884,0.13137906910716113,-0.001172314890367146,0.03183165306099464,4.1641376192236725,0.0,2.8002714770027253,4.754723197224841,1.9544517202221159,0.02778975068958606,1.5310710687268316,1.2583752700215247,0.165,436.0,53192.0,
PatchNAS,tt100k_signs/vgg16,202,held,true_class,328,103.0,0.22808859289030872,0.2760190130584748,0.047930420168166094,-0.00044948113940012925,0.02329359354378784,2.076961685389745,0.055,4.391955425458192,4.745518528706092,0.3535631032479003,-0.15387592674883172,1.4161855595768387,0.3583139416758339,0.81,1014.0,52614.0,
PatchNAS,tt100k_signs/vgg16,303,seen,failure_type,262,150.0,0.005118181355951879,0.04259797326213501,0.037479791906183134,0.00011137675228733095,0.0038570822523185428,9.688259855424368,0.0,0.7335593392833233,1.3687479625511505,0.6351886232678272,0.009953216035481022,0.14366588912428063,4.35201014687017,0.0,347.0,33844.0,
PatchNAS,tt100k_signs/vgg16,303,seen,true_class,262,92.0,0.013364708217879955,0.04279956059253845,0.029434852374658496,-7.847396422026531e-05,0.0029260766605421745,10.086313433539335,0.0,1.0846770680874962,1.3679012214615935,0.28322415337409734,0.008956302460512815,0.10605007757869316,2.586210752250334,0.005,676.0,33515.0,
PatchNAS,tt100k_signs/vgg16,303,held,failure_type,328,180.0,0.10681306218887572,0.15871977147851402,0.051906709289638295,0.000592548161269919,0.03503125232907819,1.4648109249668337,0.14,1.0744623245135518,1.7186094605940152,0.6441471360804634,0.025955151803562206,0.22242711480839067,2.7793013671317093,0.01,345.0,53283.0,
PatchNAS,tt100k_signs/vgg16,303,held,true_class,328,102.0,0.13177595955471913,0.15887653366916443,0.027100574114445303,1.1333231429055402e-05,0.03655335308471578,0.7410877141556163,0.49,1.3653436309433524,1.7209033694502553,0.3555597385069029,0.030351141031453664,0.20969840088391478,1.5508396635505484,0.07,971.0,52657.0,
PatchNAS,lisa_signs/resnet50,101,seen,failure_type,27,17.0,0.11705062127771787,0.43684028562196187,0.319789664344244,0.004147360964709507,0.060870054542698726,5.185510440982672,0.0,0.5087364579700578,1.0250052433213415,0.5162687853512836,0.0023184850539617265,0.07324450155937905,7.016913069899825,0.0,18.0,333.0,
PatchNAS,lisa_signs/resnet50,101,seen,true_class,27,12.0,0.1603082400019056,0.444752271324159,0.2844440313222534,0.0009585223904374101,0.0459366940417674,6.171221391506513,0.0,0.5866329090548987,1.0370249688405633,0.45039205978566454,-0.0024192085473848856,0.05557915949178147,8.14714134696225,0.0,30.0,321.0,
PatchNAS,lisa_signs/resnet50,101,held,failure_type,34,20.0,0.051883543225470716,0.3695003185923044,0.3176167753668337,-0.015009370807319457,0.11289725941591477,2.946272990966135,0.0,0.5143070644491767,1.2568831060969086,0.7425760416477318,0.008551539629204644,0.2551705396088754,2.8766036359086007,0.0,43.0,518.0,
PatchNAS,lisa_signs/resnet50,101,held,true_class,34,13.0,0.17148821990214694,0.3679141594674786,0.19642593956533164,-0.00319031863538462,0.0741618522027584,2.6916298915010115,0.0,0.7518847088233628,1.2586857795483766,0.5068010707250138,0.004590968892860284,0.16770624365625464,2.9945820196088384,0.0,65.0,496.0,
PatchNAS,lisa_signs/resnet50,202,seen,failure_type,27,19.0,0.06887065714219345,0.4431643086967297,0.3742936515545362,0.0018404202990115047,0.07186060500025376,5.182996041419724,0.0,0.54019779028075,1.012491495043362,0.4722937047626121,0.0026321710705996463,0.08625607394406058,5.444967666754179,0.0,14.0,337.0,
PatchNAS,lisa_signs/resnet50,202,seen,true_class,27,12.0,0.16120245945497227,0.44871318940004395,0.28751072994507165,0.005380326266348389,0.04512974935937804,6.251539343278993,0.0,0.6030475051557969,1.0236080222841983,0.4205605171284015,0.0028170580997784506,0.05591100973162449,7.471577798833181,0.0,25.0,326.0,
PatchNAS,lisa_signs/resnet50,202,held,failure_type,34,16.0,0.10288685654296491,0.3761828309770856,0.2732959744341207,0.002905993006136967,0.05089825647457946,5.312362350913031,0.0,0.5683564613586387,1.035184221857119,0.4668277604984803,-0.0006344476694028972,0.06337726207104268,7.375866247369696,0.0,41.0,520.0,
PatchNAS,lisa_signs/resnet50,202,held,true_class,34,11.0,0.23651385926788643,0.37355295758842066,0.13703909832053424,-0.0008910697967008806,0.041382454976012895,3.3330590994142932,0.0,0.7319016006373172,1.0400681564003196,0.30816655576300234,-0.0002242746782572108,0.050731552542159185,6.0788762610586415,0.0,71.0,490.0,
PatchNAS,lisa_signs/resnet50,303,seen,failure_type,27,15.0,0.07627708919559763,0.388134423664594,0.3118573344689964,0.007429924633286617,0.05515523770752975,5.519465104011873,0.0,0.5208714331159227,1.0461035936724812,0.5252321605565585,0.0035829578904506233,0.07033366632982208,7.416778192856802,0.0,22.0,329.0,
PatchNAS,lisa_signs/resnet50,303,seen,true_class,27,8.0,0.19160527634028335,0.3986748408486671,0.20706956450838376,0.004066422671031979,0.04204448152180019,4.828294570055901,0.0,0.6577367208334153,1.0736089369476414,0.4158722161142261,-0.0058537455985724325,0.05418962821761593,7.782411054961283,0.0,51.0,300.0,
PatchNAS,lisa_signs/resnet50,303,held,failure_type,34,22.0,0.0658943680181684,0.3439697424139634,0.278075374395795,0.001858210212581065,0.06335749798156937,4.359660229310279,0.0,0.5282210791142662,1.0333951233635819,0.5051740442493157,-0.011541452589954551,0.08794130232199261,5.875686204207745,0.0,28.0,533.0,
PatchNAS,lisa_signs/resnet50,303,held,true_class,34,17.0,0.07302871071885118,0.34824208533311785,0.27521337461426665,0.0015047598236486376,0.04842665096946775,5.652024439136521,0.0,0.544327749027118,1.0409344737671475,0.49660672474002954,-0.010563979514597041,0.06793125786018894,7.4659401315809815,0.0,37.0,524.0,
PatchNAS,lisa_signs/convnext_tiny,101,seen,failure_type,10,,,,,,,,,,,,,,,,,,too few vectors or one group only
PatchNAS,lisa_signs/convnext_tiny,101,seen,true_class,10,,,,,,,,,,,,,,,,,,too few vectors or one group only
PatchNAS,lisa_signs/convnext_tiny,101,held,failure_type,14,11.0,0.03847032649261006,0.3485360011659297,0.31006567467331964,-0.00027012296384298917,0.09269976007322485,3.3477518969701348,0.0,0.4020163536030075,1.0119041160902464,0.609887762487239,-0.004503318636057573,0.11231942545206978,5.470034044823407,0.0,6.0,85.0,
PatchNAS,lisa_signs/convnext_tiny,101,held,true_class,14,6.0,0.16495026482749828,0.38327244069157684,0.21832217586407857,-0.0015440975876458833,0.05673744799813542,3.875152676149178,0.0,0.7174156352467086,1.0576968879208044,0.3402812526740958,-0.0028209381338117918,0.070970458022838,4.834436755257579,0.0,23.0,68.0,
PatchNAS,lisa_signs/convnext_tiny,202,seen,failure_type,10,,,,,,,,,,,,,,,,,,too few vectors or one group only
PatchNAS,lisa_signs/convnext_tiny,202,seen,true_class,10,8.0,0.1313820866538876,0.33058773746658093,0.19920565081269334,0.0008920782674124817,0.06833143131884954,2.9022306238106403,0.02,0.6829606986134275,1.0302945929930556,0.34733389437962814,0.014233086041488407,0.13003429677572156,2.5616380954487585,0.01,3.0,42.0,
PatchNAS,lisa_signs/convnext_tiny,202,held,failure_type,14,11.0,0.0509272789665339,0.377843546910556,0.32691626794402207,0.004720239356761286,0.05806411015785079,5.548970400231786,0.0,0.3450863907799505,1.0127890552550545,0.667702664475104,0.006293883202127465,0.10323737022601875,6.40667986620097,0.0,4.0,87.0,
PatchNAS,lisa_signs/convnext_tiny,202,held,true_class,14,8.0,0.22772794783710423,0.3840931939625223,0.15636524612541805,0.0029578061891636026,0.03950275638051475,3.8834616616282807,0.0,0.7125136994601337,1.0245927718580754,0.31207907239794175,0.002665180033403064,0.0757823334119373,4.082929073700396,0.0,12.0,79.0,
PatchNAS,lisa_signs/convnext_tiny,303,seen,failure_type,10,,,,,,,,,,,,,,,,,,too few vectors or one group only
PatchNAS,lisa_signs/convnext_tiny,303,seen,true_class,10,6.0,0.1770547471187205,0.2939296676314968,0.11687492051277631,0.0024001938505230557,0.0319176637235714,3.5865634668657274,0.0,0.7784768061310767,1.0234004747555716,0.24492366862449488,0.006011901725638805,0.06928045012479617,3.4484730752333648,0.0,7.0,38.0,
PatchNAS,lisa_signs/convnext_tiny,303,held,failure_type,14,,,,,,,,,,,,,,,,,,too few vectors or one group only
PatchNAS,lisa_signs/convnext_tiny,303,held,true_class,14,9.0,0.1721576259404557,0.39878121302981845,0.22662358708936275,-0.005927598570023915,0.05946723533769857,3.910576712283326,0.0,0.630148720135657,1.0200634708147105,0.38991475067905346,-0.006443328125389369,0.07788874628819764,5.088772097226753,0.0,8.0,83.0,
PatchNAS,lisa_signs/densenet121,101,seen,failure_type,13,,,,,,,,,,,,,,,,,,too few vectors or one group only
PatchNAS,lisa_signs/densenet121,101,seen,true_class,13,10.0,0.16542789629287977,0.8361543771696334,0.6707264808767536,-0.014317905053312385,0.1666853105512511,4.109806578998597,0.0,0.3919106043202685,0.9809854184852833,0.5890748141650148,-0.017292364991865376,0.11657850538600435,5.20136346871089,0.0,3.0,75.0,
PatchNAS,lisa_signs/densenet121,101,held,failure_type,17,,,,,,,,,,,,,,,,,,too few vectors or one group only
PatchNAS,lisa_signs/densenet121,101,held,true_class,17,10.0,0.4738893779800522,0.6464953228266134,0.17260594484656117,-0.00033429685871963597,0.08852125737736986,1.9536577634237116,0.035,0.8257446890519825,1.0099549641795076,0.18421027512752508,-0.0036992004044123384,0.07739140441962652,2.4280406453233376,0.01,10.0,126.0,
PatchNAS,lisa_signs/densenet121,202,seen,failure_type,13,,,,,,,,,,,,,,,,,,too few vectors or one group only
PatchNAS,lisa_signs/densenet121,202,seen,true_class,13,8.0,0.3376481573404531,0.8366861520511288,0.4990379947106757,0.013407636227593613,0.1007428045134792,4.820496717592224,0.0,0.6342084422546259,1.0039383380461984,0.36972989579157245,0.008554934947288949,0.08640922622655446,4.179819408325066,0.0,6.0,72.0,
PatchNAS,lisa_signs/densenet121,202,held,failure_type,17,,,,,,,,,,,,,,,,,,too few vectors or one group only
PatchNAS,lisa_signs/densenet121,202,held,true_class,17,11.0,0.32783160948750156,0.6562388315777355,0.328407222090234,-0.0021364370591777874,0.09033374108784632,3.6591383813531064,0.005,0.6366760779016738,1.0234180461060622,0.38674196820438844,0.006633497932437002,0.07882480880671336,4.822193368070131,0.0,7.0,129.0,
PatchNAS,lisa_signs/densenet121,303,seen,failure_type,13,,,,,,,,,,,,,,,,,,too few vectors or one group only
PatchNAS,lisa_signs/densenet121,303,seen,true_class,13,10.0,0.22329469580011377,0.7805890813721224,0.5572943855720086,-0.005764149001993488,0.12000343100360006,4.692020301923022,0.0,0.47918736438711923,0.9820978797329565,0.5029105153458373,0.002148605471420882,0.09640785083258187,5.194202604296468,0.0,3.0,75.0,
PatchNAS,lisa_signs/densenet121,303,held,failure_type,17,,,,,,,,,,,,,,,,,,too few vectors or one group only
PatchNAS,lisa_signs/densenet121,303,held,true_class,17,12.0,0.36001806104007,0.7735433859544601,0.41352532491439015,-0.00941316910619872,0.11315736764990142,3.7376134033568578,0.005,0.6103221504327182,1.0122810031348952,0.401958852702177,0.0058574756145824995,0.10033568078767932,3.9477618926196176,0.0,7.0,129.0,
PatchNAS,lisa_signs/vgg16,101,seen,failure_type,28,18.0,0.018056738370687792,0.13848028223420042,0.12042354386351263,-0.0008281409413024052,0.032101527891990445,3.7771312695459285,0.0,0.672770114180602,1.2291944981663725,0.5564243839857705,0.010819449393701101,0.19494265469910185,2.798797089489848,0.005,14.0,364.0,
PatchNAS,lisa_signs/vgg16,101,seen,true_class,28,14.0,0.023922353924310233,0.1404964919832719,0.11657413805896168,-0.0007612287196894996,0.02023702331940851,5.7980546309061936,0.0,0.6815723200132378,1.2395870033916248,0.558014683378387,0.0021847851245995276,0.1280957919774743,4.339173751681017,0.0,21.0,357.0,
PatchNAS,lisa_signs/vgg16,101,held,failure_type,36,29.0,0.8006973920033347,0.8312715112713565,0.030574119268021782,0.015671453457220118,0.27124364834567943,0.054941989984423185,0.835,3.1702099053870336,3.1486744953550065,-0.02153541003202708,0.06871099286869892,2.2329183961672827,-0.04041634618425376,1.0,9.0,621.0,
PatchNAS,lisa_signs/vgg16,101,held,true_class,36,21.0,0.8607196859990818,0.8292881047772468,-0.03143158122183498,0.003614275923091984,0.14500498498888104,-0.24168725749237235,0.87,3.2536396751550103,3.1435658110753537,-0.11007386407965658,-0.018770821608549593,1.569344853255377,-0.058179081724232855,0.98,31.0,599.0,
PatchNAS,lisa_signs/vgg16,202,seen,failure_type,28,21.0,0.017440547522245615,0.16795899259597089,0.15051844507372528,-0.001852392478664512,0.05574478490156712,2.7333648846023784,0.005,0.8210861070773934,1.2962883746104275,0.4752022675330341,0.01928292553519151,0.2762223382215879,1.650552033306045,0.07,9.0,369.0,
PatchNAS,lisa_signs/vgg16,202,seen,true_class,28,13.0,0.030302793517406727,0.1730616026611637,0.14275880914375697,-0.0022706867602415087,0.030119509082124594,4.8151347853559745,0.0,0.9093483496832384,1.3093103469076897,0.39996199722445125,0.013019429260340458,0.1503441843354879,2.5737115783480387,0.005,23.0,355.0,
PatchNAS,lisa_signs/vgg16,202,held,failure_type,36,26.0,0.9200092084930392,0.6772752829211072,-0.24273392557193207,-0.022491014072782634,0.21092651820113334,-1.0441689047751126,0.29,38.666414697811454,18.22951913626004,-20.436895561551413,-0.6450690631351799,10.793166063908405,-1.8337368647182117,0.05,12.0,618.0,
PatchNAS,lisa_signs/vgg16,202,held,true_class,36,18.0,0.8773842066649244,0.669350735631577,-0.20803347103334746,-0.01161619708524666,0.1494246477104555,-1.3144904602846366,0.13,26.04543055318517,18.142083516151025,-7.903347037034145,-0.7750337605825564,8.977175479267082,-0.7940485615897492,0.435,38.0,592.0,
PatchNAS,lisa_signs/vgg16,303,seen,failure_type,28,20.0,0.1015581297357527,0.22803261506293054,0.12647448532717784,-0.004031205734006438,0.06234691434753371,2.0932181235406007,0.055,0.8087505118694824,1.0605925371761011,0.2518420253066187,0.006339580275180712,0.12860189526689353,1.9090110959875533,0.04,10.0,368.0,
PatchNAS,lisa_signs/vgg16,303,seen,true_class,28,15.0,0.14962040137545682,0.23069203543429478,0.08107163405883797,-0.006114826872758416,0.0543572657555156,1.6039522907964823,0.16,0.8603235568792247,1.0694185691625193,0.20909501228329463,0.00044613338338097555,0.10006677322763204,2.0850965027441606,0.025,28.0,350.0,
PatchNAS,lisa_signs/vgg16,303,held,failure_type,36,24.0,0.7211932510641051,0.7265301884507473,0.005336937386642204,-0.026041835035376052,0.21845013404659538,0.14364272450014393,0.985,2.7553353888311296,7.805846187956053,5.050510799124924,0.318895099865232,5.4812976298709835,0.8632291144843742,0.34,19.0,611.0,
PatchNAS,lisa_signs/vgg16,303,held,true_class,36,17.0,0.6543122987617697,0.7306078763982566,0.07629557763648698,-0.007420888156185515,0.15051694843551677,0.556192951440159,0.615,2.980359008053314,7.9284215595749155,4.948062551521602,0.3424177981863091,3.848008122044841,1.196890600866675,0.225,35.0,595.0,
