rq,method,variant,setting,label,dataset,backbone,seed,metric,value,note,source
RQ1,"DynaPatch-NoGate (40ep, no early stop)",ep40ns,gtsrb/resnet50,G-RN,gtsrb,resnet50,101,RR_seen,1.0,,outputs/patch_ablation
RQ1,"DynaPatch-NoGate (40ep, no early stop)",ep40ns,gtsrb/resnet50,G-RN,gtsrb,resnet50,101,RR_held,0.6875,,outputs/patch_ablation
RQ1,"DynaPatch-NoGate (40ep, no early stop)",ep40ns,gtsrb/resnet50,G-RN,gtsrb,resnet50,101,Reg,0.008377,,outputs/patch_ablation
RQ1,"DynaPatch-NoGate (40ep, no early stop)",ep40ns,gtsrb/resnet50,G-RN,gtsrb,resnet50,101,CReg,0.0,,outputs/patch_ablation
RQ1,"DynaPatch-NoGate (40ep, no early stop)",ep40ns,gtsrb/resnet50,G-RN,gtsrb,resnet50,202,RR_seen,1.0,,outputs/patch_ablation
RQ1,"DynaPatch-NoGate (40ep, no early stop)",ep40ns,gtsrb/resnet50,G-RN,gtsrb,resnet50,202,RR_held,0.75,,outputs/patch_ablation
RQ1,"DynaPatch-NoGate (40ep, no early stop)",ep40ns,gtsrb/resnet50,G-RN,gtsrb,resnet50,202,Reg,0.004588,,outputs/patch_ablation
RQ1,"DynaPatch-NoGate (40ep, no early stop)",ep40ns,gtsrb/resnet50,G-RN,gtsrb,resnet50,202,CReg,0.000506,,outputs/patch_ablation
RQ1,"DynaPatch-NoGate (40ep, no early stop)",ep40ns,gtsrb/resnet50,G-RN,gtsrb,resnet50,303,RR_seen,1.0,,outputs/patch_ablation
RQ1,"DynaPatch-NoGate (40ep, no early stop)",ep40ns,gtsrb/resnet50,G-RN,gtsrb,resnet50,303,RR_held,0.666667,,outputs/patch_ablation
RQ1,"DynaPatch-NoGate (40ep, no early stop)",ep40ns,gtsrb/resnet50,G-RN,gtsrb,resnet50,303,Reg,0.00728,,outputs/patch_ablation
RQ1,"DynaPatch-NoGate (40ep, no early stop)",ep40ns,gtsrb/resnet50,G-RN,gtsrb,resnet50,303,CReg,0.000519,,outputs/patch_ablation
RQ1,FixedPatch (best lr),fixed60_lr1e1,gtsrb/resnet50,G-RN,gtsrb,resnet50,101,RR_seen,0.736842,"best of lr {1e-2,1e-1} on RR_held",outputs/patch_ablation
RQ1,FixedPatch (best lr),fixed60_lr1e1,gtsrb/resnet50,G-RN,gtsrb,resnet50,101,RR_held,0.541667,"best of lr {1e-2,1e-1} on RR_held",outputs/patch_ablation
RQ1,FixedPatch (best lr),fixed60_lr1e1,gtsrb/resnet50,G-RN,gtsrb,resnet50,101,Reg,0.011868,"best of lr {1e-2,1e-1} on RR_held",outputs/patch_ablation
RQ1,FixedPatch (best lr),fixed60_lr1e1,gtsrb/resnet50,G-RN,gtsrb,resnet50,101,CReg,0.0,"best of lr {1e-2,1e-1} on RR_held",outputs/patch_ablation
RQ1,FixedPatch (best lr),fixed60_lr1e1,gtsrb/resnet50,G-RN,gtsrb,resnet50,202,RR_seen,0.684211,"best of lr {1e-2,1e-1} on RR_held",outputs/patch_ablation
RQ1,FixedPatch (best lr),fixed60_lr1e1,gtsrb/resnet50,G-RN,gtsrb,resnet50,202,RR_held,0.4375,"best of lr {1e-2,1e-1} on RR_held",outputs/patch_ablation
RQ1,FixedPatch (best lr),fixed60_lr1e1,gtsrb/resnet50,G-RN,gtsrb,resnet50,202,Reg,0.010073,"best of lr {1e-2,1e-1} on RR_held",outputs/patch_ablation
RQ1,FixedPatch (best lr),fixed60_lr1e1,gtsrb/resnet50,G-RN,gtsrb,resnet50,202,CReg,0.0,"best of lr {1e-2,1e-1} on RR_held",outputs/patch_ablation
RQ1,FixedPatch (best lr),fixed60_lr1e1,gtsrb/resnet50,G-RN,gtsrb,resnet50,303,RR_seen,0.789474,"best of lr {1e-2,1e-1} on RR_held",outputs/patch_ablation
RQ1,FixedPatch (best lr),fixed60_lr1e1,gtsrb/resnet50,G-RN,gtsrb,resnet50,303,RR_held,0.583333,"best of lr {1e-2,1e-1} on RR_held",outputs/patch_ablation
RQ1,FixedPatch (best lr),fixed60_lr1e1,gtsrb/resnet50,G-RN,gtsrb,resnet50,303,Reg,0.014261,"best of lr {1e-2,1e-1} on RR_held",outputs/patch_ablation
RQ1,FixedPatch (best lr),fixed60_lr1e1,gtsrb/resnet50,G-RN,gtsrb,resnet50,303,CReg,0.0,"best of lr {1e-2,1e-1} on RR_held",outputs/patch_ablation
RQ1,"DynaPatch-NoGate (40ep, no early stop)",ep40ns_lastaffine,gtsrb/convnext_tiny,G-CN,gtsrb,convnext_tiny,101,RR_seen,0.965517,,outputs/patch_ablation
RQ1,"DynaPatch-NoGate (40ep, no early stop)",ep40ns_lastaffine,gtsrb/convnext_tiny,G-CN,gtsrb,convnext_tiny,101,RR_held,0.824885,,outputs/patch_ablation
RQ1,"DynaPatch-NoGate (40ep, no early stop)",ep40ns_lastaffine,gtsrb/convnext_tiny,G-CN,gtsrb,convnext_tiny,101,Reg,0.000717,,outputs/patch_ablation
RQ1,"DynaPatch-NoGate (40ep, no early stop)",ep40ns_lastaffine,gtsrb/convnext_tiny,G-CN,gtsrb,convnext_tiny,101,CReg,0.0,,outputs/patch_ablation
RQ1,"DynaPatch-NoGate (40ep, no early stop)",ep40ns_lastaffine,gtsrb/convnext_tiny,G-CN,gtsrb,convnext_tiny,202,RR_seen,0.95977,,outputs/patch_ablation
RQ1,"DynaPatch-NoGate (40ep, no early stop)",ep40ns_lastaffine,gtsrb/convnext_tiny,G-CN,gtsrb,convnext_tiny,202,RR_held,0.870968,,outputs/patch_ablation
RQ1,"DynaPatch-NoGate (40ep, no early stop)",ep40ns_lastaffine,gtsrb/convnext_tiny,G-CN,gtsrb,convnext_tiny,202,Reg,0.00082,,outputs/patch_ablation
RQ1,"DynaPatch-NoGate (40ep, no early stop)",ep40ns_lastaffine,gtsrb/convnext_tiny,G-CN,gtsrb,convnext_tiny,202,CReg,0.000516,,outputs/patch_ablation
RQ1,"DynaPatch-NoGate (40ep, no early stop)",ep40ns_lastaffine,gtsrb/convnext_tiny,G-CN,gtsrb,convnext_tiny,303,RR_seen,0.954023,,outputs/patch_ablation
RQ1,"DynaPatch-NoGate (40ep, no early stop)",ep40ns_lastaffine,gtsrb/convnext_tiny,G-CN,gtsrb,convnext_tiny,303,RR_held,0.834101,,outputs/patch_ablation
RQ1,"DynaPatch-NoGate (40ep, no early stop)",ep40ns_lastaffine,gtsrb/convnext_tiny,G-CN,gtsrb,convnext_tiny,303,Reg,0.001332,,outputs/patch_ablation
RQ1,"DynaPatch-NoGate (40ep, no early stop)",ep40ns_lastaffine,gtsrb/convnext_tiny,G-CN,gtsrb,convnext_tiny,303,CReg,0.0,,outputs/patch_ablation
RQ1,FixedPatch (best lr),fixed60_lr1e2,gtsrb/convnext_tiny,G-CN,gtsrb,convnext_tiny,101,RR_seen,0.672414,"best of lr {1e-2,1e-1} on RR_held",outputs/patch_ablation
RQ1,FixedPatch (best lr),fixed60_lr1e2,gtsrb/convnext_tiny,G-CN,gtsrb,convnext_tiny,101,RR_held,0.686636,"best of lr {1e-2,1e-1} on RR_held",outputs/patch_ablation
RQ1,FixedPatch (best lr),fixed60_lr1e2,gtsrb/convnext_tiny,G-CN,gtsrb,convnext_tiny,101,Reg,0.003485,"best of lr {1e-2,1e-1} on RR_held",outputs/patch_ablation
RQ1,FixedPatch (best lr),fixed60_lr1e2,gtsrb/convnext_tiny,G-CN,gtsrb,convnext_tiny,101,CReg,0.00051,"best of lr {1e-2,1e-1} on RR_held",outputs/patch_ablation
RQ1,FixedPatch (best lr),fixed60_lr1e2,gtsrb/convnext_tiny,G-CN,gtsrb,convnext_tiny,202,RR_seen,0.787356,"best of lr {1e-2,1e-1} on RR_held",outputs/patch_ablation
RQ1,FixedPatch (best lr),fixed60_lr1e2,gtsrb/convnext_tiny,G-CN,gtsrb,convnext_tiny,202,RR_held,0.682028,"best of lr {1e-2,1e-1} on RR_held",outputs/patch_ablation
RQ1,FixedPatch (best lr),fixed60_lr1e2,gtsrb/convnext_tiny,G-CN,gtsrb,convnext_tiny,202,Reg,0.00451,"best of lr {1e-2,1e-1} on RR_held",outputs/patch_ablation
RQ1,FixedPatch (best lr),fixed60_lr1e2,gtsrb/convnext_tiny,G-CN,gtsrb,convnext_tiny,202,CReg,0.000516,"best of lr {1e-2,1e-1} on RR_held",outputs/patch_ablation
RQ1,FixedPatch (best lr),fixed60_lr1e2,gtsrb/convnext_tiny,G-CN,gtsrb,convnext_tiny,303,RR_seen,0.741379,"best of lr {1e-2,1e-1} on RR_held",outputs/patch_ablation
RQ1,FixedPatch (best lr),fixed60_lr1e2,gtsrb/convnext_tiny,G-CN,gtsrb,convnext_tiny,303,RR_held,0.709677,"best of lr {1e-2,1e-1} on RR_held",outputs/patch_ablation
RQ1,FixedPatch (best lr),fixed60_lr1e2,gtsrb/convnext_tiny,G-CN,gtsrb,convnext_tiny,303,Reg,0.004305,"best of lr {1e-2,1e-1} on RR_held",outputs/patch_ablation
RQ1,FixedPatch (best lr),fixed60_lr1e2,gtsrb/convnext_tiny,G-CN,gtsrb,convnext_tiny,303,CReg,0.0,"best of lr {1e-2,1e-1} on RR_held",outputs/patch_ablation
RQ1,"DynaPatch-NoGate (40ep, no early stop)",ep40ns,gtsrb/densenet121,G-DN,gtsrb,densenet121,101,RR_seen,1.0,,outputs/patch_ablation
RQ1,"DynaPatch-NoGate (40ep, no early stop)",ep40ns,gtsrb/densenet121,G-DN,gtsrb,densenet121,101,RR_held,0.831325,,outputs/patch_ablation
RQ1,"DynaPatch-NoGate (40ep, no early stop)",ep40ns,gtsrb/densenet121,G-DN,gtsrb,densenet121,101,Reg,0.004212,,outputs/patch_ablation
RQ1,"DynaPatch-NoGate (40ep, no early stop)",ep40ns,gtsrb/densenet121,G-DN,gtsrb,densenet121,101,CReg,0.000507,,outputs/patch_ablation
RQ1,"DynaPatch-NoGate (40ep, no early stop)",ep40ns,gtsrb/densenet121,G-DN,gtsrb,densenet121,202,RR_seen,1.0,,outputs/patch_ablation
RQ1,"DynaPatch-NoGate (40ep, no early stop)",ep40ns,gtsrb/densenet121,G-DN,gtsrb,densenet121,202,RR_held,0.771084,,outputs/patch_ablation
RQ1,"DynaPatch-NoGate (40ep, no early stop)",ep40ns,gtsrb/densenet121,G-DN,gtsrb,densenet121,202,Reg,0.001705,,outputs/patch_ablation
RQ1,"DynaPatch-NoGate (40ep, no early stop)",ep40ns,gtsrb/densenet121,G-DN,gtsrb,densenet121,202,CReg,0.001525,,outputs/patch_ablation
RQ1,"DynaPatch-NoGate (40ep, no early stop)",ep40ns,gtsrb/densenet121,G-DN,gtsrb,densenet121,303,RR_seen,1.0,,outputs/patch_ablation
RQ1,"DynaPatch-NoGate (40ep, no early stop)",ep40ns,gtsrb/densenet121,G-DN,gtsrb,densenet121,303,RR_held,0.855422,,outputs/patch_ablation
RQ1,"DynaPatch-NoGate (40ep, no early stop)",ep40ns,gtsrb/densenet121,G-DN,gtsrb,densenet121,303,Reg,0.004212,,outputs/patch_ablation
RQ1,"DynaPatch-NoGate (40ep, no early stop)",ep40ns,gtsrb/densenet121,G-DN,gtsrb,densenet121,303,CReg,0.001011,,outputs/patch_ablation
RQ1,FixedPatch (best lr),fixed60_lr1e1,gtsrb/densenet121,G-DN,gtsrb,densenet121,101,RR_seen,0.818182,"best of lr {1e-2,1e-1} on RR_held",outputs/patch_ablation
RQ1,FixedPatch (best lr),fixed60_lr1e1,gtsrb/densenet121,G-DN,gtsrb,densenet121,101,RR_held,0.722892,"best of lr {1e-2,1e-1} on RR_held",outputs/patch_ablation
RQ1,FixedPatch (best lr),fixed60_lr1e1,gtsrb/densenet121,G-DN,gtsrb,densenet121,101,Reg,0.004212,"best of lr {1e-2,1e-1} on RR_held",outputs/patch_ablation
RQ1,FixedPatch (best lr),fixed60_lr1e1,gtsrb/densenet121,G-DN,gtsrb,densenet121,101,CReg,0.001521,"best of lr {1e-2,1e-1} on RR_held",outputs/patch_ablation
RQ1,FixedPatch (best lr),fixed60_lr1e1,gtsrb/densenet121,G-DN,gtsrb,densenet121,202,RR_seen,0.727273,"best of lr {1e-2,1e-1} on RR_held",outputs/patch_ablation
RQ1,FixedPatch (best lr),fixed60_lr1e1,gtsrb/densenet121,G-DN,gtsrb,densenet121,202,RR_held,0.674699,"best of lr {1e-2,1e-1} on RR_held",outputs/patch_ablation
RQ1,FixedPatch (best lr),fixed60_lr1e1,gtsrb/densenet121,G-DN,gtsrb,densenet121,202,Reg,0.001905,"best of lr {1e-2,1e-1} on RR_held",outputs/patch_ablation
RQ1,FixedPatch (best lr),fixed60_lr1e1,gtsrb/densenet121,G-DN,gtsrb,densenet121,202,CReg,0.002034,"best of lr {1e-2,1e-1} on RR_held",outputs/patch_ablation
RQ1,FixedPatch (best lr),fixed60_lr1e1,gtsrb/densenet121,G-DN,gtsrb,densenet121,303,RR_seen,0.69697,"best of lr {1e-2,1e-1} on RR_held",outputs/patch_ablation
RQ1,FixedPatch (best lr),fixed60_lr1e1,gtsrb/densenet121,G-DN,gtsrb,densenet121,303,RR_held,0.759036,"best of lr {1e-2,1e-1} on RR_held",outputs/patch_ablation
RQ1,FixedPatch (best lr),fixed60_lr1e1,gtsrb/densenet121,G-DN,gtsrb,densenet121,303,Reg,0.00351,"best of lr {1e-2,1e-1} on RR_held",outputs/patch_ablation
RQ1,FixedPatch (best lr),fixed60_lr1e1,gtsrb/densenet121,G-DN,gtsrb,densenet121,303,CReg,0.003539,"best of lr {1e-2,1e-1} on RR_held",outputs/patch_ablation
RQ1,"DynaPatch-NoGate (40ep, no early stop)",ep40ns_lastaffine,gtsrb/vgg16,G-VG,gtsrb,vgg16,101,RR_seen,0.880795,,outputs/patch_ablation
RQ1,"DynaPatch-NoGate (40ep, no early stop)",ep40ns_lastaffine,gtsrb/vgg16,G-VG,gtsrb,vgg16,101,RR_held,0.610526,,outputs/patch_ablation
RQ1,"DynaPatch-NoGate (40ep, no early stop)",ep40ns_lastaffine,gtsrb/vgg16,G-VG,gtsrb,vgg16,101,Reg,0.003571,,outputs/patch_ablation
RQ1,"DynaPatch-NoGate (40ep, no early stop)",ep40ns_lastaffine,gtsrb/vgg16,G-VG,gtsrb,vgg16,101,CReg,0.001545,,outputs/patch_ablation
RQ1,"DynaPatch-NoGate (40ep, no early stop)",ep40ns_lastaffine,gtsrb/vgg16,G-VG,gtsrb,vgg16,202,RR_seen,0.84106,,outputs/patch_ablation
RQ1,"DynaPatch-NoGate (40ep, no early stop)",ep40ns_lastaffine,gtsrb/vgg16,G-VG,gtsrb,vgg16,202,RR_held,0.610526,,outputs/patch_ablation
RQ1,"DynaPatch-NoGate (40ep, no early stop)",ep40ns_lastaffine,gtsrb/vgg16,G-VG,gtsrb,vgg16,202,Reg,0.005102,,outputs/patch_ablation
RQ1,"DynaPatch-NoGate (40ep, no early stop)",ep40ns_lastaffine,gtsrb/vgg16,G-VG,gtsrb,vgg16,202,CReg,0.000522,,outputs/patch_ablation
RQ1,"DynaPatch-NoGate (40ep, no early stop)",ep40ns_lastaffine,gtsrb/vgg16,G-VG,gtsrb,vgg16,303,RR_seen,0.854305,,outputs/patch_ablation
RQ1,"DynaPatch-NoGate (40ep, no early stop)",ep40ns_lastaffine,gtsrb/vgg16,G-VG,gtsrb,vgg16,303,RR_held,0.578947,,outputs/patch_ablation
RQ1,"DynaPatch-NoGate (40ep, no early stop)",ep40ns_lastaffine,gtsrb/vgg16,G-VG,gtsrb,vgg16,303,Reg,0.003265,,outputs/patch_ablation
RQ1,"DynaPatch-NoGate (40ep, no early stop)",ep40ns_lastaffine,gtsrb/vgg16,G-VG,gtsrb,vgg16,303,CReg,0.000521,,outputs/patch_ablation
RQ1,FixedPatch (best lr),fixed60_lr1e2,gtsrb/vgg16,G-VG,gtsrb,vgg16,101,RR_seen,0.748344,"best of lr {1e-2,1e-1} on RR_held",outputs/patch_ablation
RQ1,FixedPatch (best lr),fixed60_lr1e2,gtsrb/vgg16,G-VG,gtsrb,vgg16,101,RR_held,0.610526,"best of lr {1e-2,1e-1} on RR_held",outputs/patch_ablation
RQ1,FixedPatch (best lr),fixed60_lr1e2,gtsrb/vgg16,G-VG,gtsrb,vgg16,101,Reg,0.012244,"best of lr {1e-2,1e-1} on RR_held",outputs/patch_ablation
RQ1,FixedPatch (best lr),fixed60_lr1e2,gtsrb/vgg16,G-VG,gtsrb,vgg16,101,CReg,0.005149,"best of lr {1e-2,1e-1} on RR_held",outputs/patch_ablation
RQ1,FixedPatch (best lr),fixed60_lr1e2,gtsrb/vgg16,G-VG,gtsrb,vgg16,202,RR_seen,0.774834,"best of lr {1e-2,1e-1} on RR_held",outputs/patch_ablation
RQ1,FixedPatch (best lr),fixed60_lr1e2,gtsrb/vgg16,G-VG,gtsrb,vgg16,202,RR_held,0.589474,"best of lr {1e-2,1e-1} on RR_held",outputs/patch_ablation
RQ1,FixedPatch (best lr),fixed60_lr1e2,gtsrb/vgg16,G-VG,gtsrb,vgg16,202,Reg,0.018059,"best of lr {1e-2,1e-1} on RR_held",outputs/patch_ablation
RQ1,FixedPatch (best lr),fixed60_lr1e2,gtsrb/vgg16,G-VG,gtsrb,vgg16,202,CReg,0.012539,"best of lr {1e-2,1e-1} on RR_held",outputs/patch_ablation
RQ1,FixedPatch (best lr),fixed60_lr1e2,gtsrb/vgg16,G-VG,gtsrb,vgg16,303,RR_seen,0.695364,"best of lr {1e-2,1e-1} on RR_held",outputs/patch_ablation
RQ1,FixedPatch (best lr),fixed60_lr1e2,gtsrb/vgg16,G-VG,gtsrb,vgg16,303,RR_held,0.626316,"best of lr {1e-2,1e-1} on RR_held",outputs/patch_ablation
RQ1,FixedPatch (best lr),fixed60_lr1e2,gtsrb/vgg16,G-VG,gtsrb,vgg16,303,Reg,0.016325,"best of lr {1e-2,1e-1} on RR_held",outputs/patch_ablation
RQ1,FixedPatch (best lr),fixed60_lr1e2,gtsrb/vgg16,G-VG,gtsrb,vgg16,303,CReg,0.01877,"best of lr {1e-2,1e-1} on RR_held",outputs/patch_ablation
RQ1,"DynaPatch-NoGate (40ep, no early stop)",ep40ns,tt100k_signs/resnet50,T-RN,tt100k_signs,resnet50,101,RR_seen,0.771845,,outputs/patch_ablation
RQ1,"DynaPatch-NoGate (40ep, no early stop)",ep40ns,tt100k_signs/resnet50,T-RN,tt100k_signs,resnet50,101,RR_held,0.422481,,outputs/patch_ablation
RQ1,"DynaPatch-NoGate (40ep, no early stop)",ep40ns,tt100k_signs/resnet50,T-RN,tt100k_signs,resnet50,101,Reg,0.014085,,outputs/patch_ablation
RQ1,"DynaPatch-NoGate (40ep, no early stop)",ep40ns,tt100k_signs/resnet50,T-RN,tt100k_signs,resnet50,101,CReg,0.003652,,outputs/patch_ablation
RQ1,"DynaPatch-NoGate (40ep, no early stop)",ep40ns,tt100k_signs/resnet50,T-RN,tt100k_signs,resnet50,202,RR_seen,0.800971,,outputs/patch_ablation
RQ1,"DynaPatch-NoGate (40ep, no early stop)",ep40ns,tt100k_signs/resnet50,T-RN,tt100k_signs,resnet50,202,RR_held,0.387597,,outputs/patch_ablation
RQ1,"DynaPatch-NoGate (40ep, no early stop)",ep40ns,tt100k_signs/resnet50,T-RN,tt100k_signs,resnet50,202,Reg,0.011875,,outputs/patch_ablation
RQ1,"DynaPatch-NoGate (40ep, no early stop)",ep40ns,tt100k_signs/resnet50,T-RN,tt100k_signs,resnet50,202,CReg,0.003437,,outputs/patch_ablation
RQ1,"DynaPatch-NoGate (40ep, no early stop)",ep40ns,tt100k_signs/resnet50,T-RN,tt100k_signs,resnet50,303,RR_seen,0.825243,,outputs/patch_ablation
RQ1,"DynaPatch-NoGate (40ep, no early stop)",ep40ns,tt100k_signs/resnet50,T-RN,tt100k_signs,resnet50,303,RR_held,0.348837,,outputs/patch_ablation
RQ1,"DynaPatch-NoGate (40ep, no early stop)",ep40ns,tt100k_signs/resnet50,T-RN,tt100k_signs,resnet50,303,Reg,0.009666,,outputs/patch_ablation
RQ1,"DynaPatch-NoGate (40ep, no early stop)",ep40ns,tt100k_signs/resnet50,T-RN,tt100k_signs,resnet50,303,CReg,0.005857,,outputs/patch_ablation
RQ1,FixedPatch (best lr),fixed60_lr1e2,tt100k_signs/resnet50,T-RN,tt100k_signs,resnet50,101,RR_seen,0.31068,"best of lr {1e-2,1e-1} on RR_held",outputs/patch_ablation
RQ1,FixedPatch (best lr),fixed60_lr1e2,tt100k_signs/resnet50,T-RN,tt100k_signs,resnet50,101,RR_held,0.251938,"best of lr {1e-2,1e-1} on RR_held",outputs/patch_ablation
RQ1,FixedPatch (best lr),fixed60_lr1e2,tt100k_signs/resnet50,T-RN,tt100k_signs,resnet50,101,Reg,0.008561,"best of lr {1e-2,1e-1} on RR_held",outputs/patch_ablation
RQ1,FixedPatch (best lr),fixed60_lr1e2,tt100k_signs/resnet50,T-RN,tt100k_signs,resnet50,101,CReg,0.001217,"best of lr {1e-2,1e-1} on RR_held",outputs/patch_ablation
RQ1,FixedPatch (best lr),fixed60_lr1e2,tt100k_signs/resnet50,T-RN,tt100k_signs,resnet50,202,RR_seen,0.320388,"best of lr {1e-2,1e-1} on RR_held",outputs/patch_ablation
RQ1,FixedPatch (best lr),fixed60_lr1e2,tt100k_signs/resnet50,T-RN,tt100k_signs,resnet50,202,RR_held,0.267442,"best of lr {1e-2,1e-1} on RR_held",outputs/patch_ablation
RQ1,FixedPatch (best lr),fixed60_lr1e2,tt100k_signs/resnet50,T-RN,tt100k_signs,resnet50,202,Reg,0.00718,"best of lr {1e-2,1e-1} on RR_held",outputs/patch_ablation
RQ1,FixedPatch (best lr),fixed60_lr1e2,tt100k_signs/resnet50,T-RN,tt100k_signs,resnet50,202,CReg,0.000737,"best of lr {1e-2,1e-1} on RR_held",outputs/patch_ablation
RQ1,FixedPatch (best lr),fixed60_lr1e2,tt100k_signs/resnet50,T-RN,tt100k_signs,resnet50,303,RR_seen,0.320388,"best of lr {1e-2,1e-1} on RR_held",outputs/patch_ablation
RQ1,FixedPatch (best lr),fixed60_lr1e2,tt100k_signs/resnet50,T-RN,tt100k_signs,resnet50,303,RR_held,0.251938,"best of lr {1e-2,1e-1} on RR_held",outputs/patch_ablation
RQ1,FixedPatch (best lr),fixed60_lr1e2,tt100k_signs/resnet50,T-RN,tt100k_signs,resnet50,303,Reg,0.008285,"best of lr {1e-2,1e-1} on RR_held",outputs/patch_ablation
RQ1,FixedPatch (best lr),fixed60_lr1e2,tt100k_signs/resnet50,T-RN,tt100k_signs,resnet50,303,CReg,0.00244,"best of lr {1e-2,1e-1} on RR_held",outputs/patch_ablation
RQ1,"DynaPatch-NoGate (40ep, no early stop)",ep40ns_lastaffine,tt100k_signs/convnext_tiny,T-CN,tt100k_signs,convnext_tiny,101,RR_seen,0.672414,,outputs/patch_ablation
RQ1,"DynaPatch-NoGate (40ep, no early stop)",ep40ns_lastaffine,tt100k_signs/convnext_tiny,T-CN,tt100k_signs,convnext_tiny,101,RR_held,0.252294,,outputs/patch_ablation
RQ1,"DynaPatch-NoGate (40ep, no early stop)",ep40ns_lastaffine,tt100k_signs/convnext_tiny,T-CN,tt100k_signs,convnext_tiny,101,Reg,0.010676,,outputs/patch_ablation
RQ1,"DynaPatch-NoGate (40ep, no early stop)",ep40ns_lastaffine,tt100k_signs/convnext_tiny,T-CN,tt100k_signs,convnext_tiny,101,CReg,0.005824,,outputs/patch_ablation
RQ1,"DynaPatch-NoGate (40ep, no early stop)",ep40ns_lastaffine,tt100k_signs/convnext_tiny,T-CN,tt100k_signs,convnext_tiny,202,RR_seen,0.678161,,outputs/patch_ablation
RQ1,"DynaPatch-NoGate (40ep, no early stop)",ep40ns_lastaffine,tt100k_signs/convnext_tiny,T-CN,tt100k_signs,convnext_tiny,202,RR_held,0.353211,,outputs/patch_ablation
RQ1,"DynaPatch-NoGate (40ep, no early stop)",ep40ns_lastaffine,tt100k_signs/convnext_tiny,T-CN,tt100k_signs,convnext_tiny,202,Reg,0.008212,,outputs/patch_ablation
RQ1,"DynaPatch-NoGate (40ep, no early stop)",ep40ns_lastaffine,tt100k_signs/convnext_tiny,T-CN,tt100k_signs,convnext_tiny,202,CReg,0.004123,,outputs/patch_ablation
RQ1,"DynaPatch-NoGate (40ep, no early stop)",ep40ns_lastaffine,tt100k_signs/convnext_tiny,T-CN,tt100k_signs,convnext_tiny,303,RR_seen,0.683908,,outputs/patch_ablation
RQ1,"DynaPatch-NoGate (40ep, no early stop)",ep40ns_lastaffine,tt100k_signs/convnext_tiny,T-CN,tt100k_signs,convnext_tiny,303,RR_held,0.353211,,outputs/patch_ablation
RQ1,"DynaPatch-NoGate (40ep, no early stop)",ep40ns_lastaffine,tt100k_signs/convnext_tiny,T-CN,tt100k_signs,convnext_tiny,303,Reg,0.00876,,outputs/patch_ablation
RQ1,"DynaPatch-NoGate (40ep, no early stop)",ep40ns_lastaffine,tt100k_signs/convnext_tiny,T-CN,tt100k_signs,convnext_tiny,303,CReg,0.00241,,outputs/patch_ablation
RQ1,FixedPatch (best lr),fixed60_lr1e2,tt100k_signs/convnext_tiny,T-CN,tt100k_signs,convnext_tiny,101,RR_seen,0.465517,"best of lr {1e-2,1e-1} on RR_held",outputs/patch_ablation
RQ1,FixedPatch (best lr),fixed60_lr1e2,tt100k_signs/convnext_tiny,T-CN,tt100k_signs,convnext_tiny,101,RR_held,0.288991,"best of lr {1e-2,1e-1} on RR_held",outputs/patch_ablation
RQ1,FixedPatch (best lr),fixed60_lr1e2,tt100k_signs/convnext_tiny,T-CN,tt100k_signs,convnext_tiny,101,Reg,0.016425,"best of lr {1e-2,1e-1} on RR_held",outputs/patch_ablation
RQ1,FixedPatch (best lr),fixed60_lr1e2,tt100k_signs/convnext_tiny,T-CN,tt100k_signs,convnext_tiny,101,CReg,0.004125,"best of lr {1e-2,1e-1} on RR_held",outputs/patch_ablation
RQ1,FixedPatch (best lr),fixed60_lr1e2,tt100k_signs/convnext_tiny,T-CN,tt100k_signs,convnext_tiny,202,RR_seen,0.402299,"best of lr {1e-2,1e-1} on RR_held",outputs/patch_ablation
RQ1,FixedPatch (best lr),fixed60_lr1e2,tt100k_signs/convnext_tiny,T-CN,tt100k_signs,convnext_tiny,202,RR_held,0.353211,"best of lr {1e-2,1e-1} on RR_held",outputs/patch_ablation
RQ1,FixedPatch (best lr),fixed60_lr1e2,tt100k_signs/convnext_tiny,T-CN,tt100k_signs,convnext_tiny,202,Reg,0.014645,"best of lr {1e-2,1e-1} on RR_held",outputs/patch_ablation
RQ1,FixedPatch (best lr),fixed60_lr1e2,tt100k_signs/convnext_tiny,T-CN,tt100k_signs,convnext_tiny,202,CReg,0.004608,"best of lr {1e-2,1e-1} on RR_held",outputs/patch_ablation
RQ1,FixedPatch (best lr),fixed60_lr1e2,tt100k_signs/convnext_tiny,T-CN,tt100k_signs,convnext_tiny,303,RR_seen,0.316092,"best of lr {1e-2,1e-1} on RR_held",outputs/patch_ablation
RQ1,FixedPatch (best lr),fixed60_lr1e2,tt100k_signs/convnext_tiny,T-CN,tt100k_signs,convnext_tiny,303,RR_held,0.316514,"best of lr {1e-2,1e-1} on RR_held",outputs/patch_ablation
RQ1,FixedPatch (best lr),fixed60_lr1e2,tt100k_signs/convnext_tiny,T-CN,tt100k_signs,convnext_tiny,303,Reg,0.015056,"best of lr {1e-2,1e-1} on RR_held",outputs/patch_ablation
RQ1,FixedPatch (best lr),fixed60_lr1e2,tt100k_signs/convnext_tiny,T-CN,tt100k_signs,convnext_tiny,303,CReg,0.006267,"best of lr {1e-2,1e-1} on RR_held",outputs/patch_ablation
RQ1,"DynaPatch-NoGate (40ep, no early stop)",ep40ns,tt100k_signs/densenet121,T-DN,tt100k_signs,densenet121,101,RR_seen,0.8,,outputs/patch_ablation
RQ1,"DynaPatch-NoGate (40ep, no early stop)",ep40ns,tt100k_signs/densenet121,T-DN,tt100k_signs,densenet121,101,RR_held,0.525641,,outputs/patch_ablation
RQ1,"DynaPatch-NoGate (40ep, no early stop)",ep40ns,tt100k_signs/densenet121,T-DN,tt100k_signs,densenet121,101,Reg,0.012718,,outputs/patch_ablation
RQ1,"DynaPatch-NoGate (40ep, no early stop)",ep40ns,tt100k_signs/densenet121,T-DN,tt100k_signs,densenet121,101,CReg,0.00367,,outputs/patch_ablation
RQ1,"DynaPatch-NoGate (40ep, no early stop)",ep40ns,tt100k_signs/densenet121,T-DN,tt100k_signs,densenet121,202,RR_seen,0.844,,outputs/patch_ablation
RQ1,"DynaPatch-NoGate (40ep, no early stop)",ep40ns,tt100k_signs/densenet121,T-DN,tt100k_signs,densenet121,202,RR_held,0.532051,,outputs/patch_ablation
RQ1,"DynaPatch-NoGate (40ep, no early stop)",ep40ns,tt100k_signs/densenet121,T-DN,tt100k_signs,densenet121,202,Reg,0.011321,,outputs/patch_ablation
RQ1,"DynaPatch-NoGate (40ep, no early stop)",ep40ns,tt100k_signs/densenet121,T-DN,tt100k_signs,densenet121,202,CReg,0.004448,,outputs/patch_ablation
RQ1,"DynaPatch-NoGate (40ep, no early stop)",ep40ns,tt100k_signs/densenet121,T-DN,tt100k_signs,densenet121,303,RR_seen,0.78,,outputs/patch_ablation
RQ1,"DynaPatch-NoGate (40ep, no early stop)",ep40ns,tt100k_signs/densenet121,T-DN,tt100k_signs,densenet121,303,RR_held,0.50641,,outputs/patch_ablation
RQ1,"DynaPatch-NoGate (40ep, no early stop)",ep40ns,tt100k_signs/densenet121,T-DN,tt100k_signs,densenet121,303,Reg,0.014815,,outputs/patch_ablation
RQ1,"DynaPatch-NoGate (40ep, no early stop)",ep40ns,tt100k_signs/densenet121,T-DN,tt100k_signs,densenet121,303,CReg,0.005622,,outputs/patch_ablation
RQ1,FixedPatch (best lr),fixed60_lr1e2,tt100k_signs/densenet121,T-DN,tt100k_signs,densenet121,101,RR_seen,0.24,"best of lr {1e-2,1e-1} on RR_held",outputs/patch_ablation
RQ1,FixedPatch (best lr),fixed60_lr1e2,tt100k_signs/densenet121,T-DN,tt100k_signs,densenet121,101,RR_held,0.201923,"best of lr {1e-2,1e-1} on RR_held",outputs/patch_ablation
RQ1,FixedPatch (best lr),fixed60_lr1e2,tt100k_signs/densenet121,T-DN,tt100k_signs,densenet121,101,Reg,0.004053,"best of lr {1e-2,1e-1} on RR_held",outputs/patch_ablation
RQ1,FixedPatch (best lr),fixed60_lr1e2,tt100k_signs/densenet121,T-DN,tt100k_signs,densenet121,101,CReg,0.002691,"best of lr {1e-2,1e-1} on RR_held",outputs/patch_ablation
RQ1,FixedPatch (best lr),fixed60_lr1e2,tt100k_signs/densenet121,T-DN,tt100k_signs,densenet121,202,RR_seen,0.252,"best of lr {1e-2,1e-1} on RR_held",outputs/patch_ablation
RQ1,FixedPatch (best lr),fixed60_lr1e2,tt100k_signs/densenet121,T-DN,tt100k_signs,densenet121,202,RR_held,0.230769,"best of lr {1e-2,1e-1} on RR_held",outputs/patch_ablation
RQ1,FixedPatch (best lr),fixed60_lr1e2,tt100k_signs/densenet121,T-DN,tt100k_signs,densenet121,202,Reg,0.004193,"best of lr {1e-2,1e-1} on RR_held",outputs/patch_ablation
RQ1,FixedPatch (best lr),fixed60_lr1e2,tt100k_signs/densenet121,T-DN,tt100k_signs,densenet121,202,CReg,0.003212,"best of lr {1e-2,1e-1} on RR_held",outputs/patch_ablation
RQ1,FixedPatch (best lr),fixed60_lr1e2,tt100k_signs/densenet121,T-DN,tt100k_signs,densenet121,303,RR_seen,0.204,"best of lr {1e-2,1e-1} on RR_held",outputs/patch_ablation
RQ1,FixedPatch (best lr),fixed60_lr1e2,tt100k_signs/densenet121,T-DN,tt100k_signs,densenet121,303,RR_held,0.208333,"best of lr {1e-2,1e-1} on RR_held",outputs/patch_ablation
RQ1,FixedPatch (best lr),fixed60_lr1e2,tt100k_signs/densenet121,T-DN,tt100k_signs,densenet121,303,Reg,0.004053,"best of lr {1e-2,1e-1} on RR_held",outputs/patch_ablation
RQ1,FixedPatch (best lr),fixed60_lr1e2,tt100k_signs/densenet121,T-DN,tt100k_signs,densenet121,303,CReg,0.002444,"best of lr {1e-2,1e-1} on RR_held",outputs/patch_ablation
RQ1,"DynaPatch-NoGate (40ep, no early stop)",ep40ns_lastaffine,tt100k_signs/vgg16,T-VG,tt100k_signs,vgg16,101,RR_seen,0.633588,,outputs/patch_ablation
RQ1,"DynaPatch-NoGate (40ep, no early stop)",ep40ns_lastaffine,tt100k_signs/vgg16,T-VG,tt100k_signs,vgg16,101,RR_held,0.286585,,outputs/patch_ablation
RQ1,"DynaPatch-NoGate (40ep, no early stop)",ep40ns_lastaffine,tt100k_signs/vgg16,T-VG,tt100k_signs,vgg16,101,Reg,0.015989,,outputs/patch_ablation
RQ1,"DynaPatch-NoGate (40ep, no early stop)",ep40ns_lastaffine,tt100k_signs/vgg16,T-VG,tt100k_signs,vgg16,101,CReg,0.014563,,outputs/patch_ablation
RQ1,"DynaPatch-NoGate (40ep, no early stop)",ep40ns_lastaffine,tt100k_signs/vgg16,T-VG,tt100k_signs,vgg16,202,RR_seen,0.587786,,outputs/patch_ablation
RQ1,"DynaPatch-NoGate (40ep, no early stop)",ep40ns_lastaffine,tt100k_signs/vgg16,T-VG,tt100k_signs,vgg16,202,RR_held,0.329268,,outputs/patch_ablation
RQ1,"DynaPatch-NoGate (40ep, no early stop)",ep40ns_lastaffine,tt100k_signs/vgg16,T-VG,tt100k_signs,vgg16,202,Reg,0.016129,,outputs/patch_ablation
RQ1,"DynaPatch-NoGate (40ep, no early stop)",ep40ns_lastaffine,tt100k_signs/vgg16,T-VG,tt100k_signs,vgg16,202,CReg,0.011837,,outputs/patch_ablation
RQ1,"DynaPatch-NoGate (40ep, no early stop)",ep40ns_lastaffine,tt100k_signs/vgg16,T-VG,tt100k_signs,vgg16,303,RR_seen,0.660305,,outputs/patch_ablation
RQ1,"DynaPatch-NoGate (40ep, no early stop)",ep40ns_lastaffine,tt100k_signs/vgg16,T-VG,tt100k_signs,vgg16,303,RR_held,0.292683,,outputs/patch_ablation
RQ1,"DynaPatch-NoGate (40ep, no early stop)",ep40ns_lastaffine,tt100k_signs/vgg16,T-VG,tt100k_signs,vgg16,303,Reg,0.018654,,outputs/patch_ablation
RQ1,"DynaPatch-NoGate (40ep, no early stop)",ep40ns_lastaffine,tt100k_signs/vgg16,T-VG,tt100k_signs,vgg16,303,CReg,0.012285,,outputs/patch_ablation
RQ1,FixedPatch (best lr),fixed60_lr1e2,tt100k_signs/vgg16,T-VG,tt100k_signs,vgg16,101,RR_seen,0.450382,"best of lr {1e-2,1e-1} on RR_held",outputs/patch_ablation
RQ1,FixedPatch (best lr),fixed60_lr1e2,tt100k_signs/vgg16,T-VG,tt100k_signs,vgg16,101,RR_held,0.243902,"best of lr {1e-2,1e-1} on RR_held",outputs/patch_ablation
RQ1,FixedPatch (best lr),fixed60_lr1e2,tt100k_signs/vgg16,T-VG,tt100k_signs,vgg16,101,Reg,0.024684,"best of lr {1e-2,1e-1} on RR_held",outputs/patch_ablation
RQ1,FixedPatch (best lr),fixed60_lr1e2,tt100k_signs/vgg16,T-VG,tt100k_signs,vgg16,101,CReg,0.018447,"best of lr {1e-2,1e-1} on RR_held",outputs/patch_ablation
RQ1,FixedPatch (best lr),fixed60_lr1e2,tt100k_signs/vgg16,T-VG,tt100k_signs,vgg16,202,RR_seen,0.400763,"best of lr {1e-2,1e-1} on RR_held",outputs/patch_ablation
RQ1,FixedPatch (best lr),fixed60_lr1e2,tt100k_signs/vgg16,T-VG,tt100k_signs,vgg16,202,RR_held,0.292683,"best of lr {1e-2,1e-1} on RR_held",outputs/patch_ablation
RQ1,FixedPatch (best lr),fixed60_lr1e2,tt100k_signs/vgg16,T-VG,tt100k_signs,vgg16,202,Reg,0.023843,"best of lr {1e-2,1e-1} on RR_held",outputs/patch_ablation
RQ1,FixedPatch (best lr),fixed60_lr1e2,tt100k_signs/vgg16,T-VG,tt100k_signs,vgg16,202,CReg,0.014797,"best of lr {1e-2,1e-1} on RR_held",outputs/patch_ablation
RQ1,FixedPatch (best lr),fixed60_lr1e2,tt100k_signs/vgg16,T-VG,tt100k_signs,vgg16,303,RR_seen,0.496183,"best of lr {1e-2,1e-1} on RR_held",outputs/patch_ablation
RQ1,FixedPatch (best lr),fixed60_lr1e2,tt100k_signs/vgg16,T-VG,tt100k_signs,vgg16,303,RR_held,0.27439,"best of lr {1e-2,1e-1} on RR_held",outputs/patch_ablation
RQ1,FixedPatch (best lr),fixed60_lr1e2,tt100k_signs/vgg16,T-VG,tt100k_signs,vgg16,303,Reg,0.026367,"best of lr {1e-2,1e-1} on RR_held",outputs/patch_ablation
RQ1,FixedPatch (best lr),fixed60_lr1e2,tt100k_signs/vgg16,T-VG,tt100k_signs,vgg16,303,CReg,0.015233,"best of lr {1e-2,1e-1} on RR_held",outputs/patch_ablation
RQ1,"DynaPatch-NoGate (40ep, no early stop)",ep40ns,lisa_signs/resnet50,L-RN,lisa_signs,resnet50,101,RR_seen,1.0,,outputs/patch_ablation
RQ1,"DynaPatch-NoGate (40ep, no early stop)",ep40ns,lisa_signs/resnet50,L-RN,lisa_signs,resnet50,101,RR_held,0.617647,,outputs/patch_ablation
RQ1,"DynaPatch-NoGate (40ep, no early stop)",ep40ns,lisa_signs/resnet50,L-RN,lisa_signs,resnet50,101,Reg,0.006967,,outputs/patch_ablation
RQ1,"DynaPatch-NoGate (40ep, no early stop)",ep40ns,lisa_signs/resnet50,L-RN,lisa_signs,resnet50,101,CReg,0.01138,,outputs/patch_ablation
RQ1,"DynaPatch-NoGate (40ep, no early stop)",ep40ns,lisa_signs/resnet50,L-RN,lisa_signs,resnet50,202,RR_seen,0.962963,,outputs/patch_ablation
RQ1,"DynaPatch-NoGate (40ep, no early stop)",ep40ns,lisa_signs/resnet50,L-RN,lisa_signs,resnet50,202,RR_held,0.617647,,outputs/patch_ablation
RQ1,"DynaPatch-NoGate (40ep, no early stop)",ep40ns,lisa_signs/resnet50,L-RN,lisa_signs,resnet50,202,Reg,0.005359,,outputs/patch_ablation
RQ1,"DynaPatch-NoGate (40ep, no early stop)",ep40ns,lisa_signs/resnet50,L-RN,lisa_signs,resnet50,202,CReg,0.007022,,outputs/patch_ablation
RQ1,"DynaPatch-NoGate (40ep, no early stop)",ep40ns,lisa_signs/resnet50,L-RN,lisa_signs,resnet50,303,RR_seen,1.0,,outputs/patch_ablation
RQ1,"DynaPatch-NoGate (40ep, no early stop)",ep40ns,lisa_signs/resnet50,L-RN,lisa_signs,resnet50,303,RR_held,0.382353,,outputs/patch_ablation
RQ1,"DynaPatch-NoGate (40ep, no early stop)",ep40ns,lisa_signs/resnet50,L-RN,lisa_signs,resnet50,303,Reg,0.004823,,outputs/patch_ablation
RQ1,"DynaPatch-NoGate (40ep, no early stop)",ep40ns,lisa_signs/resnet50,L-RN,lisa_signs,resnet50,303,CReg,0.008439,,outputs/patch_ablation
RQ1,FixedPatch (best lr),fixed60_lr1e1,lisa_signs/resnet50,L-RN,lisa_signs,resnet50,101,RR_seen,0.703704,"best of lr {1e-2,1e-1} on RR_held",outputs/patch_ablation
RQ1,FixedPatch (best lr),fixed60_lr1e1,lisa_signs/resnet50,L-RN,lisa_signs,resnet50,101,RR_held,0.529412,"best of lr {1e-2,1e-1} on RR_held",outputs/patch_ablation
RQ1,FixedPatch (best lr),fixed60_lr1e1,lisa_signs/resnet50,L-RN,lisa_signs,resnet50,101,Reg,0.009646,"best of lr {1e-2,1e-1} on RR_held",outputs/patch_ablation
RQ1,FixedPatch (best lr),fixed60_lr1e1,lisa_signs/resnet50,L-RN,lisa_signs,resnet50,101,CReg,0.015647,"best of lr {1e-2,1e-1} on RR_held",outputs/patch_ablation
RQ1,FixedPatch (best lr),fixed60_lr1e1,lisa_signs/resnet50,L-RN,lisa_signs,resnet50,202,RR_seen,0.518519,"best of lr {1e-2,1e-1} on RR_held",outputs/patch_ablation
RQ1,FixedPatch (best lr),fixed60_lr1e1,lisa_signs/resnet50,L-RN,lisa_signs,resnet50,202,RR_held,0.558824,"best of lr {1e-2,1e-1} on RR_held",outputs/patch_ablation
RQ1,FixedPatch (best lr),fixed60_lr1e1,lisa_signs/resnet50,L-RN,lisa_signs,resnet50,202,Reg,0.010718,"best of lr {1e-2,1e-1} on RR_held",outputs/patch_ablation
RQ1,FixedPatch (best lr),fixed60_lr1e1,lisa_signs/resnet50,L-RN,lisa_signs,resnet50,202,CReg,0.004213,"best of lr {1e-2,1e-1} on RR_held",outputs/patch_ablation
RQ1,FixedPatch (best lr),fixed60_lr1e1,lisa_signs/resnet50,L-RN,lisa_signs,resnet50,303,RR_seen,0.814815,"best of lr {1e-2,1e-1} on RR_held",outputs/patch_ablation
RQ1,FixedPatch (best lr),fixed60_lr1e1,lisa_signs/resnet50,L-RN,lisa_signs,resnet50,303,RR_held,0.352941,"best of lr {1e-2,1e-1} on RR_held",outputs/patch_ablation
RQ1,FixedPatch (best lr),fixed60_lr1e1,lisa_signs/resnet50,L-RN,lisa_signs,resnet50,303,Reg,0.010182,"best of lr {1e-2,1e-1} on RR_held",outputs/patch_ablation
RQ1,FixedPatch (best lr),fixed60_lr1e1,lisa_signs/resnet50,L-RN,lisa_signs,resnet50,303,CReg,0.015471,"best of lr {1e-2,1e-1} on RR_held",outputs/patch_ablation
RQ1,"DynaPatch-NoGate (40ep, no early stop)",ep40ns_lastaffine,lisa_signs/convnext_tiny,L-CN,lisa_signs,convnext_tiny,101,RR_seen,0.8,,outputs/patch_ablation
RQ1,"DynaPatch-NoGate (40ep, no early stop)",ep40ns_lastaffine,lisa_signs/convnext_tiny,L-CN,lisa_signs,convnext_tiny,101,RR_held,0.428571,,outputs/patch_ablation
RQ1,"DynaPatch-NoGate (40ep, no early stop)",ep40ns_lastaffine,lisa_signs/convnext_tiny,L-CN,lisa_signs,convnext_tiny,101,Reg,0.001053,,outputs/patch_ablation
RQ1,"DynaPatch-NoGate (40ep, no early stop)",ep40ns_lastaffine,lisa_signs/convnext_tiny,L-CN,lisa_signs,convnext_tiny,101,CReg,0.001328,,outputs/patch_ablation
RQ1,"DynaPatch-NoGate (40ep, no early stop)",ep40ns_lastaffine,lisa_signs/convnext_tiny,L-CN,lisa_signs,convnext_tiny,202,RR_seen,0.7,,outputs/patch_ablation
RQ1,"DynaPatch-NoGate (40ep, no early stop)",ep40ns_lastaffine,lisa_signs/convnext_tiny,L-CN,lisa_signs,convnext_tiny,202,RR_held,0.571429,,outputs/patch_ablation
RQ1,"DynaPatch-NoGate (40ep, no early stop)",ep40ns_lastaffine,lisa_signs/convnext_tiny,L-CN,lisa_signs,convnext_tiny,202,Reg,0.001053,,outputs/patch_ablation
RQ1,"DynaPatch-NoGate (40ep, no early stop)",ep40ns_lastaffine,lisa_signs/convnext_tiny,L-CN,lisa_signs,convnext_tiny,202,CReg,0.001323,,outputs/patch_ablation
RQ1,"DynaPatch-NoGate (40ep, no early stop)",ep40ns_lastaffine,lisa_signs/convnext_tiny,L-CN,lisa_signs,convnext_tiny,303,RR_seen,0.9,,outputs/patch_ablation
RQ1,"DynaPatch-NoGate (40ep, no early stop)",ep40ns_lastaffine,lisa_signs/convnext_tiny,L-CN,lisa_signs,convnext_tiny,303,RR_held,0.5,,outputs/patch_ablation
RQ1,"DynaPatch-NoGate (40ep, no early stop)",ep40ns_lastaffine,lisa_signs/convnext_tiny,L-CN,lisa_signs,convnext_tiny,303,Reg,0.00316,,outputs/patch_ablation
RQ1,"DynaPatch-NoGate (40ep, no early stop)",ep40ns_lastaffine,lisa_signs/convnext_tiny,L-CN,lisa_signs,convnext_tiny,303,CReg,0.004087,,outputs/patch_ablation
RQ1,FixedPatch (best lr),fixed60_lr1e2,lisa_signs/convnext_tiny,L-CN,lisa_signs,convnext_tiny,101,RR_seen,0.7,"best of lr {1e-2,1e-1} on RR_held",outputs/patch_ablation
RQ1,FixedPatch (best lr),fixed60_lr1e2,lisa_signs/convnext_tiny,L-CN,lisa_signs,convnext_tiny,101,RR_held,0.571429,"best of lr {1e-2,1e-1} on RR_held",outputs/patch_ablation
RQ1,FixedPatch (best lr),fixed60_lr1e2,lisa_signs/convnext_tiny,L-CN,lisa_signs,convnext_tiny,101,Reg,0.010532,"best of lr {1e-2,1e-1} on RR_held",outputs/patch_ablation
RQ1,FixedPatch (best lr),fixed60_lr1e2,lisa_signs/convnext_tiny,L-CN,lisa_signs,convnext_tiny,101,CReg,0.01328,"best of lr {1e-2,1e-1} on RR_held",outputs/patch_ablation
RQ1,FixedPatch (best lr),fixed60_lr1e2,lisa_signs/convnext_tiny,L-CN,lisa_signs,convnext_tiny,202,RR_seen,0.6,"best of lr {1e-2,1e-1} on RR_held",outputs/patch_ablation
RQ1,FixedPatch (best lr),fixed60_lr1e2,lisa_signs/convnext_tiny,L-CN,lisa_signs,convnext_tiny,202,RR_held,0.5,"best of lr {1e-2,1e-1} on RR_held",outputs/patch_ablation
RQ1,FixedPatch (best lr),fixed60_lr1e2,lisa_signs/convnext_tiny,L-CN,lisa_signs,convnext_tiny,202,Reg,0.027909,"best of lr {1e-2,1e-1} on RR_held",outputs/patch_ablation
RQ1,FixedPatch (best lr),fixed60_lr1e2,lisa_signs/convnext_tiny,L-CN,lisa_signs,convnext_tiny,202,CReg,0.021164,"best of lr {1e-2,1e-1} on RR_held",outputs/patch_ablation
RQ1,FixedPatch (best lr),fixed60_lr1e2,lisa_signs/convnext_tiny,L-CN,lisa_signs,convnext_tiny,303,RR_seen,1.0,"best of lr {1e-2,1e-1} on RR_held",outputs/patch_ablation
RQ1,FixedPatch (best lr),fixed60_lr1e2,lisa_signs/convnext_tiny,L-CN,lisa_signs,convnext_tiny,303,RR_held,0.5,"best of lr {1e-2,1e-1} on RR_held",outputs/patch_ablation
RQ1,FixedPatch (best lr),fixed60_lr1e2,lisa_signs/convnext_tiny,L-CN,lisa_signs,convnext_tiny,303,Reg,0.007372,"best of lr {1e-2,1e-1} on RR_held",outputs/patch_ablation
RQ1,FixedPatch (best lr),fixed60_lr1e2,lisa_signs/convnext_tiny,L-CN,lisa_signs,convnext_tiny,303,CReg,0.008174,"best of lr {1e-2,1e-1} on RR_held",outputs/patch_ablation
RQ1,"DynaPatch-NoGate (40ep, no early stop)",ep40ns,lisa_signs/densenet121,L-DN,lisa_signs,densenet121,101,RR_seen,0.923077,,outputs/patch_ablation
RQ1,"DynaPatch-NoGate (40ep, no early stop)",ep40ns,lisa_signs/densenet121,L-DN,lisa_signs,densenet121,101,RR_held,0.411765,,outputs/patch_ablation
RQ1,"DynaPatch-NoGate (40ep, no early stop)",ep40ns,lisa_signs/densenet121,L-DN,lisa_signs,densenet121,101,Reg,0.00528,,outputs/patch_ablation
RQ1,"DynaPatch-NoGate (40ep, no early stop)",ep40ns,lisa_signs/densenet121,L-DN,lisa_signs,densenet121,101,CReg,0.009358,,outputs/patch_ablation
RQ1,"DynaPatch-NoGate (40ep, no early stop)",ep40ns,lisa_signs/densenet121,L-DN,lisa_signs,densenet121,202,RR_seen,1.0,,outputs/patch_ablation
RQ1,"DynaPatch-NoGate (40ep, no early stop)",ep40ns,lisa_signs/densenet121,L-DN,lisa_signs,densenet121,202,RR_held,0.470588,,outputs/patch_ablation
RQ1,"DynaPatch-NoGate (40ep, no early stop)",ep40ns,lisa_signs/densenet121,L-DN,lisa_signs,densenet121,202,Reg,0.002112,,outputs/patch_ablation
RQ1,"DynaPatch-NoGate (40ep, no early stop)",ep40ns,lisa_signs/densenet121,L-DN,lisa_signs,densenet121,202,CReg,0.005525,,outputs/patch_ablation
RQ1,"DynaPatch-NoGate (40ep, no early stop)",ep40ns,lisa_signs/densenet121,L-DN,lisa_signs,densenet121,303,RR_seen,1.0,,outputs/patch_ablation
RQ1,"DynaPatch-NoGate (40ep, no early stop)",ep40ns,lisa_signs/densenet121,L-DN,lisa_signs,densenet121,303,RR_held,0.352941,,outputs/patch_ablation
RQ1,"DynaPatch-NoGate (40ep, no early stop)",ep40ns,lisa_signs/densenet121,L-DN,lisa_signs,densenet121,303,Reg,0.006864,,outputs/patch_ablation
RQ1,"DynaPatch-NoGate (40ep, no early stop)",ep40ns,lisa_signs/densenet121,L-DN,lisa_signs,densenet121,303,CReg,0.014966,,outputs/patch_ablation
RQ1,FixedPatch (best lr),fixed60_lr1e2,lisa_signs/densenet121,L-DN,lisa_signs,densenet121,101,RR_seen,0.461538,"best of lr {1e-2,1e-1} on RR_held",outputs/patch_ablation
RQ1,FixedPatch (best lr),fixed60_lr1e2,lisa_signs/densenet121,L-DN,lisa_signs,densenet121,101,RR_held,0.294118,"best of lr {1e-2,1e-1} on RR_held",outputs/patch_ablation
RQ1,FixedPatch (best lr),fixed60_lr1e2,lisa_signs/densenet121,L-DN,lisa_signs,densenet121,101,Reg,0.003168,"best of lr {1e-2,1e-1} on RR_held",outputs/patch_ablation
RQ1,FixedPatch (best lr),fixed60_lr1e2,lisa_signs/densenet121,L-DN,lisa_signs,densenet121,101,CReg,0.001337,"best of lr {1e-2,1e-1} on RR_held",outputs/patch_ablation
RQ1,FixedPatch (best lr),fixed60_lr1e2,lisa_signs/densenet121,L-DN,lisa_signs,densenet121,202,RR_seen,0.461538,"best of lr {1e-2,1e-1} on RR_held",outputs/patch_ablation
RQ1,FixedPatch (best lr),fixed60_lr1e2,lisa_signs/densenet121,L-DN,lisa_signs,densenet121,202,RR_held,0.352941,"best of lr {1e-2,1e-1} on RR_held",outputs/patch_ablation
RQ1,FixedPatch (best lr),fixed60_lr1e2,lisa_signs/densenet121,L-DN,lisa_signs,densenet121,202,Reg,0.003696,"best of lr {1e-2,1e-1} on RR_held",outputs/patch_ablation
RQ1,FixedPatch (best lr),fixed60_lr1e2,lisa_signs/densenet121,L-DN,lisa_signs,densenet121,202,CReg,0.005525,"best of lr {1e-2,1e-1} on RR_held",outputs/patch_ablation
RQ1,FixedPatch (best lr),fixed60_lr1e2,lisa_signs/densenet121,L-DN,lisa_signs,densenet121,303,RR_seen,1.0,"best of lr {1e-2,1e-1} on RR_held",outputs/patch_ablation
RQ1,FixedPatch (best lr),fixed60_lr1e2,lisa_signs/densenet121,L-DN,lisa_signs,densenet121,303,RR_held,0.352941,"best of lr {1e-2,1e-1} on RR_held",outputs/patch_ablation
RQ1,FixedPatch (best lr),fixed60_lr1e2,lisa_signs/densenet121,L-DN,lisa_signs,densenet121,303,Reg,0.00528,"best of lr {1e-2,1e-1} on RR_held",outputs/patch_ablation
RQ1,FixedPatch (best lr),fixed60_lr1e2,lisa_signs/densenet121,L-DN,lisa_signs,densenet121,303,CReg,0.009524,"best of lr {1e-2,1e-1} on RR_held",outputs/patch_ablation
RQ1,"DynaPatch-NoGate (40ep, no early stop)",ep40ns_lastaffine,lisa_signs/vgg16,L-VG,lisa_signs,vgg16,101,RR_seen,0.714286,,outputs/patch_ablation
RQ1,"DynaPatch-NoGate (40ep, no early stop)",ep40ns_lastaffine,lisa_signs/vgg16,L-VG,lisa_signs,vgg16,101,RR_held,0.361111,,outputs/patch_ablation
RQ1,"DynaPatch-NoGate (40ep, no early stop)",ep40ns_lastaffine,lisa_signs/vgg16,L-VG,lisa_signs,vgg16,101,Reg,0.001609,,outputs/patch_ablation
RQ1,"DynaPatch-NoGate (40ep, no early stop)",ep40ns_lastaffine,lisa_signs/vgg16,L-VG,lisa_signs,vgg16,101,CReg,0.004149,,outputs/patch_ablation
RQ1,"DynaPatch-NoGate (40ep, no early stop)",ep40ns_lastaffine,lisa_signs/vgg16,L-VG,lisa_signs,vgg16,202,RR_seen,0.785714,,outputs/patch_ablation
RQ1,"DynaPatch-NoGate (40ep, no early stop)",ep40ns_lastaffine,lisa_signs/vgg16,L-VG,lisa_signs,vgg16,202,RR_held,0.305556,,outputs/patch_ablation
RQ1,"DynaPatch-NoGate (40ep, no early stop)",ep40ns_lastaffine,lisa_signs/vgg16,L-VG,lisa_signs,vgg16,202,Reg,0.001609,,outputs/patch_ablation
RQ1,"DynaPatch-NoGate (40ep, no early stop)",ep40ns_lastaffine,lisa_signs/vgg16,L-VG,lisa_signs,vgg16,202,CReg,0.002736,,outputs/patch_ablation
RQ1,"DynaPatch-NoGate (40ep, no early stop)",ep40ns_lastaffine,lisa_signs/vgg16,L-VG,lisa_signs,vgg16,303,RR_seen,0.607143,,outputs/patch_ablation
RQ1,"DynaPatch-NoGate (40ep, no early stop)",ep40ns_lastaffine,lisa_signs/vgg16,L-VG,lisa_signs,vgg16,303,RR_held,0.333333,,outputs/patch_ablation
RQ1,"DynaPatch-NoGate (40ep, no early stop)",ep40ns_lastaffine,lisa_signs/vgg16,L-VG,lisa_signs,vgg16,303,Reg,0.000536,,outputs/patch_ablation
RQ1,"DynaPatch-NoGate (40ep, no early stop)",ep40ns_lastaffine,lisa_signs/vgg16,L-VG,lisa_signs,vgg16,303,CReg,0.001376,,outputs/patch_ablation
RQ1,FixedPatch (best lr),fixed60_lr1e2,lisa_signs/vgg16,L-VG,lisa_signs,vgg16,101,RR_seen,0.857143,"best of lr {1e-2,1e-1} on RR_held",outputs/patch_ablation
RQ1,FixedPatch (best lr),fixed60_lr1e2,lisa_signs/vgg16,L-VG,lisa_signs,vgg16,101,RR_held,0.5,"best of lr {1e-2,1e-1} on RR_held",outputs/patch_ablation
RQ1,FixedPatch (best lr),fixed60_lr1e2,lisa_signs/vgg16,L-VG,lisa_signs,vgg16,101,Reg,0.010193,"best of lr {1e-2,1e-1} on RR_held",outputs/patch_ablation
RQ1,FixedPatch (best lr),fixed60_lr1e2,lisa_signs/vgg16,L-VG,lisa_signs,vgg16,101,CReg,0.015214,"best of lr {1e-2,1e-1} on RR_held",outputs/patch_ablation
RQ1,FixedPatch (best lr),fixed60_lr1e2,lisa_signs/vgg16,L-VG,lisa_signs,vgg16,202,RR_seen,0.821429,"best of lr {1e-2,1e-1} on RR_held",outputs/patch_ablation
RQ1,FixedPatch (best lr),fixed60_lr1e2,lisa_signs/vgg16,L-VG,lisa_signs,vgg16,202,RR_held,0.416667,"best of lr {1e-2,1e-1} on RR_held",outputs/patch_ablation
RQ1,FixedPatch (best lr),fixed60_lr1e2,lisa_signs/vgg16,L-VG,lisa_signs,vgg16,202,Reg,0.011266,"best of lr {1e-2,1e-1} on RR_held",outputs/patch_ablation
RQ1,FixedPatch (best lr),fixed60_lr1e2,lisa_signs/vgg16,L-VG,lisa_signs,vgg16,202,CReg,0.017784,"best of lr {1e-2,1e-1} on RR_held",outputs/patch_ablation
RQ1,FixedPatch (best lr),fixed60_lr1e2,lisa_signs/vgg16,L-VG,lisa_signs,vgg16,303,RR_seen,0.714286,"best of lr {1e-2,1e-1} on RR_held",outputs/patch_ablation
RQ1,FixedPatch (best lr),fixed60_lr1e2,lisa_signs/vgg16,L-VG,lisa_signs,vgg16,303,RR_held,0.388889,"best of lr {1e-2,1e-1} on RR_held",outputs/patch_ablation
RQ1,FixedPatch (best lr),fixed60_lr1e2,lisa_signs/vgg16,L-VG,lisa_signs,vgg16,303,Reg,0.011266,"best of lr {1e-2,1e-1} on RR_held",outputs/patch_ablation
RQ1,FixedPatch (best lr),fixed60_lr1e2,lisa_signs/vgg16,L-VG,lisa_signs,vgg16,303,CReg,0.011004,"best of lr {1e-2,1e-1} on RR_held",outputs/patch_ablation
RQ2,Gate (pre),pre,gtsrb/resnet50,G-RN,gtsrb,resnet50,pooled,n_test,47.0,weaker feature set,outputs/gate_performance.csv
RQ2,Gate (pre),pre,gtsrb/resnet50,G-RN,gtsrb,resnet50,pooled,pos,40.0,weaker feature set,outputs/gate_performance.csv
RQ2,Gate (pre),pre,gtsrb/resnet50,G-RN,gtsrb,resnet50,pooled,prevalence,0.8511,weaker feature set,outputs/gate_performance.csv
RQ2,Gate (pre),pre,gtsrb/resnet50,G-RN,gtsrb,resnet50,pooled,AUROC,0.4393,weaker feature set,outputs/gate_performance.csv
RQ2,Gate (pre),pre,gtsrb/resnet50,G-RN,gtsrb,resnet50,pooled,AUPRC,0.8311,weaker feature set,outputs/gate_performance.csv
RQ2,Gate (pre),pre,gtsrb/resnet50,G-RN,gtsrb,resnet50,pooled,ECE_raw,0.3486,weaker feature set,outputs/gate_performance.csv
RQ2,Gate (pre),pre,gtsrb/resnet50,G-RN,gtsrb,resnet50,pooled,ECE_platt,0.1143,weaker feature set,outputs/gate_performance.csv
RQ2,Gate (pre),pre,gtsrb/resnet50,G-RN,gtsrb,resnet50,pooled,Brier_platt,0.1422,weaker feature set,outputs/gate_performance.csv
RQ2,Gate (pre),pre,gtsrb/resnet50,G-RN,gtsrb,resnet50,pooled,r0.60_accuracy,0.617,weaker feature set,outputs/gate_performance.csv
RQ2,Gate (pre),pre,gtsrb/resnet50,G-RN,gtsrb,resnet50,pooled,r0.60_precision,0.8929,weaker feature set,outputs/gate_performance.csv
RQ2,Gate (pre),pre,gtsrb/resnet50,G-RN,gtsrb,resnet50,pooled,r0.60_recall,0.625,weaker feature set,outputs/gate_performance.csv
RQ2,Gate (pre),pre,gtsrb/resnet50,G-RN,gtsrb,resnet50,pooled,r0.60_f1,0.7353,weaker feature set,outputs/gate_performance.csv
RQ2,Gate (pre),pre,gtsrb/resnet50,G-RN,gtsrb,resnet50,pooled,r0.60_coverage,0.5957,weaker feature set,outputs/gate_performance.csv
RQ2,Gate (pre),pre,gtsrb/resnet50,G-RN,gtsrb,resnet50,pooled,r0.80_accuracy,0.4255,weaker feature set,outputs/gate_performance.csv
RQ2,Gate (pre),pre,gtsrb/resnet50,G-RN,gtsrb,resnet50,pooled,r0.80_precision,0.8421,weaker feature set,outputs/gate_performance.csv
RQ2,Gate (pre),pre,gtsrb/resnet50,G-RN,gtsrb,resnet50,pooled,r0.80_recall,0.4,weaker feature set,outputs/gate_performance.csv
RQ2,Gate (pre),pre,gtsrb/resnet50,G-RN,gtsrb,resnet50,pooled,r0.80_f1,0.5424,weaker feature set,outputs/gate_performance.csv
RQ2,Gate (pre),pre,gtsrb/resnet50,G-RN,gtsrb,resnet50,pooled,r0.80_coverage,0.4043,weaker feature set,outputs/gate_performance.csv
RQ2,Gate (pre),pre,gtsrb/resnet50,G-RN,gtsrb,resnet50,pooled,r0.90_accuracy,0.234,weaker feature set,outputs/gate_performance.csv
RQ2,Gate (pre),pre,gtsrb/resnet50,G-RN,gtsrb,resnet50,pooled,r0.90_precision,0.75,weaker feature set,outputs/gate_performance.csv
RQ2,Gate (pre),pre,gtsrb/resnet50,G-RN,gtsrb,resnet50,pooled,r0.90_recall,0.15,weaker feature set,outputs/gate_performance.csv
RQ2,Gate (pre),pre,gtsrb/resnet50,G-RN,gtsrb,resnet50,pooled,r0.90_f1,0.25,weaker feature set,outputs/gate_performance.csv
RQ2,Gate (pre),pre,gtsrb/resnet50,G-RN,gtsrb,resnet50,pooled,r0.90_coverage,0.1702,weaker feature set,outputs/gate_performance.csv
RQ2,Gate (pre_mag),pre_mag,gtsrb/resnet50,G-RN,gtsrb,resnet50,pooled,n_test,47.0,weaker feature set,outputs/gate_performance.csv
RQ2,Gate (pre_mag),pre_mag,gtsrb/resnet50,G-RN,gtsrb,resnet50,pooled,pos,40.0,weaker feature set,outputs/gate_performance.csv
RQ2,Gate (pre_mag),pre_mag,gtsrb/resnet50,G-RN,gtsrb,resnet50,pooled,prevalence,0.8511,weaker feature set,outputs/gate_performance.csv
RQ2,Gate (pre_mag),pre_mag,gtsrb/resnet50,G-RN,gtsrb,resnet50,pooled,AUROC,0.625,weaker feature set,outputs/gate_performance.csv
RQ2,Gate (pre_mag),pre_mag,gtsrb/resnet50,G-RN,gtsrb,resnet50,pooled,AUPRC,0.9182,weaker feature set,outputs/gate_performance.csv
RQ2,Gate (pre_mag),pre_mag,gtsrb/resnet50,G-RN,gtsrb,resnet50,pooled,ECE_raw,0.2733,weaker feature set,outputs/gate_performance.csv
RQ2,Gate (pre_mag),pre_mag,gtsrb/resnet50,G-RN,gtsrb,resnet50,pooled,ECE_platt,0.13,weaker feature set,outputs/gate_performance.csv
RQ2,Gate (pre_mag),pre_mag,gtsrb/resnet50,G-RN,gtsrb,resnet50,pooled,Brier_platt,0.1373,weaker feature set,outputs/gate_performance.csv
RQ2,Gate (pre_mag),pre_mag,gtsrb/resnet50,G-RN,gtsrb,resnet50,pooled,r0.60_accuracy,0.6596,weaker feature set,outputs/gate_performance.csv
RQ2,Gate (pre_mag),pre_mag,gtsrb/resnet50,G-RN,gtsrb,resnet50,pooled,r0.60_precision,0.8333,weaker feature set,outputs/gate_performance.csv
RQ2,Gate (pre_mag),pre_mag,gtsrb/resnet50,G-RN,gtsrb,resnet50,pooled,r0.60_recall,0.75,weaker feature set,outputs/gate_performance.csv
RQ2,Gate (pre_mag),pre_mag,gtsrb/resnet50,G-RN,gtsrb,resnet50,pooled,r0.60_f1,0.7895,weaker feature set,outputs/gate_performance.csv
RQ2,Gate (pre_mag),pre_mag,gtsrb/resnet50,G-RN,gtsrb,resnet50,pooled,r0.60_coverage,0.766,weaker feature set,outputs/gate_performance.csv
RQ2,Gate (pre_mag),pre_mag,gtsrb/resnet50,G-RN,gtsrb,resnet50,pooled,r0.80_accuracy,0.5957,weaker feature set,outputs/gate_performance.csv
RQ2,Gate (pre_mag),pre_mag,gtsrb/resnet50,G-RN,gtsrb,resnet50,pooled,r0.80_precision,0.8889,weaker feature set,outputs/gate_performance.csv
RQ2,Gate (pre_mag),pre_mag,gtsrb/resnet50,G-RN,gtsrb,resnet50,pooled,r0.80_recall,0.6,weaker feature set,outputs/gate_performance.csv
RQ2,Gate (pre_mag),pre_mag,gtsrb/resnet50,G-RN,gtsrb,resnet50,pooled,r0.80_f1,0.7164,weaker feature set,outputs/gate_performance.csv
RQ2,Gate (pre_mag),pre_mag,gtsrb/resnet50,G-RN,gtsrb,resnet50,pooled,r0.80_coverage,0.5745,weaker feature set,outputs/gate_performance.csv
RQ2,Gate (pre_mag),pre_mag,gtsrb/resnet50,G-RN,gtsrb,resnet50,pooled,r0.90_accuracy,0.5957,weaker feature set,outputs/gate_performance.csv
RQ2,Gate (pre_mag),pre_mag,gtsrb/resnet50,G-RN,gtsrb,resnet50,pooled,r0.90_precision,0.9565,weaker feature set,outputs/gate_performance.csv
RQ2,Gate (pre_mag),pre_mag,gtsrb/resnet50,G-RN,gtsrb,resnet50,pooled,r0.90_recall,0.55,weaker feature set,outputs/gate_performance.csv
RQ2,Gate (pre_mag),pre_mag,gtsrb/resnet50,G-RN,gtsrb,resnet50,pooled,r0.90_f1,0.6984,weaker feature set,outputs/gate_performance.csv
RQ2,Gate (pre_mag),pre_mag,gtsrb/resnet50,G-RN,gtsrb,resnet50,pooled,r0.90_coverage,0.4894,weaker feature set,outputs/gate_performance.csv
RQ2,Gate (pre_mag_pPmax),pre_mag_pPmax,gtsrb/resnet50,G-RN,gtsrb,resnet50,pooled,n_test,47.0,weaker feature set,outputs/gate_performance.csv
RQ2,Gate (pre_mag_pPmax),pre_mag_pPmax,gtsrb/resnet50,G-RN,gtsrb,resnet50,pooled,pos,40.0,weaker feature set,outputs/gate_performance.csv
RQ2,Gate (pre_mag_pPmax),pre_mag_pPmax,gtsrb/resnet50,G-RN,gtsrb,resnet50,pooled,prevalence,0.8511,weaker feature set,outputs/gate_performance.csv
RQ2,Gate (pre_mag_pPmax),pre_mag_pPmax,gtsrb/resnet50,G-RN,gtsrb,resnet50,pooled,AUROC,0.8929,weaker feature set,outputs/gate_performance.csv
RQ2,Gate (pre_mag_pPmax),pre_mag_pPmax,gtsrb/resnet50,G-RN,gtsrb,resnet50,pooled,AUPRC,0.9818,weaker feature set,outputs/gate_performance.csv
RQ2,Gate (pre_mag_pPmax),pre_mag_pPmax,gtsrb/resnet50,G-RN,gtsrb,resnet50,pooled,ECE_raw,0.1433,weaker feature set,outputs/gate_performance.csv
RQ2,Gate (pre_mag_pPmax),pre_mag_pPmax,gtsrb/resnet50,G-RN,gtsrb,resnet50,pooled,ECE_platt,0.1197,weaker feature set,outputs/gate_performance.csv
RQ2,Gate (pre_mag_pPmax),pre_mag_pPmax,gtsrb/resnet50,G-RN,gtsrb,resnet50,pooled,Brier_platt,0.1086,weaker feature set,outputs/gate_performance.csv
RQ2,Gate (pre_mag_pPmax),pre_mag_pPmax,gtsrb/resnet50,G-RN,gtsrb,resnet50,pooled,r0.60_accuracy,0.8723,weaker feature set,outputs/gate_performance.csv
RQ2,Gate (pre_mag_pPmax),pre_mag_pPmax,gtsrb/resnet50,G-RN,gtsrb,resnet50,pooled,r0.60_precision,0.9048,weaker feature set,outputs/gate_performance.csv
RQ2,Gate (pre_mag_pPmax),pre_mag_pPmax,gtsrb/resnet50,G-RN,gtsrb,resnet50,pooled,r0.60_recall,0.95,weaker feature set,outputs/gate_performance.csv
RQ2,Gate (pre_mag_pPmax),pre_mag_pPmax,gtsrb/resnet50,G-RN,gtsrb,resnet50,pooled,r0.60_f1,0.9268,weaker feature set,outputs/gate_performance.csv
RQ2,Gate (pre_mag_pPmax),pre_mag_pPmax,gtsrb/resnet50,G-RN,gtsrb,resnet50,pooled,r0.60_coverage,0.8936,weaker feature set,outputs/gate_performance.csv
RQ2,Gate (pre_mag_pPmax),pre_mag_pPmax,gtsrb/resnet50,G-RN,gtsrb,resnet50,pooled,r0.80_accuracy,0.8723,weaker feature set,outputs/gate_performance.csv
RQ2,Gate (pre_mag_pPmax),pre_mag_pPmax,gtsrb/resnet50,G-RN,gtsrb,resnet50,pooled,r0.80_precision,0.925,weaker feature set,outputs/gate_performance.csv
RQ2,Gate (pre_mag_pPmax),pre_mag_pPmax,gtsrb/resnet50,G-RN,gtsrb,resnet50,pooled,r0.80_recall,0.925,weaker feature set,outputs/gate_performance.csv
RQ2,Gate (pre_mag_pPmax),pre_mag_pPmax,gtsrb/resnet50,G-RN,gtsrb,resnet50,pooled,r0.80_f1,0.925,weaker feature set,outputs/gate_performance.csv
RQ2,Gate (pre_mag_pPmax),pre_mag_pPmax,gtsrb/resnet50,G-RN,gtsrb,resnet50,pooled,r0.80_coverage,0.8511,weaker feature set,outputs/gate_performance.csv
RQ2,Gate (pre_mag_pPmax),pre_mag_pPmax,gtsrb/resnet50,G-RN,gtsrb,resnet50,pooled,r0.90_accuracy,0.8298,weaker feature set,outputs/gate_performance.csv
RQ2,Gate (pre_mag_pPmax),pre_mag_pPmax,gtsrb/resnet50,G-RN,gtsrb,resnet50,pooled,r0.90_precision,0.9211,weaker feature set,outputs/gate_performance.csv
RQ2,Gate (pre_mag_pPmax),pre_mag_pPmax,gtsrb/resnet50,G-RN,gtsrb,resnet50,pooled,r0.90_recall,0.875,weaker feature set,outputs/gate_performance.csv
RQ2,Gate (pre_mag_pPmax),pre_mag_pPmax,gtsrb/resnet50,G-RN,gtsrb,resnet50,pooled,r0.90_f1,0.8974,weaker feature set,outputs/gate_performance.csv
RQ2,Gate (pre_mag_pPmax),pre_mag_pPmax,gtsrb/resnet50,G-RN,gtsrb,resnet50,pooled,r0.90_coverage,0.8085,weaker feature set,outputs/gate_performance.csv
RQ2,Gate (pre_mag_response),pre_mag_response,gtsrb/resnet50,G-RN,gtsrb,resnet50,pooled,n_test,47.0,SHIPPED,outputs/gate_performance.csv
RQ2,Gate (pre_mag_response),pre_mag_response,gtsrb/resnet50,G-RN,gtsrb,resnet50,pooled,pos,40.0,SHIPPED,outputs/gate_performance.csv
RQ2,Gate (pre_mag_response),pre_mag_response,gtsrb/resnet50,G-RN,gtsrb,resnet50,pooled,prevalence,0.8511,SHIPPED,outputs/gate_performance.csv
RQ2,Gate (pre_mag_response),pre_mag_response,gtsrb/resnet50,G-RN,gtsrb,resnet50,pooled,AUROC,0.9036,SHIPPED,outputs/gate_performance.csv
RQ2,Gate (pre_mag_response),pre_mag_response,gtsrb/resnet50,G-RN,gtsrb,resnet50,pooled,AUPRC,0.9834,SHIPPED,outputs/gate_performance.csv
RQ2,Gate (pre_mag_response),pre_mag_response,gtsrb/resnet50,G-RN,gtsrb,resnet50,pooled,ECE_raw,0.1286,SHIPPED,outputs/gate_performance.csv
RQ2,Gate (pre_mag_response),pre_mag_response,gtsrb/resnet50,G-RN,gtsrb,resnet50,pooled,ECE_platt,0.1228,SHIPPED,outputs/gate_performance.csv
RQ2,Gate (pre_mag_response),pre_mag_response,gtsrb/resnet50,G-RN,gtsrb,resnet50,pooled,Brier_platt,0.112,SHIPPED,outputs/gate_performance.csv
RQ2,Gate (pre_mag_response),pre_mag_response,gtsrb/resnet50,G-RN,gtsrb,resnet50,pooled,r0.60_accuracy,0.8723,SHIPPED,outputs/gate_performance.csv
RQ2,Gate (pre_mag_response),pre_mag_response,gtsrb/resnet50,G-RN,gtsrb,resnet50,pooled,r0.60_precision,0.9048,SHIPPED,outputs/gate_performance.csv
RQ2,Gate (pre_mag_response),pre_mag_response,gtsrb/resnet50,G-RN,gtsrb,resnet50,pooled,r0.60_recall,0.95,SHIPPED,outputs/gate_performance.csv
RQ2,Gate (pre_mag_response),pre_mag_response,gtsrb/resnet50,G-RN,gtsrb,resnet50,pooled,r0.60_f1,0.9268,SHIPPED,outputs/gate_performance.csv
RQ2,Gate (pre_mag_response),pre_mag_response,gtsrb/resnet50,G-RN,gtsrb,resnet50,pooled,r0.60_coverage,0.8936,SHIPPED,outputs/gate_performance.csv
RQ2,Gate (pre_mag_response),pre_mag_response,gtsrb/resnet50,G-RN,gtsrb,resnet50,pooled,r0.80_accuracy,0.8723,SHIPPED,outputs/gate_performance.csv
RQ2,Gate (pre_mag_response),pre_mag_response,gtsrb/resnet50,G-RN,gtsrb,resnet50,pooled,r0.80_precision,0.9048,SHIPPED,outputs/gate_performance.csv
RQ2,Gate (pre_mag_response),pre_mag_response,gtsrb/resnet50,G-RN,gtsrb,resnet50,pooled,r0.80_recall,0.95,SHIPPED,outputs/gate_performance.csv
RQ2,Gate (pre_mag_response),pre_mag_response,gtsrb/resnet50,G-RN,gtsrb,resnet50,pooled,r0.80_f1,0.9268,SHIPPED,outputs/gate_performance.csv
RQ2,Gate (pre_mag_response),pre_mag_response,gtsrb/resnet50,G-RN,gtsrb,resnet50,pooled,r0.80_coverage,0.8936,SHIPPED,outputs/gate_performance.csv
RQ2,Gate (pre_mag_response),pre_mag_response,gtsrb/resnet50,G-RN,gtsrb,resnet50,pooled,r0.90_accuracy,0.8511,SHIPPED,outputs/gate_performance.csv
RQ2,Gate (pre_mag_response),pre_mag_response,gtsrb/resnet50,G-RN,gtsrb,resnet50,pooled,r0.90_precision,0.9024,SHIPPED,outputs/gate_performance.csv
RQ2,Gate (pre_mag_response),pre_mag_response,gtsrb/resnet50,G-RN,gtsrb,resnet50,pooled,r0.90_recall,0.925,SHIPPED,outputs/gate_performance.csv
RQ2,Gate (pre_mag_response),pre_mag_response,gtsrb/resnet50,G-RN,gtsrb,resnet50,pooled,r0.90_f1,0.9136,SHIPPED,outputs/gate_performance.csv
RQ2,Gate (pre_mag_response),pre_mag_response,gtsrb/resnet50,G-RN,gtsrb,resnet50,pooled,r0.90_coverage,0.8723,SHIPPED,outputs/gate_performance.csv
RQ2,Gate (pre),pre,gtsrb/convnext_tiny,G-CN,gtsrb,convnext_tiny,pooled,n_test,310.0,weaker feature set,outputs/gate_performance.csv
RQ2,Gate (pre),pre,gtsrb/convnext_tiny,G-CN,gtsrb,convnext_tiny,pooled,pos,296.0,weaker feature set,outputs/gate_performance.csv
RQ2,Gate (pre),pre,gtsrb/convnext_tiny,G-CN,gtsrb,convnext_tiny,pooled,prevalence,0.9548,weaker feature set,outputs/gate_performance.csv
RQ2,Gate (pre),pre,gtsrb/convnext_tiny,G-CN,gtsrb,convnext_tiny,pooled,AUROC,0.7447,weaker feature set,outputs/gate_performance.csv
RQ2,Gate (pre),pre,gtsrb/convnext_tiny,G-CN,gtsrb,convnext_tiny,pooled,AUPRC,0.9833,weaker feature set,outputs/gate_performance.csv
RQ2,Gate (pre),pre,gtsrb/convnext_tiny,G-CN,gtsrb,convnext_tiny,pooled,ECE_raw,0.3736,weaker feature set,outputs/gate_performance.csv
RQ2,Gate (pre),pre,gtsrb/convnext_tiny,G-CN,gtsrb,convnext_tiny,pooled,ECE_platt,0.0156,weaker feature set,outputs/gate_performance.csv
RQ2,Gate (pre),pre,gtsrb/convnext_tiny,G-CN,gtsrb,convnext_tiny,pooled,Brier_platt,0.0416,weaker feature set,outputs/gate_performance.csv
RQ2,Gate (pre),pre,gtsrb/convnext_tiny,G-CN,gtsrb,convnext_tiny,pooled,r0.60_accuracy,0.7839,weaker feature set,outputs/gate_performance.csv
RQ2,Gate (pre),pre,gtsrb/convnext_tiny,G-CN,gtsrb,convnext_tiny,pooled,r0.60_precision,0.9751,weaker feature set,outputs/gate_performance.csv
RQ2,Gate (pre),pre,gtsrb/convnext_tiny,G-CN,gtsrb,convnext_tiny,pooled,r0.60_recall,0.7939,weaker feature set,outputs/gate_performance.csv
RQ2,Gate (pre),pre,gtsrb/convnext_tiny,G-CN,gtsrb,convnext_tiny,pooled,r0.60_f1,0.8752,weaker feature set,outputs/gate_performance.csv
RQ2,Gate (pre),pre,gtsrb/convnext_tiny,G-CN,gtsrb,convnext_tiny,pooled,r0.60_coverage,0.7774,weaker feature set,outputs/gate_performance.csv
RQ2,Gate (pre),pre,gtsrb/convnext_tiny,G-CN,gtsrb,convnext_tiny,pooled,r0.80_accuracy,0.5516,weaker feature set,outputs/gate_performance.csv
RQ2,Gate (pre),pre,gtsrb/convnext_tiny,G-CN,gtsrb,convnext_tiny,pooled,r0.80_precision,0.9816,weaker feature set,outputs/gate_performance.csv
RQ2,Gate (pre),pre,gtsrb/convnext_tiny,G-CN,gtsrb,convnext_tiny,pooled,r0.80_recall,0.5405,weaker feature set,outputs/gate_performance.csv
RQ2,Gate (pre),pre,gtsrb/convnext_tiny,G-CN,gtsrb,convnext_tiny,pooled,r0.80_f1,0.6972,weaker feature set,outputs/gate_performance.csv
RQ2,Gate (pre),pre,gtsrb/convnext_tiny,G-CN,gtsrb,convnext_tiny,pooled,r0.80_coverage,0.5258,weaker feature set,outputs/gate_performance.csv
RQ2,Gate (pre),pre,gtsrb/convnext_tiny,G-CN,gtsrb,convnext_tiny,pooled,r0.90_accuracy,0.471,weaker feature set,outputs/gate_performance.csv
RQ2,Gate (pre),pre,gtsrb/convnext_tiny,G-CN,gtsrb,convnext_tiny,pooled,r0.90_precision,0.9925,weaker feature set,outputs/gate_performance.csv
RQ2,Gate (pre),pre,gtsrb/convnext_tiny,G-CN,gtsrb,convnext_tiny,pooled,r0.90_recall,0.4493,weaker feature set,outputs/gate_performance.csv
RQ2,Gate (pre),pre,gtsrb/convnext_tiny,G-CN,gtsrb,convnext_tiny,pooled,r0.90_f1,0.6186,weaker feature set,outputs/gate_performance.csv
RQ2,Gate (pre),pre,gtsrb/convnext_tiny,G-CN,gtsrb,convnext_tiny,pooled,r0.90_coverage,0.4323,weaker feature set,outputs/gate_performance.csv
RQ2,Gate (pre_mag),pre_mag,gtsrb/convnext_tiny,G-CN,gtsrb,convnext_tiny,pooled,n_test,310.0,weaker feature set,outputs/gate_performance.csv
RQ2,Gate (pre_mag),pre_mag,gtsrb/convnext_tiny,G-CN,gtsrb,convnext_tiny,pooled,pos,296.0,weaker feature set,outputs/gate_performance.csv
RQ2,Gate (pre_mag),pre_mag,gtsrb/convnext_tiny,G-CN,gtsrb,convnext_tiny,pooled,prevalence,0.9548,weaker feature set,outputs/gate_performance.csv
RQ2,Gate (pre_mag),pre_mag,gtsrb/convnext_tiny,G-CN,gtsrb,convnext_tiny,pooled,AUROC,0.735,weaker feature set,outputs/gate_performance.csv
RQ2,Gate (pre_mag),pre_mag,gtsrb/convnext_tiny,G-CN,gtsrb,convnext_tiny,pooled,AUPRC,0.9825,weaker feature set,outputs/gate_performance.csv
RQ2,Gate (pre_mag),pre_mag,gtsrb/convnext_tiny,G-CN,gtsrb,convnext_tiny,pooled,ECE_raw,0.374,weaker feature set,outputs/gate_performance.csv
RQ2,Gate (pre_mag),pre_mag,gtsrb/convnext_tiny,G-CN,gtsrb,convnext_tiny,pooled,ECE_platt,0.0171,weaker feature set,outputs/gate_performance.csv
RQ2,Gate (pre_mag),pre_mag,gtsrb/convnext_tiny,G-CN,gtsrb,convnext_tiny,pooled,Brier_platt,0.0417,weaker feature set,outputs/gate_performance.csv
RQ2,Gate (pre_mag),pre_mag,gtsrb/convnext_tiny,G-CN,gtsrb,convnext_tiny,pooled,r0.60_accuracy,0.7613,weaker feature set,outputs/gate_performance.csv
RQ2,Gate (pre_mag),pre_mag,gtsrb/convnext_tiny,G-CN,gtsrb,convnext_tiny,pooled,r0.60_precision,0.9744,weaker feature set,outputs/gate_performance.csv
RQ2,Gate (pre_mag),pre_mag,gtsrb/convnext_tiny,G-CN,gtsrb,convnext_tiny,pooled,r0.60_recall,0.7703,weaker feature set,outputs/gate_performance.csv
RQ2,Gate (pre_mag),pre_mag,gtsrb/convnext_tiny,G-CN,gtsrb,convnext_tiny,pooled,r0.60_f1,0.8604,weaker feature set,outputs/gate_performance.csv
RQ2,Gate (pre_mag),pre_mag,gtsrb/convnext_tiny,G-CN,gtsrb,convnext_tiny,pooled,r0.60_coverage,0.7548,weaker feature set,outputs/gate_performance.csv
RQ2,Gate (pre_mag),pre_mag,gtsrb/convnext_tiny,G-CN,gtsrb,convnext_tiny,pooled,r0.80_accuracy,0.5484,weaker feature set,outputs/gate_performance.csv
RQ2,Gate (pre_mag),pre_mag,gtsrb/convnext_tiny,G-CN,gtsrb,convnext_tiny,pooled,r0.80_precision,0.9875,weaker feature set,outputs/gate_performance.csv
RQ2,Gate (pre_mag),pre_mag,gtsrb/convnext_tiny,G-CN,gtsrb,convnext_tiny,pooled,r0.80_recall,0.5338,weaker feature set,outputs/gate_performance.csv
RQ2,Gate (pre_mag),pre_mag,gtsrb/convnext_tiny,G-CN,gtsrb,convnext_tiny,pooled,r0.80_f1,0.693,weaker feature set,outputs/gate_performance.csv
RQ2,Gate (pre_mag),pre_mag,gtsrb/convnext_tiny,G-CN,gtsrb,convnext_tiny,pooled,r0.80_coverage,0.5161,weaker feature set,outputs/gate_performance.csv
RQ2,Gate (pre_mag),pre_mag,gtsrb/convnext_tiny,G-CN,gtsrb,convnext_tiny,pooled,r0.90_accuracy,0.4742,weaker feature set,outputs/gate_performance.csv
RQ2,Gate (pre_mag),pre_mag,gtsrb/convnext_tiny,G-CN,gtsrb,convnext_tiny,pooled,r0.90_precision,0.9854,weaker feature set,outputs/gate_performance.csv
RQ2,Gate (pre_mag),pre_mag,gtsrb/convnext_tiny,G-CN,gtsrb,convnext_tiny,pooled,r0.90_recall,0.4561,weaker feature set,outputs/gate_performance.csv
RQ2,Gate (pre_mag),pre_mag,gtsrb/convnext_tiny,G-CN,gtsrb,convnext_tiny,pooled,r0.90_f1,0.6236,weaker feature set,outputs/gate_performance.csv
RQ2,Gate (pre_mag),pre_mag,gtsrb/convnext_tiny,G-CN,gtsrb,convnext_tiny,pooled,r0.90_coverage,0.4419,weaker feature set,outputs/gate_performance.csv
RQ2,Gate (pre_mag_pPmax),pre_mag_pPmax,gtsrb/convnext_tiny,G-CN,gtsrb,convnext_tiny,pooled,n_test,310.0,weaker feature set,outputs/gate_performance.csv
RQ2,Gate (pre_mag_pPmax),pre_mag_pPmax,gtsrb/convnext_tiny,G-CN,gtsrb,convnext_tiny,pooled,pos,296.0,weaker feature set,outputs/gate_performance.csv
RQ2,Gate (pre_mag_pPmax),pre_mag_pPmax,gtsrb/convnext_tiny,G-CN,gtsrb,convnext_tiny,pooled,prevalence,0.9548,weaker feature set,outputs/gate_performance.csv
RQ2,Gate (pre_mag_pPmax),pre_mag_pPmax,gtsrb/convnext_tiny,G-CN,gtsrb,convnext_tiny,pooled,AUROC,0.9928,weaker feature set,outputs/gate_performance.csv
RQ2,Gate (pre_mag_pPmax),pre_mag_pPmax,gtsrb/convnext_tiny,G-CN,gtsrb,convnext_tiny,pooled,AUPRC,0.9997,weaker feature set,outputs/gate_performance.csv
RQ2,Gate (pre_mag_pPmax),pre_mag_pPmax,gtsrb/convnext_tiny,G-CN,gtsrb,convnext_tiny,pooled,ECE_raw,0.0507,weaker feature set,outputs/gate_performance.csv
RQ2,Gate (pre_mag_pPmax),pre_mag_pPmax,gtsrb/convnext_tiny,G-CN,gtsrb,convnext_tiny,pooled,ECE_platt,0.017,weaker feature set,outputs/gate_performance.csv
RQ2,Gate (pre_mag_pPmax),pre_mag_pPmax,gtsrb/convnext_tiny,G-CN,gtsrb,convnext_tiny,pooled,Brier_platt,0.0136,weaker feature set,outputs/gate_performance.csv
RQ2,Gate (pre_mag_pPmax),pre_mag_pPmax,gtsrb/convnext_tiny,G-CN,gtsrb,convnext_tiny,pooled,r0.60_accuracy,0.9806,weaker feature set,outputs/gate_performance.csv
RQ2,Gate (pre_mag_pPmax),pre_mag_pPmax,gtsrb/convnext_tiny,G-CN,gtsrb,convnext_tiny,pooled,r0.60_precision,0.9833,weaker feature set,outputs/gate_performance.csv
RQ2,Gate (pre_mag_pPmax),pre_mag_pPmax,gtsrb/convnext_tiny,G-CN,gtsrb,convnext_tiny,pooled,r0.60_recall,0.9966,weaker feature set,outputs/gate_performance.csv
RQ2,Gate (pre_mag_pPmax),pre_mag_pPmax,gtsrb/convnext_tiny,G-CN,gtsrb,convnext_tiny,pooled,r0.60_f1,0.9899,weaker feature set,outputs/gate_performance.csv
RQ2,Gate (pre_mag_pPmax),pre_mag_pPmax,gtsrb/convnext_tiny,G-CN,gtsrb,convnext_tiny,pooled,r0.60_coverage,0.9677,weaker feature set,outputs/gate_performance.csv
RQ2,Gate (pre_mag_pPmax),pre_mag_pPmax,gtsrb/convnext_tiny,G-CN,gtsrb,convnext_tiny,pooled,r0.80_accuracy,0.9742,weaker feature set,outputs/gate_performance.csv
RQ2,Gate (pre_mag_pPmax),pre_mag_pPmax,gtsrb/convnext_tiny,G-CN,gtsrb,convnext_tiny,pooled,r0.80_precision,0.9898,weaker feature set,outputs/gate_performance.csv
RQ2,Gate (pre_mag_pPmax),pre_mag_pPmax,gtsrb/convnext_tiny,G-CN,gtsrb,convnext_tiny,pooled,r0.80_recall,0.9831,weaker feature set,outputs/gate_performance.csv
RQ2,Gate (pre_mag_pPmax),pre_mag_pPmax,gtsrb/convnext_tiny,G-CN,gtsrb,convnext_tiny,pooled,r0.80_f1,0.9864,weaker feature set,outputs/gate_performance.csv
RQ2,Gate (pre_mag_pPmax),pre_mag_pPmax,gtsrb/convnext_tiny,G-CN,gtsrb,convnext_tiny,pooled,r0.80_coverage,0.9484,weaker feature set,outputs/gate_performance.csv
RQ2,Gate (pre_mag_pPmax),pre_mag_pPmax,gtsrb/convnext_tiny,G-CN,gtsrb,convnext_tiny,pooled,r0.90_accuracy,0.9677,weaker feature set,outputs/gate_performance.csv
RQ2,Gate (pre_mag_pPmax),pre_mag_pPmax,gtsrb/convnext_tiny,G-CN,gtsrb,convnext_tiny,pooled,r0.90_precision,0.9965,weaker feature set,outputs/gate_performance.csv
RQ2,Gate (pre_mag_pPmax),pre_mag_pPmax,gtsrb/convnext_tiny,G-CN,gtsrb,convnext_tiny,pooled,r0.90_recall,0.9696,weaker feature set,outputs/gate_performance.csv
RQ2,Gate (pre_mag_pPmax),pre_mag_pPmax,gtsrb/convnext_tiny,G-CN,gtsrb,convnext_tiny,pooled,r0.90_f1,0.9829,weaker feature set,outputs/gate_performance.csv
RQ2,Gate (pre_mag_pPmax),pre_mag_pPmax,gtsrb/convnext_tiny,G-CN,gtsrb,convnext_tiny,pooled,r0.90_coverage,0.929,weaker feature set,outputs/gate_performance.csv
RQ2,Gate (pre_mag_response),pre_mag_response,gtsrb/convnext_tiny,G-CN,gtsrb,convnext_tiny,pooled,n_test,310.0,SHIPPED,outputs/gate_performance.csv
RQ2,Gate (pre_mag_response),pre_mag_response,gtsrb/convnext_tiny,G-CN,gtsrb,convnext_tiny,pooled,pos,296.0,SHIPPED,outputs/gate_performance.csv
RQ2,Gate (pre_mag_response),pre_mag_response,gtsrb/convnext_tiny,G-CN,gtsrb,convnext_tiny,pooled,prevalence,0.9548,SHIPPED,outputs/gate_performance.csv
RQ2,Gate (pre_mag_response),pre_mag_response,gtsrb/convnext_tiny,G-CN,gtsrb,convnext_tiny,pooled,AUROC,0.9925,SHIPPED,outputs/gate_performance.csv
RQ2,Gate (pre_mag_response),pre_mag_response,gtsrb/convnext_tiny,G-CN,gtsrb,convnext_tiny,pooled,AUPRC,0.9996,SHIPPED,outputs/gate_performance.csv
RQ2,Gate (pre_mag_response),pre_mag_response,gtsrb/convnext_tiny,G-CN,gtsrb,convnext_tiny,pooled,ECE_raw,0.0535,SHIPPED,outputs/gate_performance.csv
RQ2,Gate (pre_mag_response),pre_mag_response,gtsrb/convnext_tiny,G-CN,gtsrb,convnext_tiny,pooled,ECE_platt,0.0138,SHIPPED,outputs/gate_performance.csv
RQ2,Gate (pre_mag_response),pre_mag_response,gtsrb/convnext_tiny,G-CN,gtsrb,convnext_tiny,pooled,Brier_platt,0.0143,SHIPPED,outputs/gate_performance.csv
RQ2,Gate (pre_mag_response),pre_mag_response,gtsrb/convnext_tiny,G-CN,gtsrb,convnext_tiny,pooled,r0.60_accuracy,0.9839,SHIPPED,outputs/gate_performance.csv
RQ2,Gate (pre_mag_response),pre_mag_response,gtsrb/convnext_tiny,G-CN,gtsrb,convnext_tiny,pooled,r0.60_precision,0.9866,SHIPPED,outputs/gate_performance.csv
RQ2,Gate (pre_mag_response),pre_mag_response,gtsrb/convnext_tiny,G-CN,gtsrb,convnext_tiny,pooled,r0.60_recall,0.9966,SHIPPED,outputs/gate_performance.csv
RQ2,Gate (pre_mag_response),pre_mag_response,gtsrb/convnext_tiny,G-CN,gtsrb,convnext_tiny,pooled,r0.60_f1,0.9916,SHIPPED,outputs/gate_performance.csv
RQ2,Gate (pre_mag_response),pre_mag_response,gtsrb/convnext_tiny,G-CN,gtsrb,convnext_tiny,pooled,r0.60_coverage,0.9645,SHIPPED,outputs/gate_performance.csv
RQ2,Gate (pre_mag_response),pre_mag_response,gtsrb/convnext_tiny,G-CN,gtsrb,convnext_tiny,pooled,r0.80_accuracy,0.9774,SHIPPED,outputs/gate_performance.csv
RQ2,Gate (pre_mag_response),pre_mag_response,gtsrb/convnext_tiny,G-CN,gtsrb,convnext_tiny,pooled,r0.80_precision,0.9898,SHIPPED,outputs/gate_performance.csv
RQ2,Gate (pre_mag_response),pre_mag_response,gtsrb/convnext_tiny,G-CN,gtsrb,convnext_tiny,pooled,r0.80_recall,0.9865,SHIPPED,outputs/gate_performance.csv
RQ2,Gate (pre_mag_response),pre_mag_response,gtsrb/convnext_tiny,G-CN,gtsrb,convnext_tiny,pooled,r0.80_f1,0.9882,SHIPPED,outputs/gate_performance.csv
RQ2,Gate (pre_mag_response),pre_mag_response,gtsrb/convnext_tiny,G-CN,gtsrb,convnext_tiny,pooled,r0.80_coverage,0.9516,SHIPPED,outputs/gate_performance.csv
RQ2,Gate (pre_mag_response),pre_mag_response,gtsrb/convnext_tiny,G-CN,gtsrb,convnext_tiny,pooled,r0.90_accuracy,0.9742,SHIPPED,outputs/gate_performance.csv
RQ2,Gate (pre_mag_response),pre_mag_response,gtsrb/convnext_tiny,G-CN,gtsrb,convnext_tiny,pooled,r0.90_precision,0.9966,SHIPPED,outputs/gate_performance.csv
RQ2,Gate (pre_mag_response),pre_mag_response,gtsrb/convnext_tiny,G-CN,gtsrb,convnext_tiny,pooled,r0.90_recall,0.9764,SHIPPED,outputs/gate_performance.csv
RQ2,Gate (pre_mag_response),pre_mag_response,gtsrb/convnext_tiny,G-CN,gtsrb,convnext_tiny,pooled,r0.90_f1,0.9863,SHIPPED,outputs/gate_performance.csv
RQ2,Gate (pre_mag_response),pre_mag_response,gtsrb/convnext_tiny,G-CN,gtsrb,convnext_tiny,pooled,r0.90_coverage,0.9355,SHIPPED,outputs/gate_performance.csv
RQ2,Gate (pre),pre,gtsrb/densenet121,G-DN,gtsrb,densenet121,pooled,n_test,100.0,weaker feature set,outputs/gate_performance.csv
RQ2,Gate (pre),pre,gtsrb/densenet121,G-DN,gtsrb,densenet121,pooled,pos,93.0,weaker feature set,outputs/gate_performance.csv
RQ2,Gate (pre),pre,gtsrb/densenet121,G-DN,gtsrb,densenet121,pooled,prevalence,0.93,weaker feature set,outputs/gate_performance.csv
RQ2,Gate (pre),pre,gtsrb/densenet121,G-DN,gtsrb,densenet121,pooled,AUROC,0.7995,weaker feature set,outputs/gate_performance.csv
RQ2,Gate (pre),pre,gtsrb/densenet121,G-DN,gtsrb,densenet121,pooled,AUPRC,0.979,weaker feature set,outputs/gate_performance.csv
RQ2,Gate (pre),pre,gtsrb/densenet121,G-DN,gtsrb,densenet121,pooled,ECE_raw,0.3124,weaker feature set,outputs/gate_performance.csv
RQ2,Gate (pre),pre,gtsrb/densenet121,G-DN,gtsrb,densenet121,pooled,ECE_platt,0.0117,weaker feature set,outputs/gate_performance.csv
RQ2,Gate (pre),pre,gtsrb/densenet121,G-DN,gtsrb,densenet121,pooled,Brier_platt,0.0595,weaker feature set,outputs/gate_performance.csv
RQ2,Gate (pre),pre,gtsrb/densenet121,G-DN,gtsrb,densenet121,pooled,r0.60_accuracy,0.81,weaker feature set,outputs/gate_performance.csv
RQ2,Gate (pre),pre,gtsrb/densenet121,G-DN,gtsrb,densenet121,pooled,r0.60_precision,0.9625,weaker feature set,outputs/gate_performance.csv
RQ2,Gate (pre),pre,gtsrb/densenet121,G-DN,gtsrb,densenet121,pooled,r0.60_recall,0.828,weaker feature set,outputs/gate_performance.csv
RQ2,Gate (pre),pre,gtsrb/densenet121,G-DN,gtsrb,densenet121,pooled,r0.60_f1,0.8902,weaker feature set,outputs/gate_performance.csv
RQ2,Gate (pre),pre,gtsrb/densenet121,G-DN,gtsrb,densenet121,pooled,r0.60_coverage,0.8,weaker feature set,outputs/gate_performance.csv
RQ2,Gate (pre),pre,gtsrb/densenet121,G-DN,gtsrb,densenet121,pooled,r0.80_accuracy,0.78,weaker feature set,outputs/gate_performance.csv
RQ2,Gate (pre),pre,gtsrb/densenet121,G-DN,gtsrb,densenet121,pooled,r0.80_precision,0.9863,weaker feature set,outputs/gate_performance.csv
RQ2,Gate (pre),pre,gtsrb/densenet121,G-DN,gtsrb,densenet121,pooled,r0.80_recall,0.7742,weaker feature set,outputs/gate_performance.csv
RQ2,Gate (pre),pre,gtsrb/densenet121,G-DN,gtsrb,densenet121,pooled,r0.80_f1,0.8675,weaker feature set,outputs/gate_performance.csv
RQ2,Gate (pre),pre,gtsrb/densenet121,G-DN,gtsrb,densenet121,pooled,r0.80_coverage,0.73,weaker feature set,outputs/gate_performance.csv
RQ2,Gate (pre),pre,gtsrb/densenet121,G-DN,gtsrb,densenet121,pooled,r0.90_accuracy,0.73,weaker feature set,outputs/gate_performance.csv
RQ2,Gate (pre),pre,gtsrb/densenet121,G-DN,gtsrb,densenet121,pooled,r0.90_precision,0.9853,weaker feature set,outputs/gate_performance.csv
RQ2,Gate (pre),pre,gtsrb/densenet121,G-DN,gtsrb,densenet121,pooled,r0.90_recall,0.7204,weaker feature set,outputs/gate_performance.csv
RQ2,Gate (pre),pre,gtsrb/densenet121,G-DN,gtsrb,densenet121,pooled,r0.90_f1,0.8323,weaker feature set,outputs/gate_performance.csv
RQ2,Gate (pre),pre,gtsrb/densenet121,G-DN,gtsrb,densenet121,pooled,r0.90_coverage,0.68,weaker feature set,outputs/gate_performance.csv
RQ2,Gate (pre_mag),pre_mag,gtsrb/densenet121,G-DN,gtsrb,densenet121,pooled,n_test,100.0,weaker feature set,outputs/gate_performance.csv
RQ2,Gate (pre_mag),pre_mag,gtsrb/densenet121,G-DN,gtsrb,densenet121,pooled,pos,93.0,weaker feature set,outputs/gate_performance.csv
RQ2,Gate (pre_mag),pre_mag,gtsrb/densenet121,G-DN,gtsrb,densenet121,pooled,prevalence,0.93,weaker feature set,outputs/gate_performance.csv
RQ2,Gate (pre_mag),pre_mag,gtsrb/densenet121,G-DN,gtsrb,densenet121,pooled,AUROC,0.8449,weaker feature set,outputs/gate_performance.csv
RQ2,Gate (pre_mag),pre_mag,gtsrb/densenet121,G-DN,gtsrb,densenet121,pooled,AUPRC,0.9858,weaker feature set,outputs/gate_performance.csv
RQ2,Gate (pre_mag),pre_mag,gtsrb/densenet121,G-DN,gtsrb,densenet121,pooled,ECE_raw,0.309,weaker feature set,outputs/gate_performance.csv
RQ2,Gate (pre_mag),pre_mag,gtsrb/densenet121,G-DN,gtsrb,densenet121,pooled,ECE_platt,0.0303,weaker feature set,outputs/gate_performance.csv
RQ2,Gate (pre_mag),pre_mag,gtsrb/densenet121,G-DN,gtsrb,densenet121,pooled,Brier_platt,0.0564,weaker feature set,outputs/gate_performance.csv
RQ2,Gate (pre_mag),pre_mag,gtsrb/densenet121,G-DN,gtsrb,densenet121,pooled,r0.60_accuracy,0.82,weaker feature set,outputs/gate_performance.csv
RQ2,Gate (pre_mag),pre_mag,gtsrb/densenet121,G-DN,gtsrb,densenet121,pooled,r0.60_precision,0.9747,weaker feature set,outputs/gate_performance.csv
RQ2,Gate (pre_mag),pre_mag,gtsrb/densenet121,G-DN,gtsrb,densenet121,pooled,r0.60_recall,0.828,weaker feature set,outputs/gate_performance.csv
RQ2,Gate (pre_mag),pre_mag,gtsrb/densenet121,G-DN,gtsrb,densenet121,pooled,r0.60_f1,0.8953,weaker feature set,outputs/gate_performance.csv
RQ2,Gate (pre_mag),pre_mag,gtsrb/densenet121,G-DN,gtsrb,densenet121,pooled,r0.60_coverage,0.79,weaker feature set,outputs/gate_performance.csv
RQ2,Gate (pre_mag),pre_mag,gtsrb/densenet121,G-DN,gtsrb,densenet121,pooled,r0.80_accuracy,0.76,weaker feature set,outputs/gate_performance.csv
RQ2,Gate (pre_mag),pre_mag,gtsrb/densenet121,G-DN,gtsrb,densenet121,pooled,r0.80_precision,0.9859,weaker feature set,outputs/gate_performance.csv
RQ2,Gate (pre_mag),pre_mag,gtsrb/densenet121,G-DN,gtsrb,densenet121,pooled,r0.80_recall,0.7527,weaker feature set,outputs/gate_performance.csv
RQ2,Gate (pre_mag),pre_mag,gtsrb/densenet121,G-DN,gtsrb,densenet121,pooled,r0.80_f1,0.8537,weaker feature set,outputs/gate_performance.csv
RQ2,Gate (pre_mag),pre_mag,gtsrb/densenet121,G-DN,gtsrb,densenet121,pooled,r0.80_coverage,0.71,weaker feature set,outputs/gate_performance.csv
RQ2,Gate (pre_mag),pre_mag,gtsrb/densenet121,G-DN,gtsrb,densenet121,pooled,r0.90_accuracy,0.75,weaker feature set,outputs/gate_performance.csv
RQ2,Gate (pre_mag),pre_mag,gtsrb/densenet121,G-DN,gtsrb,densenet121,pooled,r0.90_precision,0.9857,weaker feature set,outputs/gate_performance.csv
RQ2,Gate (pre_mag),pre_mag,gtsrb/densenet121,G-DN,gtsrb,densenet121,pooled,r0.90_recall,0.7419,weaker feature set,outputs/gate_performance.csv
RQ2,Gate (pre_mag),pre_mag,gtsrb/densenet121,G-DN,gtsrb,densenet121,pooled,r0.90_f1,0.8466,weaker feature set,outputs/gate_performance.csv
RQ2,Gate (pre_mag),pre_mag,gtsrb/densenet121,G-DN,gtsrb,densenet121,pooled,r0.90_coverage,0.7,weaker feature set,outputs/gate_performance.csv
RQ2,Gate (pre_mag_pPmax),pre_mag_pPmax,gtsrb/densenet121,G-DN,gtsrb,densenet121,pooled,n_test,100.0,weaker feature set,outputs/gate_performance.csv
RQ2,Gate (pre_mag_pPmax),pre_mag_pPmax,gtsrb/densenet121,G-DN,gtsrb,densenet121,pooled,pos,93.0,weaker feature set,outputs/gate_performance.csv
RQ2,Gate (pre_mag_pPmax),pre_mag_pPmax,gtsrb/densenet121,G-DN,gtsrb,densenet121,pooled,prevalence,0.93,weaker feature set,outputs/gate_performance.csv
RQ2,Gate (pre_mag_pPmax),pre_mag_pPmax,gtsrb/densenet121,G-DN,gtsrb,densenet121,pooled,AUROC,0.977,weaker feature set,outputs/gate_performance.csv
RQ2,Gate (pre_mag_pPmax),pre_mag_pPmax,gtsrb/densenet121,G-DN,gtsrb,densenet121,pooled,AUPRC,0.9983,weaker feature set,outputs/gate_performance.csv
RQ2,Gate (pre_mag_pPmax),pre_mag_pPmax,gtsrb/densenet121,G-DN,gtsrb,densenet121,pooled,ECE_raw,0.096,weaker feature set,outputs/gate_performance.csv
RQ2,Gate (pre_mag_pPmax),pre_mag_pPmax,gtsrb/densenet121,G-DN,gtsrb,densenet121,pooled,ECE_platt,0.0212,weaker feature set,outputs/gate_performance.csv
RQ2,Gate (pre_mag_pPmax),pre_mag_pPmax,gtsrb/densenet121,G-DN,gtsrb,densenet121,pooled,Brier_platt,0.0326,weaker feature set,outputs/gate_performance.csv
RQ2,Gate (pre_mag_pPmax),pre_mag_pPmax,gtsrb/densenet121,G-DN,gtsrb,densenet121,pooled,r0.60_accuracy,0.96,weaker feature set,outputs/gate_performance.csv
RQ2,Gate (pre_mag_pPmax),pre_mag_pPmax,gtsrb/densenet121,G-DN,gtsrb,densenet121,pooled,r0.60_precision,0.9684,weaker feature set,outputs/gate_performance.csv
RQ2,Gate (pre_mag_pPmax),pre_mag_pPmax,gtsrb/densenet121,G-DN,gtsrb,densenet121,pooled,r0.60_recall,0.9892,weaker feature set,outputs/gate_performance.csv
RQ2,Gate (pre_mag_pPmax),pre_mag_pPmax,gtsrb/densenet121,G-DN,gtsrb,densenet121,pooled,r0.60_f1,0.9787,weaker feature set,outputs/gate_performance.csv
RQ2,Gate (pre_mag_pPmax),pre_mag_pPmax,gtsrb/densenet121,G-DN,gtsrb,densenet121,pooled,r0.60_coverage,0.95,weaker feature set,outputs/gate_performance.csv
RQ2,Gate (pre_mag_pPmax),pre_mag_pPmax,gtsrb/densenet121,G-DN,gtsrb,densenet121,pooled,r0.80_accuracy,0.96,weaker feature set,outputs/gate_performance.csv
RQ2,Gate (pre_mag_pPmax),pre_mag_pPmax,gtsrb/densenet121,G-DN,gtsrb,densenet121,pooled,r0.80_precision,0.9785,weaker feature set,outputs/gate_performance.csv
RQ2,Gate (pre_mag_pPmax),pre_mag_pPmax,gtsrb/densenet121,G-DN,gtsrb,densenet121,pooled,r0.80_recall,0.9785,weaker feature set,outputs/gate_performance.csv
RQ2,Gate (pre_mag_pPmax),pre_mag_pPmax,gtsrb/densenet121,G-DN,gtsrb,densenet121,pooled,r0.80_f1,0.9785,weaker feature set,outputs/gate_performance.csv
RQ2,Gate (pre_mag_pPmax),pre_mag_pPmax,gtsrb/densenet121,G-DN,gtsrb,densenet121,pooled,r0.80_coverage,0.93,weaker feature set,outputs/gate_performance.csv
RQ2,Gate (pre_mag_pPmax),pre_mag_pPmax,gtsrb/densenet121,G-DN,gtsrb,densenet121,pooled,r0.90_accuracy,0.94,weaker feature set,outputs/gate_performance.csv
RQ2,Gate (pre_mag_pPmax),pre_mag_pPmax,gtsrb/densenet121,G-DN,gtsrb,densenet121,pooled,r0.90_precision,0.978,weaker feature set,outputs/gate_performance.csv
RQ2,Gate (pre_mag_pPmax),pre_mag_pPmax,gtsrb/densenet121,G-DN,gtsrb,densenet121,pooled,r0.90_recall,0.957,weaker feature set,outputs/gate_performance.csv
RQ2,Gate (pre_mag_pPmax),pre_mag_pPmax,gtsrb/densenet121,G-DN,gtsrb,densenet121,pooled,r0.90_f1,0.9674,weaker feature set,outputs/gate_performance.csv
RQ2,Gate (pre_mag_pPmax),pre_mag_pPmax,gtsrb/densenet121,G-DN,gtsrb,densenet121,pooled,r0.90_coverage,0.91,weaker feature set,outputs/gate_performance.csv
RQ2,Gate (pre_mag_response),pre_mag_response,gtsrb/densenet121,G-DN,gtsrb,densenet121,pooled,n_test,100.0,SHIPPED,outputs/gate_performance.csv
RQ2,Gate (pre_mag_response),pre_mag_response,gtsrb/densenet121,G-DN,gtsrb,densenet121,pooled,pos,93.0,SHIPPED,outputs/gate_performance.csv
RQ2,Gate (pre_mag_response),pre_mag_response,gtsrb/densenet121,G-DN,gtsrb,densenet121,pooled,prevalence,0.93,SHIPPED,outputs/gate_performance.csv
RQ2,Gate (pre_mag_response),pre_mag_response,gtsrb/densenet121,G-DN,gtsrb,densenet121,pooled,AUROC,0.9493,SHIPPED,outputs/gate_performance.csv
RQ2,Gate (pre_mag_response),pre_mag_response,gtsrb/densenet121,G-DN,gtsrb,densenet121,pooled,AUPRC,0.9957,SHIPPED,outputs/gate_performance.csv
RQ2,Gate (pre_mag_response),pre_mag_response,gtsrb/densenet121,G-DN,gtsrb,densenet121,pooled,ECE_raw,0.078,SHIPPED,outputs/gate_performance.csv
RQ2,Gate (pre_mag_response),pre_mag_response,gtsrb/densenet121,G-DN,gtsrb,densenet121,pooled,ECE_platt,0.0268,SHIPPED,outputs/gate_performance.csv
RQ2,Gate (pre_mag_response),pre_mag_response,gtsrb/densenet121,G-DN,gtsrb,densenet121,pooled,Brier_platt,0.03,SHIPPED,outputs/gate_performance.csv
RQ2,Gate (pre_mag_response),pre_mag_response,gtsrb/densenet121,G-DN,gtsrb,densenet121,pooled,r0.60_accuracy,0.97,SHIPPED,outputs/gate_performance.csv
RQ2,Gate (pre_mag_response),pre_mag_response,gtsrb/densenet121,G-DN,gtsrb,densenet121,pooled,r0.60_precision,0.9787,SHIPPED,outputs/gate_performance.csv
RQ2,Gate (pre_mag_response),pre_mag_response,gtsrb/densenet121,G-DN,gtsrb,densenet121,pooled,r0.60_recall,0.9892,SHIPPED,outputs/gate_performance.csv
RQ2,Gate (pre_mag_response),pre_mag_response,gtsrb/densenet121,G-DN,gtsrb,densenet121,pooled,r0.60_f1,0.984,SHIPPED,outputs/gate_performance.csv
RQ2,Gate (pre_mag_response),pre_mag_response,gtsrb/densenet121,G-DN,gtsrb,densenet121,pooled,r0.60_coverage,0.94,SHIPPED,outputs/gate_performance.csv
RQ2,Gate (pre_mag_response),pre_mag_response,gtsrb/densenet121,G-DN,gtsrb,densenet121,pooled,r0.80_accuracy,0.96,SHIPPED,outputs/gate_performance.csv
RQ2,Gate (pre_mag_response),pre_mag_response,gtsrb/densenet121,G-DN,gtsrb,densenet121,pooled,r0.80_precision,0.9785,SHIPPED,outputs/gate_performance.csv
RQ2,Gate (pre_mag_response),pre_mag_response,gtsrb/densenet121,G-DN,gtsrb,densenet121,pooled,r0.80_recall,0.9785,SHIPPED,outputs/gate_performance.csv
RQ2,Gate (pre_mag_response),pre_mag_response,gtsrb/densenet121,G-DN,gtsrb,densenet121,pooled,r0.80_f1,0.9785,SHIPPED,outputs/gate_performance.csv
RQ2,Gate (pre_mag_response),pre_mag_response,gtsrb/densenet121,G-DN,gtsrb,densenet121,pooled,r0.80_coverage,0.93,SHIPPED,outputs/gate_performance.csv
RQ2,Gate (pre_mag_response),pre_mag_response,gtsrb/densenet121,G-DN,gtsrb,densenet121,pooled,r0.90_accuracy,0.96,SHIPPED,outputs/gate_performance.csv
RQ2,Gate (pre_mag_response),pre_mag_response,gtsrb/densenet121,G-DN,gtsrb,densenet121,pooled,r0.90_precision,0.9785,SHIPPED,outputs/gate_performance.csv
RQ2,Gate (pre_mag_response),pre_mag_response,gtsrb/densenet121,G-DN,gtsrb,densenet121,pooled,r0.90_recall,0.9785,SHIPPED,outputs/gate_performance.csv
RQ2,Gate (pre_mag_response),pre_mag_response,gtsrb/densenet121,G-DN,gtsrb,densenet121,pooled,r0.90_f1,0.9785,SHIPPED,outputs/gate_performance.csv
RQ2,Gate (pre_mag_response),pre_mag_response,gtsrb/densenet121,G-DN,gtsrb,densenet121,pooled,r0.90_coverage,0.93,SHIPPED,outputs/gate_performance.csv
RQ2,Gate (pre),pre,gtsrb/vgg16,G-VG,gtsrb,vgg16,pooled,n_test,237.0,weaker feature set,outputs/gate_performance.csv
RQ2,Gate (pre),pre,gtsrb/vgg16,G-VG,gtsrb,vgg16,pooled,pos,190.0,weaker feature set,outputs/gate_performance.csv
RQ2,Gate (pre),pre,gtsrb/vgg16,G-VG,gtsrb,vgg16,pooled,prevalence,0.8017,weaker feature set,outputs/gate_performance.csv
RQ2,Gate (pre),pre,gtsrb/vgg16,G-VG,gtsrb,vgg16,pooled,AUROC,0.6149,weaker feature set,outputs/gate_performance.csv
RQ2,Gate (pre),pre,gtsrb/vgg16,G-VG,gtsrb,vgg16,pooled,AUPRC,0.8696,weaker feature set,outputs/gate_performance.csv
RQ2,Gate (pre),pre,gtsrb/vgg16,G-VG,gtsrb,vgg16,pooled,ECE_raw,0.3063,weaker feature set,outputs/gate_performance.csv
RQ2,Gate (pre),pre,gtsrb/vgg16,G-VG,gtsrb,vgg16,pooled,ECE_platt,0.0249,weaker feature set,outputs/gate_performance.csv
RQ2,Gate (pre),pre,gtsrb/vgg16,G-VG,gtsrb,vgg16,pooled,Brier_platt,0.1547,weaker feature set,outputs/gate_performance.csv
RQ2,Gate (pre),pre,gtsrb/vgg16,G-VG,gtsrb,vgg16,pooled,r0.60_accuracy,0.4515,weaker feature set,outputs/gate_performance.csv
RQ2,Gate (pre),pre,gtsrb/vgg16,G-VG,gtsrb,vgg16,pooled,r0.60_precision,0.8846,weaker feature set,outputs/gate_performance.csv
RQ2,Gate (pre),pre,gtsrb/vgg16,G-VG,gtsrb,vgg16,pooled,r0.60_recall,0.3632,weaker feature set,outputs/gate_performance.csv
RQ2,Gate (pre),pre,gtsrb/vgg16,G-VG,gtsrb,vgg16,pooled,r0.60_f1,0.5149,weaker feature set,outputs/gate_performance.csv
RQ2,Gate (pre),pre,gtsrb/vgg16,G-VG,gtsrb,vgg16,pooled,r0.60_coverage,0.3291,weaker feature set,outputs/gate_performance.csv
RQ2,Gate (pre),pre,gtsrb/vgg16,G-VG,gtsrb,vgg16,pooled,r0.80_accuracy,0.3586,weaker feature set,outputs/gate_performance.csv
RQ2,Gate (pre),pre,gtsrb/vgg16,G-VG,gtsrb,vgg16,pooled,r0.80_precision,0.8958,weaker feature set,outputs/gate_performance.csv
RQ2,Gate (pre),pre,gtsrb/vgg16,G-VG,gtsrb,vgg16,pooled,r0.80_recall,0.2263,weaker feature set,outputs/gate_performance.csv
RQ2,Gate (pre),pre,gtsrb/vgg16,G-VG,gtsrb,vgg16,pooled,r0.80_f1,0.3613,weaker feature set,outputs/gate_performance.csv
RQ2,Gate (pre),pre,gtsrb/vgg16,G-VG,gtsrb,vgg16,pooled,r0.80_coverage,0.2025,weaker feature set,outputs/gate_performance.csv
RQ2,Gate (pre),pre,gtsrb/vgg16,G-VG,gtsrb,vgg16,pooled,r0.90_accuracy,0.3291,weaker feature set,outputs/gate_performance.csv
RQ2,Gate (pre),pre,gtsrb/vgg16,G-VG,gtsrb,vgg16,pooled,r0.90_precision,0.9429,weaker feature set,outputs/gate_performance.csv
RQ2,Gate (pre),pre,gtsrb/vgg16,G-VG,gtsrb,vgg16,pooled,r0.90_recall,0.1737,weaker feature set,outputs/gate_performance.csv
RQ2,Gate (pre),pre,gtsrb/vgg16,G-VG,gtsrb,vgg16,pooled,r0.90_f1,0.2933,weaker feature set,outputs/gate_performance.csv
RQ2,Gate (pre),pre,gtsrb/vgg16,G-VG,gtsrb,vgg16,pooled,r0.90_coverage,0.1477,weaker feature set,outputs/gate_performance.csv
RQ2,Gate (pre_mag),pre_mag,gtsrb/vgg16,G-VG,gtsrb,vgg16,pooled,n_test,237.0,weaker feature set,outputs/gate_performance.csv
RQ2,Gate (pre_mag),pre_mag,gtsrb/vgg16,G-VG,gtsrb,vgg16,pooled,pos,190.0,weaker feature set,outputs/gate_performance.csv
RQ2,Gate (pre_mag),pre_mag,gtsrb/vgg16,G-VG,gtsrb,vgg16,pooled,prevalence,0.8017,weaker feature set,outputs/gate_performance.csv
RQ2,Gate (pre_mag),pre_mag,gtsrb/vgg16,G-VG,gtsrb,vgg16,pooled,AUROC,0.6185,weaker feature set,outputs/gate_performance.csv
RQ2,Gate (pre_mag),pre_mag,gtsrb/vgg16,G-VG,gtsrb,vgg16,pooled,AUPRC,0.8722,weaker feature set,outputs/gate_performance.csv
RQ2,Gate (pre_mag),pre_mag,gtsrb/vgg16,G-VG,gtsrb,vgg16,pooled,ECE_raw,0.3067,weaker feature set,outputs/gate_performance.csv
RQ2,Gate (pre_mag),pre_mag,gtsrb/vgg16,G-VG,gtsrb,vgg16,pooled,ECE_platt,0.028,weaker feature set,outputs/gate_performance.csv
RQ2,Gate (pre_mag),pre_mag,gtsrb/vgg16,G-VG,gtsrb,vgg16,pooled,Brier_platt,0.1544,weaker feature set,outputs/gate_performance.csv
RQ2,Gate (pre_mag),pre_mag,gtsrb/vgg16,G-VG,gtsrb,vgg16,pooled,r0.60_accuracy,0.4557,weaker feature set,outputs/gate_performance.csv
RQ2,Gate (pre_mag),pre_mag,gtsrb/vgg16,G-VG,gtsrb,vgg16,pooled,r0.60_precision,0.8861,weaker feature set,outputs/gate_performance.csv
RQ2,Gate (pre_mag),pre_mag,gtsrb/vgg16,G-VG,gtsrb,vgg16,pooled,r0.60_recall,0.3684,weaker feature set,outputs/gate_performance.csv
RQ2,Gate (pre_mag),pre_mag,gtsrb/vgg16,G-VG,gtsrb,vgg16,pooled,r0.60_f1,0.5204,weaker feature set,outputs/gate_performance.csv
RQ2,Gate (pre_mag),pre_mag,gtsrb/vgg16,G-VG,gtsrb,vgg16,pooled,r0.60_coverage,0.3333,weaker feature set,outputs/gate_performance.csv
RQ2,Gate (pre_mag),pre_mag,gtsrb/vgg16,G-VG,gtsrb,vgg16,pooled,r0.80_accuracy,0.3586,weaker feature set,outputs/gate_performance.csv
RQ2,Gate (pre_mag),pre_mag,gtsrb/vgg16,G-VG,gtsrb,vgg16,pooled,r0.80_precision,0.913,weaker feature set,outputs/gate_performance.csv
RQ2,Gate (pre_mag),pre_mag,gtsrb/vgg16,G-VG,gtsrb,vgg16,pooled,r0.80_recall,0.2211,weaker feature set,outputs/gate_performance.csv
RQ2,Gate (pre_mag),pre_mag,gtsrb/vgg16,G-VG,gtsrb,vgg16,pooled,r0.80_f1,0.3559,weaker feature set,outputs/gate_performance.csv
RQ2,Gate (pre_mag),pre_mag,gtsrb/vgg16,G-VG,gtsrb,vgg16,pooled,r0.80_coverage,0.1941,weaker feature set,outputs/gate_performance.csv
RQ2,Gate (pre_mag),pre_mag,gtsrb/vgg16,G-VG,gtsrb,vgg16,pooled,r0.90_accuracy,0.3165,weaker feature set,outputs/gate_performance.csv
RQ2,Gate (pre_mag),pre_mag,gtsrb/vgg16,G-VG,gtsrb,vgg16,pooled,r0.90_precision,0.9375,weaker feature set,outputs/gate_performance.csv
RQ2,Gate (pre_mag),pre_mag,gtsrb/vgg16,G-VG,gtsrb,vgg16,pooled,r0.90_recall,0.1579,weaker feature set,outputs/gate_performance.csv
RQ2,Gate (pre_mag),pre_mag,gtsrb/vgg16,G-VG,gtsrb,vgg16,pooled,r0.90_f1,0.2703,weaker feature set,outputs/gate_performance.csv
RQ2,Gate (pre_mag),pre_mag,gtsrb/vgg16,G-VG,gtsrb,vgg16,pooled,r0.90_coverage,0.135,weaker feature set,outputs/gate_performance.csv
RQ2,Gate (pre_mag_pPmax),pre_mag_pPmax,gtsrb/vgg16,G-VG,gtsrb,vgg16,pooled,n_test,237.0,weaker feature set,outputs/gate_performance.csv
RQ2,Gate (pre_mag_pPmax),pre_mag_pPmax,gtsrb/vgg16,G-VG,gtsrb,vgg16,pooled,pos,190.0,weaker feature set,outputs/gate_performance.csv
RQ2,Gate (pre_mag_pPmax),pre_mag_pPmax,gtsrb/vgg16,G-VG,gtsrb,vgg16,pooled,prevalence,0.8017,weaker feature set,outputs/gate_performance.csv
RQ2,Gate (pre_mag_pPmax),pre_mag_pPmax,gtsrb/vgg16,G-VG,gtsrb,vgg16,pooled,AUROC,0.8572,weaker feature set,outputs/gate_performance.csv
RQ2,Gate (pre_mag_pPmax),pre_mag_pPmax,gtsrb/vgg16,G-VG,gtsrb,vgg16,pooled,AUPRC,0.9579,weaker feature set,outputs/gate_performance.csv
RQ2,Gate (pre_mag_pPmax),pre_mag_pPmax,gtsrb/vgg16,G-VG,gtsrb,vgg16,pooled,ECE_raw,0.2209,weaker feature set,outputs/gate_performance.csv
RQ2,Gate (pre_mag_pPmax),pre_mag_pPmax,gtsrb/vgg16,G-VG,gtsrb,vgg16,pooled,ECE_platt,0.0566,weaker feature set,outputs/gate_performance.csv
RQ2,Gate (pre_mag_pPmax),pre_mag_pPmax,gtsrb/vgg16,G-VG,gtsrb,vgg16,pooled,Brier_platt,0.1135,weaker feature set,outputs/gate_performance.csv
RQ2,Gate (pre_mag_pPmax),pre_mag_pPmax,gtsrb/vgg16,G-VG,gtsrb,vgg16,pooled,r0.60_accuracy,0.8059,weaker feature set,outputs/gate_performance.csv
RQ2,Gate (pre_mag_pPmax),pre_mag_pPmax,gtsrb/vgg16,G-VG,gtsrb,vgg16,pooled,r0.60_precision,0.9286,weaker feature set,outputs/gate_performance.csv
RQ2,Gate (pre_mag_pPmax),pre_mag_pPmax,gtsrb/vgg16,G-VG,gtsrb,vgg16,pooled,r0.60_recall,0.8211,weaker feature set,outputs/gate_performance.csv
RQ2,Gate (pre_mag_pPmax),pre_mag_pPmax,gtsrb/vgg16,G-VG,gtsrb,vgg16,pooled,r0.60_f1,0.8715,weaker feature set,outputs/gate_performance.csv
RQ2,Gate (pre_mag_pPmax),pre_mag_pPmax,gtsrb/vgg16,G-VG,gtsrb,vgg16,pooled,r0.60_coverage,0.7089,weaker feature set,outputs/gate_performance.csv
RQ2,Gate (pre_mag_pPmax),pre_mag_pPmax,gtsrb/vgg16,G-VG,gtsrb,vgg16,pooled,r0.80_accuracy,0.7089,weaker feature set,outputs/gate_performance.csv
RQ2,Gate (pre_mag_pPmax),pre_mag_pPmax,gtsrb/vgg16,G-VG,gtsrb,vgg16,pooled,r0.80_precision,0.9416,weaker feature set,outputs/gate_performance.csv
RQ2,Gate (pre_mag_pPmax),pre_mag_pPmax,gtsrb/vgg16,G-VG,gtsrb,vgg16,pooled,r0.80_recall,0.6789,weaker feature set,outputs/gate_performance.csv
RQ2,Gate (pre_mag_pPmax),pre_mag_pPmax,gtsrb/vgg16,G-VG,gtsrb,vgg16,pooled,r0.80_f1,0.789,weaker feature set,outputs/gate_performance.csv
RQ2,Gate (pre_mag_pPmax),pre_mag_pPmax,gtsrb/vgg16,G-VG,gtsrb,vgg16,pooled,r0.80_coverage,0.5781,weaker feature set,outputs/gate_performance.csv
RQ2,Gate (pre_mag_pPmax),pre_mag_pPmax,gtsrb/vgg16,G-VG,gtsrb,vgg16,pooled,r0.90_accuracy,0.6456,weaker feature set,outputs/gate_performance.csv
RQ2,Gate (pre_mag_pPmax),pre_mag_pPmax,gtsrb/vgg16,G-VG,gtsrb,vgg16,pooled,r0.90_precision,0.9492,weaker feature set,outputs/gate_performance.csv
RQ2,Gate (pre_mag_pPmax),pre_mag_pPmax,gtsrb/vgg16,G-VG,gtsrb,vgg16,pooled,r0.90_recall,0.5895,weaker feature set,outputs/gate_performance.csv
RQ2,Gate (pre_mag_pPmax),pre_mag_pPmax,gtsrb/vgg16,G-VG,gtsrb,vgg16,pooled,r0.90_f1,0.7273,weaker feature set,outputs/gate_performance.csv
RQ2,Gate (pre_mag_pPmax),pre_mag_pPmax,gtsrb/vgg16,G-VG,gtsrb,vgg16,pooled,r0.90_coverage,0.4979,weaker feature set,outputs/gate_performance.csv
RQ2,Gate (pre_mag_response),pre_mag_response,gtsrb/vgg16,G-VG,gtsrb,vgg16,pooled,n_test,237.0,SHIPPED,outputs/gate_performance.csv
RQ2,Gate (pre_mag_response),pre_mag_response,gtsrb/vgg16,G-VG,gtsrb,vgg16,pooled,pos,190.0,SHIPPED,outputs/gate_performance.csv
RQ2,Gate (pre_mag_response),pre_mag_response,gtsrb/vgg16,G-VG,gtsrb,vgg16,pooled,prevalence,0.8017,SHIPPED,outputs/gate_performance.csv
RQ2,Gate (pre_mag_response),pre_mag_response,gtsrb/vgg16,G-VG,gtsrb,vgg16,pooled,AUROC,0.8498,SHIPPED,outputs/gate_performance.csv
RQ2,Gate (pre_mag_response),pre_mag_response,gtsrb/vgg16,G-VG,gtsrb,vgg16,pooled,AUPRC,0.957,SHIPPED,outputs/gate_performance.csv
RQ2,Gate (pre_mag_response),pre_mag_response,gtsrb/vgg16,G-VG,gtsrb,vgg16,pooled,ECE_raw,0.2304,SHIPPED,outputs/gate_performance.csv
RQ2,Gate (pre_mag_response),pre_mag_response,gtsrb/vgg16,G-VG,gtsrb,vgg16,pooled,ECE_platt,0.068,SHIPPED,outputs/gate_performance.csv
RQ2,Gate (pre_mag_response),pre_mag_response,gtsrb/vgg16,G-VG,gtsrb,vgg16,pooled,Brier_platt,0.1198,SHIPPED,outputs/gate_performance.csv
RQ2,Gate (pre_mag_response),pre_mag_response,gtsrb/vgg16,G-VG,gtsrb,vgg16,pooled,r0.60_accuracy,0.8101,SHIPPED,outputs/gate_performance.csv
RQ2,Gate (pre_mag_response),pre_mag_response,gtsrb/vgg16,G-VG,gtsrb,vgg16,pooled,r0.60_precision,0.929,SHIPPED,outputs/gate_performance.csv
RQ2,Gate (pre_mag_response),pre_mag_response,gtsrb/vgg16,G-VG,gtsrb,vgg16,pooled,r0.60_recall,0.8263,SHIPPED,outputs/gate_performance.csv
RQ2,Gate (pre_mag_response),pre_mag_response,gtsrb/vgg16,G-VG,gtsrb,vgg16,pooled,r0.60_f1,0.8747,SHIPPED,outputs/gate_performance.csv
RQ2,Gate (pre_mag_response),pre_mag_response,gtsrb/vgg16,G-VG,gtsrb,vgg16,pooled,r0.60_coverage,0.7131,SHIPPED,outputs/gate_performance.csv
RQ2,Gate (pre_mag_response),pre_mag_response,gtsrb/vgg16,G-VG,gtsrb,vgg16,pooled,r0.80_accuracy,0.692,SHIPPED,outputs/gate_performance.csv
RQ2,Gate (pre_mag_response),pre_mag_response,gtsrb/vgg16,G-VG,gtsrb,vgg16,pooled,r0.80_precision,0.9333,SHIPPED,outputs/gate_performance.csv
RQ2,Gate (pre_mag_response),pre_mag_response,gtsrb/vgg16,G-VG,gtsrb,vgg16,pooled,r0.80_recall,0.6632,SHIPPED,outputs/gate_performance.csv
RQ2,Gate (pre_mag_response),pre_mag_response,gtsrb/vgg16,G-VG,gtsrb,vgg16,pooled,r0.80_f1,0.7754,SHIPPED,outputs/gate_performance.csv
RQ2,Gate (pre_mag_response),pre_mag_response,gtsrb/vgg16,G-VG,gtsrb,vgg16,pooled,r0.80_coverage,0.5696,SHIPPED,outputs/gate_performance.csv
RQ2,Gate (pre_mag_response),pre_mag_response,gtsrb/vgg16,G-VG,gtsrb,vgg16,pooled,r0.90_accuracy,0.6245,SHIPPED,outputs/gate_performance.csv
RQ2,Gate (pre_mag_response),pre_mag_response,gtsrb/vgg16,G-VG,gtsrb,vgg16,pooled,r0.90_precision,0.9633,SHIPPED,outputs/gate_performance.csv
RQ2,Gate (pre_mag_response),pre_mag_response,gtsrb/vgg16,G-VG,gtsrb,vgg16,pooled,r0.90_recall,0.5526,SHIPPED,outputs/gate_performance.csv
RQ2,Gate (pre_mag_response),pre_mag_response,gtsrb/vgg16,G-VG,gtsrb,vgg16,pooled,r0.90_f1,0.7023,SHIPPED,outputs/gate_performance.csv
RQ2,Gate (pre_mag_response),pre_mag_response,gtsrb/vgg16,G-VG,gtsrb,vgg16,pooled,r0.90_coverage,0.4599,SHIPPED,outputs/gate_performance.csv
RQ2,Gate (pre),pre,tt100k_signs/resnet50,T-RN,tt100k_signs,resnet50,pooled,n_test,239.0,weaker feature set,outputs/gate_performance.csv
RQ2,Gate (pre),pre,tt100k_signs/resnet50,T-RN,tt100k_signs,resnet50,pooled,pos,166.0,weaker feature set,outputs/gate_performance.csv
RQ2,Gate (pre),pre,tt100k_signs/resnet50,T-RN,tt100k_signs,resnet50,pooled,prevalence,0.6946,weaker feature set,outputs/gate_performance.csv
RQ2,Gate (pre),pre,tt100k_signs/resnet50,T-RN,tt100k_signs,resnet50,pooled,AUROC,0.7735,weaker feature set,outputs/gate_performance.csv
RQ2,Gate (pre),pre,tt100k_signs/resnet50,T-RN,tt100k_signs,resnet50,pooled,AUPRC,0.8923,weaker feature set,outputs/gate_performance.csv
RQ2,Gate (pre),pre,tt100k_signs/resnet50,T-RN,tt100k_signs,resnet50,pooled,ECE_raw,0.2016,weaker feature set,outputs/gate_performance.csv
RQ2,Gate (pre),pre,tt100k_signs/resnet50,T-RN,tt100k_signs,resnet50,pooled,ECE_platt,0.1004,weaker feature set,outputs/gate_performance.csv
RQ2,Gate (pre),pre,tt100k_signs/resnet50,T-RN,tt100k_signs,resnet50,pooled,Brier_platt,0.1829,weaker feature set,outputs/gate_performance.csv
RQ2,Gate (pre),pre,tt100k_signs/resnet50,T-RN,tt100k_signs,resnet50,pooled,r0.60_accuracy,0.7071,weaker feature set,outputs/gate_performance.csv
RQ2,Gate (pre),pre,tt100k_signs/resnet50,T-RN,tt100k_signs,resnet50,pooled,r0.60_precision,0.8333,weaker feature set,outputs/gate_performance.csv
RQ2,Gate (pre),pre,tt100k_signs/resnet50,T-RN,tt100k_signs,resnet50,pooled,r0.60_recall,0.7229,weaker feature set,outputs/gate_performance.csv
RQ2,Gate (pre),pre,tt100k_signs/resnet50,T-RN,tt100k_signs,resnet50,pooled,r0.60_f1,0.7742,weaker feature set,outputs/gate_performance.csv
RQ2,Gate (pre),pre,tt100k_signs/resnet50,T-RN,tt100k_signs,resnet50,pooled,r0.60_coverage,0.6025,weaker feature set,outputs/gate_performance.csv
RQ2,Gate (pre),pre,tt100k_signs/resnet50,T-RN,tt100k_signs,resnet50,pooled,r0.80_accuracy,0.6318,weaker feature set,outputs/gate_performance.csv
RQ2,Gate (pre),pre,tt100k_signs/resnet50,T-RN,tt100k_signs,resnet50,pooled,r0.80_precision,0.898,weaker feature set,outputs/gate_performance.csv
RQ2,Gate (pre),pre,tt100k_signs/resnet50,T-RN,tt100k_signs,resnet50,pooled,r0.80_recall,0.5301,weaker feature set,outputs/gate_performance.csv
RQ2,Gate (pre),pre,tt100k_signs/resnet50,T-RN,tt100k_signs,resnet50,pooled,r0.80_f1,0.6667,weaker feature set,outputs/gate_performance.csv
RQ2,Gate (pre),pre,tt100k_signs/resnet50,T-RN,tt100k_signs,resnet50,pooled,r0.80_coverage,0.41,weaker feature set,outputs/gate_performance.csv
RQ2,Gate (pre),pre,tt100k_signs/resnet50,T-RN,tt100k_signs,resnet50,pooled,r0.90_accuracy,0.5523,weaker feature set,outputs/gate_performance.csv
RQ2,Gate (pre),pre,tt100k_signs/resnet50,T-RN,tt100k_signs,resnet50,pooled,r0.90_precision,0.9041,weaker feature set,outputs/gate_performance.csv
RQ2,Gate (pre),pre,tt100k_signs/resnet50,T-RN,tt100k_signs,resnet50,pooled,r0.90_recall,0.3976,weaker feature set,outputs/gate_performance.csv
RQ2,Gate (pre),pre,tt100k_signs/resnet50,T-RN,tt100k_signs,resnet50,pooled,r0.90_f1,0.5523,weaker feature set,outputs/gate_performance.csv
RQ2,Gate (pre),pre,tt100k_signs/resnet50,T-RN,tt100k_signs,resnet50,pooled,r0.90_coverage,0.3054,weaker feature set,outputs/gate_performance.csv
RQ2,Gate (pre_mag),pre_mag,tt100k_signs/resnet50,T-RN,tt100k_signs,resnet50,pooled,n_test,239.0,weaker feature set,outputs/gate_performance.csv
RQ2,Gate (pre_mag),pre_mag,tt100k_signs/resnet50,T-RN,tt100k_signs,resnet50,pooled,pos,166.0,weaker feature set,outputs/gate_performance.csv
RQ2,Gate (pre_mag),pre_mag,tt100k_signs/resnet50,T-RN,tt100k_signs,resnet50,pooled,prevalence,0.6946,weaker feature set,outputs/gate_performance.csv
RQ2,Gate (pre_mag),pre_mag,tt100k_signs/resnet50,T-RN,tt100k_signs,resnet50,pooled,AUROC,0.8031,weaker feature set,outputs/gate_performance.csv
RQ2,Gate (pre_mag),pre_mag,tt100k_signs/resnet50,T-RN,tt100k_signs,resnet50,pooled,AUPRC,0.8909,weaker feature set,outputs/gate_performance.csv
RQ2,Gate (pre_mag),pre_mag,tt100k_signs/resnet50,T-RN,tt100k_signs,resnet50,pooled,ECE_raw,0.1917,weaker feature set,outputs/gate_performance.csv
RQ2,Gate (pre_mag),pre_mag,tt100k_signs/resnet50,T-RN,tt100k_signs,resnet50,pooled,ECE_platt,0.1096,weaker feature set,outputs/gate_performance.csv
RQ2,Gate (pre_mag),pre_mag,tt100k_signs/resnet50,T-RN,tt100k_signs,resnet50,pooled,Brier_platt,0.1693,weaker feature set,outputs/gate_performance.csv
RQ2,Gate (pre_mag),pre_mag,tt100k_signs/resnet50,T-RN,tt100k_signs,resnet50,pooled,r0.60_accuracy,0.7322,weaker feature set,outputs/gate_performance.csv
RQ2,Gate (pre_mag),pre_mag,tt100k_signs/resnet50,T-RN,tt100k_signs,resnet50,pooled,r0.60_precision,0.8355,weaker feature set,outputs/gate_performance.csv
RQ2,Gate (pre_mag),pre_mag,tt100k_signs/resnet50,T-RN,tt100k_signs,resnet50,pooled,r0.60_recall,0.7651,weaker feature set,outputs/gate_performance.csv
RQ2,Gate (pre_mag),pre_mag,tt100k_signs/resnet50,T-RN,tt100k_signs,resnet50,pooled,r0.60_f1,0.7987,weaker feature set,outputs/gate_performance.csv
RQ2,Gate (pre_mag),pre_mag,tt100k_signs/resnet50,T-RN,tt100k_signs,resnet50,pooled,r0.60_coverage,0.636,weaker feature set,outputs/gate_performance.csv
RQ2,Gate (pre_mag),pre_mag,tt100k_signs/resnet50,T-RN,tt100k_signs,resnet50,pooled,r0.80_accuracy,0.6862,weaker feature set,outputs/gate_performance.csv
RQ2,Gate (pre_mag),pre_mag,tt100k_signs/resnet50,T-RN,tt100k_signs,resnet50,pooled,r0.80_precision,0.9333,weaker feature set,outputs/gate_performance.csv
RQ2,Gate (pre_mag),pre_mag,tt100k_signs/resnet50,T-RN,tt100k_signs,resnet50,pooled,r0.80_recall,0.5904,weaker feature set,outputs/gate_performance.csv
RQ2,Gate (pre_mag),pre_mag,tt100k_signs/resnet50,T-RN,tt100k_signs,resnet50,pooled,r0.80_f1,0.7232,weaker feature set,outputs/gate_performance.csv
RQ2,Gate (pre_mag),pre_mag,tt100k_signs/resnet50,T-RN,tt100k_signs,resnet50,pooled,r0.80_coverage,0.4393,weaker feature set,outputs/gate_performance.csv
RQ2,Gate (pre_mag),pre_mag,tt100k_signs/resnet50,T-RN,tt100k_signs,resnet50,pooled,r0.90_accuracy,0.6318,weaker feature set,outputs/gate_performance.csv
RQ2,Gate (pre_mag),pre_mag,tt100k_signs/resnet50,T-RN,tt100k_signs,resnet50,pooled,r0.90_precision,0.9333,weaker feature set,outputs/gate_performance.csv
RQ2,Gate (pre_mag),pre_mag,tt100k_signs/resnet50,T-RN,tt100k_signs,resnet50,pooled,r0.90_recall,0.506,weaker feature set,outputs/gate_performance.csv
RQ2,Gate (pre_mag),pre_mag,tt100k_signs/resnet50,T-RN,tt100k_signs,resnet50,pooled,r0.90_f1,0.6562,weaker feature set,outputs/gate_performance.csv
RQ2,Gate (pre_mag),pre_mag,tt100k_signs/resnet50,T-RN,tt100k_signs,resnet50,pooled,r0.90_coverage,0.3766,weaker feature set,outputs/gate_performance.csv
RQ2,Gate (pre_mag_pPmax),pre_mag_pPmax,tt100k_signs/resnet50,T-RN,tt100k_signs,resnet50,pooled,n_test,239.0,weaker feature set,outputs/gate_performance.csv
RQ2,Gate (pre_mag_pPmax),pre_mag_pPmax,tt100k_signs/resnet50,T-RN,tt100k_signs,resnet50,pooled,pos,166.0,weaker feature set,outputs/gate_performance.csv
RQ2,Gate (pre_mag_pPmax),pre_mag_pPmax,tt100k_signs/resnet50,T-RN,tt100k_signs,resnet50,pooled,prevalence,0.6946,weaker feature set,outputs/gate_performance.csv
RQ2,Gate (pre_mag_pPmax),pre_mag_pPmax,tt100k_signs/resnet50,T-RN,tt100k_signs,resnet50,pooled,AUROC,0.9,weaker feature set,outputs/gate_performance.csv
RQ2,Gate (pre_mag_pPmax),pre_mag_pPmax,tt100k_signs/resnet50,T-RN,tt100k_signs,resnet50,pooled,AUPRC,0.9488,weaker feature set,outputs/gate_performance.csv
RQ2,Gate (pre_mag_pPmax),pre_mag_pPmax,tt100k_signs/resnet50,T-RN,tt100k_signs,resnet50,pooled,ECE_raw,0.1586,weaker feature set,outputs/gate_performance.csv
RQ2,Gate (pre_mag_pPmax),pre_mag_pPmax,tt100k_signs/resnet50,T-RN,tt100k_signs,resnet50,pooled,ECE_platt,0.0778,weaker feature set,outputs/gate_performance.csv
RQ2,Gate (pre_mag_pPmax),pre_mag_pPmax,tt100k_signs/resnet50,T-RN,tt100k_signs,resnet50,pooled,Brier_platt,0.1192,weaker feature set,outputs/gate_performance.csv
RQ2,Gate (pre_mag_pPmax),pre_mag_pPmax,tt100k_signs/resnet50,T-RN,tt100k_signs,resnet50,pooled,r0.60_accuracy,0.8452,weaker feature set,outputs/gate_performance.csv
RQ2,Gate (pre_mag_pPmax),pre_mag_pPmax,tt100k_signs/resnet50,T-RN,tt100k_signs,resnet50,pooled,r0.60_precision,0.9161,weaker feature set,outputs/gate_performance.csv
RQ2,Gate (pre_mag_pPmax),pre_mag_pPmax,tt100k_signs/resnet50,T-RN,tt100k_signs,resnet50,pooled,r0.60_recall,0.8554,weaker feature set,outputs/gate_performance.csv
RQ2,Gate (pre_mag_pPmax),pre_mag_pPmax,tt100k_signs/resnet50,T-RN,tt100k_signs,resnet50,pooled,r0.60_f1,0.8847,weaker feature set,outputs/gate_performance.csv
RQ2,Gate (pre_mag_pPmax),pre_mag_pPmax,tt100k_signs/resnet50,T-RN,tt100k_signs,resnet50,pooled,r0.60_coverage,0.6485,weaker feature set,outputs/gate_performance.csv
RQ2,Gate (pre_mag_pPmax),pre_mag_pPmax,tt100k_signs/resnet50,T-RN,tt100k_signs,resnet50,pooled,r0.80_accuracy,0.8033,weaker feature set,outputs/gate_performance.csv
RQ2,Gate (pre_mag_pPmax),pre_mag_pPmax,tt100k_signs/resnet50,T-RN,tt100k_signs,resnet50,pooled,r0.80_precision,0.9407,weaker feature set,outputs/gate_performance.csv
RQ2,Gate (pre_mag_pPmax),pre_mag_pPmax,tt100k_signs/resnet50,T-RN,tt100k_signs,resnet50,pooled,r0.80_recall,0.7651,weaker feature set,outputs/gate_performance.csv
RQ2,Gate (pre_mag_pPmax),pre_mag_pPmax,tt100k_signs/resnet50,T-RN,tt100k_signs,resnet50,pooled,r0.80_f1,0.8439,weaker feature set,outputs/gate_performance.csv
RQ2,Gate (pre_mag_pPmax),pre_mag_pPmax,tt100k_signs/resnet50,T-RN,tt100k_signs,resnet50,pooled,r0.80_coverage,0.5649,weaker feature set,outputs/gate_performance.csv
RQ2,Gate (pre_mag_pPmax),pre_mag_pPmax,tt100k_signs/resnet50,T-RN,tt100k_signs,resnet50,pooled,r0.90_accuracy,0.6946,weaker feature set,outputs/gate_performance.csv
RQ2,Gate (pre_mag_pPmax),pre_mag_pPmax,tt100k_signs/resnet50,T-RN,tt100k_signs,resnet50,pooled,r0.90_precision,0.9515,weaker feature set,outputs/gate_performance.csv
RQ2,Gate (pre_mag_pPmax),pre_mag_pPmax,tt100k_signs/resnet50,T-RN,tt100k_signs,resnet50,pooled,r0.90_recall,0.5904,weaker feature set,outputs/gate_performance.csv
RQ2,Gate (pre_mag_pPmax),pre_mag_pPmax,tt100k_signs/resnet50,T-RN,tt100k_signs,resnet50,pooled,r0.90_f1,0.7286,weaker feature set,outputs/gate_performance.csv
RQ2,Gate (pre_mag_pPmax),pre_mag_pPmax,tt100k_signs/resnet50,T-RN,tt100k_signs,resnet50,pooled,r0.90_coverage,0.431,weaker feature set,outputs/gate_performance.csv
RQ2,Gate (pre_mag_response),pre_mag_response,tt100k_signs/resnet50,T-RN,tt100k_signs,resnet50,pooled,n_test,239.0,SHIPPED,outputs/gate_performance.csv
RQ2,Gate (pre_mag_response),pre_mag_response,tt100k_signs/resnet50,T-RN,tt100k_signs,resnet50,pooled,pos,166.0,SHIPPED,outputs/gate_performance.csv
RQ2,Gate (pre_mag_response),pre_mag_response,tt100k_signs/resnet50,T-RN,tt100k_signs,resnet50,pooled,prevalence,0.6946,SHIPPED,outputs/gate_performance.csv
RQ2,Gate (pre_mag_response),pre_mag_response,tt100k_signs/resnet50,T-RN,tt100k_signs,resnet50,pooled,AUROC,0.9068,SHIPPED,outputs/gate_performance.csv
RQ2,Gate (pre_mag_response),pre_mag_response,tt100k_signs/resnet50,T-RN,tt100k_signs,resnet50,pooled,AUPRC,0.9563,SHIPPED,outputs/gate_performance.csv
RQ2,Gate (pre_mag_response),pre_mag_response,tt100k_signs/resnet50,T-RN,tt100k_signs,resnet50,pooled,ECE_raw,0.1504,SHIPPED,outputs/gate_performance.csv
RQ2,Gate (pre_mag_response),pre_mag_response,tt100k_signs/resnet50,T-RN,tt100k_signs,resnet50,pooled,ECE_platt,0.0749,SHIPPED,outputs/gate_performance.csv
RQ2,Gate (pre_mag_response),pre_mag_response,tt100k_signs/resnet50,T-RN,tt100k_signs,resnet50,pooled,Brier_platt,0.1159,SHIPPED,outputs/gate_performance.csv
RQ2,Gate (pre_mag_response),pre_mag_response,tt100k_signs/resnet50,T-RN,tt100k_signs,resnet50,pooled,r0.60_accuracy,0.8536,SHIPPED,outputs/gate_performance.csv
RQ2,Gate (pre_mag_response),pre_mag_response,tt100k_signs/resnet50,T-RN,tt100k_signs,resnet50,pooled,r0.60_precision,0.8922,SHIPPED,outputs/gate_performance.csv
RQ2,Gate (pre_mag_response),pre_mag_response,tt100k_signs/resnet50,T-RN,tt100k_signs,resnet50,pooled,r0.60_recall,0.8976,SHIPPED,outputs/gate_performance.csv
RQ2,Gate (pre_mag_response),pre_mag_response,tt100k_signs/resnet50,T-RN,tt100k_signs,resnet50,pooled,r0.60_f1,0.8949,SHIPPED,outputs/gate_performance.csv
RQ2,Gate (pre_mag_response),pre_mag_response,tt100k_signs/resnet50,T-RN,tt100k_signs,resnet50,pooled,r0.60_coverage,0.6987,SHIPPED,outputs/gate_performance.csv
RQ2,Gate (pre_mag_response),pre_mag_response,tt100k_signs/resnet50,T-RN,tt100k_signs,resnet50,pooled,r0.80_accuracy,0.8243,SHIPPED,outputs/gate_performance.csv
RQ2,Gate (pre_mag_response),pre_mag_response,tt100k_signs/resnet50,T-RN,tt100k_signs,resnet50,pooled,r0.80_precision,0.9366,SHIPPED,outputs/gate_performance.csv
RQ2,Gate (pre_mag_response),pre_mag_response,tt100k_signs/resnet50,T-RN,tt100k_signs,resnet50,pooled,r0.80_recall,0.8012,SHIPPED,outputs/gate_performance.csv
RQ2,Gate (pre_mag_response),pre_mag_response,tt100k_signs/resnet50,T-RN,tt100k_signs,resnet50,pooled,r0.80_f1,0.8636,SHIPPED,outputs/gate_performance.csv
RQ2,Gate (pre_mag_response),pre_mag_response,tt100k_signs/resnet50,T-RN,tt100k_signs,resnet50,pooled,r0.80_coverage,0.5941,SHIPPED,outputs/gate_performance.csv
RQ2,Gate (pre_mag_response),pre_mag_response,tt100k_signs/resnet50,T-RN,tt100k_signs,resnet50,pooled,r0.90_accuracy,0.7573,SHIPPED,outputs/gate_performance.csv
RQ2,Gate (pre_mag_response),pre_mag_response,tt100k_signs/resnet50,T-RN,tt100k_signs,resnet50,pooled,r0.90_precision,0.9655,SHIPPED,outputs/gate_performance.csv
RQ2,Gate (pre_mag_response),pre_mag_response,tt100k_signs/resnet50,T-RN,tt100k_signs,resnet50,pooled,r0.90_recall,0.6747,SHIPPED,outputs/gate_performance.csv
RQ2,Gate (pre_mag_response),pre_mag_response,tt100k_signs/resnet50,T-RN,tt100k_signs,resnet50,pooled,r0.90_f1,0.7943,SHIPPED,outputs/gate_performance.csv
RQ2,Gate (pre_mag_response),pre_mag_response,tt100k_signs/resnet50,T-RN,tt100k_signs,resnet50,pooled,r0.90_coverage,0.4854,SHIPPED,outputs/gate_performance.csv
RQ2,Gate (pre),pre,tt100k_signs/convnext_tiny,T-CN,tt100k_signs,convnext_tiny,pooled,n_test,240.0,weaker feature set,outputs/gate_performance.csv
RQ2,Gate (pre),pre,tt100k_signs/convnext_tiny,T-CN,tt100k_signs,convnext_tiny,pooled,pos,181.0,weaker feature set,outputs/gate_performance.csv
RQ2,Gate (pre),pre,tt100k_signs/convnext_tiny,T-CN,tt100k_signs,convnext_tiny,pooled,prevalence,0.7542,weaker feature set,outputs/gate_performance.csv
RQ2,Gate (pre),pre,tt100k_signs/convnext_tiny,T-CN,tt100k_signs,convnext_tiny,pooled,AUROC,0.6539,weaker feature set,outputs/gate_performance.csv
RQ2,Gate (pre),pre,tt100k_signs/convnext_tiny,T-CN,tt100k_signs,convnext_tiny,pooled,AUPRC,0.8384,weaker feature set,outputs/gate_performance.csv
RQ2,Gate (pre),pre,tt100k_signs/convnext_tiny,T-CN,tt100k_signs,convnext_tiny,pooled,ECE_raw,0.222,weaker feature set,outputs/gate_performance.csv
RQ2,Gate (pre),pre,tt100k_signs/convnext_tiny,T-CN,tt100k_signs,convnext_tiny,pooled,ECE_platt,0.0567,weaker feature set,outputs/gate_performance.csv
RQ2,Gate (pre),pre,tt100k_signs/convnext_tiny,T-CN,tt100k_signs,convnext_tiny,pooled,Brier_platt,0.1744,weaker feature set,outputs/gate_performance.csv
RQ2,Gate (pre),pre,tt100k_signs/convnext_tiny,T-CN,tt100k_signs,convnext_tiny,pooled,r0.60_accuracy,0.6625,weaker feature set,outputs/gate_performance.csv
RQ2,Gate (pre),pre,tt100k_signs/convnext_tiny,T-CN,tt100k_signs,convnext_tiny,pooled,r0.60_precision,0.8247,weaker feature set,outputs/gate_performance.csv
RQ2,Gate (pre),pre,tt100k_signs/convnext_tiny,T-CN,tt100k_signs,convnext_tiny,pooled,r0.60_recall,0.7017,weaker feature set,outputs/gate_performance.csv
RQ2,Gate (pre),pre,tt100k_signs/convnext_tiny,T-CN,tt100k_signs,convnext_tiny,pooled,r0.60_f1,0.7582,weaker feature set,outputs/gate_performance.csv
RQ2,Gate (pre),pre,tt100k_signs/convnext_tiny,T-CN,tt100k_signs,convnext_tiny,pooled,r0.60_coverage,0.6417,weaker feature set,outputs/gate_performance.csv
RQ2,Gate (pre),pre,tt100k_signs/convnext_tiny,T-CN,tt100k_signs,convnext_tiny,pooled,r0.80_accuracy,0.5667,weaker feature set,outputs/gate_performance.csv
RQ2,Gate (pre),pre,tt100k_signs/convnext_tiny,T-CN,tt100k_signs,convnext_tiny,pooled,r0.80_precision,0.8407,weaker feature set,outputs/gate_performance.csv
RQ2,Gate (pre),pre,tt100k_signs/convnext_tiny,T-CN,tt100k_signs,convnext_tiny,pooled,r0.80_recall,0.5249,weaker feature set,outputs/gate_performance.csv
RQ2,Gate (pre),pre,tt100k_signs/convnext_tiny,T-CN,tt100k_signs,convnext_tiny,pooled,r0.80_f1,0.6463,weaker feature set,outputs/gate_performance.csv
RQ2,Gate (pre),pre,tt100k_signs/convnext_tiny,T-CN,tt100k_signs,convnext_tiny,pooled,r0.80_coverage,0.4708,weaker feature set,outputs/gate_performance.csv
RQ2,Gate (pre),pre,tt100k_signs/convnext_tiny,T-CN,tt100k_signs,convnext_tiny,pooled,r0.90_accuracy,0.4667,weaker feature set,outputs/gate_performance.csv
RQ2,Gate (pre),pre,tt100k_signs/convnext_tiny,T-CN,tt100k_signs,convnext_tiny,pooled,r0.90_precision,0.8193,weaker feature set,outputs/gate_performance.csv
RQ2,Gate (pre),pre,tt100k_signs/convnext_tiny,T-CN,tt100k_signs,convnext_tiny,pooled,r0.90_recall,0.3757,weaker feature set,outputs/gate_performance.csv
RQ2,Gate (pre),pre,tt100k_signs/convnext_tiny,T-CN,tt100k_signs,convnext_tiny,pooled,r0.90_f1,0.5152,weaker feature set,outputs/gate_performance.csv
RQ2,Gate (pre),pre,tt100k_signs/convnext_tiny,T-CN,tt100k_signs,convnext_tiny,pooled,r0.90_coverage,0.3458,weaker feature set,outputs/gate_performance.csv
RQ2,Gate (pre_mag),pre_mag,tt100k_signs/convnext_tiny,T-CN,tt100k_signs,convnext_tiny,pooled,n_test,240.0,weaker feature set,outputs/gate_performance.csv
RQ2,Gate (pre_mag),pre_mag,tt100k_signs/convnext_tiny,T-CN,tt100k_signs,convnext_tiny,pooled,pos,181.0,weaker feature set,outputs/gate_performance.csv
RQ2,Gate (pre_mag),pre_mag,tt100k_signs/convnext_tiny,T-CN,tt100k_signs,convnext_tiny,pooled,prevalence,0.7542,weaker feature set,outputs/gate_performance.csv
RQ2,Gate (pre_mag),pre_mag,tt100k_signs/convnext_tiny,T-CN,tt100k_signs,convnext_tiny,pooled,AUROC,0.7817,weaker feature set,outputs/gate_performance.csv
RQ2,Gate (pre_mag),pre_mag,tt100k_signs/convnext_tiny,T-CN,tt100k_signs,convnext_tiny,pooled,AUPRC,0.8755,weaker feature set,outputs/gate_performance.csv
RQ2,Gate (pre_mag),pre_mag,tt100k_signs/convnext_tiny,T-CN,tt100k_signs,convnext_tiny,pooled,ECE_raw,0.2147,weaker feature set,outputs/gate_performance.csv
RQ2,Gate (pre_mag),pre_mag,tt100k_signs/convnext_tiny,T-CN,tt100k_signs,convnext_tiny,pooled,ECE_platt,0.1108,weaker feature set,outputs/gate_performance.csv
RQ2,Gate (pre_mag),pre_mag,tt100k_signs/convnext_tiny,T-CN,tt100k_signs,convnext_tiny,pooled,Brier_platt,0.1475,weaker feature set,outputs/gate_performance.csv
RQ2,Gate (pre_mag),pre_mag,tt100k_signs/convnext_tiny,T-CN,tt100k_signs,convnext_tiny,pooled,r0.60_accuracy,0.775,weaker feature set,outputs/gate_performance.csv
RQ2,Gate (pre_mag),pre_mag,tt100k_signs/convnext_tiny,T-CN,tt100k_signs,convnext_tiny,pooled,r0.60_precision,0.8757,weaker feature set,outputs/gate_performance.csv
RQ2,Gate (pre_mag),pre_mag,tt100k_signs/convnext_tiny,T-CN,tt100k_signs,convnext_tiny,pooled,r0.60_recall,0.8177,weaker feature set,outputs/gate_performance.csv
RQ2,Gate (pre_mag),pre_mag,tt100k_signs/convnext_tiny,T-CN,tt100k_signs,convnext_tiny,pooled,r0.60_f1,0.8457,weaker feature set,outputs/gate_performance.csv
RQ2,Gate (pre_mag),pre_mag,tt100k_signs/convnext_tiny,T-CN,tt100k_signs,convnext_tiny,pooled,r0.60_coverage,0.7042,weaker feature set,outputs/gate_performance.csv
RQ2,Gate (pre_mag),pre_mag,tt100k_signs/convnext_tiny,T-CN,tt100k_signs,convnext_tiny,pooled,r0.80_accuracy,0.6333,weaker feature set,outputs/gate_performance.csv
RQ2,Gate (pre_mag),pre_mag,tt100k_signs/convnext_tiny,T-CN,tt100k_signs,convnext_tiny,pooled,r0.80_precision,0.9043,weaker feature set,outputs/gate_performance.csv
RQ2,Gate (pre_mag),pre_mag,tt100k_signs/convnext_tiny,T-CN,tt100k_signs,convnext_tiny,pooled,r0.80_recall,0.5746,weaker feature set,outputs/gate_performance.csv
RQ2,Gate (pre_mag),pre_mag,tt100k_signs/convnext_tiny,T-CN,tt100k_signs,convnext_tiny,pooled,r0.80_f1,0.7027,weaker feature set,outputs/gate_performance.csv
RQ2,Gate (pre_mag),pre_mag,tt100k_signs/convnext_tiny,T-CN,tt100k_signs,convnext_tiny,pooled,r0.80_coverage,0.4792,weaker feature set,outputs/gate_performance.csv
RQ2,Gate (pre_mag),pre_mag,tt100k_signs/convnext_tiny,T-CN,tt100k_signs,convnext_tiny,pooled,r0.90_accuracy,0.5375,weaker feature set,outputs/gate_performance.csv
RQ2,Gate (pre_mag),pre_mag,tt100k_signs/convnext_tiny,T-CN,tt100k_signs,convnext_tiny,pooled,r0.90_precision,0.9167,weaker feature set,outputs/gate_performance.csv
RQ2,Gate (pre_mag),pre_mag,tt100k_signs/convnext_tiny,T-CN,tt100k_signs,convnext_tiny,pooled,r0.90_recall,0.4254,weaker feature set,outputs/gate_performance.csv
RQ2,Gate (pre_mag),pre_mag,tt100k_signs/convnext_tiny,T-CN,tt100k_signs,convnext_tiny,pooled,r0.90_f1,0.5811,weaker feature set,outputs/gate_performance.csv
RQ2,Gate (pre_mag),pre_mag,tt100k_signs/convnext_tiny,T-CN,tt100k_signs,convnext_tiny,pooled,r0.90_coverage,0.35,weaker feature set,outputs/gate_performance.csv
RQ2,Gate (pre_mag_pPmax),pre_mag_pPmax,tt100k_signs/convnext_tiny,T-CN,tt100k_signs,convnext_tiny,pooled,n_test,240.0,weaker feature set,outputs/gate_performance.csv
RQ2,Gate (pre_mag_pPmax),pre_mag_pPmax,tt100k_signs/convnext_tiny,T-CN,tt100k_signs,convnext_tiny,pooled,pos,181.0,weaker feature set,outputs/gate_performance.csv
RQ2,Gate (pre_mag_pPmax),pre_mag_pPmax,tt100k_signs/convnext_tiny,T-CN,tt100k_signs,convnext_tiny,pooled,prevalence,0.7542,weaker feature set,outputs/gate_performance.csv
RQ2,Gate (pre_mag_pPmax),pre_mag_pPmax,tt100k_signs/convnext_tiny,T-CN,tt100k_signs,convnext_tiny,pooled,AUROC,0.9471,weaker feature set,outputs/gate_performance.csv
RQ2,Gate (pre_mag_pPmax),pre_mag_pPmax,tt100k_signs/convnext_tiny,T-CN,tt100k_signs,convnext_tiny,pooled,AUPRC,0.9828,weaker feature set,outputs/gate_performance.csv
RQ2,Gate (pre_mag_pPmax),pre_mag_pPmax,tt100k_signs/convnext_tiny,T-CN,tt100k_signs,convnext_tiny,pooled,ECE_raw,0.065,weaker feature set,outputs/gate_performance.csv
RQ2,Gate (pre_mag_pPmax),pre_mag_pPmax,tt100k_signs/convnext_tiny,T-CN,tt100k_signs,convnext_tiny,pooled,ECE_platt,0.042,weaker feature set,outputs/gate_performance.csv
RQ2,Gate (pre_mag_pPmax),pre_mag_pPmax,tt100k_signs/convnext_tiny,T-CN,tt100k_signs,convnext_tiny,pooled,Brier_platt,0.0816,weaker feature set,outputs/gate_performance.csv
RQ2,Gate (pre_mag_pPmax),pre_mag_pPmax,tt100k_signs/convnext_tiny,T-CN,tt100k_signs,convnext_tiny,pooled,r0.60_accuracy,0.8708,weaker feature set,outputs/gate_performance.csv
RQ2,Gate (pre_mag_pPmax),pre_mag_pPmax,tt100k_signs/convnext_tiny,T-CN,tt100k_signs,convnext_tiny,pooled,r0.60_precision,0.875,weaker feature set,outputs/gate_performance.csv
RQ2,Gate (pre_mag_pPmax),pre_mag_pPmax,tt100k_signs/convnext_tiny,T-CN,tt100k_signs,convnext_tiny,pooled,r0.60_recall,0.9669,weaker feature set,outputs/gate_performance.csv
RQ2,Gate (pre_mag_pPmax),pre_mag_pPmax,tt100k_signs/convnext_tiny,T-CN,tt100k_signs,convnext_tiny,pooled,r0.60_f1,0.9186,weaker feature set,outputs/gate_performance.csv
RQ2,Gate (pre_mag_pPmax),pre_mag_pPmax,tt100k_signs/convnext_tiny,T-CN,tt100k_signs,convnext_tiny,pooled,r0.60_coverage,0.8333,weaker feature set,outputs/gate_performance.csv
RQ2,Gate (pre_mag_pPmax),pre_mag_pPmax,tt100k_signs/convnext_tiny,T-CN,tt100k_signs,convnext_tiny,pooled,r0.80_accuracy,0.8958,weaker feature set,outputs/gate_performance.csv
RQ2,Gate (pre_mag_pPmax),pre_mag_pPmax,tt100k_signs/convnext_tiny,T-CN,tt100k_signs,convnext_tiny,pooled,r0.80_precision,0.9194,weaker feature set,outputs/gate_performance.csv
RQ2,Gate (pre_mag_pPmax),pre_mag_pPmax,tt100k_signs/convnext_tiny,T-CN,tt100k_signs,convnext_tiny,pooled,r0.80_recall,0.9448,weaker feature set,outputs/gate_performance.csv
RQ2,Gate (pre_mag_pPmax),pre_mag_pPmax,tt100k_signs/convnext_tiny,T-CN,tt100k_signs,convnext_tiny,pooled,r0.80_f1,0.9319,weaker feature set,outputs/gate_performance.csv
RQ2,Gate (pre_mag_pPmax),pre_mag_pPmax,tt100k_signs/convnext_tiny,T-CN,tt100k_signs,convnext_tiny,pooled,r0.80_coverage,0.775,weaker feature set,outputs/gate_performance.csv
RQ2,Gate (pre_mag_pPmax),pre_mag_pPmax,tt100k_signs/convnext_tiny,T-CN,tt100k_signs,convnext_tiny,pooled,r0.90_accuracy,0.8917,weaker feature set,outputs/gate_performance.csv
RQ2,Gate (pre_mag_pPmax),pre_mag_pPmax,tt100k_signs/convnext_tiny,T-CN,tt100k_signs,convnext_tiny,pooled,r0.90_precision,0.9429,weaker feature set,outputs/gate_performance.csv
RQ2,Gate (pre_mag_pPmax),pre_mag_pPmax,tt100k_signs/convnext_tiny,T-CN,tt100k_signs,convnext_tiny,pooled,r0.90_recall,0.9116,weaker feature set,outputs/gate_performance.csv
RQ2,Gate (pre_mag_pPmax),pre_mag_pPmax,tt100k_signs/convnext_tiny,T-CN,tt100k_signs,convnext_tiny,pooled,r0.90_f1,0.927,weaker feature set,outputs/gate_performance.csv
RQ2,Gate (pre_mag_pPmax),pre_mag_pPmax,tt100k_signs/convnext_tiny,T-CN,tt100k_signs,convnext_tiny,pooled,r0.90_coverage,0.7292,weaker feature set,outputs/gate_performance.csv
RQ2,Gate (pre_mag_response),pre_mag_response,tt100k_signs/convnext_tiny,T-CN,tt100k_signs,convnext_tiny,pooled,n_test,240.0,SHIPPED,outputs/gate_performance.csv
RQ2,Gate (pre_mag_response),pre_mag_response,tt100k_signs/convnext_tiny,T-CN,tt100k_signs,convnext_tiny,pooled,pos,181.0,SHIPPED,outputs/gate_performance.csv
RQ2,Gate (pre_mag_response),pre_mag_response,tt100k_signs/convnext_tiny,T-CN,tt100k_signs,convnext_tiny,pooled,prevalence,0.7542,SHIPPED,outputs/gate_performance.csv
RQ2,Gate (pre_mag_response),pre_mag_response,tt100k_signs/convnext_tiny,T-CN,tt100k_signs,convnext_tiny,pooled,AUROC,0.9494,SHIPPED,outputs/gate_performance.csv
RQ2,Gate (pre_mag_response),pre_mag_response,tt100k_signs/convnext_tiny,T-CN,tt100k_signs,convnext_tiny,pooled,AUPRC,0.9842,SHIPPED,outputs/gate_performance.csv
RQ2,Gate (pre_mag_response),pre_mag_response,tt100k_signs/convnext_tiny,T-CN,tt100k_signs,convnext_tiny,pooled,ECE_raw,0.0566,SHIPPED,outputs/gate_performance.csv
RQ2,Gate (pre_mag_response),pre_mag_response,tt100k_signs/convnext_tiny,T-CN,tt100k_signs,convnext_tiny,pooled,ECE_platt,0.048,SHIPPED,outputs/gate_performance.csv
RQ2,Gate (pre_mag_response),pre_mag_response,tt100k_signs/convnext_tiny,T-CN,tt100k_signs,convnext_tiny,pooled,Brier_platt,0.0841,SHIPPED,outputs/gate_performance.csv
RQ2,Gate (pre_mag_response),pre_mag_response,tt100k_signs/convnext_tiny,T-CN,tt100k_signs,convnext_tiny,pooled,r0.60_accuracy,0.8625,SHIPPED,outputs/gate_performance.csv
RQ2,Gate (pre_mag_response),pre_mag_response,tt100k_signs/convnext_tiny,T-CN,tt100k_signs,convnext_tiny,pooled,r0.60_precision,0.8592,SHIPPED,outputs/gate_performance.csv
RQ2,Gate (pre_mag_response),pre_mag_response,tt100k_signs/convnext_tiny,T-CN,tt100k_signs,convnext_tiny,pooled,r0.60_recall,0.9779,SHIPPED,outputs/gate_performance.csv
RQ2,Gate (pre_mag_response),pre_mag_response,tt100k_signs/convnext_tiny,T-CN,tt100k_signs,convnext_tiny,pooled,r0.60_f1,0.9147,SHIPPED,outputs/gate_performance.csv
RQ2,Gate (pre_mag_response),pre_mag_response,tt100k_signs/convnext_tiny,T-CN,tt100k_signs,convnext_tiny,pooled,r0.60_coverage,0.8583,SHIPPED,outputs/gate_performance.csv
RQ2,Gate (pre_mag_response),pre_mag_response,tt100k_signs/convnext_tiny,T-CN,tt100k_signs,convnext_tiny,pooled,r0.80_accuracy,0.8875,SHIPPED,outputs/gate_performance.csv
RQ2,Gate (pre_mag_response),pre_mag_response,tt100k_signs/convnext_tiny,T-CN,tt100k_signs,convnext_tiny,pooled,r0.80_precision,0.8969,SHIPPED,outputs/gate_performance.csv
RQ2,Gate (pre_mag_response),pre_mag_response,tt100k_signs/convnext_tiny,T-CN,tt100k_signs,convnext_tiny,pooled,r0.80_recall,0.9613,SHIPPED,outputs/gate_performance.csv
RQ2,Gate (pre_mag_response),pre_mag_response,tt100k_signs/convnext_tiny,T-CN,tt100k_signs,convnext_tiny,pooled,r0.80_f1,0.928,SHIPPED,outputs/gate_performance.csv
RQ2,Gate (pre_mag_response),pre_mag_response,tt100k_signs/convnext_tiny,T-CN,tt100k_signs,convnext_tiny,pooled,r0.80_coverage,0.8083,SHIPPED,outputs/gate_performance.csv
RQ2,Gate (pre_mag_response),pre_mag_response,tt100k_signs/convnext_tiny,T-CN,tt100k_signs,convnext_tiny,pooled,r0.90_accuracy,0.8833,SHIPPED,outputs/gate_performance.csv
RQ2,Gate (pre_mag_response),pre_mag_response,tt100k_signs/convnext_tiny,T-CN,tt100k_signs,convnext_tiny,pooled,r0.90_precision,0.9274,SHIPPED,outputs/gate_performance.csv
RQ2,Gate (pre_mag_response),pre_mag_response,tt100k_signs/convnext_tiny,T-CN,tt100k_signs,convnext_tiny,pooled,r0.90_recall,0.9171,SHIPPED,outputs/gate_performance.csv
RQ2,Gate (pre_mag_response),pre_mag_response,tt100k_signs/convnext_tiny,T-CN,tt100k_signs,convnext_tiny,pooled,r0.90_f1,0.9222,SHIPPED,outputs/gate_performance.csv
RQ2,Gate (pre_mag_response),pre_mag_response,tt100k_signs/convnext_tiny,T-CN,tt100k_signs,convnext_tiny,pooled,r0.90_coverage,0.7458,SHIPPED,outputs/gate_performance.csv
RQ2,Gate (pre),pre,tt100k_signs/densenet121,T-DN,tt100k_signs,densenet121,pooled,n_test,287.0,weaker feature set,outputs/gate_performance.csv
RQ2,Gate (pre),pre,tt100k_signs/densenet121,T-DN,tt100k_signs,densenet121,pooled,pos,242.0,weaker feature set,outputs/gate_performance.csv
RQ2,Gate (pre),pre,tt100k_signs/densenet121,T-DN,tt100k_signs,densenet121,pooled,prevalence,0.8432,weaker feature set,outputs/gate_performance.csv
RQ2,Gate (pre),pre,tt100k_signs/densenet121,T-DN,tt100k_signs,densenet121,pooled,AUROC,0.7504,weaker feature set,outputs/gate_performance.csv
RQ2,Gate (pre),pre,tt100k_signs/densenet121,T-DN,tt100k_signs,densenet121,pooled,AUPRC,0.9469,weaker feature set,outputs/gate_performance.csv
RQ2,Gate (pre),pre,tt100k_signs/densenet121,T-DN,tt100k_signs,densenet121,pooled,ECE_raw,0.3081,weaker feature set,outputs/gate_performance.csv
RQ2,Gate (pre),pre,tt100k_signs/densenet121,T-DN,tt100k_signs,densenet121,pooled,ECE_platt,0.0757,weaker feature set,outputs/gate_performance.csv
RQ2,Gate (pre),pre,tt100k_signs/densenet121,T-DN,tt100k_signs,densenet121,pooled,Brier_platt,0.1308,weaker feature set,outputs/gate_performance.csv
RQ2,Gate (pre),pre,tt100k_signs/densenet121,T-DN,tt100k_signs,densenet121,pooled,r0.60_accuracy,0.6969,weaker feature set,outputs/gate_performance.csv
RQ2,Gate (pre),pre,tt100k_signs/densenet121,T-DN,tt100k_signs,densenet121,pooled,r0.60_precision,0.933,weaker feature set,outputs/gate_performance.csv
RQ2,Gate (pre),pre,tt100k_signs/densenet121,T-DN,tt100k_signs,densenet121,pooled,r0.60_recall,0.6901,weaker feature set,outputs/gate_performance.csv
RQ2,Gate (pre),pre,tt100k_signs/densenet121,T-DN,tt100k_signs,densenet121,pooled,r0.60_f1,0.7933,weaker feature set,outputs/gate_performance.csv
RQ2,Gate (pre),pre,tt100k_signs/densenet121,T-DN,tt100k_signs,densenet121,pooled,r0.60_coverage,0.6237,weaker feature set,outputs/gate_performance.csv
RQ2,Gate (pre),pre,tt100k_signs/densenet121,T-DN,tt100k_signs,densenet121,pooled,r0.80_accuracy,0.6063,weaker feature set,outputs/gate_performance.csv
RQ2,Gate (pre),pre,tt100k_signs/densenet121,T-DN,tt100k_signs,densenet121,pooled,r0.80_precision,0.9388,weaker feature set,outputs/gate_performance.csv
RQ2,Gate (pre),pre,tt100k_signs/densenet121,T-DN,tt100k_signs,densenet121,pooled,r0.80_recall,0.5702,weaker feature set,outputs/gate_performance.csv
RQ2,Gate (pre),pre,tt100k_signs/densenet121,T-DN,tt100k_signs,densenet121,pooled,r0.80_f1,0.7095,weaker feature set,outputs/gate_performance.csv
RQ2,Gate (pre),pre,tt100k_signs/densenet121,T-DN,tt100k_signs,densenet121,pooled,r0.80_coverage,0.5122,weaker feature set,outputs/gate_performance.csv
RQ2,Gate (pre),pre,tt100k_signs/densenet121,T-DN,tt100k_signs,densenet121,pooled,r0.90_accuracy,0.5226,weaker feature set,outputs/gate_performance.csv
RQ2,Gate (pre),pre,tt100k_signs/densenet121,T-DN,tt100k_signs,densenet121,pooled,r0.90_precision,0.9646,weaker feature set,outputs/gate_performance.csv
RQ2,Gate (pre),pre,tt100k_signs/densenet121,T-DN,tt100k_signs,densenet121,pooled,r0.90_recall,0.4504,weaker feature set,outputs/gate_performance.csv
RQ2,Gate (pre),pre,tt100k_signs/densenet121,T-DN,tt100k_signs,densenet121,pooled,r0.90_f1,0.6141,weaker feature set,outputs/gate_performance.csv
RQ2,Gate (pre),pre,tt100k_signs/densenet121,T-DN,tt100k_signs,densenet121,pooled,r0.90_coverage,0.3937,weaker feature set,outputs/gate_performance.csv
RQ2,Gate (pre_mag),pre_mag,tt100k_signs/densenet121,T-DN,tt100k_signs,densenet121,pooled,n_test,287.0,weaker feature set,outputs/gate_performance.csv
RQ2,Gate (pre_mag),pre_mag,tt100k_signs/densenet121,T-DN,tt100k_signs,densenet121,pooled,pos,242.0,weaker feature set,outputs/gate_performance.csv
RQ2,Gate (pre_mag),pre_mag,tt100k_signs/densenet121,T-DN,tt100k_signs,densenet121,pooled,prevalence,0.8432,weaker feature set,outputs/gate_performance.csv
RQ2,Gate (pre_mag),pre_mag,tt100k_signs/densenet121,T-DN,tt100k_signs,densenet121,pooled,AUROC,0.7424,weaker feature set,outputs/gate_performance.csv
RQ2,Gate (pre_mag),pre_mag,tt100k_signs/densenet121,T-DN,tt100k_signs,densenet121,pooled,AUPRC,0.945,weaker feature set,outputs/gate_performance.csv
RQ2,Gate (pre_mag),pre_mag,tt100k_signs/densenet121,T-DN,tt100k_signs,densenet121,pooled,ECE_raw,0.3065,weaker feature set,outputs/gate_performance.csv
RQ2,Gate (pre_mag),pre_mag,tt100k_signs/densenet121,T-DN,tt100k_signs,densenet121,pooled,ECE_platt,0.0839,weaker feature set,outputs/gate_performance.csv
RQ2,Gate (pre_mag),pre_mag,tt100k_signs/densenet121,T-DN,tt100k_signs,densenet121,pooled,Brier_platt,0.1321,weaker feature set,outputs/gate_performance.csv
RQ2,Gate (pre_mag),pre_mag,tt100k_signs/densenet121,T-DN,tt100k_signs,densenet121,pooled,r0.60_accuracy,0.7038,weaker feature set,outputs/gate_performance.csv
RQ2,Gate (pre_mag),pre_mag,tt100k_signs/densenet121,T-DN,tt100k_signs,densenet121,pooled,r0.60_precision,0.9337,weaker feature set,outputs/gate_performance.csv
RQ2,Gate (pre_mag),pre_mag,tt100k_signs/densenet121,T-DN,tt100k_signs,densenet121,pooled,r0.60_recall,0.6983,weaker feature set,outputs/gate_performance.csv
RQ2,Gate (pre_mag),pre_mag,tt100k_signs/densenet121,T-DN,tt100k_signs,densenet121,pooled,r0.60_f1,0.7991,weaker feature set,outputs/gate_performance.csv
RQ2,Gate (pre_mag),pre_mag,tt100k_signs/densenet121,T-DN,tt100k_signs,densenet121,pooled,r0.60_coverage,0.6307,weaker feature set,outputs/gate_performance.csv
RQ2,Gate (pre_mag),pre_mag,tt100k_signs/densenet121,T-DN,tt100k_signs,densenet121,pooled,r0.80_accuracy,0.6132,weaker feature set,outputs/gate_performance.csv
RQ2,Gate (pre_mag),pre_mag,tt100k_signs/densenet121,T-DN,tt100k_signs,densenet121,pooled,r0.80_precision,0.9396,weaker feature set,outputs/gate_performance.csv
RQ2,Gate (pre_mag),pre_mag,tt100k_signs/densenet121,T-DN,tt100k_signs,densenet121,pooled,r0.80_recall,0.5785,weaker feature set,outputs/gate_performance.csv
RQ2,Gate (pre_mag),pre_mag,tt100k_signs/densenet121,T-DN,tt100k_signs,densenet121,pooled,r0.80_f1,0.7161,weaker feature set,outputs/gate_performance.csv
RQ2,Gate (pre_mag),pre_mag,tt100k_signs/densenet121,T-DN,tt100k_signs,densenet121,pooled,r0.80_coverage,0.5192,weaker feature set,outputs/gate_performance.csv
RQ2,Gate (pre_mag),pre_mag,tt100k_signs/densenet121,T-DN,tt100k_signs,densenet121,pooled,r0.90_accuracy,0.5296,weaker feature set,outputs/gate_performance.csv
RQ2,Gate (pre_mag),pre_mag,tt100k_signs/densenet121,T-DN,tt100k_signs,densenet121,pooled,r0.90_precision,0.9573,weaker feature set,outputs/gate_performance.csv
RQ2,Gate (pre_mag),pre_mag,tt100k_signs/densenet121,T-DN,tt100k_signs,densenet121,pooled,r0.90_recall,0.4628,weaker feature set,outputs/gate_performance.csv
RQ2,Gate (pre_mag),pre_mag,tt100k_signs/densenet121,T-DN,tt100k_signs,densenet121,pooled,r0.90_f1,0.624,weaker feature set,outputs/gate_performance.csv
RQ2,Gate (pre_mag),pre_mag,tt100k_signs/densenet121,T-DN,tt100k_signs,densenet121,pooled,r0.90_coverage,0.4077,weaker feature set,outputs/gate_performance.csv
RQ2,Gate (pre_mag_pPmax),pre_mag_pPmax,tt100k_signs/densenet121,T-DN,tt100k_signs,densenet121,pooled,n_test,287.0,weaker feature set,outputs/gate_performance.csv
RQ2,Gate (pre_mag_pPmax),pre_mag_pPmax,tt100k_signs/densenet121,T-DN,tt100k_signs,densenet121,pooled,pos,242.0,weaker feature set,outputs/gate_performance.csv
RQ2,Gate (pre_mag_pPmax),pre_mag_pPmax,tt100k_signs/densenet121,T-DN,tt100k_signs,densenet121,pooled,prevalence,0.8432,weaker feature set,outputs/gate_performance.csv
RQ2,Gate (pre_mag_pPmax),pre_mag_pPmax,tt100k_signs/densenet121,T-DN,tt100k_signs,densenet121,pooled,AUROC,0.9062,weaker feature set,outputs/gate_performance.csv
RQ2,Gate (pre_mag_pPmax),pre_mag_pPmax,tt100k_signs/densenet121,T-DN,tt100k_signs,densenet121,pooled,AUPRC,0.9806,weaker feature set,outputs/gate_performance.csv
RQ2,Gate (pre_mag_pPmax),pre_mag_pPmax,tt100k_signs/densenet121,T-DN,tt100k_signs,densenet121,pooled,ECE_raw,0.1945,weaker feature set,outputs/gate_performance.csv
RQ2,Gate (pre_mag_pPmax),pre_mag_pPmax,tt100k_signs/densenet121,T-DN,tt100k_signs,densenet121,pooled,ECE_platt,0.0547,weaker feature set,outputs/gate_performance.csv
RQ2,Gate (pre_mag_pPmax),pre_mag_pPmax,tt100k_signs/densenet121,T-DN,tt100k_signs,densenet121,pooled,Brier_platt,0.086,weaker feature set,outputs/gate_performance.csv
RQ2,Gate (pre_mag_pPmax),pre_mag_pPmax,tt100k_signs/densenet121,T-DN,tt100k_signs,densenet121,pooled,r0.60_accuracy,0.885,weaker feature set,outputs/gate_performance.csv
RQ2,Gate (pre_mag_pPmax),pre_mag_pPmax,tt100k_signs/densenet121,T-DN,tt100k_signs,densenet121,pooled,r0.60_precision,0.9372,weaker feature set,outputs/gate_performance.csv
RQ2,Gate (pre_mag_pPmax),pre_mag_pPmax,tt100k_signs/densenet121,T-DN,tt100k_signs,densenet121,pooled,r0.60_recall,0.9256,weaker feature set,outputs/gate_performance.csv
RQ2,Gate (pre_mag_pPmax),pre_mag_pPmax,tt100k_signs/densenet121,T-DN,tt100k_signs,densenet121,pooled,r0.60_f1,0.9314,weaker feature set,outputs/gate_performance.csv
RQ2,Gate (pre_mag_pPmax),pre_mag_pPmax,tt100k_signs/densenet121,T-DN,tt100k_signs,densenet121,pooled,r0.60_coverage,0.8328,weaker feature set,outputs/gate_performance.csv
RQ2,Gate (pre_mag_pPmax),pre_mag_pPmax,tt100k_signs/densenet121,T-DN,tt100k_signs,densenet121,pooled,r0.80_accuracy,0.8014,weaker feature set,outputs/gate_performance.csv
RQ2,Gate (pre_mag_pPmax),pre_mag_pPmax,tt100k_signs/densenet121,T-DN,tt100k_signs,densenet121,pooled,r0.80_precision,0.9602,weaker feature set,outputs/gate_performance.csv
RQ2,Gate (pre_mag_pPmax),pre_mag_pPmax,tt100k_signs/densenet121,T-DN,tt100k_signs,densenet121,pooled,r0.80_recall,0.7975,weaker feature set,outputs/gate_performance.csv
RQ2,Gate (pre_mag_pPmax),pre_mag_pPmax,tt100k_signs/densenet121,T-DN,tt100k_signs,densenet121,pooled,r0.80_f1,0.8713,weaker feature set,outputs/gate_performance.csv
RQ2,Gate (pre_mag_pPmax),pre_mag_pPmax,tt100k_signs/densenet121,T-DN,tt100k_signs,densenet121,pooled,r0.80_coverage,0.7003,weaker feature set,outputs/gate_performance.csv
RQ2,Gate (pre_mag_pPmax),pre_mag_pPmax,tt100k_signs/densenet121,T-DN,tt100k_signs,densenet121,pooled,r0.90_accuracy,0.7317,weaker feature set,outputs/gate_performance.csv
RQ2,Gate (pre_mag_pPmax),pre_mag_pPmax,tt100k_signs/densenet121,T-DN,tt100k_signs,densenet121,pooled,r0.90_precision,0.9661,weaker feature set,outputs/gate_performance.csv
RQ2,Gate (pre_mag_pPmax),pre_mag_pPmax,tt100k_signs/densenet121,T-DN,tt100k_signs,densenet121,pooled,r0.90_recall,0.7066,weaker feature set,outputs/gate_performance.csv
RQ2,Gate (pre_mag_pPmax),pre_mag_pPmax,tt100k_signs/densenet121,T-DN,tt100k_signs,densenet121,pooled,r0.90_f1,0.8162,weaker feature set,outputs/gate_performance.csv
RQ2,Gate (pre_mag_pPmax),pre_mag_pPmax,tt100k_signs/densenet121,T-DN,tt100k_signs,densenet121,pooled,r0.90_coverage,0.6167,weaker feature set,outputs/gate_performance.csv
RQ2,Gate (pre_mag_response),pre_mag_response,tt100k_signs/densenet121,T-DN,tt100k_signs,densenet121,pooled,n_test,287.0,SHIPPED,outputs/gate_performance.csv
RQ2,Gate (pre_mag_response),pre_mag_response,tt100k_signs/densenet121,T-DN,tt100k_signs,densenet121,pooled,pos,242.0,SHIPPED,outputs/gate_performance.csv
RQ2,Gate (pre_mag_response),pre_mag_response,tt100k_signs/densenet121,T-DN,tt100k_signs,densenet121,pooled,prevalence,0.8432,SHIPPED,outputs/gate_performance.csv
RQ2,Gate (pre_mag_response),pre_mag_response,tt100k_signs/densenet121,T-DN,tt100k_signs,densenet121,pooled,AUROC,0.8884,SHIPPED,outputs/gate_performance.csv
RQ2,Gate (pre_mag_response),pre_mag_response,tt100k_signs/densenet121,T-DN,tt100k_signs,densenet121,pooled,AUPRC,0.9758,SHIPPED,outputs/gate_performance.csv
RQ2,Gate (pre_mag_response),pre_mag_response,tt100k_signs/densenet121,T-DN,tt100k_signs,densenet121,pooled,ECE_raw,0.1826,SHIPPED,outputs/gate_performance.csv
RQ2,Gate (pre_mag_response),pre_mag_response,tt100k_signs/densenet121,T-DN,tt100k_signs,densenet121,pooled,ECE_platt,0.0647,SHIPPED,outputs/gate_performance.csv
RQ2,Gate (pre_mag_response),pre_mag_response,tt100k_signs/densenet121,T-DN,tt100k_signs,densenet121,pooled,Brier_platt,0.0954,SHIPPED,outputs/gate_performance.csv
RQ2,Gate (pre_mag_response),pre_mag_response,tt100k_signs/densenet121,T-DN,tt100k_signs,densenet121,pooled,r0.60_accuracy,0.878,SHIPPED,outputs/gate_performance.csv
RQ2,Gate (pre_mag_response),pre_mag_response,tt100k_signs/densenet121,T-DN,tt100k_signs,densenet121,pooled,r0.60_precision,0.9331,SHIPPED,outputs/gate_performance.csv
RQ2,Gate (pre_mag_response),pre_mag_response,tt100k_signs/densenet121,T-DN,tt100k_signs,densenet121,pooled,r0.60_recall,0.9215,SHIPPED,outputs/gate_performance.csv
RQ2,Gate (pre_mag_response),pre_mag_response,tt100k_signs/densenet121,T-DN,tt100k_signs,densenet121,pooled,r0.60_f1,0.9272,SHIPPED,outputs/gate_performance.csv
RQ2,Gate (pre_mag_response),pre_mag_response,tt100k_signs/densenet121,T-DN,tt100k_signs,densenet121,pooled,r0.60_coverage,0.8328,SHIPPED,outputs/gate_performance.csv
RQ2,Gate (pre_mag_response),pre_mag_response,tt100k_signs/densenet121,T-DN,tt100k_signs,densenet121,pooled,r0.80_accuracy,0.8188,SHIPPED,outputs/gate_performance.csv
RQ2,Gate (pre_mag_response),pre_mag_response,tt100k_signs/densenet121,T-DN,tt100k_signs,densenet121,pooled,r0.80_precision,0.9567,SHIPPED,outputs/gate_performance.csv
RQ2,Gate (pre_mag_response),pre_mag_response,tt100k_signs/densenet121,T-DN,tt100k_signs,densenet121,pooled,r0.80_recall,0.8223,SHIPPED,outputs/gate_performance.csv
RQ2,Gate (pre_mag_response),pre_mag_response,tt100k_signs/densenet121,T-DN,tt100k_signs,densenet121,pooled,r0.80_f1,0.8844,SHIPPED,outputs/gate_performance.csv
RQ2,Gate (pre_mag_response),pre_mag_response,tt100k_signs/densenet121,T-DN,tt100k_signs,densenet121,pooled,r0.80_coverage,0.7247,SHIPPED,outputs/gate_performance.csv
RQ2,Gate (pre_mag_response),pre_mag_response,tt100k_signs/densenet121,T-DN,tt100k_signs,densenet121,pooled,r0.90_accuracy,0.7944,SHIPPED,outputs/gate_performance.csv
RQ2,Gate (pre_mag_response),pre_mag_response,tt100k_signs/densenet121,T-DN,tt100k_signs,densenet121,pooled,r0.90_precision,0.9552,SHIPPED,outputs/gate_performance.csv
RQ2,Gate (pre_mag_response),pre_mag_response,tt100k_signs/densenet121,T-DN,tt100k_signs,densenet121,pooled,r0.90_recall,0.7934,SHIPPED,outputs/gate_performance.csv
RQ2,Gate (pre_mag_response),pre_mag_response,tt100k_signs/densenet121,T-DN,tt100k_signs,densenet121,pooled,r0.90_f1,0.8668,SHIPPED,outputs/gate_performance.csv
RQ2,Gate (pre_mag_response),pre_mag_response,tt100k_signs/densenet121,T-DN,tt100k_signs,densenet121,pooled,r0.90_coverage,0.7003,SHIPPED,outputs/gate_performance.csv
RQ2,Gate (pre),pre,tt100k_signs/vgg16,T-VG,tt100k_signs,vgg16,pooled,n_test,305.0,weaker feature set,outputs/gate_performance.csv
RQ2,Gate (pre),pre,tt100k_signs/vgg16,T-VG,tt100k_signs,vgg16,pooled,pos,160.0,weaker feature set,outputs/gate_performance.csv
RQ2,Gate (pre),pre,tt100k_signs/vgg16,T-VG,tt100k_signs,vgg16,pooled,prevalence,0.5246,weaker feature set,outputs/gate_performance.csv
RQ2,Gate (pre),pre,tt100k_signs/vgg16,T-VG,tt100k_signs,vgg16,pooled,AUROC,0.803,weaker feature set,outputs/gate_performance.csv
RQ2,Gate (pre),pre,tt100k_signs/vgg16,T-VG,tt100k_signs,vgg16,pooled,AUPRC,0.8381,weaker feature set,outputs/gate_performance.csv
RQ2,Gate (pre),pre,tt100k_signs/vgg16,T-VG,tt100k_signs,vgg16,pooled,ECE_raw,0.1131,weaker feature set,outputs/gate_performance.csv
RQ2,Gate (pre),pre,tt100k_signs/vgg16,T-VG,tt100k_signs,vgg16,pooled,ECE_platt,0.1363,weaker feature set,outputs/gate_performance.csv
RQ2,Gate (pre),pre,tt100k_signs/vgg16,T-VG,tt100k_signs,vgg16,pooled,Brier_platt,0.197,weaker feature set,outputs/gate_performance.csv
RQ2,Gate (pre),pre,tt100k_signs/vgg16,T-VG,tt100k_signs,vgg16,pooled,r0.60_accuracy,0.6951,weaker feature set,outputs/gate_performance.csv
RQ2,Gate (pre),pre,tt100k_signs/vgg16,T-VG,tt100k_signs,vgg16,pooled,r0.60_precision,0.6754,weaker feature set,outputs/gate_performance.csv
RQ2,Gate (pre),pre,tt100k_signs/vgg16,T-VG,tt100k_signs,vgg16,pooled,r0.60_recall,0.8063,weaker feature set,outputs/gate_performance.csv
RQ2,Gate (pre),pre,tt100k_signs/vgg16,T-VG,tt100k_signs,vgg16,pooled,r0.60_f1,0.735,weaker feature set,outputs/gate_performance.csv
RQ2,Gate (pre),pre,tt100k_signs/vgg16,T-VG,tt100k_signs,vgg16,pooled,r0.60_coverage,0.6262,weaker feature set,outputs/gate_performance.csv
RQ2,Gate (pre),pre,tt100k_signs/vgg16,T-VG,tt100k_signs,vgg16,pooled,r0.80_accuracy,0.7344,weaker feature set,outputs/gate_performance.csv
RQ2,Gate (pre),pre,tt100k_signs/vgg16,T-VG,tt100k_signs,vgg16,pooled,r0.80_precision,0.8211,weaker feature set,outputs/gate_performance.csv
RQ2,Gate (pre),pre,tt100k_signs/vgg16,T-VG,tt100k_signs,vgg16,pooled,r0.80_recall,0.6312,weaker feature set,outputs/gate_performance.csv
RQ2,Gate (pre),pre,tt100k_signs/vgg16,T-VG,tt100k_signs,vgg16,pooled,r0.80_f1,0.7138,weaker feature set,outputs/gate_performance.csv
RQ2,Gate (pre),pre,tt100k_signs/vgg16,T-VG,tt100k_signs,vgg16,pooled,r0.80_coverage,0.4033,weaker feature set,outputs/gate_performance.csv
RQ2,Gate (pre),pre,tt100k_signs/vgg16,T-VG,tt100k_signs,vgg16,pooled,r0.90_accuracy,0.7016,weaker feature set,outputs/gate_performance.csv
RQ2,Gate (pre),pre,tt100k_signs/vgg16,T-VG,tt100k_signs,vgg16,pooled,r0.90_precision,0.9259,weaker feature set,outputs/gate_performance.csv
RQ2,Gate (pre),pre,tt100k_signs/vgg16,T-VG,tt100k_signs,vgg16,pooled,r0.90_recall,0.4688,weaker feature set,outputs/gate_performance.csv
RQ2,Gate (pre),pre,tt100k_signs/vgg16,T-VG,tt100k_signs,vgg16,pooled,r0.90_f1,0.6224,weaker feature set,outputs/gate_performance.csv
RQ2,Gate (pre),pre,tt100k_signs/vgg16,T-VG,tt100k_signs,vgg16,pooled,r0.90_coverage,0.2656,weaker feature set,outputs/gate_performance.csv
RQ2,Gate (pre_mag),pre_mag,tt100k_signs/vgg16,T-VG,tt100k_signs,vgg16,pooled,n_test,305.0,weaker feature set,outputs/gate_performance.csv
RQ2,Gate (pre_mag),pre_mag,tt100k_signs/vgg16,T-VG,tt100k_signs,vgg16,pooled,pos,160.0,weaker feature set,outputs/gate_performance.csv
RQ2,Gate (pre_mag),pre_mag,tt100k_signs/vgg16,T-VG,tt100k_signs,vgg16,pooled,prevalence,0.5246,weaker feature set,outputs/gate_performance.csv
RQ2,Gate (pre_mag),pre_mag,tt100k_signs/vgg16,T-VG,tt100k_signs,vgg16,pooled,AUROC,0.7091,weaker feature set,outputs/gate_performance.csv
RQ2,Gate (pre_mag),pre_mag,tt100k_signs/vgg16,T-VG,tt100k_signs,vgg16,pooled,AUPRC,0.7124,weaker feature set,outputs/gate_performance.csv
RQ2,Gate (pre_mag),pre_mag,tt100k_signs/vgg16,T-VG,tt100k_signs,vgg16,pooled,ECE_raw,0.1132,weaker feature set,outputs/gate_performance.csv
RQ2,Gate (pre_mag),pre_mag,tt100k_signs/vgg16,T-VG,tt100k_signs,vgg16,pooled,ECE_platt,0.1109,weaker feature set,outputs/gate_performance.csv
RQ2,Gate (pre_mag),pre_mag,tt100k_signs/vgg16,T-VG,tt100k_signs,vgg16,pooled,Brier_platt,0.2246,weaker feature set,outputs/gate_performance.csv
RQ2,Gate (pre_mag),pre_mag,tt100k_signs/vgg16,T-VG,tt100k_signs,vgg16,pooled,r0.60_accuracy,0.6557,weaker feature set,outputs/gate_performance.csv
RQ2,Gate (pre_mag),pre_mag,tt100k_signs/vgg16,T-VG,tt100k_signs,vgg16,pooled,r0.60_precision,0.6267,weaker feature set,outputs/gate_performance.csv
RQ2,Gate (pre_mag),pre_mag,tt100k_signs/vgg16,T-VG,tt100k_signs,vgg16,pooled,r0.60_recall,0.85,weaker feature set,outputs/gate_performance.csv
RQ2,Gate (pre_mag),pre_mag,tt100k_signs/vgg16,T-VG,tt100k_signs,vgg16,pooled,r0.60_f1,0.7215,weaker feature set,outputs/gate_performance.csv
RQ2,Gate (pre_mag),pre_mag,tt100k_signs/vgg16,T-VG,tt100k_signs,vgg16,pooled,r0.60_coverage,0.7115,weaker feature set,outputs/gate_performance.csv
RQ2,Gate (pre_mag),pre_mag,tt100k_signs/vgg16,T-VG,tt100k_signs,vgg16,pooled,r0.80_accuracy,0.6492,weaker feature set,outputs/gate_performance.csv
RQ2,Gate (pre_mag),pre_mag,tt100k_signs/vgg16,T-VG,tt100k_signs,vgg16,pooled,r0.80_precision,0.6732,weaker feature set,outputs/gate_performance.csv
RQ2,Gate (pre_mag),pre_mag,tt100k_signs/vgg16,T-VG,tt100k_signs,vgg16,pooled,r0.80_recall,0.6438,weaker feature set,outputs/gate_performance.csv
RQ2,Gate (pre_mag),pre_mag,tt100k_signs/vgg16,T-VG,tt100k_signs,vgg16,pooled,r0.80_f1,0.6581,weaker feature set,outputs/gate_performance.csv
RQ2,Gate (pre_mag),pre_mag,tt100k_signs/vgg16,T-VG,tt100k_signs,vgg16,pooled,r0.80_coverage,0.5016,weaker feature set,outputs/gate_performance.csv
RQ2,Gate (pre_mag),pre_mag,tt100k_signs/vgg16,T-VG,tt100k_signs,vgg16,pooled,r0.90_accuracy,0.6197,weaker feature set,outputs/gate_performance.csv
RQ2,Gate (pre_mag),pre_mag,tt100k_signs/vgg16,T-VG,tt100k_signs,vgg16,pooled,r0.90_precision,0.7075,weaker feature set,outputs/gate_performance.csv
RQ2,Gate (pre_mag),pre_mag,tt100k_signs/vgg16,T-VG,tt100k_signs,vgg16,pooled,r0.90_recall,0.4688,weaker feature set,outputs/gate_performance.csv
RQ2,Gate (pre_mag),pre_mag,tt100k_signs/vgg16,T-VG,tt100k_signs,vgg16,pooled,r0.90_f1,0.5639,weaker feature set,outputs/gate_performance.csv
RQ2,Gate (pre_mag),pre_mag,tt100k_signs/vgg16,T-VG,tt100k_signs,vgg16,pooled,r0.90_coverage,0.3475,weaker feature set,outputs/gate_performance.csv
RQ2,Gate (pre_mag_pPmax),pre_mag_pPmax,tt100k_signs/vgg16,T-VG,tt100k_signs,vgg16,pooled,n_test,305.0,weaker feature set,outputs/gate_performance.csv
RQ2,Gate (pre_mag_pPmax),pre_mag_pPmax,tt100k_signs/vgg16,T-VG,tt100k_signs,vgg16,pooled,pos,160.0,weaker feature set,outputs/gate_performance.csv
RQ2,Gate (pre_mag_pPmax),pre_mag_pPmax,tt100k_signs/vgg16,T-VG,tt100k_signs,vgg16,pooled,prevalence,0.5246,weaker feature set,outputs/gate_performance.csv
RQ2,Gate (pre_mag_pPmax),pre_mag_pPmax,tt100k_signs/vgg16,T-VG,tt100k_signs,vgg16,pooled,AUROC,0.8157,weaker feature set,outputs/gate_performance.csv
RQ2,Gate (pre_mag_pPmax),pre_mag_pPmax,tt100k_signs/vgg16,T-VG,tt100k_signs,vgg16,pooled,AUPRC,0.8371,weaker feature set,outputs/gate_performance.csv
RQ2,Gate (pre_mag_pPmax),pre_mag_pPmax,tt100k_signs/vgg16,T-VG,tt100k_signs,vgg16,pooled,ECE_raw,0.0977,weaker feature set,outputs/gate_performance.csv
RQ2,Gate (pre_mag_pPmax),pre_mag_pPmax,tt100k_signs/vgg16,T-VG,tt100k_signs,vgg16,pooled,ECE_platt,0.1055,weaker feature set,outputs/gate_performance.csv
RQ2,Gate (pre_mag_pPmax),pre_mag_pPmax,tt100k_signs/vgg16,T-VG,tt100k_signs,vgg16,pooled,Brier_platt,0.1821,weaker feature set,outputs/gate_performance.csv
RQ2,Gate (pre_mag_pPmax),pre_mag_pPmax,tt100k_signs/vgg16,T-VG,tt100k_signs,vgg16,pooled,r0.60_accuracy,0.6656,weaker feature set,outputs/gate_performance.csv
RQ2,Gate (pre_mag_pPmax),pre_mag_pPmax,tt100k_signs/vgg16,T-VG,tt100k_signs,vgg16,pooled,r0.60_precision,0.6218,weaker feature set,outputs/gate_performance.csv
RQ2,Gate (pre_mag_pPmax),pre_mag_pPmax,tt100k_signs/vgg16,T-VG,tt100k_signs,vgg16,pooled,r0.60_recall,0.925,weaker feature set,outputs/gate_performance.csv
RQ2,Gate (pre_mag_pPmax),pre_mag_pPmax,tt100k_signs/vgg16,T-VG,tt100k_signs,vgg16,pooled,r0.60_f1,0.7437,weaker feature set,outputs/gate_performance.csv
RQ2,Gate (pre_mag_pPmax),pre_mag_pPmax,tt100k_signs/vgg16,T-VG,tt100k_signs,vgg16,pooled,r0.60_coverage,0.7803,weaker feature set,outputs/gate_performance.csv
RQ2,Gate (pre_mag_pPmax),pre_mag_pPmax,tt100k_signs/vgg16,T-VG,tt100k_signs,vgg16,pooled,r0.80_accuracy,0.718,weaker feature set,outputs/gate_performance.csv
RQ2,Gate (pre_mag_pPmax),pre_mag_pPmax,tt100k_signs/vgg16,T-VG,tt100k_signs,vgg16,pooled,r0.80_precision,0.6947,weaker feature set,outputs/gate_performance.csv
RQ2,Gate (pre_mag_pPmax),pre_mag_pPmax,tt100k_signs/vgg16,T-VG,tt100k_signs,vgg16,pooled,r0.80_recall,0.825,weaker feature set,outputs/gate_performance.csv
RQ2,Gate (pre_mag_pPmax),pre_mag_pPmax,tt100k_signs/vgg16,T-VG,tt100k_signs,vgg16,pooled,r0.80_f1,0.7543,weaker feature set,outputs/gate_performance.csv
RQ2,Gate (pre_mag_pPmax),pre_mag_pPmax,tt100k_signs/vgg16,T-VG,tt100k_signs,vgg16,pooled,r0.80_coverage,0.623,weaker feature set,outputs/gate_performance.csv
RQ2,Gate (pre_mag_pPmax),pre_mag_pPmax,tt100k_signs/vgg16,T-VG,tt100k_signs,vgg16,pooled,r0.90_accuracy,0.741,weaker feature set,outputs/gate_performance.csv
RQ2,Gate (pre_mag_pPmax),pre_mag_pPmax,tt100k_signs/vgg16,T-VG,tt100k_signs,vgg16,pooled,r0.90_precision,0.7872,weaker feature set,outputs/gate_performance.csv
RQ2,Gate (pre_mag_pPmax),pre_mag_pPmax,tt100k_signs/vgg16,T-VG,tt100k_signs,vgg16,pooled,r0.90_recall,0.6937,weaker feature set,outputs/gate_performance.csv
RQ2,Gate (pre_mag_pPmax),pre_mag_pPmax,tt100k_signs/vgg16,T-VG,tt100k_signs,vgg16,pooled,r0.90_f1,0.7375,weaker feature set,outputs/gate_performance.csv
RQ2,Gate (pre_mag_pPmax),pre_mag_pPmax,tt100k_signs/vgg16,T-VG,tt100k_signs,vgg16,pooled,r0.90_coverage,0.4623,weaker feature set,outputs/gate_performance.csv
RQ2,Gate (pre_mag_response),pre_mag_response,tt100k_signs/vgg16,T-VG,tt100k_signs,vgg16,pooled,n_test,305.0,SHIPPED,outputs/gate_performance.csv
RQ2,Gate (pre_mag_response),pre_mag_response,tt100k_signs/vgg16,T-VG,tt100k_signs,vgg16,pooled,pos,160.0,SHIPPED,outputs/gate_performance.csv
RQ2,Gate (pre_mag_response),pre_mag_response,tt100k_signs/vgg16,T-VG,tt100k_signs,vgg16,pooled,prevalence,0.5246,SHIPPED,outputs/gate_performance.csv
RQ2,Gate (pre_mag_response),pre_mag_response,tt100k_signs/vgg16,T-VG,tt100k_signs,vgg16,pooled,AUROC,0.8088,SHIPPED,outputs/gate_performance.csv
RQ2,Gate (pre_mag_response),pre_mag_response,tt100k_signs/vgg16,T-VG,tt100k_signs,vgg16,pooled,AUPRC,0.822,SHIPPED,outputs/gate_performance.csv
RQ2,Gate (pre_mag_response),pre_mag_response,tt100k_signs/vgg16,T-VG,tt100k_signs,vgg16,pooled,ECE_raw,0.0977,SHIPPED,outputs/gate_performance.csv
RQ2,Gate (pre_mag_response),pre_mag_response,tt100k_signs/vgg16,T-VG,tt100k_signs,vgg16,pooled,ECE_platt,0.1097,SHIPPED,outputs/gate_performance.csv
RQ2,Gate (pre_mag_response),pre_mag_response,tt100k_signs/vgg16,T-VG,tt100k_signs,vgg16,pooled,Brier_platt,0.188,SHIPPED,outputs/gate_performance.csv
RQ2,Gate (pre_mag_response),pre_mag_response,tt100k_signs/vgg16,T-VG,tt100k_signs,vgg16,pooled,r0.60_accuracy,0.682,SHIPPED,outputs/gate_performance.csv
RQ2,Gate (pre_mag_response),pre_mag_response,tt100k_signs/vgg16,T-VG,tt100k_signs,vgg16,pooled,r0.60_precision,0.6364,SHIPPED,outputs/gate_performance.csv
RQ2,Gate (pre_mag_response),pre_mag_response,tt100k_signs/vgg16,T-VG,tt100k_signs,vgg16,pooled,r0.60_recall,0.9187,SHIPPED,outputs/gate_performance.csv
RQ2,Gate (pre_mag_response),pre_mag_response,tt100k_signs/vgg16,T-VG,tt100k_signs,vgg16,pooled,r0.60_f1,0.7519,SHIPPED,outputs/gate_performance.csv
RQ2,Gate (pre_mag_response),pre_mag_response,tt100k_signs/vgg16,T-VG,tt100k_signs,vgg16,pooled,r0.60_coverage,0.7574,SHIPPED,outputs/gate_performance.csv
RQ2,Gate (pre_mag_response),pre_mag_response,tt100k_signs/vgg16,T-VG,tt100k_signs,vgg16,pooled,r0.80_accuracy,0.7082,SHIPPED,outputs/gate_performance.csv
RQ2,Gate (pre_mag_response),pre_mag_response,tt100k_signs/vgg16,T-VG,tt100k_signs,vgg16,pooled,r0.80_precision,0.6919,SHIPPED,outputs/gate_performance.csv
RQ2,Gate (pre_mag_response),pre_mag_response,tt100k_signs/vgg16,T-VG,tt100k_signs,vgg16,pooled,r0.80_recall,0.8,SHIPPED,outputs/gate_performance.csv
RQ2,Gate (pre_mag_response),pre_mag_response,tt100k_signs/vgg16,T-VG,tt100k_signs,vgg16,pooled,r0.80_f1,0.742,SHIPPED,outputs/gate_performance.csv
RQ2,Gate (pre_mag_response),pre_mag_response,tt100k_signs/vgg16,T-VG,tt100k_signs,vgg16,pooled,r0.80_coverage,0.6066,SHIPPED,outputs/gate_performance.csv
RQ2,Gate (pre_mag_response),pre_mag_response,tt100k_signs/vgg16,T-VG,tt100k_signs,vgg16,pooled,r0.90_accuracy,0.7246,SHIPPED,outputs/gate_performance.csv
RQ2,Gate (pre_mag_response),pre_mag_response,tt100k_signs/vgg16,T-VG,tt100k_signs,vgg16,pooled,r0.90_precision,0.7639,SHIPPED,outputs/gate_performance.csv
RQ2,Gate (pre_mag_response),pre_mag_response,tt100k_signs/vgg16,T-VG,tt100k_signs,vgg16,pooled,r0.90_recall,0.6875,SHIPPED,outputs/gate_performance.csv
RQ2,Gate (pre_mag_response),pre_mag_response,tt100k_signs/vgg16,T-VG,tt100k_signs,vgg16,pooled,r0.90_f1,0.7237,SHIPPED,outputs/gate_performance.csv
RQ2,Gate (pre_mag_response),pre_mag_response,tt100k_signs/vgg16,T-VG,tt100k_signs,vgg16,pooled,r0.90_coverage,0.4721,SHIPPED,outputs/gate_performance.csv
RQ2,Gate (pre),pre,lisa_signs/resnet50,L-RN,lisa_signs,resnet50,pooled,n_test,25.0,weaker feature set,outputs/gate_performance.csv
RQ2,Gate (pre),pre,lisa_signs/resnet50,L-RN,lisa_signs,resnet50,pooled,pos,21.0,weaker feature set,outputs/gate_performance.csv
RQ2,Gate (pre),pre,lisa_signs/resnet50,L-RN,lisa_signs,resnet50,pooled,prevalence,0.84,weaker feature set,outputs/gate_performance.csv
RQ2,Gate (pre),pre,lisa_signs/resnet50,L-RN,lisa_signs,resnet50,pooled,AUROC,0.869,weaker feature set,outputs/gate_performance.csv
RQ2,Gate (pre),pre,lisa_signs/resnet50,L-RN,lisa_signs,resnet50,pooled,AUPRC,0.9736,weaker feature set,outputs/gate_performance.csv
RQ2,Gate (pre),pre,lisa_signs/resnet50,L-RN,lisa_signs,resnet50,pooled,ECE_raw,0.2997,weaker feature set,outputs/gate_performance.csv
RQ2,Gate (pre),pre,lisa_signs/resnet50,L-RN,lisa_signs,resnet50,pooled,ECE_platt,0.1656,weaker feature set,outputs/gate_performance.csv
RQ2,Gate (pre),pre,lisa_signs/resnet50,L-RN,lisa_signs,resnet50,pooled,Brier_platt,0.1271,weaker feature set,outputs/gate_performance.csv
RQ2,Gate (pre),pre,lisa_signs/resnet50,L-RN,lisa_signs,resnet50,pooled,r0.60_accuracy,0.8,weaker feature set,outputs/gate_performance.csv
RQ2,Gate (pre),pre,lisa_signs/resnet50,L-RN,lisa_signs,resnet50,pooled,r0.60_precision,0.9444,weaker feature set,outputs/gate_performance.csv
RQ2,Gate (pre),pre,lisa_signs/resnet50,L-RN,lisa_signs,resnet50,pooled,r0.60_recall,0.8095,weaker feature set,outputs/gate_performance.csv
RQ2,Gate (pre),pre,lisa_signs/resnet50,L-RN,lisa_signs,resnet50,pooled,r0.60_f1,0.8718,weaker feature set,outputs/gate_performance.csv
RQ2,Gate (pre),pre,lisa_signs/resnet50,L-RN,lisa_signs,resnet50,pooled,r0.60_coverage,0.72,weaker feature set,outputs/gate_performance.csv
RQ2,Gate (pre),pre,lisa_signs/resnet50,L-RN,lisa_signs,resnet50,pooled,r0.80_accuracy,0.68,weaker feature set,outputs/gate_performance.csv
RQ2,Gate (pre),pre,lisa_signs/resnet50,L-RN,lisa_signs,resnet50,pooled,r0.80_precision,1.0,weaker feature set,outputs/gate_performance.csv
RQ2,Gate (pre),pre,lisa_signs/resnet50,L-RN,lisa_signs,resnet50,pooled,r0.80_recall,0.619,weaker feature set,outputs/gate_performance.csv
RQ2,Gate (pre),pre,lisa_signs/resnet50,L-RN,lisa_signs,resnet50,pooled,r0.80_f1,0.7647,weaker feature set,outputs/gate_performance.csv
RQ2,Gate (pre),pre,lisa_signs/resnet50,L-RN,lisa_signs,resnet50,pooled,r0.80_coverage,0.52,weaker feature set,outputs/gate_performance.csv
RQ2,Gate (pre),pre,lisa_signs/resnet50,L-RN,lisa_signs,resnet50,pooled,r0.90_accuracy,0.52,weaker feature set,outputs/gate_performance.csv
RQ2,Gate (pre),pre,lisa_signs/resnet50,L-RN,lisa_signs,resnet50,pooled,r0.90_precision,1.0,weaker feature set,outputs/gate_performance.csv
RQ2,Gate (pre),pre,lisa_signs/resnet50,L-RN,lisa_signs,resnet50,pooled,r0.90_recall,0.4286,weaker feature set,outputs/gate_performance.csv
RQ2,Gate (pre),pre,lisa_signs/resnet50,L-RN,lisa_signs,resnet50,pooled,r0.90_f1,0.6,weaker feature set,outputs/gate_performance.csv
RQ2,Gate (pre),pre,lisa_signs/resnet50,L-RN,lisa_signs,resnet50,pooled,r0.90_coverage,0.36,weaker feature set,outputs/gate_performance.csv
RQ2,Gate (pre_mag),pre_mag,lisa_signs/resnet50,L-RN,lisa_signs,resnet50,pooled,n_test,25.0,weaker feature set,outputs/gate_performance.csv
RQ2,Gate (pre_mag),pre_mag,lisa_signs/resnet50,L-RN,lisa_signs,resnet50,pooled,pos,21.0,weaker feature set,outputs/gate_performance.csv
RQ2,Gate (pre_mag),pre_mag,lisa_signs/resnet50,L-RN,lisa_signs,resnet50,pooled,prevalence,0.84,weaker feature set,outputs/gate_performance.csv
RQ2,Gate (pre_mag),pre_mag,lisa_signs/resnet50,L-RN,lisa_signs,resnet50,pooled,AUROC,0.8571,weaker feature set,outputs/gate_performance.csv
RQ2,Gate (pre_mag),pre_mag,lisa_signs/resnet50,L-RN,lisa_signs,resnet50,pooled,AUPRC,0.9716,weaker feature set,outputs/gate_performance.csv
RQ2,Gate (pre_mag),pre_mag,lisa_signs/resnet50,L-RN,lisa_signs,resnet50,pooled,ECE_raw,0.2968,weaker feature set,outputs/gate_performance.csv
RQ2,Gate (pre_mag),pre_mag,lisa_signs/resnet50,L-RN,lisa_signs,resnet50,pooled,ECE_platt,0.1551,weaker feature set,outputs/gate_performance.csv
RQ2,Gate (pre_mag),pre_mag,lisa_signs/resnet50,L-RN,lisa_signs,resnet50,pooled,Brier_platt,0.1274,weaker feature set,outputs/gate_performance.csv
RQ2,Gate (pre_mag),pre_mag,lisa_signs/resnet50,L-RN,lisa_signs,resnet50,pooled,r0.60_accuracy,0.88,weaker feature set,outputs/gate_performance.csv
RQ2,Gate (pre_mag),pre_mag,lisa_signs/resnet50,L-RN,lisa_signs,resnet50,pooled,r0.60_precision,0.95,weaker feature set,outputs/gate_performance.csv
RQ2,Gate (pre_mag),pre_mag,lisa_signs/resnet50,L-RN,lisa_signs,resnet50,pooled,r0.60_recall,0.9048,weaker feature set,outputs/gate_performance.csv
RQ2,Gate (pre_mag),pre_mag,lisa_signs/resnet50,L-RN,lisa_signs,resnet50,pooled,r0.60_f1,0.9268,weaker feature set,outputs/gate_performance.csv
RQ2,Gate (pre_mag),pre_mag,lisa_signs/resnet50,L-RN,lisa_signs,resnet50,pooled,r0.60_coverage,0.8,weaker feature set,outputs/gate_performance.csv
RQ2,Gate (pre_mag),pre_mag,lisa_signs/resnet50,L-RN,lisa_signs,resnet50,pooled,r0.80_accuracy,0.68,weaker feature set,outputs/gate_performance.csv
RQ2,Gate (pre_mag),pre_mag,lisa_signs/resnet50,L-RN,lisa_signs,resnet50,pooled,r0.80_precision,1.0,weaker feature set,outputs/gate_performance.csv
RQ2,Gate (pre_mag),pre_mag,lisa_signs/resnet50,L-RN,lisa_signs,resnet50,pooled,r0.80_recall,0.619,weaker feature set,outputs/gate_performance.csv
RQ2,Gate (pre_mag),pre_mag,lisa_signs/resnet50,L-RN,lisa_signs,resnet50,pooled,r0.80_f1,0.7647,weaker feature set,outputs/gate_performance.csv
RQ2,Gate (pre_mag),pre_mag,lisa_signs/resnet50,L-RN,lisa_signs,resnet50,pooled,r0.80_coverage,0.52,weaker feature set,outputs/gate_performance.csv
RQ2,Gate (pre_mag),pre_mag,lisa_signs/resnet50,L-RN,lisa_signs,resnet50,pooled,r0.90_accuracy,0.48,weaker feature set,outputs/gate_performance.csv
RQ2,Gate (pre_mag),pre_mag,lisa_signs/resnet50,L-RN,lisa_signs,resnet50,pooled,r0.90_precision,1.0,weaker feature set,outputs/gate_performance.csv
RQ2,Gate (pre_mag),pre_mag,lisa_signs/resnet50,L-RN,lisa_signs,resnet50,pooled,r0.90_recall,0.381,weaker feature set,outputs/gate_performance.csv
RQ2,Gate (pre_mag),pre_mag,lisa_signs/resnet50,L-RN,lisa_signs,resnet50,pooled,r0.90_f1,0.5517,weaker feature set,outputs/gate_performance.csv
RQ2,Gate (pre_mag),pre_mag,lisa_signs/resnet50,L-RN,lisa_signs,resnet50,pooled,r0.90_coverage,0.32,weaker feature set,outputs/gate_performance.csv
RQ2,Gate (pre_mag_pPmax),pre_mag_pPmax,lisa_signs/resnet50,L-RN,lisa_signs,resnet50,pooled,n_test,25.0,weaker feature set,outputs/gate_performance.csv
RQ2,Gate (pre_mag_pPmax),pre_mag_pPmax,lisa_signs/resnet50,L-RN,lisa_signs,resnet50,pooled,pos,21.0,weaker feature set,outputs/gate_performance.csv
RQ2,Gate (pre_mag_pPmax),pre_mag_pPmax,lisa_signs/resnet50,L-RN,lisa_signs,resnet50,pooled,prevalence,0.84,weaker feature set,outputs/gate_performance.csv
RQ2,Gate (pre_mag_pPmax),pre_mag_pPmax,lisa_signs/resnet50,L-RN,lisa_signs,resnet50,pooled,AUROC,0.9167,weaker feature set,outputs/gate_performance.csv
RQ2,Gate (pre_mag_pPmax),pre_mag_pPmax,lisa_signs/resnet50,L-RN,lisa_signs,resnet50,pooled,AUPRC,0.9857,weaker feature set,outputs/gate_performance.csv
RQ2,Gate (pre_mag_pPmax),pre_mag_pPmax,lisa_signs/resnet50,L-RN,lisa_signs,resnet50,pooled,ECE_raw,0.315,weaker feature set,outputs/gate_performance.csv
RQ2,Gate (pre_mag_pPmax),pre_mag_pPmax,lisa_signs/resnet50,L-RN,lisa_signs,resnet50,pooled,ECE_platt,0.2171,weaker feature set,outputs/gate_performance.csv
RQ2,Gate (pre_mag_pPmax),pre_mag_pPmax,lisa_signs/resnet50,L-RN,lisa_signs,resnet50,pooled,Brier_platt,0.1207,weaker feature set,outputs/gate_performance.csv
RQ2,Gate (pre_mag_pPmax),pre_mag_pPmax,lisa_signs/resnet50,L-RN,lisa_signs,resnet50,pooled,r0.60_accuracy,0.84,weaker feature set,outputs/gate_performance.csv
RQ2,Gate (pre_mag_pPmax),pre_mag_pPmax,lisa_signs/resnet50,L-RN,lisa_signs,resnet50,pooled,r0.60_precision,0.9474,weaker feature set,outputs/gate_performance.csv
RQ2,Gate (pre_mag_pPmax),pre_mag_pPmax,lisa_signs/resnet50,L-RN,lisa_signs,resnet50,pooled,r0.60_recall,0.8571,weaker feature set,outputs/gate_performance.csv
RQ2,Gate (pre_mag_pPmax),pre_mag_pPmax,lisa_signs/resnet50,L-RN,lisa_signs,resnet50,pooled,r0.60_f1,0.9,weaker feature set,outputs/gate_performance.csv
RQ2,Gate (pre_mag_pPmax),pre_mag_pPmax,lisa_signs/resnet50,L-RN,lisa_signs,resnet50,pooled,r0.60_coverage,0.76,weaker feature set,outputs/gate_performance.csv
RQ2,Gate (pre_mag_pPmax),pre_mag_pPmax,lisa_signs/resnet50,L-RN,lisa_signs,resnet50,pooled,r0.80_accuracy,0.6,weaker feature set,outputs/gate_performance.csv
RQ2,Gate (pre_mag_pPmax),pre_mag_pPmax,lisa_signs/resnet50,L-RN,lisa_signs,resnet50,pooled,r0.80_precision,1.0,weaker feature set,outputs/gate_performance.csv
RQ2,Gate (pre_mag_pPmax),pre_mag_pPmax,lisa_signs/resnet50,L-RN,lisa_signs,resnet50,pooled,r0.80_recall,0.5238,weaker feature set,outputs/gate_performance.csv
RQ2,Gate (pre_mag_pPmax),pre_mag_pPmax,lisa_signs/resnet50,L-RN,lisa_signs,resnet50,pooled,r0.80_f1,0.6875,weaker feature set,outputs/gate_performance.csv
RQ2,Gate (pre_mag_pPmax),pre_mag_pPmax,lisa_signs/resnet50,L-RN,lisa_signs,resnet50,pooled,r0.80_coverage,0.44,weaker feature set,outputs/gate_performance.csv
RQ2,Gate (pre_mag_pPmax),pre_mag_pPmax,lisa_signs/resnet50,L-RN,lisa_signs,resnet50,pooled,r0.90_accuracy,0.52,weaker feature set,outputs/gate_performance.csv
RQ2,Gate (pre_mag_pPmax),pre_mag_pPmax,lisa_signs/resnet50,L-RN,lisa_signs,resnet50,pooled,r0.90_precision,1.0,weaker feature set,outputs/gate_performance.csv
RQ2,Gate (pre_mag_pPmax),pre_mag_pPmax,lisa_signs/resnet50,L-RN,lisa_signs,resnet50,pooled,r0.90_recall,0.4286,weaker feature set,outputs/gate_performance.csv
RQ2,Gate (pre_mag_pPmax),pre_mag_pPmax,lisa_signs/resnet50,L-RN,lisa_signs,resnet50,pooled,r0.90_f1,0.6,weaker feature set,outputs/gate_performance.csv
RQ2,Gate (pre_mag_pPmax),pre_mag_pPmax,lisa_signs/resnet50,L-RN,lisa_signs,resnet50,pooled,r0.90_coverage,0.36,weaker feature set,outputs/gate_performance.csv
RQ2,Gate (pre_mag_response),pre_mag_response,lisa_signs/resnet50,L-RN,lisa_signs,resnet50,pooled,n_test,25.0,SHIPPED,outputs/gate_performance.csv
RQ2,Gate (pre_mag_response),pre_mag_response,lisa_signs/resnet50,L-RN,lisa_signs,resnet50,pooled,pos,21.0,SHIPPED,outputs/gate_performance.csv
RQ2,Gate (pre_mag_response),pre_mag_response,lisa_signs/resnet50,L-RN,lisa_signs,resnet50,pooled,prevalence,0.84,SHIPPED,outputs/gate_performance.csv
RQ2,Gate (pre_mag_response),pre_mag_response,lisa_signs/resnet50,L-RN,lisa_signs,resnet50,pooled,AUROC,0.5,SHIPPED,outputs/gate_performance.csv
RQ2,Gate (pre_mag_response),pre_mag_response,lisa_signs/resnet50,L-RN,lisa_signs,resnet50,pooled,AUPRC,0.8153,SHIPPED,outputs/gate_performance.csv
RQ2,Gate (pre_mag_response),pre_mag_response,lisa_signs/resnet50,L-RN,lisa_signs,resnet50,pooled,ECE_raw,0.2661,SHIPPED,outputs/gate_performance.csv
RQ2,Gate (pre_mag_response),pre_mag_response,lisa_signs/resnet50,L-RN,lisa_signs,resnet50,pooled,ECE_platt,0.1351,SHIPPED,outputs/gate_performance.csv
RQ2,Gate (pre_mag_response),pre_mag_response,lisa_signs/resnet50,L-RN,lisa_signs,resnet50,pooled,Brier_platt,0.1258,SHIPPED,outputs/gate_performance.csv
RQ2,Gate (pre_mag_response),pre_mag_response,lisa_signs/resnet50,L-RN,lisa_signs,resnet50,pooled,r0.60_accuracy,0.88,SHIPPED,outputs/gate_performance.csv
RQ2,Gate (pre_mag_response),pre_mag_response,lisa_signs/resnet50,L-RN,lisa_signs,resnet50,pooled,r0.60_precision,0.875,SHIPPED,outputs/gate_performance.csv
RQ2,Gate (pre_mag_response),pre_mag_response,lisa_signs/resnet50,L-RN,lisa_signs,resnet50,pooled,r0.60_recall,1.0,SHIPPED,outputs/gate_performance.csv
RQ2,Gate (pre_mag_response),pre_mag_response,lisa_signs/resnet50,L-RN,lisa_signs,resnet50,pooled,r0.60_f1,0.9333,SHIPPED,outputs/gate_performance.csv
RQ2,Gate (pre_mag_response),pre_mag_response,lisa_signs/resnet50,L-RN,lisa_signs,resnet50,pooled,r0.60_coverage,0.96,SHIPPED,outputs/gate_performance.csv
RQ2,Gate (pre_mag_response),pre_mag_response,lisa_signs/resnet50,L-RN,lisa_signs,resnet50,pooled,r0.80_accuracy,0.84,SHIPPED,outputs/gate_performance.csv
RQ2,Gate (pre_mag_response),pre_mag_response,lisa_signs/resnet50,L-RN,lisa_signs,resnet50,pooled,r0.80_precision,0.8696,SHIPPED,outputs/gate_performance.csv
RQ2,Gate (pre_mag_response),pre_mag_response,lisa_signs/resnet50,L-RN,lisa_signs,resnet50,pooled,r0.80_recall,0.9524,SHIPPED,outputs/gate_performance.csv
RQ2,Gate (pre_mag_response),pre_mag_response,lisa_signs/resnet50,L-RN,lisa_signs,resnet50,pooled,r0.80_f1,0.9091,SHIPPED,outputs/gate_performance.csv
RQ2,Gate (pre_mag_response),pre_mag_response,lisa_signs/resnet50,L-RN,lisa_signs,resnet50,pooled,r0.80_coverage,0.92,SHIPPED,outputs/gate_performance.csv
RQ2,Gate (pre_mag_response),pre_mag_response,lisa_signs/resnet50,L-RN,lisa_signs,resnet50,pooled,r0.90_accuracy,0.76,SHIPPED,outputs/gate_performance.csv
RQ2,Gate (pre_mag_response),pre_mag_response,lisa_signs/resnet50,L-RN,lisa_signs,resnet50,pooled,r0.90_precision,0.8947,SHIPPED,outputs/gate_performance.csv
RQ2,Gate (pre_mag_response),pre_mag_response,lisa_signs/resnet50,L-RN,lisa_signs,resnet50,pooled,r0.90_recall,0.8095,SHIPPED,outputs/gate_performance.csv
RQ2,Gate (pre_mag_response),pre_mag_response,lisa_signs/resnet50,L-RN,lisa_signs,resnet50,pooled,r0.90_f1,0.85,SHIPPED,outputs/gate_performance.csv
RQ2,Gate (pre_mag_response),pre_mag_response,lisa_signs/resnet50,L-RN,lisa_signs,resnet50,pooled,r0.90_coverage,0.76,SHIPPED,outputs/gate_performance.csv
RQ2,Gate (pre),pre,lisa_signs/convnext_tiny,L-CN,lisa_signs,convnext_tiny,pooled,n_test,15.0,weaker feature set,outputs/gate_performance.csv
RQ2,Gate (pre),pre,lisa_signs/convnext_tiny,L-CN,lisa_signs,convnext_tiny,pooled,pos,13.0,weaker feature set,outputs/gate_performance.csv
RQ2,Gate (pre),pre,lisa_signs/convnext_tiny,L-CN,lisa_signs,convnext_tiny,pooled,prevalence,0.8667,weaker feature set,outputs/gate_performance.csv
RQ2,Gate (pre),pre,lisa_signs/convnext_tiny,L-CN,lisa_signs,convnext_tiny,pooled,AUROC,0.8654,weaker feature set,outputs/gate_performance.csv
RQ2,Gate (pre),pre,lisa_signs/convnext_tiny,L-CN,lisa_signs,convnext_tiny,pooled,AUPRC,0.9774,weaker feature set,outputs/gate_performance.csv
RQ2,Gate (pre),pre,lisa_signs/convnext_tiny,L-CN,lisa_signs,convnext_tiny,pooled,ECE_raw,0.313,weaker feature set,outputs/gate_performance.csv
RQ2,Gate (pre),pre,lisa_signs/convnext_tiny,L-CN,lisa_signs,convnext_tiny,pooled,ECE_platt,0.2612,weaker feature set,outputs/gate_performance.csv
RQ2,Gate (pre),pre,lisa_signs/convnext_tiny,L-CN,lisa_signs,convnext_tiny,pooled,Brier_platt,0.2558,weaker feature set,outputs/gate_performance.csv
RQ2,Gate (pre),pre,lisa_signs/convnext_tiny,L-CN,lisa_signs,convnext_tiny,pooled,r0.60_accuracy,0.7333,weaker feature set,outputs/gate_performance.csv
RQ2,Gate (pre),pre,lisa_signs/convnext_tiny,L-CN,lisa_signs,convnext_tiny,pooled,r0.60_precision,0.9091,weaker feature set,outputs/gate_performance.csv
RQ2,Gate (pre),pre,lisa_signs/convnext_tiny,L-CN,lisa_signs,convnext_tiny,pooled,r0.60_recall,0.7692,weaker feature set,outputs/gate_performance.csv
RQ2,Gate (pre),pre,lisa_signs/convnext_tiny,L-CN,lisa_signs,convnext_tiny,pooled,r0.60_f1,0.8333,weaker feature set,outputs/gate_performance.csv
RQ2,Gate (pre),pre,lisa_signs/convnext_tiny,L-CN,lisa_signs,convnext_tiny,pooled,r0.60_coverage,0.7333,weaker feature set,outputs/gate_performance.csv
RQ2,Gate (pre),pre,lisa_signs/convnext_tiny,L-CN,lisa_signs,convnext_tiny,pooled,r0.80_accuracy,0.7333,weaker feature set,outputs/gate_performance.csv
RQ2,Gate (pre),pre,lisa_signs/convnext_tiny,L-CN,lisa_signs,convnext_tiny,pooled,r0.80_precision,0.9091,weaker feature set,outputs/gate_performance.csv
RQ2,Gate (pre),pre,lisa_signs/convnext_tiny,L-CN,lisa_signs,convnext_tiny,pooled,r0.80_recall,0.7692,weaker feature set,outputs/gate_performance.csv
RQ2,Gate (pre),pre,lisa_signs/convnext_tiny,L-CN,lisa_signs,convnext_tiny,pooled,r0.80_f1,0.8333,weaker feature set,outputs/gate_performance.csv
RQ2,Gate (pre),pre,lisa_signs/convnext_tiny,L-CN,lisa_signs,convnext_tiny,pooled,r0.80_coverage,0.7333,weaker feature set,outputs/gate_performance.csv
RQ2,Gate (pre),pre,lisa_signs/convnext_tiny,L-CN,lisa_signs,convnext_tiny,pooled,r0.90_accuracy,0.7333,weaker feature set,outputs/gate_performance.csv
RQ2,Gate (pre),pre,lisa_signs/convnext_tiny,L-CN,lisa_signs,convnext_tiny,pooled,r0.90_precision,0.9091,weaker feature set,outputs/gate_performance.csv
RQ2,Gate (pre),pre,lisa_signs/convnext_tiny,L-CN,lisa_signs,convnext_tiny,pooled,r0.90_recall,0.7692,weaker feature set,outputs/gate_performance.csv
RQ2,Gate (pre),pre,lisa_signs/convnext_tiny,L-CN,lisa_signs,convnext_tiny,pooled,r0.90_f1,0.8333,weaker feature set,outputs/gate_performance.csv
RQ2,Gate (pre),pre,lisa_signs/convnext_tiny,L-CN,lisa_signs,convnext_tiny,pooled,r0.90_coverage,0.7333,weaker feature set,outputs/gate_performance.csv
RQ2,Gate (pre_mag),pre_mag,lisa_signs/convnext_tiny,L-CN,lisa_signs,convnext_tiny,pooled,n_test,15.0,weaker feature set,outputs/gate_performance.csv
RQ2,Gate (pre_mag),pre_mag,lisa_signs/convnext_tiny,L-CN,lisa_signs,convnext_tiny,pooled,pos,13.0,weaker feature set,outputs/gate_performance.csv
RQ2,Gate (pre_mag),pre_mag,lisa_signs/convnext_tiny,L-CN,lisa_signs,convnext_tiny,pooled,prevalence,0.8667,weaker feature set,outputs/gate_performance.csv
RQ2,Gate (pre_mag),pre_mag,lisa_signs/convnext_tiny,L-CN,lisa_signs,convnext_tiny,pooled,AUROC,0.8462,weaker feature set,outputs/gate_performance.csv
RQ2,Gate (pre_mag),pre_mag,lisa_signs/convnext_tiny,L-CN,lisa_signs,convnext_tiny,pooled,AUPRC,0.9774,weaker feature set,outputs/gate_performance.csv
RQ2,Gate (pre_mag),pre_mag,lisa_signs/convnext_tiny,L-CN,lisa_signs,convnext_tiny,pooled,ECE_raw,0.2744,weaker feature set,outputs/gate_performance.csv
RQ2,Gate (pre_mag),pre_mag,lisa_signs/convnext_tiny,L-CN,lisa_signs,convnext_tiny,pooled,ECE_platt,0.2358,weaker feature set,outputs/gate_performance.csv
RQ2,Gate (pre_mag),pre_mag,lisa_signs/convnext_tiny,L-CN,lisa_signs,convnext_tiny,pooled,Brier_platt,0.2132,weaker feature set,outputs/gate_performance.csv
RQ2,Gate (pre_mag),pre_mag,lisa_signs/convnext_tiny,L-CN,lisa_signs,convnext_tiny,pooled,r0.60_accuracy,0.7333,weaker feature set,outputs/gate_performance.csv
RQ2,Gate (pre_mag),pre_mag,lisa_signs/convnext_tiny,L-CN,lisa_signs,convnext_tiny,pooled,r0.60_precision,0.9091,weaker feature set,outputs/gate_performance.csv
RQ2,Gate (pre_mag),pre_mag,lisa_signs/convnext_tiny,L-CN,lisa_signs,convnext_tiny,pooled,r0.60_recall,0.7692,weaker feature set,outputs/gate_performance.csv
RQ2,Gate (pre_mag),pre_mag,lisa_signs/convnext_tiny,L-CN,lisa_signs,convnext_tiny,pooled,r0.60_f1,0.8333,weaker feature set,outputs/gate_performance.csv
RQ2,Gate (pre_mag),pre_mag,lisa_signs/convnext_tiny,L-CN,lisa_signs,convnext_tiny,pooled,r0.60_coverage,0.7333,weaker feature set,outputs/gate_performance.csv
RQ2,Gate (pre_mag),pre_mag,lisa_signs/convnext_tiny,L-CN,lisa_signs,convnext_tiny,pooled,r0.80_accuracy,0.7333,weaker feature set,outputs/gate_performance.csv
RQ2,Gate (pre_mag),pre_mag,lisa_signs/convnext_tiny,L-CN,lisa_signs,convnext_tiny,pooled,r0.80_precision,0.9091,weaker feature set,outputs/gate_performance.csv
RQ2,Gate (pre_mag),pre_mag,lisa_signs/convnext_tiny,L-CN,lisa_signs,convnext_tiny,pooled,r0.80_recall,0.7692,weaker feature set,outputs/gate_performance.csv
RQ2,Gate (pre_mag),pre_mag,lisa_signs/convnext_tiny,L-CN,lisa_signs,convnext_tiny,pooled,r0.80_f1,0.8333,weaker feature set,outputs/gate_performance.csv
RQ2,Gate (pre_mag),pre_mag,lisa_signs/convnext_tiny,L-CN,lisa_signs,convnext_tiny,pooled,r0.80_coverage,0.7333,weaker feature set,outputs/gate_performance.csv
RQ2,Gate (pre_mag),pre_mag,lisa_signs/convnext_tiny,L-CN,lisa_signs,convnext_tiny,pooled,r0.90_accuracy,0.7333,weaker feature set,outputs/gate_performance.csv
RQ2,Gate (pre_mag),pre_mag,lisa_signs/convnext_tiny,L-CN,lisa_signs,convnext_tiny,pooled,r0.90_precision,0.9091,weaker feature set,outputs/gate_performance.csv
RQ2,Gate (pre_mag),pre_mag,lisa_signs/convnext_tiny,L-CN,lisa_signs,convnext_tiny,pooled,r0.90_recall,0.7692,weaker feature set,outputs/gate_performance.csv
RQ2,Gate (pre_mag),pre_mag,lisa_signs/convnext_tiny,L-CN,lisa_signs,convnext_tiny,pooled,r0.90_f1,0.8333,weaker feature set,outputs/gate_performance.csv
RQ2,Gate (pre_mag),pre_mag,lisa_signs/convnext_tiny,L-CN,lisa_signs,convnext_tiny,pooled,r0.90_coverage,0.7333,weaker feature set,outputs/gate_performance.csv
RQ2,Gate (pre_mag_pPmax),pre_mag_pPmax,lisa_signs/convnext_tiny,L-CN,lisa_signs,convnext_tiny,pooled,n_test,15.0,weaker feature set,outputs/gate_performance.csv
RQ2,Gate (pre_mag_pPmax),pre_mag_pPmax,lisa_signs/convnext_tiny,L-CN,lisa_signs,convnext_tiny,pooled,pos,13.0,weaker feature set,outputs/gate_performance.csv
RQ2,Gate (pre_mag_pPmax),pre_mag_pPmax,lisa_signs/convnext_tiny,L-CN,lisa_signs,convnext_tiny,pooled,prevalence,0.8667,weaker feature set,outputs/gate_performance.csv
RQ2,Gate (pre_mag_pPmax),pre_mag_pPmax,lisa_signs/convnext_tiny,L-CN,lisa_signs,convnext_tiny,pooled,AUROC,0.9231,weaker feature set,outputs/gate_performance.csv
RQ2,Gate (pre_mag_pPmax),pre_mag_pPmax,lisa_signs/convnext_tiny,L-CN,lisa_signs,convnext_tiny,pooled,AUPRC,0.9886,weaker feature set,outputs/gate_performance.csv
RQ2,Gate (pre_mag_pPmax),pre_mag_pPmax,lisa_signs/convnext_tiny,L-CN,lisa_signs,convnext_tiny,pooled,ECE_raw,0.1912,weaker feature set,outputs/gate_performance.csv
RQ2,Gate (pre_mag_pPmax),pre_mag_pPmax,lisa_signs/convnext_tiny,L-CN,lisa_signs,convnext_tiny,pooled,ECE_platt,0.2228,weaker feature set,outputs/gate_performance.csv
RQ2,Gate (pre_mag_pPmax),pre_mag_pPmax,lisa_signs/convnext_tiny,L-CN,lisa_signs,convnext_tiny,pooled,Brier_platt,0.1988,weaker feature set,outputs/gate_performance.csv
RQ2,Gate (pre_mag_pPmax),pre_mag_pPmax,lisa_signs/convnext_tiny,L-CN,lisa_signs,convnext_tiny,pooled,r0.60_accuracy,0.8667,weaker feature set,outputs/gate_performance.csv
RQ2,Gate (pre_mag_pPmax),pre_mag_pPmax,lisa_signs/convnext_tiny,L-CN,lisa_signs,convnext_tiny,pooled,r0.60_precision,0.9231,weaker feature set,outputs/gate_performance.csv
RQ2,Gate (pre_mag_pPmax),pre_mag_pPmax,lisa_signs/convnext_tiny,L-CN,lisa_signs,convnext_tiny,pooled,r0.60_recall,0.9231,weaker feature set,outputs/gate_performance.csv
RQ2,Gate (pre_mag_pPmax),pre_mag_pPmax,lisa_signs/convnext_tiny,L-CN,lisa_signs,convnext_tiny,pooled,r0.60_f1,0.9231,weaker feature set,outputs/gate_performance.csv
RQ2,Gate (pre_mag_pPmax),pre_mag_pPmax,lisa_signs/convnext_tiny,L-CN,lisa_signs,convnext_tiny,pooled,r0.60_coverage,0.8667,weaker feature set,outputs/gate_performance.csv
RQ2,Gate (pre_mag_pPmax),pre_mag_pPmax,lisa_signs/convnext_tiny,L-CN,lisa_signs,convnext_tiny,pooled,r0.80_accuracy,0.8667,weaker feature set,outputs/gate_performance.csv
RQ2,Gate (pre_mag_pPmax),pre_mag_pPmax,lisa_signs/convnext_tiny,L-CN,lisa_signs,convnext_tiny,pooled,r0.80_precision,0.9231,weaker feature set,outputs/gate_performance.csv
RQ2,Gate (pre_mag_pPmax),pre_mag_pPmax,lisa_signs/convnext_tiny,L-CN,lisa_signs,convnext_tiny,pooled,r0.80_recall,0.9231,weaker feature set,outputs/gate_performance.csv
RQ2,Gate (pre_mag_pPmax),pre_mag_pPmax,lisa_signs/convnext_tiny,L-CN,lisa_signs,convnext_tiny,pooled,r0.80_f1,0.9231,weaker feature set,outputs/gate_performance.csv
RQ2,Gate (pre_mag_pPmax),pre_mag_pPmax,lisa_signs/convnext_tiny,L-CN,lisa_signs,convnext_tiny,pooled,r0.80_coverage,0.8667,weaker feature set,outputs/gate_performance.csv
RQ2,Gate (pre_mag_pPmax),pre_mag_pPmax,lisa_signs/convnext_tiny,L-CN,lisa_signs,convnext_tiny,pooled,r0.90_accuracy,0.8667,weaker feature set,outputs/gate_performance.csv
RQ2,Gate (pre_mag_pPmax),pre_mag_pPmax,lisa_signs/convnext_tiny,L-CN,lisa_signs,convnext_tiny,pooled,r0.90_precision,0.9231,weaker feature set,outputs/gate_performance.csv
RQ2,Gate (pre_mag_pPmax),pre_mag_pPmax,lisa_signs/convnext_tiny,L-CN,lisa_signs,convnext_tiny,pooled,r0.90_recall,0.9231,weaker feature set,outputs/gate_performance.csv
RQ2,Gate (pre_mag_pPmax),pre_mag_pPmax,lisa_signs/convnext_tiny,L-CN,lisa_signs,convnext_tiny,pooled,r0.90_f1,0.9231,weaker feature set,outputs/gate_performance.csv
RQ2,Gate (pre_mag_pPmax),pre_mag_pPmax,lisa_signs/convnext_tiny,L-CN,lisa_signs,convnext_tiny,pooled,r0.90_coverage,0.8667,weaker feature set,outputs/gate_performance.csv
RQ2,Gate (pre_mag_response),pre_mag_response,lisa_signs/convnext_tiny,L-CN,lisa_signs,convnext_tiny,pooled,n_test,15.0,SHIPPED,outputs/gate_performance.csv
RQ2,Gate (pre_mag_response),pre_mag_response,lisa_signs/convnext_tiny,L-CN,lisa_signs,convnext_tiny,pooled,pos,13.0,SHIPPED,outputs/gate_performance.csv
RQ2,Gate (pre_mag_response),pre_mag_response,lisa_signs/convnext_tiny,L-CN,lisa_signs,convnext_tiny,pooled,prevalence,0.8667,SHIPPED,outputs/gate_performance.csv
RQ2,Gate (pre_mag_response),pre_mag_response,lisa_signs/convnext_tiny,L-CN,lisa_signs,convnext_tiny,pooled,AUROC,0.5385,SHIPPED,outputs/gate_performance.csv
RQ2,Gate (pre_mag_response),pre_mag_response,lisa_signs/convnext_tiny,L-CN,lisa_signs,convnext_tiny,pooled,AUPRC,0.9247,SHIPPED,outputs/gate_performance.csv
RQ2,Gate (pre_mag_response),pre_mag_response,lisa_signs/convnext_tiny,L-CN,lisa_signs,convnext_tiny,pooled,ECE_raw,0.4626,SHIPPED,outputs/gate_performance.csv
RQ2,Gate (pre_mag_response),pre_mag_response,lisa_signs/convnext_tiny,L-CN,lisa_signs,convnext_tiny,pooled,ECE_platt,0.4463,SHIPPED,outputs/gate_performance.csv
RQ2,Gate (pre_mag_response),pre_mag_response,lisa_signs/convnext_tiny,L-CN,lisa_signs,convnext_tiny,pooled,Brier_platt,0.4156,SHIPPED,outputs/gate_performance.csv
RQ2,Gate (pre_mag_response),pre_mag_response,lisa_signs/convnext_tiny,L-CN,lisa_signs,convnext_tiny,pooled,r0.60_accuracy,0.5333,SHIPPED,outputs/gate_performance.csv
RQ2,Gate (pre_mag_response),pre_mag_response,lisa_signs/convnext_tiny,L-CN,lisa_signs,convnext_tiny,pooled,r0.60_precision,0.8,SHIPPED,outputs/gate_performance.csv
RQ2,Gate (pre_mag_response),pre_mag_response,lisa_signs/convnext_tiny,L-CN,lisa_signs,convnext_tiny,pooled,r0.60_recall,0.6154,SHIPPED,outputs/gate_performance.csv
RQ2,Gate (pre_mag_response),pre_mag_response,lisa_signs/convnext_tiny,L-CN,lisa_signs,convnext_tiny,pooled,r0.60_f1,0.6957,SHIPPED,outputs/gate_performance.csv
RQ2,Gate (pre_mag_response),pre_mag_response,lisa_signs/convnext_tiny,L-CN,lisa_signs,convnext_tiny,pooled,r0.60_coverage,0.6667,SHIPPED,outputs/gate_performance.csv
RQ2,Gate (pre_mag_response),pre_mag_response,lisa_signs/convnext_tiny,L-CN,lisa_signs,convnext_tiny,pooled,r0.80_accuracy,0.5333,SHIPPED,outputs/gate_performance.csv
RQ2,Gate (pre_mag_response),pre_mag_response,lisa_signs/convnext_tiny,L-CN,lisa_signs,convnext_tiny,pooled,r0.80_precision,0.8,SHIPPED,outputs/gate_performance.csv
RQ2,Gate (pre_mag_response),pre_mag_response,lisa_signs/convnext_tiny,L-CN,lisa_signs,convnext_tiny,pooled,r0.80_recall,0.6154,SHIPPED,outputs/gate_performance.csv
RQ2,Gate (pre_mag_response),pre_mag_response,lisa_signs/convnext_tiny,L-CN,lisa_signs,convnext_tiny,pooled,r0.80_f1,0.6957,SHIPPED,outputs/gate_performance.csv
RQ2,Gate (pre_mag_response),pre_mag_response,lisa_signs/convnext_tiny,L-CN,lisa_signs,convnext_tiny,pooled,r0.80_coverage,0.6667,SHIPPED,outputs/gate_performance.csv
RQ2,Gate (pre_mag_response),pre_mag_response,lisa_signs/convnext_tiny,L-CN,lisa_signs,convnext_tiny,pooled,r0.90_accuracy,0.5333,SHIPPED,outputs/gate_performance.csv
RQ2,Gate (pre_mag_response),pre_mag_response,lisa_signs/convnext_tiny,L-CN,lisa_signs,convnext_tiny,pooled,r0.90_precision,0.8,SHIPPED,outputs/gate_performance.csv
RQ2,Gate (pre_mag_response),pre_mag_response,lisa_signs/convnext_tiny,L-CN,lisa_signs,convnext_tiny,pooled,r0.90_recall,0.6154,SHIPPED,outputs/gate_performance.csv
RQ2,Gate (pre_mag_response),pre_mag_response,lisa_signs/convnext_tiny,L-CN,lisa_signs,convnext_tiny,pooled,r0.90_f1,0.6957,SHIPPED,outputs/gate_performance.csv
RQ2,Gate (pre_mag_response),pre_mag_response,lisa_signs/convnext_tiny,L-CN,lisa_signs,convnext_tiny,pooled,r0.90_coverage,0.6667,SHIPPED,outputs/gate_performance.csv
RQ2,Gate (pre),pre,lisa_signs/densenet121,L-DN,lisa_signs,densenet121,pooled,n_test,11.0,weaker feature set,outputs/gate_performance.csv
RQ2,Gate (pre),pre,lisa_signs/densenet121,L-DN,lisa_signs,densenet121,pooled,pos,7.0,weaker feature set,outputs/gate_performance.csv
RQ2,Gate (pre),pre,lisa_signs/densenet121,L-DN,lisa_signs,densenet121,pooled,prevalence,0.6364,weaker feature set,outputs/gate_performance.csv
RQ2,Gate (pre),pre,lisa_signs/densenet121,L-DN,lisa_signs,densenet121,pooled,AUROC,0.7321,weaker feature set,outputs/gate_performance.csv
RQ2,Gate (pre),pre,lisa_signs/densenet121,L-DN,lisa_signs,densenet121,pooled,AUPRC,0.801,weaker feature set,outputs/gate_performance.csv
RQ2,Gate (pre),pre,lisa_signs/densenet121,L-DN,lisa_signs,densenet121,pooled,ECE_raw,0.1172,weaker feature set,outputs/gate_performance.csv
RQ2,Gate (pre),pre,lisa_signs/densenet121,L-DN,lisa_signs,densenet121,pooled,ECE_platt,0.1681,weaker feature set,outputs/gate_performance.csv
RQ2,Gate (pre),pre,lisa_signs/densenet121,L-DN,lisa_signs,densenet121,pooled,Brier_platt,0.1716,weaker feature set,outputs/gate_performance.csv
RQ2,Gate (pre),pre,lisa_signs/densenet121,L-DN,lisa_signs,densenet121,pooled,r0.60_accuracy,0.6364,weaker feature set,outputs/gate_performance.csv
RQ2,Gate (pre),pre,lisa_signs/densenet121,L-DN,lisa_signs,densenet121,pooled,r0.60_precision,0.6364,weaker feature set,outputs/gate_performance.csv
RQ2,Gate (pre),pre,lisa_signs/densenet121,L-DN,lisa_signs,densenet121,pooled,r0.60_recall,1.0,weaker feature set,outputs/gate_performance.csv
RQ2,Gate (pre),pre,lisa_signs/densenet121,L-DN,lisa_signs,densenet121,pooled,r0.60_f1,0.7778,weaker feature set,outputs/gate_performance.csv
RQ2,Gate (pre),pre,lisa_signs/densenet121,L-DN,lisa_signs,densenet121,pooled,r0.60_coverage,1.0,weaker feature set,outputs/gate_performance.csv
RQ2,Gate (pre),pre,lisa_signs/densenet121,L-DN,lisa_signs,densenet121,pooled,r0.80_accuracy,0.6364,weaker feature set,outputs/gate_performance.csv
RQ2,Gate (pre),pre,lisa_signs/densenet121,L-DN,lisa_signs,densenet121,pooled,r0.80_precision,0.6364,weaker feature set,outputs/gate_performance.csv
RQ2,Gate (pre),pre,lisa_signs/densenet121,L-DN,lisa_signs,densenet121,pooled,r0.80_recall,1.0,weaker feature set,outputs/gate_performance.csv
RQ2,Gate (pre),pre,lisa_signs/densenet121,L-DN,lisa_signs,densenet121,pooled,r0.80_f1,0.7778,weaker feature set,outputs/gate_performance.csv
RQ2,Gate (pre),pre,lisa_signs/densenet121,L-DN,lisa_signs,densenet121,pooled,r0.80_coverage,1.0,weaker feature set,outputs/gate_performance.csv
RQ2,Gate (pre),pre,lisa_signs/densenet121,L-DN,lisa_signs,densenet121,pooled,r0.90_accuracy,0.6364,weaker feature set,outputs/gate_performance.csv
RQ2,Gate (pre),pre,lisa_signs/densenet121,L-DN,lisa_signs,densenet121,pooled,r0.90_precision,0.6364,weaker feature set,outputs/gate_performance.csv
RQ2,Gate (pre),pre,lisa_signs/densenet121,L-DN,lisa_signs,densenet121,pooled,r0.90_recall,1.0,weaker feature set,outputs/gate_performance.csv
RQ2,Gate (pre),pre,lisa_signs/densenet121,L-DN,lisa_signs,densenet121,pooled,r0.90_f1,0.7778,weaker feature set,outputs/gate_performance.csv
RQ2,Gate (pre),pre,lisa_signs/densenet121,L-DN,lisa_signs,densenet121,pooled,r0.90_coverage,1.0,weaker feature set,outputs/gate_performance.csv
RQ2,Gate (pre_mag),pre_mag,lisa_signs/densenet121,L-DN,lisa_signs,densenet121,pooled,n_test,11.0,weaker feature set,outputs/gate_performance.csv
RQ2,Gate (pre_mag),pre_mag,lisa_signs/densenet121,L-DN,lisa_signs,densenet121,pooled,pos,7.0,weaker feature set,outputs/gate_performance.csv
RQ2,Gate (pre_mag),pre_mag,lisa_signs/densenet121,L-DN,lisa_signs,densenet121,pooled,prevalence,0.6364,weaker feature set,outputs/gate_performance.csv
RQ2,Gate (pre_mag),pre_mag,lisa_signs/densenet121,L-DN,lisa_signs,densenet121,pooled,AUROC,0.8571,weaker feature set,outputs/gate_performance.csv
RQ2,Gate (pre_mag),pre_mag,lisa_signs/densenet121,L-DN,lisa_signs,densenet121,pooled,AUPRC,0.924,weaker feature set,outputs/gate_performance.csv
RQ2,Gate (pre_mag),pre_mag,lisa_signs/densenet121,L-DN,lisa_signs,densenet121,pooled,ECE_raw,0.1903,weaker feature set,outputs/gate_performance.csv
RQ2,Gate (pre_mag),pre_mag,lisa_signs/densenet121,L-DN,lisa_signs,densenet121,pooled,ECE_platt,0.2287,weaker feature set,outputs/gate_performance.csv
RQ2,Gate (pre_mag),pre_mag,lisa_signs/densenet121,L-DN,lisa_signs,densenet121,pooled,Brier_platt,0.1416,weaker feature set,outputs/gate_performance.csv
RQ2,Gate (pre_mag),pre_mag,lisa_signs/densenet121,L-DN,lisa_signs,densenet121,pooled,r0.60_accuracy,0.6364,weaker feature set,outputs/gate_performance.csv
RQ2,Gate (pre_mag),pre_mag,lisa_signs/densenet121,L-DN,lisa_signs,densenet121,pooled,r0.60_precision,0.6364,weaker feature set,outputs/gate_performance.csv
RQ2,Gate (pre_mag),pre_mag,lisa_signs/densenet121,L-DN,lisa_signs,densenet121,pooled,r0.60_recall,1.0,weaker feature set,outputs/gate_performance.csv
RQ2,Gate (pre_mag),pre_mag,lisa_signs/densenet121,L-DN,lisa_signs,densenet121,pooled,r0.60_f1,0.7778,weaker feature set,outputs/gate_performance.csv
RQ2,Gate (pre_mag),pre_mag,lisa_signs/densenet121,L-DN,lisa_signs,densenet121,pooled,r0.60_coverage,1.0,weaker feature set,outputs/gate_performance.csv
RQ2,Gate (pre_mag),pre_mag,lisa_signs/densenet121,L-DN,lisa_signs,densenet121,pooled,r0.80_accuracy,0.6364,weaker feature set,outputs/gate_performance.csv
RQ2,Gate (pre_mag),pre_mag,lisa_signs/densenet121,L-DN,lisa_signs,densenet121,pooled,r0.80_precision,0.6364,weaker feature set,outputs/gate_performance.csv
RQ2,Gate (pre_mag),pre_mag,lisa_signs/densenet121,L-DN,lisa_signs,densenet121,pooled,r0.80_recall,1.0,weaker feature set,outputs/gate_performance.csv
RQ2,Gate (pre_mag),pre_mag,lisa_signs/densenet121,L-DN,lisa_signs,densenet121,pooled,r0.80_f1,0.7778,weaker feature set,outputs/gate_performance.csv
RQ2,Gate (pre_mag),pre_mag,lisa_signs/densenet121,L-DN,lisa_signs,densenet121,pooled,r0.80_coverage,1.0,weaker feature set,outputs/gate_performance.csv
RQ2,Gate (pre_mag),pre_mag,lisa_signs/densenet121,L-DN,lisa_signs,densenet121,pooled,r0.90_accuracy,0.6364,weaker feature set,outputs/gate_performance.csv
RQ2,Gate (pre_mag),pre_mag,lisa_signs/densenet121,L-DN,lisa_signs,densenet121,pooled,r0.90_precision,0.6364,weaker feature set,outputs/gate_performance.csv
RQ2,Gate (pre_mag),pre_mag,lisa_signs/densenet121,L-DN,lisa_signs,densenet121,pooled,r0.90_recall,1.0,weaker feature set,outputs/gate_performance.csv
RQ2,Gate (pre_mag),pre_mag,lisa_signs/densenet121,L-DN,lisa_signs,densenet121,pooled,r0.90_f1,0.7778,weaker feature set,outputs/gate_performance.csv
RQ2,Gate (pre_mag),pre_mag,lisa_signs/densenet121,L-DN,lisa_signs,densenet121,pooled,r0.90_coverage,1.0,weaker feature set,outputs/gate_performance.csv
RQ2,Gate (pre_mag_pPmax),pre_mag_pPmax,lisa_signs/densenet121,L-DN,lisa_signs,densenet121,pooled,n_test,11.0,weaker feature set,outputs/gate_performance.csv
RQ2,Gate (pre_mag_pPmax),pre_mag_pPmax,lisa_signs/densenet121,L-DN,lisa_signs,densenet121,pooled,pos,7.0,weaker feature set,outputs/gate_performance.csv
RQ2,Gate (pre_mag_pPmax),pre_mag_pPmax,lisa_signs/densenet121,L-DN,lisa_signs,densenet121,pooled,prevalence,0.6364,weaker feature set,outputs/gate_performance.csv
RQ2,Gate (pre_mag_pPmax),pre_mag_pPmax,lisa_signs/densenet121,L-DN,lisa_signs,densenet121,pooled,AUROC,0.9643,weaker feature set,outputs/gate_performance.csv
RQ2,Gate (pre_mag_pPmax),pre_mag_pPmax,lisa_signs/densenet121,L-DN,lisa_signs,densenet121,pooled,AUPRC,0.9821,weaker feature set,outputs/gate_performance.csv
RQ2,Gate (pre_mag_pPmax),pre_mag_pPmax,lisa_signs/densenet121,L-DN,lisa_signs,densenet121,pooled,ECE_raw,0.1651,weaker feature set,outputs/gate_performance.csv
RQ2,Gate (pre_mag_pPmax),pre_mag_pPmax,lisa_signs/densenet121,L-DN,lisa_signs,densenet121,pooled,ECE_platt,0.1262,weaker feature set,outputs/gate_performance.csv
RQ2,Gate (pre_mag_pPmax),pre_mag_pPmax,lisa_signs/densenet121,L-DN,lisa_signs,densenet121,pooled,Brier_platt,0.0893,weaker feature set,outputs/gate_performance.csv
RQ2,Gate (pre_mag_pPmax),pre_mag_pPmax,lisa_signs/densenet121,L-DN,lisa_signs,densenet121,pooled,r0.60_accuracy,0.6364,weaker feature set,outputs/gate_performance.csv
RQ2,Gate (pre_mag_pPmax),pre_mag_pPmax,lisa_signs/densenet121,L-DN,lisa_signs,densenet121,pooled,r0.60_precision,0.6364,weaker feature set,outputs/gate_performance.csv
RQ2,Gate (pre_mag_pPmax),pre_mag_pPmax,lisa_signs/densenet121,L-DN,lisa_signs,densenet121,pooled,r0.60_recall,1.0,weaker feature set,outputs/gate_performance.csv
RQ2,Gate (pre_mag_pPmax),pre_mag_pPmax,lisa_signs/densenet121,L-DN,lisa_signs,densenet121,pooled,r0.60_f1,0.7778,weaker feature set,outputs/gate_performance.csv
RQ2,Gate (pre_mag_pPmax),pre_mag_pPmax,lisa_signs/densenet121,L-DN,lisa_signs,densenet121,pooled,r0.60_coverage,1.0,weaker feature set,outputs/gate_performance.csv
RQ2,Gate (pre_mag_pPmax),pre_mag_pPmax,lisa_signs/densenet121,L-DN,lisa_signs,densenet121,pooled,r0.80_accuracy,0.6364,weaker feature set,outputs/gate_performance.csv
RQ2,Gate (pre_mag_pPmax),pre_mag_pPmax,lisa_signs/densenet121,L-DN,lisa_signs,densenet121,pooled,r0.80_precision,0.6364,weaker feature set,outputs/gate_performance.csv
RQ2,Gate (pre_mag_pPmax),pre_mag_pPmax,lisa_signs/densenet121,L-DN,lisa_signs,densenet121,pooled,r0.80_recall,1.0,weaker feature set,outputs/gate_performance.csv
RQ2,Gate (pre_mag_pPmax),pre_mag_pPmax,lisa_signs/densenet121,L-DN,lisa_signs,densenet121,pooled,r0.80_f1,0.7778,weaker feature set,outputs/gate_performance.csv
RQ2,Gate (pre_mag_pPmax),pre_mag_pPmax,lisa_signs/densenet121,L-DN,lisa_signs,densenet121,pooled,r0.80_coverage,1.0,weaker feature set,outputs/gate_performance.csv
RQ2,Gate (pre_mag_pPmax),pre_mag_pPmax,lisa_signs/densenet121,L-DN,lisa_signs,densenet121,pooled,r0.90_accuracy,0.6364,weaker feature set,outputs/gate_performance.csv
RQ2,Gate (pre_mag_pPmax),pre_mag_pPmax,lisa_signs/densenet121,L-DN,lisa_signs,densenet121,pooled,r0.90_precision,0.6364,weaker feature set,outputs/gate_performance.csv
RQ2,Gate (pre_mag_pPmax),pre_mag_pPmax,lisa_signs/densenet121,L-DN,lisa_signs,densenet121,pooled,r0.90_recall,1.0,weaker feature set,outputs/gate_performance.csv
RQ2,Gate (pre_mag_pPmax),pre_mag_pPmax,lisa_signs/densenet121,L-DN,lisa_signs,densenet121,pooled,r0.90_f1,0.7778,weaker feature set,outputs/gate_performance.csv
RQ2,Gate (pre_mag_pPmax),pre_mag_pPmax,lisa_signs/densenet121,L-DN,lisa_signs,densenet121,pooled,r0.90_coverage,1.0,weaker feature set,outputs/gate_performance.csv
RQ2,Gate (pre_mag_response),pre_mag_response,lisa_signs/densenet121,L-DN,lisa_signs,densenet121,pooled,n_test,11.0,SHIPPED,outputs/gate_performance.csv
RQ2,Gate (pre_mag_response),pre_mag_response,lisa_signs/densenet121,L-DN,lisa_signs,densenet121,pooled,pos,7.0,SHIPPED,outputs/gate_performance.csv
RQ2,Gate (pre_mag_response),pre_mag_response,lisa_signs/densenet121,L-DN,lisa_signs,densenet121,pooled,prevalence,0.6364,SHIPPED,outputs/gate_performance.csv
RQ2,Gate (pre_mag_response),pre_mag_response,lisa_signs/densenet121,L-DN,lisa_signs,densenet121,pooled,AUROC,0.8929,SHIPPED,outputs/gate_performance.csv
RQ2,Gate (pre_mag_response),pre_mag_response,lisa_signs/densenet121,L-DN,lisa_signs,densenet121,pooled,AUPRC,0.9379,SHIPPED,outputs/gate_performance.csv
RQ2,Gate (pre_mag_response),pre_mag_response,lisa_signs/densenet121,L-DN,lisa_signs,densenet121,pooled,ECE_raw,0.2233,SHIPPED,outputs/gate_performance.csv
RQ2,Gate (pre_mag_response),pre_mag_response,lisa_signs/densenet121,L-DN,lisa_signs,densenet121,pooled,ECE_platt,0.1579,SHIPPED,outputs/gate_performance.csv
RQ2,Gate (pre_mag_response),pre_mag_response,lisa_signs/densenet121,L-DN,lisa_signs,densenet121,pooled,Brier_platt,0.1179,SHIPPED,outputs/gate_performance.csv
RQ2,Gate (pre_mag_response),pre_mag_response,lisa_signs/densenet121,L-DN,lisa_signs,densenet121,pooled,r0.60_accuracy,0.6364,SHIPPED,outputs/gate_performance.csv
RQ2,Gate (pre_mag_response),pre_mag_response,lisa_signs/densenet121,L-DN,lisa_signs,densenet121,pooled,r0.60_precision,0.6364,SHIPPED,outputs/gate_performance.csv
RQ2,Gate (pre_mag_response),pre_mag_response,lisa_signs/densenet121,L-DN,lisa_signs,densenet121,pooled,r0.60_recall,1.0,SHIPPED,outputs/gate_performance.csv
RQ2,Gate (pre_mag_response),pre_mag_response,lisa_signs/densenet121,L-DN,lisa_signs,densenet121,pooled,r0.60_f1,0.7778,SHIPPED,outputs/gate_performance.csv
RQ2,Gate (pre_mag_response),pre_mag_response,lisa_signs/densenet121,L-DN,lisa_signs,densenet121,pooled,r0.60_coverage,1.0,SHIPPED,outputs/gate_performance.csv
RQ2,Gate (pre_mag_response),pre_mag_response,lisa_signs/densenet121,L-DN,lisa_signs,densenet121,pooled,r0.80_accuracy,0.6364,SHIPPED,outputs/gate_performance.csv
RQ2,Gate (pre_mag_response),pre_mag_response,lisa_signs/densenet121,L-DN,lisa_signs,densenet121,pooled,r0.80_precision,0.6364,SHIPPED,outputs/gate_performance.csv
RQ2,Gate (pre_mag_response),pre_mag_response,lisa_signs/densenet121,L-DN,lisa_signs,densenet121,pooled,r0.80_recall,1.0,SHIPPED,outputs/gate_performance.csv
RQ2,Gate (pre_mag_response),pre_mag_response,lisa_signs/densenet121,L-DN,lisa_signs,densenet121,pooled,r0.80_f1,0.7778,SHIPPED,outputs/gate_performance.csv
RQ2,Gate (pre_mag_response),pre_mag_response,lisa_signs/densenet121,L-DN,lisa_signs,densenet121,pooled,r0.80_coverage,1.0,SHIPPED,outputs/gate_performance.csv
RQ2,Gate (pre_mag_response),pre_mag_response,lisa_signs/densenet121,L-DN,lisa_signs,densenet121,pooled,r0.90_accuracy,0.6364,SHIPPED,outputs/gate_performance.csv
RQ2,Gate (pre_mag_response),pre_mag_response,lisa_signs/densenet121,L-DN,lisa_signs,densenet121,pooled,r0.90_precision,0.6364,SHIPPED,outputs/gate_performance.csv
RQ2,Gate (pre_mag_response),pre_mag_response,lisa_signs/densenet121,L-DN,lisa_signs,densenet121,pooled,r0.90_recall,1.0,SHIPPED,outputs/gate_performance.csv
RQ2,Gate (pre_mag_response),pre_mag_response,lisa_signs/densenet121,L-DN,lisa_signs,densenet121,pooled,r0.90_f1,0.7778,SHIPPED,outputs/gate_performance.csv
RQ2,Gate (pre_mag_response),pre_mag_response,lisa_signs/densenet121,L-DN,lisa_signs,densenet121,pooled,r0.90_coverage,1.0,SHIPPED,outputs/gate_performance.csv
RQ2,Gate (pre),pre,lisa_signs/vgg16,L-VG,lisa_signs,vgg16,pooled,n_test,13.0,weaker feature set,outputs/gate_performance.csv
RQ2,Gate (pre),pre,lisa_signs/vgg16,L-VG,lisa_signs,vgg16,pooled,pos,6.0,weaker feature set,outputs/gate_performance.csv
RQ2,Gate (pre),pre,lisa_signs/vgg16,L-VG,lisa_signs,vgg16,pooled,prevalence,0.4615,weaker feature set,outputs/gate_performance.csv
RQ2,Gate (pre),pre,lisa_signs/vgg16,L-VG,lisa_signs,vgg16,pooled,AUROC,0.7143,weaker feature set,outputs/gate_performance.csv
RQ2,Gate (pre),pre,lisa_signs/vgg16,L-VG,lisa_signs,vgg16,pooled,AUPRC,0.8258,weaker feature set,outputs/gate_performance.csv
RQ2,Gate (pre),pre,lisa_signs/vgg16,L-VG,lisa_signs,vgg16,pooled,ECE_raw,0.3627,weaker feature set,outputs/gate_performance.csv
RQ2,Gate (pre),pre,lisa_signs/vgg16,L-VG,lisa_signs,vgg16,pooled,ECE_platt,0.3661,weaker feature set,outputs/gate_performance.csv
RQ2,Gate (pre),pre,lisa_signs/vgg16,L-VG,lisa_signs,vgg16,pooled,Brier_platt,0.235,weaker feature set,outputs/gate_performance.csv
RQ2,Gate (pre),pre,lisa_signs/vgg16,L-VG,lisa_signs,vgg16,pooled,r0.60_accuracy,0.7692,weaker feature set,outputs/gate_performance.csv
RQ2,Gate (pre),pre,lisa_signs/vgg16,L-VG,lisa_signs,vgg16,pooled,r0.60_precision,0.8,weaker feature set,outputs/gate_performance.csv
RQ2,Gate (pre),pre,lisa_signs/vgg16,L-VG,lisa_signs,vgg16,pooled,r0.60_recall,0.6667,weaker feature set,outputs/gate_performance.csv
RQ2,Gate (pre),pre,lisa_signs/vgg16,L-VG,lisa_signs,vgg16,pooled,r0.60_f1,0.7273,weaker feature set,outputs/gate_performance.csv
RQ2,Gate (pre),pre,lisa_signs/vgg16,L-VG,lisa_signs,vgg16,pooled,r0.60_coverage,0.3846,weaker feature set,outputs/gate_performance.csv
RQ2,Gate (pre),pre,lisa_signs/vgg16,L-VG,lisa_signs,vgg16,pooled,r0.80_accuracy,0.7692,weaker feature set,outputs/gate_performance.csv
RQ2,Gate (pre),pre,lisa_signs/vgg16,L-VG,lisa_signs,vgg16,pooled,r0.80_precision,0.8,weaker feature set,outputs/gate_performance.csv
RQ2,Gate (pre),pre,lisa_signs/vgg16,L-VG,lisa_signs,vgg16,pooled,r0.80_recall,0.6667,weaker feature set,outputs/gate_performance.csv
RQ2,Gate (pre),pre,lisa_signs/vgg16,L-VG,lisa_signs,vgg16,pooled,r0.80_f1,0.7273,weaker feature set,outputs/gate_performance.csv
RQ2,Gate (pre),pre,lisa_signs/vgg16,L-VG,lisa_signs,vgg16,pooled,r0.80_coverage,0.3846,weaker feature set,outputs/gate_performance.csv
RQ2,Gate (pre),pre,lisa_signs/vgg16,L-VG,lisa_signs,vgg16,pooled,r0.90_accuracy,0.8462,weaker feature set,outputs/gate_performance.csv
RQ2,Gate (pre),pre,lisa_signs/vgg16,L-VG,lisa_signs,vgg16,pooled,r0.90_precision,1.0,weaker feature set,outputs/gate_performance.csv
RQ2,Gate (pre),pre,lisa_signs/vgg16,L-VG,lisa_signs,vgg16,pooled,r0.90_recall,0.6667,weaker feature set,outputs/gate_performance.csv
RQ2,Gate (pre),pre,lisa_signs/vgg16,L-VG,lisa_signs,vgg16,pooled,r0.90_f1,0.8,weaker feature set,outputs/gate_performance.csv
RQ2,Gate (pre),pre,lisa_signs/vgg16,L-VG,lisa_signs,vgg16,pooled,r0.90_coverage,0.3077,weaker feature set,outputs/gate_performance.csv
RQ2,Gate (pre_mag),pre_mag,lisa_signs/vgg16,L-VG,lisa_signs,vgg16,pooled,n_test,13.0,weaker feature set,outputs/gate_performance.csv
RQ2,Gate (pre_mag),pre_mag,lisa_signs/vgg16,L-VG,lisa_signs,vgg16,pooled,pos,6.0,weaker feature set,outputs/gate_performance.csv
RQ2,Gate (pre_mag),pre_mag,lisa_signs/vgg16,L-VG,lisa_signs,vgg16,pooled,prevalence,0.4615,weaker feature set,outputs/gate_performance.csv
RQ2,Gate (pre_mag),pre_mag,lisa_signs/vgg16,L-VG,lisa_signs,vgg16,pooled,AUROC,0.7143,weaker feature set,outputs/gate_performance.csv
RQ2,Gate (pre_mag),pre_mag,lisa_signs/vgg16,L-VG,lisa_signs,vgg16,pooled,AUPRC,0.8258,weaker feature set,outputs/gate_performance.csv
RQ2,Gate (pre_mag),pre_mag,lisa_signs/vgg16,L-VG,lisa_signs,vgg16,pooled,ECE_raw,0.3589,weaker feature set,outputs/gate_performance.csv
RQ2,Gate (pre_mag),pre_mag,lisa_signs/vgg16,L-VG,lisa_signs,vgg16,pooled,ECE_platt,0.3591,weaker feature set,outputs/gate_performance.csv
RQ2,Gate (pre_mag),pre_mag,lisa_signs/vgg16,L-VG,lisa_signs,vgg16,pooled,Brier_platt,0.2297,weaker feature set,outputs/gate_performance.csv
RQ2,Gate (pre_mag),pre_mag,lisa_signs/vgg16,L-VG,lisa_signs,vgg16,pooled,r0.60_accuracy,0.6923,weaker feature set,outputs/gate_performance.csv
RQ2,Gate (pre_mag),pre_mag,lisa_signs/vgg16,L-VG,lisa_signs,vgg16,pooled,r0.60_precision,0.6667,weaker feature set,outputs/gate_performance.csv
RQ2,Gate (pre_mag),pre_mag,lisa_signs/vgg16,L-VG,lisa_signs,vgg16,pooled,r0.60_recall,0.6667,weaker feature set,outputs/gate_performance.csv
RQ2,Gate (pre_mag),pre_mag,lisa_signs/vgg16,L-VG,lisa_signs,vgg16,pooled,r0.60_f1,0.6667,weaker feature set,outputs/gate_performance.csv
RQ2,Gate (pre_mag),pre_mag,lisa_signs/vgg16,L-VG,lisa_signs,vgg16,pooled,r0.60_coverage,0.4615,weaker feature set,outputs/gate_performance.csv
RQ2,Gate (pre_mag),pre_mag,lisa_signs/vgg16,L-VG,lisa_signs,vgg16,pooled,r0.80_accuracy,0.7692,weaker feature set,outputs/gate_performance.csv
RQ2,Gate (pre_mag),pre_mag,lisa_signs/vgg16,L-VG,lisa_signs,vgg16,pooled,r0.80_precision,0.8,weaker feature set,outputs/gate_performance.csv
RQ2,Gate (pre_mag),pre_mag,lisa_signs/vgg16,L-VG,lisa_signs,vgg16,pooled,r0.80_recall,0.6667,weaker feature set,outputs/gate_performance.csv
RQ2,Gate (pre_mag),pre_mag,lisa_signs/vgg16,L-VG,lisa_signs,vgg16,pooled,r0.80_f1,0.7273,weaker feature set,outputs/gate_performance.csv
RQ2,Gate (pre_mag),pre_mag,lisa_signs/vgg16,L-VG,lisa_signs,vgg16,pooled,r0.80_coverage,0.3846,weaker feature set,outputs/gate_performance.csv
RQ2,Gate (pre_mag),pre_mag,lisa_signs/vgg16,L-VG,lisa_signs,vgg16,pooled,r0.90_accuracy,0.8462,weaker feature set,outputs/gate_performance.csv
RQ2,Gate (pre_mag),pre_mag,lisa_signs/vgg16,L-VG,lisa_signs,vgg16,pooled,r0.90_precision,1.0,weaker feature set,outputs/gate_performance.csv
RQ2,Gate (pre_mag),pre_mag,lisa_signs/vgg16,L-VG,lisa_signs,vgg16,pooled,r0.90_recall,0.6667,weaker feature set,outputs/gate_performance.csv
RQ2,Gate (pre_mag),pre_mag,lisa_signs/vgg16,L-VG,lisa_signs,vgg16,pooled,r0.90_f1,0.8,weaker feature set,outputs/gate_performance.csv
RQ2,Gate (pre_mag),pre_mag,lisa_signs/vgg16,L-VG,lisa_signs,vgg16,pooled,r0.90_coverage,0.3077,weaker feature set,outputs/gate_performance.csv
RQ2,Gate (pre_mag_pPmax),pre_mag_pPmax,lisa_signs/vgg16,L-VG,lisa_signs,vgg16,pooled,n_test,13.0,weaker feature set,outputs/gate_performance.csv
RQ2,Gate (pre_mag_pPmax),pre_mag_pPmax,lisa_signs/vgg16,L-VG,lisa_signs,vgg16,pooled,pos,6.0,weaker feature set,outputs/gate_performance.csv
RQ2,Gate (pre_mag_pPmax),pre_mag_pPmax,lisa_signs/vgg16,L-VG,lisa_signs,vgg16,pooled,prevalence,0.4615,weaker feature set,outputs/gate_performance.csv
RQ2,Gate (pre_mag_pPmax),pre_mag_pPmax,lisa_signs/vgg16,L-VG,lisa_signs,vgg16,pooled,AUROC,0.7619,weaker feature set,outputs/gate_performance.csv
RQ2,Gate (pre_mag_pPmax),pre_mag_pPmax,lisa_signs/vgg16,L-VG,lisa_signs,vgg16,pooled,AUPRC,0.8426,weaker feature set,outputs/gate_performance.csv
RQ2,Gate (pre_mag_pPmax),pre_mag_pPmax,lisa_signs/vgg16,L-VG,lisa_signs,vgg16,pooled,ECE_raw,0.2519,weaker feature set,outputs/gate_performance.csv
RQ2,Gate (pre_mag_pPmax),pre_mag_pPmax,lisa_signs/vgg16,L-VG,lisa_signs,vgg16,pooled,ECE_platt,0.2876,weaker feature set,outputs/gate_performance.csv
RQ2,Gate (pre_mag_pPmax),pre_mag_pPmax,lisa_signs/vgg16,L-VG,lisa_signs,vgg16,pooled,Brier_platt,0.2183,weaker feature set,outputs/gate_performance.csv
RQ2,Gate (pre_mag_pPmax),pre_mag_pPmax,lisa_signs/vgg16,L-VG,lisa_signs,vgg16,pooled,r0.60_accuracy,0.6154,weaker feature set,outputs/gate_performance.csv
RQ2,Gate (pre_mag_pPmax),pre_mag_pPmax,lisa_signs/vgg16,L-VG,lisa_signs,vgg16,pooled,r0.60_precision,0.5714,weaker feature set,outputs/gate_performance.csv
RQ2,Gate (pre_mag_pPmax),pre_mag_pPmax,lisa_signs/vgg16,L-VG,lisa_signs,vgg16,pooled,r0.60_recall,0.6667,weaker feature set,outputs/gate_performance.csv
RQ2,Gate (pre_mag_pPmax),pre_mag_pPmax,lisa_signs/vgg16,L-VG,lisa_signs,vgg16,pooled,r0.60_f1,0.6154,weaker feature set,outputs/gate_performance.csv
RQ2,Gate (pre_mag_pPmax),pre_mag_pPmax,lisa_signs/vgg16,L-VG,lisa_signs,vgg16,pooled,r0.60_coverage,0.5385,weaker feature set,outputs/gate_performance.csv
RQ2,Gate (pre_mag_pPmax),pre_mag_pPmax,lisa_signs/vgg16,L-VG,lisa_signs,vgg16,pooled,r0.80_accuracy,0.6923,weaker feature set,outputs/gate_performance.csv
RQ2,Gate (pre_mag_pPmax),pre_mag_pPmax,lisa_signs/vgg16,L-VG,lisa_signs,vgg16,pooled,r0.80_precision,0.6667,weaker feature set,outputs/gate_performance.csv
RQ2,Gate (pre_mag_pPmax),pre_mag_pPmax,lisa_signs/vgg16,L-VG,lisa_signs,vgg16,pooled,r0.80_recall,0.6667,weaker feature set,outputs/gate_performance.csv
RQ2,Gate (pre_mag_pPmax),pre_mag_pPmax,lisa_signs/vgg16,L-VG,lisa_signs,vgg16,pooled,r0.80_f1,0.6667,weaker feature set,outputs/gate_performance.csv
RQ2,Gate (pre_mag_pPmax),pre_mag_pPmax,lisa_signs/vgg16,L-VG,lisa_signs,vgg16,pooled,r0.80_coverage,0.4615,weaker feature set,outputs/gate_performance.csv
RQ2,Gate (pre_mag_pPmax),pre_mag_pPmax,lisa_signs/vgg16,L-VG,lisa_signs,vgg16,pooled,r0.90_accuracy,0.6923,weaker feature set,outputs/gate_performance.csv
RQ2,Gate (pre_mag_pPmax),pre_mag_pPmax,lisa_signs/vgg16,L-VG,lisa_signs,vgg16,pooled,r0.90_precision,0.6667,weaker feature set,outputs/gate_performance.csv
RQ2,Gate (pre_mag_pPmax),pre_mag_pPmax,lisa_signs/vgg16,L-VG,lisa_signs,vgg16,pooled,r0.90_recall,0.6667,weaker feature set,outputs/gate_performance.csv
RQ2,Gate (pre_mag_pPmax),pre_mag_pPmax,lisa_signs/vgg16,L-VG,lisa_signs,vgg16,pooled,r0.90_f1,0.6667,weaker feature set,outputs/gate_performance.csv
RQ2,Gate (pre_mag_pPmax),pre_mag_pPmax,lisa_signs/vgg16,L-VG,lisa_signs,vgg16,pooled,r0.90_coverage,0.4615,weaker feature set,outputs/gate_performance.csv
RQ2,Gate (pre_mag_response),pre_mag_response,lisa_signs/vgg16,L-VG,lisa_signs,vgg16,pooled,n_test,13.0,SHIPPED,outputs/gate_performance.csv
RQ2,Gate (pre_mag_response),pre_mag_response,lisa_signs/vgg16,L-VG,lisa_signs,vgg16,pooled,pos,6.0,SHIPPED,outputs/gate_performance.csv
RQ2,Gate (pre_mag_response),pre_mag_response,lisa_signs/vgg16,L-VG,lisa_signs,vgg16,pooled,prevalence,0.4615,SHIPPED,outputs/gate_performance.csv
RQ2,Gate (pre_mag_response),pre_mag_response,lisa_signs/vgg16,L-VG,lisa_signs,vgg16,pooled,AUROC,0.9286,SHIPPED,outputs/gate_performance.csv
RQ2,Gate (pre_mag_response),pre_mag_response,lisa_signs/vgg16,L-VG,lisa_signs,vgg16,pooled,AUPRC,0.9306,SHIPPED,outputs/gate_performance.csv
RQ2,Gate (pre_mag_response),pre_mag_response,lisa_signs/vgg16,L-VG,lisa_signs,vgg16,pooled,ECE_raw,0.1162,SHIPPED,outputs/gate_performance.csv
RQ2,Gate (pre_mag_response),pre_mag_response,lisa_signs/vgg16,L-VG,lisa_signs,vgg16,pooled,ECE_platt,0.1567,SHIPPED,outputs/gate_performance.csv
RQ2,Gate (pre_mag_response),pre_mag_response,lisa_signs/vgg16,L-VG,lisa_signs,vgg16,pooled,Brier_platt,0.0985,SHIPPED,outputs/gate_performance.csv
RQ2,Gate (pre_mag_response),pre_mag_response,lisa_signs/vgg16,L-VG,lisa_signs,vgg16,pooled,r0.60_accuracy,0.6154,SHIPPED,outputs/gate_performance.csv
RQ2,Gate (pre_mag_response),pre_mag_response,lisa_signs/vgg16,L-VG,lisa_signs,vgg16,pooled,r0.60_precision,0.5455,SHIPPED,outputs/gate_performance.csv
RQ2,Gate (pre_mag_response),pre_mag_response,lisa_signs/vgg16,L-VG,lisa_signs,vgg16,pooled,r0.60_recall,1.0,SHIPPED,outputs/gate_performance.csv
RQ2,Gate (pre_mag_response),pre_mag_response,lisa_signs/vgg16,L-VG,lisa_signs,vgg16,pooled,r0.60_f1,0.7059,SHIPPED,outputs/gate_performance.csv
RQ2,Gate (pre_mag_response),pre_mag_response,lisa_signs/vgg16,L-VG,lisa_signs,vgg16,pooled,r0.60_coverage,0.8462,SHIPPED,outputs/gate_performance.csv
RQ2,Gate (pre_mag_response),pre_mag_response,lisa_signs/vgg16,L-VG,lisa_signs,vgg16,pooled,r0.80_accuracy,0.6154,SHIPPED,outputs/gate_performance.csv
RQ2,Gate (pre_mag_response),pre_mag_response,lisa_signs/vgg16,L-VG,lisa_signs,vgg16,pooled,r0.80_precision,0.5455,SHIPPED,outputs/gate_performance.csv
RQ2,Gate (pre_mag_response),pre_mag_response,lisa_signs/vgg16,L-VG,lisa_signs,vgg16,pooled,r0.80_recall,1.0,SHIPPED,outputs/gate_performance.csv
RQ2,Gate (pre_mag_response),pre_mag_response,lisa_signs/vgg16,L-VG,lisa_signs,vgg16,pooled,r0.80_f1,0.7059,SHIPPED,outputs/gate_performance.csv
RQ2,Gate (pre_mag_response),pre_mag_response,lisa_signs/vgg16,L-VG,lisa_signs,vgg16,pooled,r0.80_coverage,0.8462,SHIPPED,outputs/gate_performance.csv
RQ2,Gate (pre_mag_response),pre_mag_response,lisa_signs/vgg16,L-VG,lisa_signs,vgg16,pooled,r0.90_accuracy,0.8462,SHIPPED,outputs/gate_performance.csv
RQ2,Gate (pre_mag_response),pre_mag_response,lisa_signs/vgg16,L-VG,lisa_signs,vgg16,pooled,r0.90_precision,0.75,SHIPPED,outputs/gate_performance.csv
RQ2,Gate (pre_mag_response),pre_mag_response,lisa_signs/vgg16,L-VG,lisa_signs,vgg16,pooled,r0.90_recall,1.0,SHIPPED,outputs/gate_performance.csv
RQ2,Gate (pre_mag_response),pre_mag_response,lisa_signs/vgg16,L-VG,lisa_signs,vgg16,pooled,r0.90_f1,0.8571,SHIPPED,outputs/gate_performance.csv
RQ2,Gate (pre_mag_response),pre_mag_response,lisa_signs/vgg16,L-VG,lisa_signs,vgg16,pooled,r0.90_coverage,0.6154,SHIPPED,outputs/gate_performance.csv
RQ4,"Weighted Retraining (40ep, matched)",,gtsrb/resnet50,G-RN,gtsrb,resnet50,101,RR_repair,0.958333,,outputs/rq4_final.csv
RQ4,"Weighted Retraining (40ep, matched)",,gtsrb/resnet50,G-RN,gtsrb,resnet50,101,RR_held,0.645833,,outputs/rq4_final.csv
RQ4,"Weighted Retraining (40ep, matched)",,gtsrb/resnet50,G-RN,gtsrb,resnet50,101,Reg,0.004887,,outputs/rq4_final.csv
RQ4,"Weighted Retraining (40ep, matched)",,gtsrb/resnet50,G-RN,gtsrb,resnet50,101,CReg,0.0,,outputs/rq4_final.csv
RQ4,"Weighted Retraining (40ep, matched)",,gtsrb/resnet50,G-RN,gtsrb,resnet50,202,RR_repair,0.9375,,outputs/rq4_final.csv
RQ4,"Weighted Retraining (40ep, matched)",,gtsrb/resnet50,G-RN,gtsrb,resnet50,202,RR_held,0.75,,outputs/rq4_final.csv
RQ4,"Weighted Retraining (40ep, matched)",,gtsrb/resnet50,G-RN,gtsrb,resnet50,202,Reg,0.002194,,outputs/rq4_final.csv
RQ4,"Weighted Retraining (40ep, matched)",,gtsrb/resnet50,G-RN,gtsrb,resnet50,202,CReg,0.0,,outputs/rq4_final.csv
RQ4,"Weighted Retraining (40ep, matched)",,gtsrb/resnet50,G-RN,gtsrb,resnet50,303,RR_repair,0.958333,,outputs/rq4_final.csv
RQ4,"Weighted Retraining (40ep, matched)",,gtsrb/resnet50,G-RN,gtsrb,resnet50,303,RR_held,0.666667,,outputs/rq4_final.csv
RQ4,"Weighted Retraining (40ep, matched)",,gtsrb/resnet50,G-RN,gtsrb,resnet50,303,Reg,0.004388,,outputs/rq4_final.csv
RQ4,"Weighted Retraining (40ep, matched)",,gtsrb/resnet50,G-RN,gtsrb,resnet50,303,CReg,0.0,,outputs/rq4_final.csv
RQ4,"Weighted Retraining (40ep, matched)",,gtsrb/convnext_tiny,G-CN,gtsrb,convnext_tiny,101,RR_repair,0.990783,,outputs/rq4_final.csv
RQ4,"Weighted Retraining (40ep, matched)",,gtsrb/convnext_tiny,G-CN,gtsrb,convnext_tiny,101,RR_held,0.940092,,outputs/rq4_final.csv
RQ4,"Weighted Retraining (40ep, matched)",,gtsrb/convnext_tiny,G-CN,gtsrb,convnext_tiny,101,Reg,0.005432,,outputs/rq4_final.csv
RQ4,"Weighted Retraining (40ep, matched)",,gtsrb/convnext_tiny,G-CN,gtsrb,convnext_tiny,101,CReg,0.0,,outputs/rq4_final.csv
RQ4,"Weighted Retraining (40ep, matched)",,gtsrb/convnext_tiny,G-CN,gtsrb,convnext_tiny,202,RR_repair,0.990783,,outputs/rq4_final.csv
RQ4,"Weighted Retraining (40ep, matched)",,gtsrb/convnext_tiny,G-CN,gtsrb,convnext_tiny,202,RR_held,0.949309,,outputs/rq4_final.csv
RQ4,"Weighted Retraining (40ep, matched)",,gtsrb/convnext_tiny,G-CN,gtsrb,convnext_tiny,202,Reg,0.005227,,outputs/rq4_final.csv
RQ4,"Weighted Retraining (40ep, matched)",,gtsrb/convnext_tiny,G-CN,gtsrb,convnext_tiny,202,CReg,0.0,,outputs/rq4_final.csv
RQ4,"Weighted Retraining (40ep, matched)",,gtsrb/convnext_tiny,G-CN,gtsrb,convnext_tiny,303,RR_repair,0.990783,,outputs/rq4_final.csv
RQ4,"Weighted Retraining (40ep, matched)",,gtsrb/convnext_tiny,G-CN,gtsrb,convnext_tiny,303,RR_held,0.935484,,outputs/rq4_final.csv
RQ4,"Weighted Retraining (40ep, matched)",,gtsrb/convnext_tiny,G-CN,gtsrb,convnext_tiny,303,Reg,0.006662,,outputs/rq4_final.csv
RQ4,"Weighted Retraining (40ep, matched)",,gtsrb/convnext_tiny,G-CN,gtsrb,convnext_tiny,303,CReg,0.0,,outputs/rq4_final.csv
RQ4,"Weighted Retraining (40ep, matched)",,gtsrb/densenet121,G-DN,gtsrb,densenet121,101,RR_repair,0.95122,,outputs/rq4_final.csv
RQ4,"Weighted Retraining (40ep, matched)",,gtsrb/densenet121,G-DN,gtsrb,densenet121,101,RR_held,0.855422,,outputs/rq4_final.csv
RQ4,"Weighted Retraining (40ep, matched)",,gtsrb/densenet121,G-DN,gtsrb,densenet121,101,Reg,0.003309,,outputs/rq4_final.csv
RQ4,"Weighted Retraining (40ep, matched)",,gtsrb/densenet121,G-DN,gtsrb,densenet121,101,CReg,0.0,,outputs/rq4_final.csv
RQ4,"Weighted Retraining (40ep, matched)",,gtsrb/densenet121,G-DN,gtsrb,densenet121,202,RR_repair,0.97561,,outputs/rq4_final.csv
RQ4,"Weighted Retraining (40ep, matched)",,gtsrb/densenet121,G-DN,gtsrb,densenet121,202,RR_held,0.783133,,outputs/rq4_final.csv
RQ4,"Weighted Retraining (40ep, matched)",,gtsrb/densenet121,G-DN,gtsrb,densenet121,202,Reg,0.00341,,outputs/rq4_final.csv
RQ4,"Weighted Retraining (40ep, matched)",,gtsrb/densenet121,G-DN,gtsrb,densenet121,202,CReg,0.001525,,outputs/rq4_final.csv
RQ4,"Weighted Retraining (40ep, matched)",,gtsrb/densenet121,G-DN,gtsrb,densenet121,303,RR_repair,0.987805,,outputs/rq4_final.csv
RQ4,"Weighted Retraining (40ep, matched)",,gtsrb/densenet121,G-DN,gtsrb,densenet121,303,RR_held,0.891566,,outputs/rq4_final.csv
RQ4,"Weighted Retraining (40ep, matched)",,gtsrb/densenet121,G-DN,gtsrb,densenet121,303,Reg,0.004011,,outputs/rq4_final.csv
RQ4,"Weighted Retraining (40ep, matched)",,gtsrb/densenet121,G-DN,gtsrb,densenet121,303,CReg,0.000506,,outputs/rq4_final.csv
RQ4,"Weighted Retraining (40ep, matched)",,gtsrb/vgg16,G-VG,gtsrb,vgg16,101,RR_repair,0.968254,,outputs/rq4_final.csv
RQ4,"Weighted Retraining (40ep, matched)",,gtsrb/vgg16,G-VG,gtsrb,vgg16,101,RR_held,0.863158,,outputs/rq4_final.csv
RQ4,"Weighted Retraining (40ep, matched)",,gtsrb/vgg16,G-VG,gtsrb,vgg16,101,Reg,0.004999,,outputs/rq4_final.csv
RQ4,"Weighted Retraining (40ep, matched)",,gtsrb/vgg16,G-VG,gtsrb,vgg16,101,CReg,0.00206,,outputs/rq4_final.csv
RQ4,"Weighted Retraining (40ep, matched)",,gtsrb/vgg16,G-VG,gtsrb,vgg16,202,RR_repair,0.968254,,outputs/rq4_final.csv
RQ4,"Weighted Retraining (40ep, matched)",,gtsrb/vgg16,G-VG,gtsrb,vgg16,202,RR_held,0.868421,,outputs/rq4_final.csv
RQ4,"Weighted Retraining (40ep, matched)",,gtsrb/vgg16,G-VG,gtsrb,vgg16,202,Reg,0.009183,,outputs/rq4_final.csv
RQ4,"Weighted Retraining (40ep, matched)",,gtsrb/vgg16,G-VG,gtsrb,vgg16,202,CReg,0.002612,,outputs/rq4_final.csv
RQ4,"Weighted Retraining (40ep, matched)",,gtsrb/vgg16,G-VG,gtsrb,vgg16,303,RR_repair,0.978836,,outputs/rq4_final.csv
RQ4,"Weighted Retraining (40ep, matched)",,gtsrb/vgg16,G-VG,gtsrb,vgg16,303,RR_held,0.889474,,outputs/rq4_final.csv
RQ4,"Weighted Retraining (40ep, matched)",,gtsrb/vgg16,G-VG,gtsrb,vgg16,303,Reg,0.007244,,outputs/rq4_final.csv
RQ4,"Weighted Retraining (40ep, matched)",,gtsrb/vgg16,G-VG,gtsrb,vgg16,303,CReg,0.000521,,outputs/rq4_final.csv
RQ4,"Weighted Retraining (40ep, matched)",,tt100k_signs/resnet50,T-RN,tt100k_signs,resnet50,101,RR_repair,0.902724,,outputs/rq4_final.csv
RQ4,"Weighted Retraining (40ep, matched)",,tt100k_signs/resnet50,T-RN,tt100k_signs,resnet50,101,RR_held,0.562016,,outputs/rq4_final.csv
RQ4,"Weighted Retraining (40ep, matched)",,tt100k_signs/resnet50,T-RN,tt100k_signs,resnet50,101,Reg,0.029136,,outputs/rq4_final.csv
RQ4,"Weighted Retraining (40ep, matched)",,tt100k_signs/resnet50,T-RN,tt100k_signs,resnet50,101,CReg,0.022888,,outputs/rq4_final.csv
RQ4,"Weighted Retraining (40ep, matched)",,tt100k_signs/resnet50,T-RN,tt100k_signs,resnet50,202,RR_repair,0.891051,,outputs/rq4_final.csv
RQ4,"Weighted Retraining (40ep, matched)",,tt100k_signs/resnet50,T-RN,tt100k_signs,resnet50,202,RR_held,0.562016,,outputs/rq4_final.csv
RQ4,"Weighted Retraining (40ep, matched)",,tt100k_signs/resnet50,T-RN,tt100k_signs,resnet50,202,Reg,0.024993,,outputs/rq4_final.csv
RQ4,"Weighted Retraining (40ep, matched)",,tt100k_signs/resnet50,T-RN,tt100k_signs,resnet50,202,CReg,0.014731,,outputs/rq4_final.csv
RQ4,"Weighted Retraining (40ep, matched)",,tt100k_signs/resnet50,T-RN,tt100k_signs,resnet50,303,RR_repair,0.902724,,outputs/rq4_final.csv
RQ4,"Weighted Retraining (40ep, matched)",,tt100k_signs/resnet50,T-RN,tt100k_signs,resnet50,303,RR_held,0.465116,,outputs/rq4_final.csv
RQ4,"Weighted Retraining (40ep, matched)",,tt100k_signs/resnet50,T-RN,tt100k_signs,resnet50,303,Reg,0.022784,,outputs/rq4_final.csv
RQ4,"Weighted Retraining (40ep, matched)",,tt100k_signs/resnet50,T-RN,tt100k_signs,resnet50,303,CReg,0.019522,,outputs/rq4_final.csv
RQ4,"Weighted Retraining (40ep, matched)",,tt100k_signs/convnext_tiny,T-CN,tt100k_signs,convnext_tiny,101,RR_repair,0.912844,,outputs/rq4_final.csv
RQ4,"Weighted Retraining (40ep, matched)",,tt100k_signs/convnext_tiny,T-CN,tt100k_signs,convnext_tiny,101,RR_held,0.577982,,outputs/rq4_final.csv
RQ4,"Weighted Retraining (40ep, matched)",,tt100k_signs/convnext_tiny,T-CN,tt100k_signs,convnext_tiny,101,Reg,0.02888,,outputs/rq4_final.csv
RQ4,"Weighted Retraining (40ep, matched)",,tt100k_signs/convnext_tiny,T-CN,tt100k_signs,convnext_tiny,101,CReg,0.021597,,outputs/rq4_final.csv
RQ4,"Weighted Retraining (40ep, matched)",,tt100k_signs/convnext_tiny,T-CN,tt100k_signs,convnext_tiny,202,RR_repair,0.912844,,outputs/rq4_final.csv
RQ4,"Weighted Retraining (40ep, matched)",,tt100k_signs/convnext_tiny,T-CN,tt100k_signs,convnext_tiny,202,RR_held,0.651376,,outputs/rq4_final.csv
RQ4,"Weighted Retraining (40ep, matched)",,tt100k_signs/convnext_tiny,T-CN,tt100k_signs,convnext_tiny,202,Reg,0.023953,,outputs/rq4_final.csv
RQ4,"Weighted Retraining (40ep, matched)",,tt100k_signs/convnext_tiny,T-CN,tt100k_signs,convnext_tiny,202,CReg,0.014067,,outputs/rq4_final.csv
RQ4,"Weighted Retraining (40ep, matched)",,tt100k_signs/convnext_tiny,T-CN,tt100k_signs,convnext_tiny,303,RR_repair,0.949541,,outputs/rq4_final.csv
RQ4,"Weighted Retraining (40ep, matched)",,tt100k_signs/convnext_tiny,T-CN,tt100k_signs,convnext_tiny,303,RR_held,0.651376,,outputs/rq4_final.csv
RQ4,"Weighted Retraining (40ep, matched)",,tt100k_signs/convnext_tiny,T-CN,tt100k_signs,convnext_tiny,303,Reg,0.040241,,outputs/rq4_final.csv
RQ4,"Weighted Retraining (40ep, matched)",,tt100k_signs/convnext_tiny,T-CN,tt100k_signs,convnext_tiny,303,CReg,0.037117,,outputs/rq4_final.csv
RQ4,"Weighted Retraining (40ep, matched)",,tt100k_signs/densenet121,T-DN,tt100k_signs,densenet121,101,RR_repair,0.942308,,outputs/rq4_final.csv
RQ4,"Weighted Retraining (40ep, matched)",,tt100k_signs/densenet121,T-DN,tt100k_signs,densenet121,101,RR_held,0.682692,,outputs/rq4_final.csv
RQ4,"Weighted Retraining (40ep, matched)",,tt100k_signs/densenet121,T-DN,tt100k_signs,densenet121,101,Reg,0.02963,,outputs/rq4_final.csv
RQ4,"Weighted Retraining (40ep, matched)",,tt100k_signs/densenet121,T-DN,tt100k_signs,densenet121,101,CReg,0.014191,,outputs/rq4_final.csv
RQ4,"Weighted Retraining (40ep, matched)",,tt100k_signs/densenet121,T-DN,tt100k_signs,densenet121,202,RR_repair,0.929487,,outputs/rq4_final.csv
RQ4,"Weighted Retraining (40ep, matched)",,tt100k_signs/densenet121,T-DN,tt100k_signs,densenet121,202,RR_held,0.682692,,outputs/rq4_final.csv
RQ4,"Weighted Retraining (40ep, matched)",,tt100k_signs/densenet121,T-DN,tt100k_signs,densenet121,202,Reg,0.039413,,outputs/rq4_final.csv
RQ4,"Weighted Retraining (40ep, matched)",,tt100k_signs/densenet121,T-DN,tt100k_signs,densenet121,202,CReg,0.025451,,outputs/rq4_final.csv
RQ4,"Weighted Retraining (40ep, matched)",,tt100k_signs/densenet121,T-DN,tt100k_signs,densenet121,303,RR_repair,0.926282,,outputs/rq4_final.csv
RQ4,"Weighted Retraining (40ep, matched)",,tt100k_signs/densenet121,T-DN,tt100k_signs,densenet121,303,RR_held,0.663462,,outputs/rq4_final.csv
RQ4,"Weighted Retraining (40ep, matched)",,tt100k_signs/densenet121,T-DN,tt100k_signs,densenet121,303,Reg,0.033543,,outputs/rq4_final.csv
RQ4,"Weighted Retraining (40ep, matched)",,tt100k_signs/densenet121,T-DN,tt100k_signs,densenet121,303,CReg,0.025422,,outputs/rq4_final.csv
RQ4,"Weighted Retraining (40ep, matched)",,tt100k_signs/vgg16,T-VG,tt100k_signs,vgg16,101,RR_repair,0.914634,,outputs/rq4_final.csv
RQ4,"Weighted Retraining (40ep, matched)",,tt100k_signs/vgg16,T-VG,tt100k_signs,vgg16,101,RR_held,0.481707,,outputs/rq4_final.csv
RQ4,"Weighted Retraining (40ep, matched)",,tt100k_signs/vgg16,T-VG,tt100k_signs,vgg16,101,Reg,0.028331,,outputs/rq4_final.csv
RQ4,"Weighted Retraining (40ep, matched)",,tt100k_signs/vgg16,T-VG,tt100k_signs,vgg16,101,CReg,0.026456,,outputs/rq4_final.csv
RQ4,"Weighted Retraining (40ep, matched)",,tt100k_signs/vgg16,T-VG,tt100k_signs,vgg16,202,RR_repair,0.893293,,outputs/rq4_final.csv
RQ4,"Weighted Retraining (40ep, matched)",,tt100k_signs/vgg16,T-VG,tt100k_signs,vgg16,202,RR_held,0.542683,,outputs/rq4_final.csv
RQ4,"Weighted Retraining (40ep, matched)",,tt100k_signs/vgg16,T-VG,tt100k_signs,vgg16,202,Reg,0.039551,,outputs/rq4_final.csv
RQ4,"Weighted Retraining (40ep, matched)",,tt100k_signs/vgg16,T-VG,tt100k_signs,vgg16,202,CReg,0.031566,,outputs/rq4_final.csv
RQ4,"Weighted Retraining (40ep, matched)",,tt100k_signs/vgg16,T-VG,tt100k_signs,vgg16,303,RR_repair,0.902439,,outputs/rq4_final.csv
RQ4,"Weighted Retraining (40ep, matched)",,tt100k_signs/vgg16,T-VG,tt100k_signs,vgg16,303,RR_held,0.496951,,outputs/rq4_final.csv
RQ4,"Weighted Retraining (40ep, matched)",,tt100k_signs/vgg16,T-VG,tt100k_signs,vgg16,303,Reg,0.037728,,outputs/rq4_final.csv
RQ4,"Weighted Retraining (40ep, matched)",,tt100k_signs/vgg16,T-VG,tt100k_signs,vgg16,303,CReg,0.035627,,outputs/rq4_final.csv
RQ4,"Weighted Retraining (40ep, matched)",,lisa_signs/resnet50,L-RN,lisa_signs,resnet50,101,RR_repair,0.941176,,outputs/rq4_final.csv
RQ4,"Weighted Retraining (40ep, matched)",,lisa_signs/resnet50,L-RN,lisa_signs,resnet50,101,RR_held,0.794118,,outputs/rq4_final.csv
RQ4,"Weighted Retraining (40ep, matched)",,lisa_signs/resnet50,L-RN,lisa_signs,resnet50,101,Reg,0.008574,,outputs/rq4_final.csv
RQ4,"Weighted Retraining (40ep, matched)",,lisa_signs/resnet50,L-RN,lisa_signs,resnet50,101,CReg,0.012802,,outputs/rq4_final.csv
RQ4,"Weighted Retraining (40ep, matched)",,lisa_signs/resnet50,L-RN,lisa_signs,resnet50,202,RR_repair,0.941176,,outputs/rq4_final.csv
RQ4,"Weighted Retraining (40ep, matched)",,lisa_signs/resnet50,L-RN,lisa_signs,resnet50,202,RR_held,0.705882,,outputs/rq4_final.csv
RQ4,"Weighted Retraining (40ep, matched)",,lisa_signs/resnet50,L-RN,lisa_signs,resnet50,202,Reg,0.028403,,outputs/rq4_final.csv
RQ4,"Weighted Retraining (40ep, matched)",,lisa_signs/resnet50,L-RN,lisa_signs,resnet50,202,CReg,0.009831,,outputs/rq4_final.csv
RQ4,"Weighted Retraining (40ep, matched)",,lisa_signs/resnet50,L-RN,lisa_signs,resnet50,303,RR_repair,0.911765,,outputs/rq4_final.csv
RQ4,"Weighted Retraining (40ep, matched)",,lisa_signs/resnet50,L-RN,lisa_signs,resnet50,303,RR_held,0.676471,,outputs/rq4_final.csv
RQ4,"Weighted Retraining (40ep, matched)",,lisa_signs/resnet50,L-RN,lisa_signs,resnet50,303,Reg,0.005895,,outputs/rq4_final.csv
RQ4,"Weighted Retraining (40ep, matched)",,lisa_signs/resnet50,L-RN,lisa_signs,resnet50,303,CReg,0.008439,,outputs/rq4_final.csv
RQ4,"Weighted Retraining (40ep, matched)",,lisa_signs/convnext_tiny,L-CN,lisa_signs,convnext_tiny,101,RR_repair,0.923077,,outputs/rq4_final.csv
RQ4,"Weighted Retraining (40ep, matched)",,lisa_signs/convnext_tiny,L-CN,lisa_signs,convnext_tiny,101,RR_held,0.571429,,outputs/rq4_final.csv
RQ4,"Weighted Retraining (40ep, matched)",,lisa_signs/convnext_tiny,L-CN,lisa_signs,convnext_tiny,101,Reg,0.055819,,outputs/rq4_final.csv
RQ4,"Weighted Retraining (40ep, matched)",,lisa_signs/convnext_tiny,L-CN,lisa_signs,convnext_tiny,101,CReg,0.029216,,outputs/rq4_final.csv
RQ4,"Weighted Retraining (40ep, matched)",,lisa_signs/convnext_tiny,L-CN,lisa_signs,convnext_tiny,202,RR_repair,0.846154,,outputs/rq4_final.csv
RQ4,"Weighted Retraining (40ep, matched)",,lisa_signs/convnext_tiny,L-CN,lisa_signs,convnext_tiny,202,RR_held,0.571429,,outputs/rq4_final.csv
RQ4,"Weighted Retraining (40ep, matched)",,lisa_signs/convnext_tiny,L-CN,lisa_signs,convnext_tiny,202,Reg,0.06793,,outputs/rq4_final.csv
RQ4,"Weighted Retraining (40ep, matched)",,lisa_signs/convnext_tiny,L-CN,lisa_signs,convnext_tiny,202,CReg,0.051587,,outputs/rq4_final.csv
RQ4,"Weighted Retraining (40ep, matched)",,lisa_signs/convnext_tiny,L-CN,lisa_signs,convnext_tiny,303,RR_repair,0.846154,,outputs/rq4_final.csv
RQ4,"Weighted Retraining (40ep, matched)",,lisa_signs/convnext_tiny,L-CN,lisa_signs,convnext_tiny,303,RR_held,0.571429,,outputs/rq4_final.csv
RQ4,"Weighted Retraining (40ep, matched)",,lisa_signs/convnext_tiny,L-CN,lisa_signs,convnext_tiny,303,Reg,0.037388,,outputs/rq4_final.csv
RQ4,"Weighted Retraining (40ep, matched)",,lisa_signs/convnext_tiny,L-CN,lisa_signs,convnext_tiny,303,CReg,0.051771,,outputs/rq4_final.csv
RQ4,"Weighted Retraining (40ep, matched)",,lisa_signs/densenet121,L-DN,lisa_signs,densenet121,101,RR_repair,0.875,,outputs/rq4_final.csv
RQ4,"Weighted Retraining (40ep, matched)",,lisa_signs/densenet121,L-DN,lisa_signs,densenet121,101,RR_held,0.529412,,outputs/rq4_final.csv
RQ4,"Weighted Retraining (40ep, matched)",,lisa_signs/densenet121,L-DN,lisa_signs,densenet121,101,Reg,0.008448,,outputs/rq4_final.csv
RQ4,"Weighted Retraining (40ep, matched)",,lisa_signs/densenet121,L-DN,lisa_signs,densenet121,101,CReg,0.014706,,outputs/rq4_final.csv
RQ4,"Weighted Retraining (40ep, matched)",,lisa_signs/densenet121,L-DN,lisa_signs,densenet121,202,RR_repair,0.875,,outputs/rq4_final.csv
RQ4,"Weighted Retraining (40ep, matched)",,lisa_signs/densenet121,L-DN,lisa_signs,densenet121,202,RR_held,0.529412,,outputs/rq4_final.csv
RQ4,"Weighted Retraining (40ep, matched)",,lisa_signs/densenet121,L-DN,lisa_signs,densenet121,202,Reg,0.008976,,outputs/rq4_final.csv
RQ4,"Weighted Retraining (40ep, matched)",,lisa_signs/densenet121,L-DN,lisa_signs,densenet121,202,CReg,0.016575,,outputs/rq4_final.csv
RQ4,"Weighted Retraining (40ep, matched)",,lisa_signs/densenet121,L-DN,lisa_signs,densenet121,303,RR_repair,0.875,,outputs/rq4_final.csv
RQ4,"Weighted Retraining (40ep, matched)",,lisa_signs/densenet121,L-DN,lisa_signs,densenet121,303,RR_held,0.470588,,outputs/rq4_final.csv
RQ4,"Weighted Retraining (40ep, matched)",,lisa_signs/densenet121,L-DN,lisa_signs,densenet121,303,Reg,0.006336,,outputs/rq4_final.csv
RQ4,"Weighted Retraining (40ep, matched)",,lisa_signs/densenet121,L-DN,lisa_signs,densenet121,303,CReg,0.008163,,outputs/rq4_final.csv
RQ4,"Weighted Retraining (40ep, matched)",,lisa_signs/vgg16,L-VG,lisa_signs,vgg16,101,RR_repair,0.914286,,outputs/rq4_final.csv
RQ4,"Weighted Retraining (40ep, matched)",,lisa_signs/vgg16,L-VG,lisa_signs,vgg16,101,RR_held,0.694444,,outputs/rq4_final.csv
RQ4,"Weighted Retraining (40ep, matched)",,lisa_signs/vgg16,L-VG,lisa_signs,vgg16,101,Reg,0.021459,,outputs/rq4_final.csv
RQ4,"Weighted Retraining (40ep, matched)",,lisa_signs/vgg16,L-VG,lisa_signs,vgg16,101,CReg,0.024896,,outputs/rq4_final.csv
RQ4,"Weighted Retraining (40ep, matched)",,lisa_signs/vgg16,L-VG,lisa_signs,vgg16,202,RR_repair,0.885714,,outputs/rq4_final.csv
RQ4,"Weighted Retraining (40ep, matched)",,lisa_signs/vgg16,L-VG,lisa_signs,vgg16,202,RR_held,0.638889,,outputs/rq4_final.csv
RQ4,"Weighted Retraining (40ep, matched)",,lisa_signs/vgg16,L-VG,lisa_signs,vgg16,202,Reg,0.01824,,outputs/rq4_final.csv
RQ4,"Weighted Retraining (40ep, matched)",,lisa_signs/vgg16,L-VG,lisa_signs,vgg16,202,CReg,0.032832,,outputs/rq4_final.csv
RQ4,"Weighted Retraining (40ep, matched)",,lisa_signs/vgg16,L-VG,lisa_signs,vgg16,303,RR_repair,0.914286,,outputs/rq4_final.csv
RQ4,"Weighted Retraining (40ep, matched)",,lisa_signs/vgg16,L-VG,lisa_signs,vgg16,303,RR_held,0.583333,,outputs/rq4_final.csv
RQ4,"Weighted Retraining (40ep, matched)",,lisa_signs/vgg16,L-VG,lisa_signs,vgg16,303,Reg,0.023605,,outputs/rq4_final.csv
RQ4,"Weighted Retraining (40ep, matched)",,lisa_signs/vgg16,L-VG,lisa_signs,vgg16,303,CReg,0.033012,,outputs/rq4_final.csv
RQ4,Full fine-tuning (40ep),,gtsrb/resnet50,G-RN,gtsrb,resnet50,101,RR_repair,0.958333,,outputs/rq4_final.csv
RQ4,Full fine-tuning (40ep),,gtsrb/resnet50,G-RN,gtsrb,resnet50,101,RR_held,0.645833,,outputs/rq4_final.csv
RQ4,Full fine-tuning (40ep),,gtsrb/resnet50,G-RN,gtsrb,resnet50,101,Reg,0.004787,,outputs/rq4_final.csv
RQ4,Full fine-tuning (40ep),,gtsrb/resnet50,G-RN,gtsrb,resnet50,101,CReg,0.0,,outputs/rq4_final.csv
RQ4,Full fine-tuning (40ep),,gtsrb/resnet50,G-RN,gtsrb,resnet50,202,RR_repair,0.9375,,outputs/rq4_final.csv
RQ4,Full fine-tuning (40ep),,gtsrb/resnet50,G-RN,gtsrb,resnet50,202,RR_held,0.729167,,outputs/rq4_final.csv
RQ4,Full fine-tuning (40ep),,gtsrb/resnet50,G-RN,gtsrb,resnet50,202,Reg,0.002394,,outputs/rq4_final.csv
RQ4,Full fine-tuning (40ep),,gtsrb/resnet50,G-RN,gtsrb,resnet50,202,CReg,0.0,,outputs/rq4_final.csv
RQ4,Full fine-tuning (40ep),,gtsrb/resnet50,G-RN,gtsrb,resnet50,303,RR_repair,0.958333,,outputs/rq4_final.csv
RQ4,Full fine-tuning (40ep),,gtsrb/resnet50,G-RN,gtsrb,resnet50,303,RR_held,0.666667,,outputs/rq4_final.csv
RQ4,Full fine-tuning (40ep),,gtsrb/resnet50,G-RN,gtsrb,resnet50,303,Reg,0.004288,,outputs/rq4_final.csv
RQ4,Full fine-tuning (40ep),,gtsrb/resnet50,G-RN,gtsrb,resnet50,303,CReg,0.0,,outputs/rq4_final.csv
RQ4,Full fine-tuning (40ep),,gtsrb/convnext_tiny,G-CN,gtsrb,convnext_tiny,101,RR_repair,0.990783,,outputs/rq4_final.csv
RQ4,Full fine-tuning (40ep),,gtsrb/convnext_tiny,G-CN,gtsrb,convnext_tiny,101,RR_held,0.949309,,outputs/rq4_final.csv
RQ4,Full fine-tuning (40ep),,gtsrb/convnext_tiny,G-CN,gtsrb,convnext_tiny,101,Reg,0.004202,,outputs/rq4_final.csv
RQ4,Full fine-tuning (40ep),,gtsrb/convnext_tiny,G-CN,gtsrb,convnext_tiny,101,CReg,0.0,,outputs/rq4_final.csv
RQ4,Full fine-tuning (40ep),,gtsrb/convnext_tiny,G-CN,gtsrb,convnext_tiny,202,RR_repair,0.990783,,outputs/rq4_final.csv
RQ4,Full fine-tuning (40ep),,gtsrb/convnext_tiny,G-CN,gtsrb,convnext_tiny,202,RR_held,0.949309,,outputs/rq4_final.csv
RQ4,Full fine-tuning (40ep),,gtsrb/convnext_tiny,G-CN,gtsrb,convnext_tiny,202,Reg,0.003382,,outputs/rq4_final.csv
RQ4,Full fine-tuning (40ep),,gtsrb/convnext_tiny,G-CN,gtsrb,convnext_tiny,202,CReg,0.0,,outputs/rq4_final.csv
RQ4,Full fine-tuning (40ep),,gtsrb/convnext_tiny,G-CN,gtsrb,convnext_tiny,303,RR_repair,0.990783,,outputs/rq4_final.csv
RQ4,Full fine-tuning (40ep),,gtsrb/convnext_tiny,G-CN,gtsrb,convnext_tiny,303,RR_held,0.9447,,outputs/rq4_final.csv
RQ4,Full fine-tuning (40ep),,gtsrb/convnext_tiny,G-CN,gtsrb,convnext_tiny,303,Reg,0.003382,,outputs/rq4_final.csv
RQ4,Full fine-tuning (40ep),,gtsrb/convnext_tiny,G-CN,gtsrb,convnext_tiny,303,CReg,0.0,,outputs/rq4_final.csv
RQ4,Full fine-tuning (40ep),,gtsrb/densenet121,G-DN,gtsrb,densenet121,101,RR_repair,0.95122,,outputs/rq4_final.csv
RQ4,Full fine-tuning (40ep),,gtsrb/densenet121,G-DN,gtsrb,densenet121,101,RR_held,0.855422,,outputs/rq4_final.csv
RQ4,Full fine-tuning (40ep),,gtsrb/densenet121,G-DN,gtsrb,densenet121,101,Reg,0.003109,,outputs/rq4_final.csv
RQ4,Full fine-tuning (40ep),,gtsrb/densenet121,G-DN,gtsrb,densenet121,101,CReg,0.0,,outputs/rq4_final.csv
RQ4,Full fine-tuning (40ep),,gtsrb/densenet121,G-DN,gtsrb,densenet121,202,RR_repair,0.97561,,outputs/rq4_final.csv
RQ4,Full fine-tuning (40ep),,gtsrb/densenet121,G-DN,gtsrb,densenet121,202,RR_held,0.783133,,outputs/rq4_final.csv
RQ4,Full fine-tuning (40ep),,gtsrb/densenet121,G-DN,gtsrb,densenet121,202,Reg,0.00341,,outputs/rq4_final.csv
RQ4,Full fine-tuning (40ep),,gtsrb/densenet121,G-DN,gtsrb,densenet121,202,CReg,0.001525,,outputs/rq4_final.csv
RQ4,Full fine-tuning (40ep),,gtsrb/densenet121,G-DN,gtsrb,densenet121,303,RR_repair,0.987805,,outputs/rq4_final.csv
RQ4,Full fine-tuning (40ep),,gtsrb/densenet121,G-DN,gtsrb,densenet121,303,RR_held,0.891566,,outputs/rq4_final.csv
RQ4,Full fine-tuning (40ep),,gtsrb/densenet121,G-DN,gtsrb,densenet121,303,Reg,0.003911,,outputs/rq4_final.csv
RQ4,Full fine-tuning (40ep),,gtsrb/densenet121,G-DN,gtsrb,densenet121,303,CReg,0.000506,,outputs/rq4_final.csv
RQ4,Full fine-tuning (40ep),,gtsrb/vgg16,G-VG,gtsrb,vgg16,101,RR_repair,0.978836,,outputs/rq4_final.csv
RQ4,Full fine-tuning (40ep),,gtsrb/vgg16,G-VG,gtsrb,vgg16,101,RR_held,0.878947,,outputs/rq4_final.csv
RQ4,Full fine-tuning (40ep),,gtsrb/vgg16,G-VG,gtsrb,vgg16,101,Reg,0.003163,,outputs/rq4_final.csv
RQ4,Full fine-tuning (40ep),,gtsrb/vgg16,G-VG,gtsrb,vgg16,101,CReg,0.00103,,outputs/rq4_final.csv
RQ4,Full fine-tuning (40ep),,gtsrb/vgg16,G-VG,gtsrb,vgg16,202,RR_repair,0.973545,,outputs/rq4_final.csv
RQ4,Full fine-tuning (40ep),,gtsrb/vgg16,G-VG,gtsrb,vgg16,202,RR_held,0.868421,,outputs/rq4_final.csv
RQ4,Full fine-tuning (40ep),,gtsrb/vgg16,G-VG,gtsrb,vgg16,202,Reg,0.004285,,outputs/rq4_final.csv
RQ4,Full fine-tuning (40ep),,gtsrb/vgg16,G-VG,gtsrb,vgg16,202,CReg,0.001045,,outputs/rq4_final.csv
RQ4,Full fine-tuning (40ep),,gtsrb/vgg16,G-VG,gtsrb,vgg16,303,RR_repair,0.978836,,outputs/rq4_final.csv
RQ4,Full fine-tuning (40ep),,gtsrb/vgg16,G-VG,gtsrb,vgg16,303,RR_held,0.910526,,outputs/rq4_final.csv
RQ4,Full fine-tuning (40ep),,gtsrb/vgg16,G-VG,gtsrb,vgg16,303,Reg,0.003775,,outputs/rq4_final.csv
RQ4,Full fine-tuning (40ep),,gtsrb/vgg16,G-VG,gtsrb,vgg16,303,CReg,0.000521,,outputs/rq4_final.csv
RQ4,Full fine-tuning (40ep),,tt100k_signs/resnet50,T-RN,tt100k_signs,resnet50,101,RR_repair,0.910506,,outputs/rq4_final.csv
RQ4,Full fine-tuning (40ep),,tt100k_signs/resnet50,T-RN,tt100k_signs,resnet50,101,RR_held,0.55814,,outputs/rq4_final.csv
RQ4,Full fine-tuning (40ep),,tt100k_signs/resnet50,T-RN,tt100k_signs,resnet50,101,Reg,0.016432,,outputs/rq4_final.csv
RQ4,Full fine-tuning (40ep),,tt100k_signs/resnet50,T-RN,tt100k_signs,resnet50,101,CReg,0.012661,,outputs/rq4_final.csv
RQ4,Full fine-tuning (40ep),,tt100k_signs/resnet50,T-RN,tt100k_signs,resnet50,202,RR_repair,0.883268,,outputs/rq4_final.csv
RQ4,Full fine-tuning (40ep),,tt100k_signs/resnet50,T-RN,tt100k_signs,resnet50,202,RR_held,0.550388,,outputs/rq4_final.csv
RQ4,Full fine-tuning (40ep),,tt100k_signs/resnet50,T-RN,tt100k_signs,resnet50,202,Reg,0.013118,,outputs/rq4_final.csv
RQ4,Full fine-tuning (40ep),,tt100k_signs/resnet50,T-RN,tt100k_signs,resnet50,202,CReg,0.005892,,outputs/rq4_final.csv
RQ4,Full fine-tuning (40ep),,tt100k_signs/resnet50,T-RN,tt100k_signs,resnet50,303,RR_repair,0.910506,,outputs/rq4_final.csv
RQ4,Full fine-tuning (40ep),,tt100k_signs/resnet50,T-RN,tt100k_signs,resnet50,303,RR_held,0.5,,outputs/rq4_final.csv
RQ4,Full fine-tuning (40ep),,tt100k_signs/resnet50,T-RN,tt100k_signs,resnet50,303,Reg,0.014637,,outputs/rq4_final.csv
RQ4,Full fine-tuning (40ep),,tt100k_signs/resnet50,T-RN,tt100k_signs,resnet50,303,CReg,0.010737,,outputs/rq4_final.csv
RQ4,Full fine-tuning (40ep),,tt100k_signs/convnext_tiny,T-CN,tt100k_signs,convnext_tiny,101,RR_repair,0.908257,,outputs/rq4_final.csv
RQ4,Full fine-tuning (40ep),,tt100k_signs/convnext_tiny,T-CN,tt100k_signs,convnext_tiny,101,RR_held,0.59633,,outputs/rq4_final.csv
RQ4,Full fine-tuning (40ep),,tt100k_signs/convnext_tiny,T-CN,tt100k_signs,convnext_tiny,101,Reg,0.012592,,outputs/rq4_final.csv
RQ4,Full fine-tuning (40ep),,tt100k_signs/convnext_tiny,T-CN,tt100k_signs,convnext_tiny,101,CReg,0.00728,,outputs/rq4_final.csv
RQ4,Full fine-tuning (40ep),,tt100k_signs/convnext_tiny,T-CN,tt100k_signs,convnext_tiny,202,RR_repair,0.917431,,outputs/rq4_final.csv
RQ4,Full fine-tuning (40ep),,tt100k_signs/convnext_tiny,T-CN,tt100k_signs,convnext_tiny,202,RR_held,0.669725,,outputs/rq4_final.csv
RQ4,Full fine-tuning (40ep),,tt100k_signs/convnext_tiny,T-CN,tt100k_signs,convnext_tiny,202,Reg,0.013277,,outputs/rq4_final.csv
RQ4,Full fine-tuning (40ep),,tt100k_signs/convnext_tiny,T-CN,tt100k_signs,convnext_tiny,202,CReg,0.007276,,outputs/rq4_final.csv
RQ4,Full fine-tuning (40ep),,tt100k_signs/convnext_tiny,T-CN,tt100k_signs,convnext_tiny,303,RR_repair,0.954128,,outputs/rq4_final.csv
RQ4,Full fine-tuning (40ep),,tt100k_signs/convnext_tiny,T-CN,tt100k_signs,convnext_tiny,303,RR_held,0.62844,,outputs/rq4_final.csv
RQ4,Full fine-tuning (40ep),,tt100k_signs/convnext_tiny,T-CN,tt100k_signs,convnext_tiny,303,Reg,0.014098,,outputs/rq4_final.csv
RQ4,Full fine-tuning (40ep),,tt100k_signs/convnext_tiny,T-CN,tt100k_signs,convnext_tiny,303,CReg,0.006026,,outputs/rq4_final.csv
RQ4,Full fine-tuning (40ep),,tt100k_signs/densenet121,T-DN,tt100k_signs,densenet121,101,RR_repair,0.929487,,outputs/rq4_final.csv
RQ4,Full fine-tuning (40ep),,tt100k_signs/densenet121,T-DN,tt100k_signs,densenet121,101,RR_held,0.666667,,outputs/rq4_final.csv
RQ4,Full fine-tuning (40ep),,tt100k_signs/densenet121,T-DN,tt100k_signs,densenet121,101,Reg,0.020685,,outputs/rq4_final.csv
RQ4,Full fine-tuning (40ep),,tt100k_signs/densenet121,T-DN,tt100k_signs,densenet121,101,CReg,0.011011,,outputs/rq4_final.csv
RQ4,Full fine-tuning (40ep),,tt100k_signs/densenet121,T-DN,tt100k_signs,densenet121,202,RR_repair,0.916667,,outputs/rq4_final.csv
RQ4,Full fine-tuning (40ep),,tt100k_signs/densenet121,T-DN,tt100k_signs,densenet121,202,RR_held,0.673077,,outputs/rq4_final.csv
RQ4,Full fine-tuning (40ep),,tt100k_signs/densenet121,T-DN,tt100k_signs,densenet121,202,Reg,0.018169,,outputs/rq4_final.csv
RQ4,Full fine-tuning (40ep),,tt100k_signs/densenet121,T-DN,tt100k_signs,densenet121,202,CReg,0.00939,,outputs/rq4_final.csv
RQ4,Full fine-tuning (40ep),,tt100k_signs/densenet121,T-DN,tt100k_signs,densenet121,303,RR_repair,0.926282,,outputs/rq4_final.csv
RQ4,Full fine-tuning (40ep),,tt100k_signs/densenet121,T-DN,tt100k_signs,densenet121,303,RR_held,0.641026,,outputs/rq4_final.csv
RQ4,Full fine-tuning (40ep),,tt100k_signs/densenet121,T-DN,tt100k_signs,densenet121,303,Reg,0.015793,,outputs/rq4_final.csv
RQ4,Full fine-tuning (40ep),,tt100k_signs/densenet121,T-DN,tt100k_signs,densenet121,303,CReg,0.008555,,outputs/rq4_final.csv
RQ4,Full fine-tuning (40ep),,tt100k_signs/vgg16,T-VG,tt100k_signs,vgg16,101,RR_repair,0.902439,,outputs/rq4_final.csv
RQ4,Full fine-tuning (40ep),,tt100k_signs/vgg16,T-VG,tt100k_signs,vgg16,101,RR_held,0.5,,outputs/rq4_final.csv
RQ4,Full fine-tuning (40ep),,tt100k_signs/vgg16,T-VG,tt100k_signs,vgg16,101,Reg,0.018794,,outputs/rq4_final.csv
RQ4,Full fine-tuning (40ep),,tt100k_signs/vgg16,T-VG,tt100k_signs,vgg16,101,CReg,0.015049,,outputs/rq4_final.csv
RQ4,Full fine-tuning (40ep),,tt100k_signs/vgg16,T-VG,tt100k_signs,vgg16,202,RR_repair,0.902439,,outputs/rq4_final.csv
RQ4,Full fine-tuning (40ep),,tt100k_signs/vgg16,T-VG,tt100k_signs,vgg16,202,RR_held,0.515244,,outputs/rq4_final.csv
RQ4,Full fine-tuning (40ep),,tt100k_signs/vgg16,T-VG,tt100k_signs,vgg16,202,Reg,0.021459,,outputs/rq4_final.csv
RQ4,Full fine-tuning (40ep),,tt100k_signs/vgg16,T-VG,tt100k_signs,vgg16,202,CReg,0.015536,,outputs/rq4_final.csv
RQ4,Full fine-tuning (40ep),,tt100k_signs/vgg16,T-VG,tt100k_signs,vgg16,303,RR_repair,0.911585,,outputs/rq4_final.csv
RQ4,Full fine-tuning (40ep),,tt100k_signs/vgg16,T-VG,tt100k_signs,vgg16,303,RR_held,0.503049,,outputs/rq4_final.csv
RQ4,Full fine-tuning (40ep),,tt100k_signs/vgg16,T-VG,tt100k_signs,vgg16,303,Reg,0.018654,,outputs/rq4_final.csv
RQ4,Full fine-tuning (40ep),,tt100k_signs/vgg16,T-VG,tt100k_signs,vgg16,303,CReg,0.012776,,outputs/rq4_final.csv
RQ4,Full fine-tuning (40ep),,lisa_signs/resnet50,L-RN,lisa_signs,resnet50,101,RR_repair,0.941176,,outputs/rq4_final.csv
RQ4,Full fine-tuning (40ep),,lisa_signs/resnet50,L-RN,lisa_signs,resnet50,101,RR_held,0.823529,,outputs/rq4_final.csv
RQ4,Full fine-tuning (40ep),,lisa_signs/resnet50,L-RN,lisa_signs,resnet50,101,Reg,0.005895,,outputs/rq4_final.csv
RQ4,Full fine-tuning (40ep),,lisa_signs/resnet50,L-RN,lisa_signs,resnet50,101,CReg,0.007112,,outputs/rq4_final.csv
RQ4,Full fine-tuning (40ep),,lisa_signs/resnet50,L-RN,lisa_signs,resnet50,202,RR_repair,0.941176,,outputs/rq4_final.csv
RQ4,Full fine-tuning (40ep),,lisa_signs/resnet50,L-RN,lisa_signs,resnet50,202,RR_held,0.794118,,outputs/rq4_final.csv
RQ4,Full fine-tuning (40ep),,lisa_signs/resnet50,L-RN,lisa_signs,resnet50,202,Reg,0.00268,,outputs/rq4_final.csv
RQ4,Full fine-tuning (40ep),,lisa_signs/resnet50,L-RN,lisa_signs,resnet50,202,CReg,0.002809,,outputs/rq4_final.csv
RQ4,Full fine-tuning (40ep),,lisa_signs/resnet50,L-RN,lisa_signs,resnet50,303,RR_repair,0.941176,,outputs/rq4_final.csv
RQ4,Full fine-tuning (40ep),,lisa_signs/resnet50,L-RN,lisa_signs,resnet50,303,RR_held,0.735294,,outputs/rq4_final.csv
RQ4,Full fine-tuning (40ep),,lisa_signs/resnet50,L-RN,lisa_signs,resnet50,303,Reg,0.003215,,outputs/rq4_final.csv
RQ4,Full fine-tuning (40ep),,lisa_signs/resnet50,L-RN,lisa_signs,resnet50,303,CReg,0.004219,,outputs/rq4_final.csv
RQ4,Full fine-tuning (40ep),,lisa_signs/convnext_tiny,L-CN,lisa_signs,convnext_tiny,101,RR_repair,0.923077,,outputs/rq4_final.csv
RQ4,Full fine-tuning (40ep),,lisa_signs/convnext_tiny,L-CN,lisa_signs,convnext_tiny,101,RR_held,0.571429,,outputs/rq4_final.csv
RQ4,Full fine-tuning (40ep),,lisa_signs/convnext_tiny,L-CN,lisa_signs,convnext_tiny,101,Reg,0.012638,,outputs/rq4_final.csv
RQ4,Full fine-tuning (40ep),,lisa_signs/convnext_tiny,L-CN,lisa_signs,convnext_tiny,101,CReg,0.007968,,outputs/rq4_final.csv
RQ4,Full fine-tuning (40ep),,lisa_signs/convnext_tiny,L-CN,lisa_signs,convnext_tiny,202,RR_repair,0.846154,,outputs/rq4_final.csv
RQ4,Full fine-tuning (40ep),,lisa_signs/convnext_tiny,L-CN,lisa_signs,convnext_tiny,202,RR_held,0.642857,,outputs/rq4_final.csv
RQ4,Full fine-tuning (40ep),,lisa_signs/convnext_tiny,L-CN,lisa_signs,convnext_tiny,202,Reg,0.02633,,outputs/rq4_final.csv
RQ4,Full fine-tuning (40ep),,lisa_signs/convnext_tiny,L-CN,lisa_signs,convnext_tiny,202,CReg,0.015873,,outputs/rq4_final.csv
RQ4,Full fine-tuning (40ep),,lisa_signs/convnext_tiny,L-CN,lisa_signs,convnext_tiny,303,RR_repair,0.846154,,outputs/rq4_final.csv
RQ4,Full fine-tuning (40ep),,lisa_signs/convnext_tiny,L-CN,lisa_signs,convnext_tiny,303,RR_held,0.571429,,outputs/rq4_final.csv
RQ4,Full fine-tuning (40ep),,lisa_signs/convnext_tiny,L-CN,lisa_signs,convnext_tiny,303,Reg,0.00316,,outputs/rq4_final.csv
RQ4,Full fine-tuning (40ep),,lisa_signs/convnext_tiny,L-CN,lisa_signs,convnext_tiny,303,CReg,0.002725,,outputs/rq4_final.csv
RQ4,Full fine-tuning (40ep),,lisa_signs/densenet121,L-DN,lisa_signs,densenet121,101,RR_repair,0.875,,outputs/rq4_final.csv
RQ4,Full fine-tuning (40ep),,lisa_signs/densenet121,L-DN,lisa_signs,densenet121,101,RR_held,0.529412,,outputs/rq4_final.csv
RQ4,Full fine-tuning (40ep),,lisa_signs/densenet121,L-DN,lisa_signs,densenet121,101,Reg,0.006336,,outputs/rq4_final.csv
RQ4,Full fine-tuning (40ep),,lisa_signs/densenet121,L-DN,lisa_signs,densenet121,101,CReg,0.012032,,outputs/rq4_final.csv
RQ4,Full fine-tuning (40ep),,lisa_signs/densenet121,L-DN,lisa_signs,densenet121,202,RR_repair,0.875,,outputs/rq4_final.csv
RQ4,Full fine-tuning (40ep),,lisa_signs/densenet121,L-DN,lisa_signs,densenet121,202,RR_held,0.705882,,outputs/rq4_final.csv
RQ4,Full fine-tuning (40ep),,lisa_signs/densenet121,L-DN,lisa_signs,densenet121,202,Reg,0.005808,,outputs/rq4_final.csv
RQ4,Full fine-tuning (40ep),,lisa_signs/densenet121,L-DN,lisa_signs,densenet121,202,CReg,0.012431,,outputs/rq4_final.csv
RQ4,Full fine-tuning (40ep),,lisa_signs/densenet121,L-DN,lisa_signs,densenet121,303,RR_repair,0.9375,,outputs/rq4_final.csv
RQ4,Full fine-tuning (40ep),,lisa_signs/densenet121,L-DN,lisa_signs,densenet121,303,RR_held,0.647059,,outputs/rq4_final.csv
RQ4,Full fine-tuning (40ep),,lisa_signs/densenet121,L-DN,lisa_signs,densenet121,303,Reg,0.003696,,outputs/rq4_final.csv
RQ4,Full fine-tuning (40ep),,lisa_signs/densenet121,L-DN,lisa_signs,densenet121,303,CReg,0.005442,,outputs/rq4_final.csv
RQ4,Full fine-tuning (40ep),,lisa_signs/vgg16,L-VG,lisa_signs,vgg16,101,RR_repair,0.914286,,outputs/rq4_final.csv
RQ4,Full fine-tuning (40ep),,lisa_signs/vgg16,L-VG,lisa_signs,vgg16,101,RR_held,0.75,,outputs/rq4_final.csv
RQ4,Full fine-tuning (40ep),,lisa_signs/vgg16,L-VG,lisa_signs,vgg16,101,Reg,0.004828,,outputs/rq4_final.csv
RQ4,Full fine-tuning (40ep),,lisa_signs/vgg16,L-VG,lisa_signs,vgg16,101,CReg,0.009682,,outputs/rq4_final.csv
RQ4,Full fine-tuning (40ep),,lisa_signs/vgg16,L-VG,lisa_signs,vgg16,202,RR_repair,0.914286,,outputs/rq4_final.csv
RQ4,Full fine-tuning (40ep),,lisa_signs/vgg16,L-VG,lisa_signs,vgg16,202,RR_held,0.75,,outputs/rq4_final.csv
RQ4,Full fine-tuning (40ep),,lisa_signs/vgg16,L-VG,lisa_signs,vgg16,202,Reg,0.005365,,outputs/rq4_final.csv
RQ4,Full fine-tuning (40ep),,lisa_signs/vgg16,L-VG,lisa_signs,vgg16,202,CReg,0.00684,,outputs/rq4_final.csv
RQ4,Full fine-tuning (40ep),,lisa_signs/vgg16,L-VG,lisa_signs,vgg16,303,RR_repair,0.971429,,outputs/rq4_final.csv
RQ4,Full fine-tuning (40ep),,lisa_signs/vgg16,L-VG,lisa_signs,vgg16,303,RR_held,0.805556,,outputs/rq4_final.csv
RQ4,Full fine-tuning (40ep),,lisa_signs/vgg16,L-VG,lisa_signs,vgg16,303,Reg,0.008047,,outputs/rq4_final.csv
RQ4,Full fine-tuning (40ep),,lisa_signs/vgg16,L-VG,lisa_signs,vgg16,303,CReg,0.016506,,outputs/rq4_final.csv
RQ4,Head-Only Fine-Tuning (40ep),,gtsrb/resnet50,G-RN,gtsrb,resnet50,101,RR_repair,0.5625,,outputs/rq4_final.csv
RQ4,Head-Only Fine-Tuning (40ep),,gtsrb/resnet50,G-RN,gtsrb,resnet50,101,RR_held,0.5,,outputs/rq4_final.csv
RQ4,Head-Only Fine-Tuning (40ep),,gtsrb/resnet50,G-RN,gtsrb,resnet50,101,Reg,0.00359,,outputs/rq4_final.csv
RQ4,Head-Only Fine-Tuning (40ep),,gtsrb/resnet50,G-RN,gtsrb,resnet50,101,CReg,0.0,,outputs/rq4_final.csv
RQ4,Head-Only Fine-Tuning (40ep),,gtsrb/resnet50,G-RN,gtsrb,resnet50,202,RR_repair,0.645833,,outputs/rq4_final.csv
RQ4,Head-Only Fine-Tuning (40ep),,gtsrb/resnet50,G-RN,gtsrb,resnet50,202,RR_held,0.479167,,outputs/rq4_final.csv
RQ4,Head-Only Fine-Tuning (40ep),,gtsrb/resnet50,G-RN,gtsrb,resnet50,202,Reg,0.002294,,outputs/rq4_final.csv
RQ4,Head-Only Fine-Tuning (40ep),,gtsrb/resnet50,G-RN,gtsrb,resnet50,202,CReg,0.0,,outputs/rq4_final.csv
RQ4,Head-Only Fine-Tuning (40ep),,gtsrb/resnet50,G-RN,gtsrb,resnet50,303,RR_repair,0.666667,,outputs/rq4_final.csv
RQ4,Head-Only Fine-Tuning (40ep),,gtsrb/resnet50,G-RN,gtsrb,resnet50,303,RR_held,0.416667,,outputs/rq4_final.csv
RQ4,Head-Only Fine-Tuning (40ep),,gtsrb/resnet50,G-RN,gtsrb,resnet50,303,Reg,0.004189,,outputs/rq4_final.csv
RQ4,Head-Only Fine-Tuning (40ep),,gtsrb/resnet50,G-RN,gtsrb,resnet50,303,CReg,0.0,,outputs/rq4_final.csv
RQ4,Head-Only Fine-Tuning (40ep),,gtsrb/convnext_tiny,G-CN,gtsrb,convnext_tiny,101,RR_repair,0.9447,,outputs/rq4_final.csv
RQ4,Head-Only Fine-Tuning (40ep),,gtsrb/convnext_tiny,G-CN,gtsrb,convnext_tiny,101,RR_held,0.861751,,outputs/rq4_final.csv
RQ4,Head-Only Fine-Tuning (40ep),,gtsrb/convnext_tiny,G-CN,gtsrb,convnext_tiny,101,Reg,0.001332,,outputs/rq4_final.csv
RQ4,Head-Only Fine-Tuning (40ep),,gtsrb/convnext_tiny,G-CN,gtsrb,convnext_tiny,101,CReg,0.0,,outputs/rq4_final.csv
RQ4,Head-Only Fine-Tuning (40ep),,gtsrb/convnext_tiny,G-CN,gtsrb,convnext_tiny,202,RR_repair,0.935484,,outputs/rq4_final.csv
RQ4,Head-Only Fine-Tuning (40ep),,gtsrb/convnext_tiny,G-CN,gtsrb,convnext_tiny,202,RR_held,0.870968,,outputs/rq4_final.csv
RQ4,Head-Only Fine-Tuning (40ep),,gtsrb/convnext_tiny,G-CN,gtsrb,convnext_tiny,202,Reg,0.002152,,outputs/rq4_final.csv
RQ4,Head-Only Fine-Tuning (40ep),,gtsrb/convnext_tiny,G-CN,gtsrb,convnext_tiny,202,CReg,0.000516,,outputs/rq4_final.csv
RQ4,Head-Only Fine-Tuning (40ep),,gtsrb/convnext_tiny,G-CN,gtsrb,convnext_tiny,303,RR_repair,0.940092,,outputs/rq4_final.csv
RQ4,Head-Only Fine-Tuning (40ep),,gtsrb/convnext_tiny,G-CN,gtsrb,convnext_tiny,303,RR_held,0.880184,,outputs/rq4_final.csv
RQ4,Head-Only Fine-Tuning (40ep),,gtsrb/convnext_tiny,G-CN,gtsrb,convnext_tiny,303,Reg,0.00164,,outputs/rq4_final.csv
RQ4,Head-Only Fine-Tuning (40ep),,gtsrb/convnext_tiny,G-CN,gtsrb,convnext_tiny,303,CReg,0.0,,outputs/rq4_final.csv
RQ4,Head-Only Fine-Tuning (40ep),,gtsrb/densenet121,G-DN,gtsrb,densenet121,101,RR_repair,0.573171,,outputs/rq4_final.csv
RQ4,Head-Only Fine-Tuning (40ep),,gtsrb/densenet121,G-DN,gtsrb,densenet121,101,RR_held,0.554217,,outputs/rq4_final.csv
RQ4,Head-Only Fine-Tuning (40ep),,gtsrb/densenet121,G-DN,gtsrb,densenet121,101,Reg,0.001705,,outputs/rq4_final.csv
RQ4,Head-Only Fine-Tuning (40ep),,gtsrb/densenet121,G-DN,gtsrb,densenet121,101,CReg,0.0,,outputs/rq4_final.csv
RQ4,Head-Only Fine-Tuning (40ep),,gtsrb/densenet121,G-DN,gtsrb,densenet121,202,RR_repair,0.536585,,outputs/rq4_final.csv
RQ4,Head-Only Fine-Tuning (40ep),,gtsrb/densenet121,G-DN,gtsrb,densenet121,202,RR_held,0.493976,,outputs/rq4_final.csv
RQ4,Head-Only Fine-Tuning (40ep),,gtsrb/densenet121,G-DN,gtsrb,densenet121,202,Reg,0.001304,,outputs/rq4_final.csv
RQ4,Head-Only Fine-Tuning (40ep),,gtsrb/densenet121,G-DN,gtsrb,densenet121,202,CReg,0.000508,,outputs/rq4_final.csv
RQ4,Head-Only Fine-Tuning (40ep),,gtsrb/densenet121,G-DN,gtsrb,densenet121,303,RR_repair,0.585366,,outputs/rq4_final.csv
RQ4,Head-Only Fine-Tuning (40ep),,gtsrb/densenet121,G-DN,gtsrb,densenet121,303,RR_held,0.554217,,outputs/rq4_final.csv
RQ4,Head-Only Fine-Tuning (40ep),,gtsrb/densenet121,G-DN,gtsrb,densenet121,303,Reg,0.00371,,outputs/rq4_final.csv
RQ4,Head-Only Fine-Tuning (40ep),,gtsrb/densenet121,G-DN,gtsrb,densenet121,303,CReg,0.000506,,outputs/rq4_final.csv
RQ4,Head-Only Fine-Tuning (40ep),,gtsrb/vgg16,G-VG,gtsrb,vgg16,101,RR_repair,0.47619,,outputs/rq4_final.csv
RQ4,Head-Only Fine-Tuning (40ep),,gtsrb/vgg16,G-VG,gtsrb,vgg16,101,RR_held,0.436842,,outputs/rq4_final.csv
RQ4,Head-Only Fine-Tuning (40ep),,gtsrb/vgg16,G-VG,gtsrb,vgg16,101,Reg,0.006224,,outputs/rq4_final.csv
RQ4,Head-Only Fine-Tuning (40ep),,gtsrb/vgg16,G-VG,gtsrb,vgg16,101,CReg,0.006179,,outputs/rq4_final.csv
RQ4,Head-Only Fine-Tuning (40ep),,gtsrb/vgg16,G-VG,gtsrb,vgg16,202,RR_repair,0.507937,,outputs/rq4_final.csv
RQ4,Head-Only Fine-Tuning (40ep),,gtsrb/vgg16,G-VG,gtsrb,vgg16,202,RR_held,0.468421,,outputs/rq4_final.csv
RQ4,Head-Only Fine-Tuning (40ep),,gtsrb/vgg16,G-VG,gtsrb,vgg16,202,Reg,0.008571,,outputs/rq4_final.csv
RQ4,Head-Only Fine-Tuning (40ep),,gtsrb/vgg16,G-VG,gtsrb,vgg16,202,CReg,0.00418,,outputs/rq4_final.csv
RQ4,Head-Only Fine-Tuning (40ep),,gtsrb/vgg16,G-VG,gtsrb,vgg16,303,RR_repair,0.52381,,outputs/rq4_final.csv
RQ4,Head-Only Fine-Tuning (40ep),,gtsrb/vgg16,G-VG,gtsrb,vgg16,303,RR_held,0.442105,,outputs/rq4_final.csv
RQ4,Head-Only Fine-Tuning (40ep),,gtsrb/vgg16,G-VG,gtsrb,vgg16,303,Reg,0.00551,,outputs/rq4_final.csv
RQ4,Head-Only Fine-Tuning (40ep),,gtsrb/vgg16,G-VG,gtsrb,vgg16,303,CReg,0.002607,,outputs/rq4_final.csv
RQ4,Head-Only Fine-Tuning (40ep),,tt100k_signs/resnet50,T-RN,tt100k_signs,resnet50,101,RR_repair,0.55642,,outputs/rq4_final.csv
RQ4,Head-Only Fine-Tuning (40ep),,tt100k_signs/resnet50,T-RN,tt100k_signs,resnet50,101,RR_held,0.368217,,outputs/rq4_final.csv
RQ4,Head-Only Fine-Tuning (40ep),,tt100k_signs/resnet50,T-RN,tt100k_signs,resnet50,101,Reg,0.023612,,outputs/rq4_final.csv
RQ4,Head-Only Fine-Tuning (40ep),,tt100k_signs/resnet50,T-RN,tt100k_signs,resnet50,101,CReg,0.016314,,outputs/rq4_final.csv
RQ4,Head-Only Fine-Tuning (40ep),,tt100k_signs/resnet50,T-RN,tt100k_signs,resnet50,202,RR_repair,0.568093,,outputs/rq4_final.csv
RQ4,Head-Only Fine-Tuning (40ep),,tt100k_signs/resnet50,T-RN,tt100k_signs,resnet50,202,RR_held,0.387597,,outputs/rq4_final.csv
RQ4,Head-Only Fine-Tuning (40ep),,tt100k_signs/resnet50,T-RN,tt100k_signs,resnet50,202,Reg,0.019884,,outputs/rq4_final.csv
RQ4,Head-Only Fine-Tuning (40ep),,tt100k_signs/resnet50,T-RN,tt100k_signs,resnet50,202,CReg,0.008348,,outputs/rq4_final.csv
RQ4,Head-Only Fine-Tuning (40ep),,tt100k_signs/resnet50,T-RN,tt100k_signs,resnet50,303,RR_repair,0.544747,,outputs/rq4_final.csv
RQ4,Head-Only Fine-Tuning (40ep),,tt100k_signs/resnet50,T-RN,tt100k_signs,resnet50,303,RR_held,0.329457,,outputs/rq4_final.csv
RQ4,Head-Only Fine-Tuning (40ep),,tt100k_signs/resnet50,T-RN,tt100k_signs,resnet50,303,Reg,0.017122,,outputs/rq4_final.csv
RQ4,Head-Only Fine-Tuning (40ep),,tt100k_signs/resnet50,T-RN,tt100k_signs,resnet50,303,CReg,0.010737,,outputs/rq4_final.csv
RQ4,Head-Only Fine-Tuning (40ep),,tt100k_signs/convnext_tiny,T-CN,tt100k_signs,convnext_tiny,101,RR_repair,0.697248,,outputs/rq4_final.csv
RQ4,Head-Only Fine-Tuning (40ep),,tt100k_signs/convnext_tiny,T-CN,tt100k_signs,convnext_tiny,101,RR_held,0.37156,,outputs/rq4_final.csv
RQ4,Head-Only Fine-Tuning (40ep),,tt100k_signs/convnext_tiny,T-CN,tt100k_signs,convnext_tiny,101,Reg,0.020257,,outputs/rq4_final.csv
RQ4,Head-Only Fine-Tuning (40ep),,tt100k_signs/convnext_tiny,T-CN,tt100k_signs,convnext_tiny,101,CReg,0.010434,,outputs/rq4_final.csv
RQ4,Head-Only Fine-Tuning (40ep),,tt100k_signs/convnext_tiny,T-CN,tt100k_signs,convnext_tiny,202,RR_repair,0.674312,,outputs/rq4_final.csv
RQ4,Head-Only Fine-Tuning (40ep),,tt100k_signs/convnext_tiny,T-CN,tt100k_signs,convnext_tiny,202,RR_held,0.481651,,outputs/rq4_final.csv
RQ4,Head-Only Fine-Tuning (40ep),,tt100k_signs/convnext_tiny,T-CN,tt100k_signs,convnext_tiny,202,Reg,0.017657,,outputs/rq4_final.csv
RQ4,Head-Only Fine-Tuning (40ep),,tt100k_signs/convnext_tiny,T-CN,tt100k_signs,convnext_tiny,202,CReg,0.008974,,outputs/rq4_final.csv
RQ4,Head-Only Fine-Tuning (40ep),,tt100k_signs/convnext_tiny,T-CN,tt100k_signs,convnext_tiny,303,RR_repair,0.674312,,outputs/rq4_final.csv
RQ4,Head-Only Fine-Tuning (40ep),,tt100k_signs/convnext_tiny,T-CN,tt100k_signs,convnext_tiny,303,RR_held,0.522936,,outputs/rq4_final.csv
RQ4,Head-Only Fine-Tuning (40ep),,tt100k_signs/convnext_tiny,T-CN,tt100k_signs,convnext_tiny,303,Reg,0.01752,,outputs/rq4_final.csv
RQ4,Head-Only Fine-Tuning (40ep),,tt100k_signs/convnext_tiny,T-CN,tt100k_signs,convnext_tiny,303,CReg,0.006026,,outputs/rq4_final.csv
RQ4,Head-Only Fine-Tuning (40ep),,tt100k_signs/densenet121,T-DN,tt100k_signs,densenet121,101,RR_repair,0.583333,,outputs/rq4_final.csv
RQ4,Head-Only Fine-Tuning (40ep),,tt100k_signs/densenet121,T-DN,tt100k_signs,densenet121,101,RR_held,0.477564,,outputs/rq4_final.csv
RQ4,Head-Only Fine-Tuning (40ep),,tt100k_signs/densenet121,T-DN,tt100k_signs,densenet121,101,Reg,0.019147,,outputs/rq4_final.csv
RQ4,Head-Only Fine-Tuning (40ep),,tt100k_signs/densenet121,T-DN,tt100k_signs,densenet121,101,CReg,0.006117,,outputs/rq4_final.csv
RQ4,Head-Only Fine-Tuning (40ep),,tt100k_signs/densenet121,T-DN,tt100k_signs,densenet121,202,RR_repair,0.551282,,outputs/rq4_final.csv
RQ4,Head-Only Fine-Tuning (40ep),,tt100k_signs/densenet121,T-DN,tt100k_signs,densenet121,202,RR_held,0.480769,,outputs/rq4_final.csv
RQ4,Head-Only Fine-Tuning (40ep),,tt100k_signs/densenet121,T-DN,tt100k_signs,densenet121,202,Reg,0.01775,,outputs/rq4_final.csv
RQ4,Head-Only Fine-Tuning (40ep),,tt100k_signs/densenet121,T-DN,tt100k_signs,densenet121,202,CReg,0.006672,,outputs/rq4_final.csv
RQ4,Head-Only Fine-Tuning (40ep),,tt100k_signs/densenet121,T-DN,tt100k_signs,densenet121,303,RR_repair,0.570513,,outputs/rq4_final.csv
RQ4,Head-Only Fine-Tuning (40ep),,tt100k_signs/densenet121,T-DN,tt100k_signs,densenet121,303,RR_held,0.49359,,outputs/rq4_final.csv
RQ4,Head-Only Fine-Tuning (40ep),,tt100k_signs/densenet121,T-DN,tt100k_signs,densenet121,303,Reg,0.017331,,outputs/rq4_final.csv
RQ4,Head-Only Fine-Tuning (40ep),,tt100k_signs/densenet121,T-DN,tt100k_signs,densenet121,303,CReg,0.007578,,outputs/rq4_final.csv
RQ4,Head-Only Fine-Tuning (40ep),,tt100k_signs/vgg16,T-VG,tt100k_signs,vgg16,101,RR_repair,0.408537,,outputs/rq4_final.csv
RQ4,Head-Only Fine-Tuning (40ep),,tt100k_signs/vgg16,T-VG,tt100k_signs,vgg16,101,RR_held,0.25,,outputs/rq4_final.csv
RQ4,Head-Only Fine-Tuning (40ep),,tt100k_signs/vgg16,T-VG,tt100k_signs,vgg16,101,Reg,0.014727,,outputs/rq4_final.csv
RQ4,Head-Only Fine-Tuning (40ep),,tt100k_signs/vgg16,T-VG,tt100k_signs,vgg16,101,CReg,0.008252,,outputs/rq4_final.csv
RQ4,Head-Only Fine-Tuning (40ep),,tt100k_signs/vgg16,T-VG,tt100k_signs,vgg16,202,RR_repair,0.405488,,outputs/rq4_final.csv
RQ4,Head-Only Fine-Tuning (40ep),,tt100k_signs/vgg16,T-VG,tt100k_signs,vgg16,202,RR_held,0.307927,,outputs/rq4_final.csv
RQ4,Head-Only Fine-Tuning (40ep),,tt100k_signs/vgg16,T-VG,tt100k_signs,vgg16,202,Reg,0.019495,,outputs/rq4_final.csv
RQ4,Head-Only Fine-Tuning (40ep),,tt100k_signs/vgg16,T-VG,tt100k_signs,vgg16,202,CReg,0.011097,,outputs/rq4_final.csv
RQ4,Head-Only Fine-Tuning (40ep),,tt100k_signs/vgg16,T-VG,tt100k_signs,vgg16,303,RR_repair,0.466463,,outputs/rq4_final.csv
RQ4,Head-Only Fine-Tuning (40ep),,tt100k_signs/vgg16,T-VG,tt100k_signs,vgg16,303,RR_held,0.265244,,outputs/rq4_final.csv
RQ4,Head-Only Fine-Tuning (40ep),,tt100k_signs/vgg16,T-VG,tt100k_signs,vgg16,303,Reg,0.017812,,outputs/rq4_final.csv
RQ4,Head-Only Fine-Tuning (40ep),,tt100k_signs/vgg16,T-VG,tt100k_signs,vgg16,303,CReg,0.009582,,outputs/rq4_final.csv
RQ4,Head-Only Fine-Tuning (40ep),,lisa_signs/resnet50,L-RN,lisa_signs,resnet50,101,RR_repair,0.617647,,outputs/rq4_final.csv
RQ4,Head-Only Fine-Tuning (40ep),,lisa_signs/resnet50,L-RN,lisa_signs,resnet50,101,RR_held,0.735294,,outputs/rq4_final.csv
RQ4,Head-Only Fine-Tuning (40ep),,lisa_signs/resnet50,L-RN,lisa_signs,resnet50,101,Reg,0.004287,,outputs/rq4_final.csv
RQ4,Head-Only Fine-Tuning (40ep),,lisa_signs/resnet50,L-RN,lisa_signs,resnet50,101,CReg,0.00569,,outputs/rq4_final.csv
RQ4,Head-Only Fine-Tuning (40ep),,lisa_signs/resnet50,L-RN,lisa_signs,resnet50,202,RR_repair,0.647059,,outputs/rq4_final.csv
RQ4,Head-Only Fine-Tuning (40ep),,lisa_signs/resnet50,L-RN,lisa_signs,resnet50,202,RR_held,0.588235,,outputs/rq4_final.csv
RQ4,Head-Only Fine-Tuning (40ep),,lisa_signs/resnet50,L-RN,lisa_signs,resnet50,202,Reg,0.00268,,outputs/rq4_final.csv
RQ4,Head-Only Fine-Tuning (40ep),,lisa_signs/resnet50,L-RN,lisa_signs,resnet50,202,CReg,0.001404,,outputs/rq4_final.csv
RQ4,Head-Only Fine-Tuning (40ep),,lisa_signs/resnet50,L-RN,lisa_signs,resnet50,303,RR_repair,0.764706,,outputs/rq4_final.csv
RQ4,Head-Only Fine-Tuning (40ep),,lisa_signs/resnet50,L-RN,lisa_signs,resnet50,303,RR_held,0.5,,outputs/rq4_final.csv
RQ4,Head-Only Fine-Tuning (40ep),,lisa_signs/resnet50,L-RN,lisa_signs,resnet50,303,Reg,0.002144,,outputs/rq4_final.csv
RQ4,Head-Only Fine-Tuning (40ep),,lisa_signs/resnet50,L-RN,lisa_signs,resnet50,303,CReg,0.002813,,outputs/rq4_final.csv
RQ4,Head-Only Fine-Tuning (40ep),,lisa_signs/convnext_tiny,L-CN,lisa_signs,convnext_tiny,101,RR_repair,0.461538,,outputs/rq4_final.csv
RQ4,Head-Only Fine-Tuning (40ep),,lisa_signs/convnext_tiny,L-CN,lisa_signs,convnext_tiny,101,RR_held,0.142857,,outputs/rq4_final.csv
RQ4,Head-Only Fine-Tuning (40ep),,lisa_signs/convnext_tiny,L-CN,lisa_signs,convnext_tiny,101,Reg,0.001053,,outputs/rq4_final.csv
RQ4,Head-Only Fine-Tuning (40ep),,lisa_signs/convnext_tiny,L-CN,lisa_signs,convnext_tiny,101,CReg,0.001328,,outputs/rq4_final.csv
RQ4,Head-Only Fine-Tuning (40ep),,lisa_signs/convnext_tiny,L-CN,lisa_signs,convnext_tiny,202,RR_repair,0.307692,,outputs/rq4_final.csv
RQ4,Head-Only Fine-Tuning (40ep),,lisa_signs/convnext_tiny,L-CN,lisa_signs,convnext_tiny,202,RR_held,0.214286,,outputs/rq4_final.csv
RQ4,Head-Only Fine-Tuning (40ep),,lisa_signs/convnext_tiny,L-CN,lisa_signs,convnext_tiny,202,Reg,0.001053,,outputs/rq4_final.csv
RQ4,Head-Only Fine-Tuning (40ep),,lisa_signs/convnext_tiny,L-CN,lisa_signs,convnext_tiny,202,CReg,0.001323,,outputs/rq4_final.csv
RQ4,Head-Only Fine-Tuning (40ep),,lisa_signs/convnext_tiny,L-CN,lisa_signs,convnext_tiny,303,RR_repair,0.307692,,outputs/rq4_final.csv
RQ4,Head-Only Fine-Tuning (40ep),,lisa_signs/convnext_tiny,L-CN,lisa_signs,convnext_tiny,303,RR_held,0.285714,,outputs/rq4_final.csv
RQ4,Head-Only Fine-Tuning (40ep),,lisa_signs/convnext_tiny,L-CN,lisa_signs,convnext_tiny,303,Reg,0.000527,,outputs/rq4_final.csv
RQ4,Head-Only Fine-Tuning (40ep),,lisa_signs/convnext_tiny,L-CN,lisa_signs,convnext_tiny,303,CReg,0.0,,outputs/rq4_final.csv
RQ4,Head-Only Fine-Tuning (40ep),,lisa_signs/densenet121,L-DN,lisa_signs,densenet121,101,RR_repair,0.4375,,outputs/rq4_final.csv
RQ4,Head-Only Fine-Tuning (40ep),,lisa_signs/densenet121,L-DN,lisa_signs,densenet121,101,RR_held,0.235294,,outputs/rq4_final.csv
RQ4,Head-Only Fine-Tuning (40ep),,lisa_signs/densenet121,L-DN,lisa_signs,densenet121,101,Reg,0.001584,,outputs/rq4_final.csv
RQ4,Head-Only Fine-Tuning (40ep),,lisa_signs/densenet121,L-DN,lisa_signs,densenet121,101,CReg,0.001337,,outputs/rq4_final.csv
RQ4,Head-Only Fine-Tuning (40ep),,lisa_signs/densenet121,L-DN,lisa_signs,densenet121,202,RR_repair,0.4375,,outputs/rq4_final.csv
RQ4,Head-Only Fine-Tuning (40ep),,lisa_signs/densenet121,L-DN,lisa_signs,densenet121,202,RR_held,0.352941,,outputs/rq4_final.csv
RQ4,Head-Only Fine-Tuning (40ep),,lisa_signs/densenet121,L-DN,lisa_signs,densenet121,202,Reg,0.000528,,outputs/rq4_final.csv
RQ4,Head-Only Fine-Tuning (40ep),,lisa_signs/densenet121,L-DN,lisa_signs,densenet121,202,CReg,0.0,,outputs/rq4_final.csv
RQ4,Head-Only Fine-Tuning (40ep),,lisa_signs/densenet121,L-DN,lisa_signs,densenet121,303,RR_repair,0.6875,,outputs/rq4_final.csv
RQ4,Head-Only Fine-Tuning (40ep),,lisa_signs/densenet121,L-DN,lisa_signs,densenet121,303,RR_held,0.411765,,outputs/rq4_final.csv
RQ4,Head-Only Fine-Tuning (40ep),,lisa_signs/densenet121,L-DN,lisa_signs,densenet121,303,Reg,0.003696,,outputs/rq4_final.csv
RQ4,Head-Only Fine-Tuning (40ep),,lisa_signs/densenet121,L-DN,lisa_signs,densenet121,303,CReg,0.006803,,outputs/rq4_final.csv
RQ4,Head-Only Fine-Tuning (40ep),,lisa_signs/vgg16,L-VG,lisa_signs,vgg16,101,RR_repair,0.742857,,outputs/rq4_final.csv
RQ4,Head-Only Fine-Tuning (40ep),,lisa_signs/vgg16,L-VG,lisa_signs,vgg16,101,RR_held,0.527778,,outputs/rq4_final.csv
RQ4,Head-Only Fine-Tuning (40ep),,lisa_signs/vgg16,L-VG,lisa_signs,vgg16,101,Reg,0.008584,,outputs/rq4_final.csv
RQ4,Head-Only Fine-Tuning (40ep),,lisa_signs/vgg16,L-VG,lisa_signs,vgg16,101,CReg,0.013831,,outputs/rq4_final.csv
RQ4,Head-Only Fine-Tuning (40ep),,lisa_signs/vgg16,L-VG,lisa_signs,vgg16,202,RR_repair,0.828571,,outputs/rq4_final.csv
RQ4,Head-Only Fine-Tuning (40ep),,lisa_signs/vgg16,L-VG,lisa_signs,vgg16,202,RR_held,0.444444,,outputs/rq4_final.csv
RQ4,Head-Only Fine-Tuning (40ep),,lisa_signs/vgg16,L-VG,lisa_signs,vgg16,202,Reg,0.008047,,outputs/rq4_final.csv
RQ4,Head-Only Fine-Tuning (40ep),,lisa_signs/vgg16,L-VG,lisa_signs,vgg16,202,CReg,0.015048,,outputs/rq4_final.csv
RQ4,Head-Only Fine-Tuning (40ep),,lisa_signs/vgg16,L-VG,lisa_signs,vgg16,303,RR_repair,0.685714,,outputs/rq4_final.csv
RQ4,Head-Only Fine-Tuning (40ep),,lisa_signs/vgg16,L-VG,lisa_signs,vgg16,303,RR_held,0.361111,,outputs/rq4_final.csv
RQ4,Head-Only Fine-Tuning (40ep),,lisa_signs/vgg16,L-VG,lisa_signs,vgg16,303,Reg,0.007511,,outputs/rq4_final.csv
RQ4,Head-Only Fine-Tuning (40ep),,lisa_signs/vgg16,L-VG,lisa_signs,vgg16,303,CReg,0.005502,,outputs/rq4_final.csv
RQ4,LastDelta (40ep),,gtsrb/resnet50,G-RN,gtsrb,resnet50,101,RR_repair,0.5625,,outputs/rq4_final.csv
RQ4,LastDelta (40ep),,gtsrb/resnet50,G-RN,gtsrb,resnet50,101,RR_held,0.520833,,outputs/rq4_final.csv
RQ4,LastDelta (40ep),,gtsrb/resnet50,G-RN,gtsrb,resnet50,101,Reg,0.003391,,outputs/rq4_final.csv
RQ4,LastDelta (40ep),,gtsrb/resnet50,G-RN,gtsrb,resnet50,101,CReg,0.0,,outputs/rq4_final.csv
RQ4,LastDelta (40ep),,gtsrb/resnet50,G-RN,gtsrb,resnet50,202,RR_repair,0.6875,,outputs/rq4_final.csv
RQ4,LastDelta (40ep),,gtsrb/resnet50,G-RN,gtsrb,resnet50,202,RR_held,0.479167,,outputs/rq4_final.csv
RQ4,LastDelta (40ep),,gtsrb/resnet50,G-RN,gtsrb,resnet50,202,Reg,0.002593,,outputs/rq4_final.csv
RQ4,LastDelta (40ep),,gtsrb/resnet50,G-RN,gtsrb,resnet50,202,CReg,0.0,,outputs/rq4_final.csv
RQ4,LastDelta (40ep),,gtsrb/resnet50,G-RN,gtsrb,resnet50,303,RR_repair,0.645833,,outputs/rq4_final.csv
RQ4,LastDelta (40ep),,gtsrb/resnet50,G-RN,gtsrb,resnet50,303,RR_held,0.416667,,outputs/rq4_final.csv
RQ4,LastDelta (40ep),,gtsrb/resnet50,G-RN,gtsrb,resnet50,303,Reg,0.004189,,outputs/rq4_final.csv
RQ4,LastDelta (40ep),,gtsrb/resnet50,G-RN,gtsrb,resnet50,303,CReg,0.0,,outputs/rq4_final.csv
RQ4,LastDelta (40ep),,gtsrb/convnext_tiny,G-CN,gtsrb,convnext_tiny,101,RR_repair,0.949309,,outputs/rq4_final.csv
RQ4,LastDelta (40ep),,gtsrb/convnext_tiny,G-CN,gtsrb,convnext_tiny,101,RR_held,0.870968,,outputs/rq4_final.csv
RQ4,LastDelta (40ep),,gtsrb/convnext_tiny,G-CN,gtsrb,convnext_tiny,101,Reg,0.001332,,outputs/rq4_final.csv
RQ4,LastDelta (40ep),,gtsrb/convnext_tiny,G-CN,gtsrb,convnext_tiny,101,CReg,0.0,,outputs/rq4_final.csv
RQ4,LastDelta (40ep),,gtsrb/convnext_tiny,G-CN,gtsrb,convnext_tiny,202,RR_repair,0.935484,,outputs/rq4_final.csv
RQ4,LastDelta (40ep),,gtsrb/convnext_tiny,G-CN,gtsrb,convnext_tiny,202,RR_held,0.875576,,outputs/rq4_final.csv
RQ4,LastDelta (40ep),,gtsrb/convnext_tiny,G-CN,gtsrb,convnext_tiny,202,Reg,0.00205,,outputs/rq4_final.csv
RQ4,LastDelta (40ep),,gtsrb/convnext_tiny,G-CN,gtsrb,convnext_tiny,202,CReg,0.000516,,outputs/rq4_final.csv
RQ4,LastDelta (40ep),,gtsrb/convnext_tiny,G-CN,gtsrb,convnext_tiny,303,RR_repair,0.9447,,outputs/rq4_final.csv
RQ4,LastDelta (40ep),,gtsrb/convnext_tiny,G-CN,gtsrb,convnext_tiny,303,RR_held,0.884793,,outputs/rq4_final.csv
RQ4,LastDelta (40ep),,gtsrb/convnext_tiny,G-CN,gtsrb,convnext_tiny,303,Reg,0.001742,,outputs/rq4_final.csv
RQ4,LastDelta (40ep),,gtsrb/convnext_tiny,G-CN,gtsrb,convnext_tiny,303,CReg,0.0,,outputs/rq4_final.csv
RQ4,LastDelta (40ep),,gtsrb/densenet121,G-DN,gtsrb,densenet121,101,RR_repair,0.597561,,outputs/rq4_final.csv
RQ4,LastDelta (40ep),,gtsrb/densenet121,G-DN,gtsrb,densenet121,101,RR_held,0.53012,,outputs/rq4_final.csv
RQ4,LastDelta (40ep),,gtsrb/densenet121,G-DN,gtsrb,densenet121,101,Reg,0.001705,,outputs/rq4_final.csv
RQ4,LastDelta (40ep),,gtsrb/densenet121,G-DN,gtsrb,densenet121,101,CReg,0.0,,outputs/rq4_final.csv
RQ4,LastDelta (40ep),,gtsrb/densenet121,G-DN,gtsrb,densenet121,202,RR_repair,0.585366,,outputs/rq4_final.csv
RQ4,LastDelta (40ep),,gtsrb/densenet121,G-DN,gtsrb,densenet121,202,RR_held,0.481928,,outputs/rq4_final.csv
RQ4,LastDelta (40ep),,gtsrb/densenet121,G-DN,gtsrb,densenet121,202,Reg,0.001504,,outputs/rq4_final.csv
RQ4,LastDelta (40ep),,gtsrb/densenet121,G-DN,gtsrb,densenet121,202,CReg,0.0,,outputs/rq4_final.csv
RQ4,LastDelta (40ep),,gtsrb/densenet121,G-DN,gtsrb,densenet121,303,RR_repair,0.609756,,outputs/rq4_final.csv
RQ4,LastDelta (40ep),,gtsrb/densenet121,G-DN,gtsrb,densenet121,303,RR_held,0.590361,,outputs/rq4_final.csv
RQ4,LastDelta (40ep),,gtsrb/densenet121,G-DN,gtsrb,densenet121,303,Reg,0.003109,,outputs/rq4_final.csv
RQ4,LastDelta (40ep),,gtsrb/densenet121,G-DN,gtsrb,densenet121,303,CReg,0.0,,outputs/rq4_final.csv
RQ4,LastDelta (40ep),,gtsrb/vgg16,G-VG,gtsrb,vgg16,101,RR_repair,0.470899,,outputs/rq4_final.csv
RQ4,LastDelta (40ep),,gtsrb/vgg16,G-VG,gtsrb,vgg16,101,RR_held,0.457895,,outputs/rq4_final.csv
RQ4,LastDelta (40ep),,gtsrb/vgg16,G-VG,gtsrb,vgg16,101,Reg,0.00602,,outputs/rq4_final.csv
RQ4,LastDelta (40ep),,gtsrb/vgg16,G-VG,gtsrb,vgg16,101,CReg,0.006179,,outputs/rq4_final.csv
RQ4,LastDelta (40ep),,gtsrb/vgg16,G-VG,gtsrb,vgg16,202,RR_repair,0.507937,,outputs/rq4_final.csv
RQ4,LastDelta (40ep),,gtsrb/vgg16,G-VG,gtsrb,vgg16,202,RR_held,0.463158,,outputs/rq4_final.csv
RQ4,LastDelta (40ep),,gtsrb/vgg16,G-VG,gtsrb,vgg16,202,Reg,0.008366,,outputs/rq4_final.csv
RQ4,LastDelta (40ep),,gtsrb/vgg16,G-VG,gtsrb,vgg16,202,CReg,0.00418,,outputs/rq4_final.csv
RQ4,LastDelta (40ep),,gtsrb/vgg16,G-VG,gtsrb,vgg16,303,RR_repair,0.513228,,outputs/rq4_final.csv
RQ4,LastDelta (40ep),,gtsrb/vgg16,G-VG,gtsrb,vgg16,303,RR_held,0.447368,,outputs/rq4_final.csv
RQ4,LastDelta (40ep),,gtsrb/vgg16,G-VG,gtsrb,vgg16,303,Reg,0.004693,,outputs/rq4_final.csv
RQ4,LastDelta (40ep),,gtsrb/vgg16,G-VG,gtsrb,vgg16,303,CReg,0.002607,,outputs/rq4_final.csv
RQ4,LastDelta (40ep),,tt100k_signs/resnet50,T-RN,tt100k_signs,resnet50,101,RR_repair,0.548638,,outputs/rq4_final.csv
RQ4,LastDelta (40ep),,tt100k_signs/resnet50,T-RN,tt100k_signs,resnet50,101,RR_held,0.352713,,outputs/rq4_final.csv
RQ4,LastDelta (40ep),,tt100k_signs/resnet50,T-RN,tt100k_signs,resnet50,101,Reg,0.023336,,outputs/rq4_final.csv
RQ4,LastDelta (40ep),,tt100k_signs/resnet50,T-RN,tt100k_signs,resnet50,101,CReg,0.016801,,outputs/rq4_final.csv
RQ4,LastDelta (40ep),,tt100k_signs/resnet50,T-RN,tt100k_signs,resnet50,202,RR_repair,0.540856,,outputs/rq4_final.csv
RQ4,LastDelta (40ep),,tt100k_signs/resnet50,T-RN,tt100k_signs,resnet50,202,RR_held,0.403101,,outputs/rq4_final.csv
RQ4,LastDelta (40ep),,tt100k_signs/resnet50,T-RN,tt100k_signs,resnet50,202,Reg,0.02016,,outputs/rq4_final.csv
RQ4,LastDelta (40ep),,tt100k_signs/resnet50,T-RN,tt100k_signs,resnet50,202,CReg,0.011048,,outputs/rq4_final.csv
RQ4,LastDelta (40ep),,tt100k_signs/resnet50,T-RN,tt100k_signs,resnet50,303,RR_repair,0.536965,,outputs/rq4_final.csv
RQ4,LastDelta (40ep),,tt100k_signs/resnet50,T-RN,tt100k_signs,resnet50,303,RR_held,0.344961,,outputs/rq4_final.csv
RQ4,LastDelta (40ep),,tt100k_signs/resnet50,T-RN,tt100k_signs,resnet50,303,Reg,0.01657,,outputs/rq4_final.csv
RQ4,LastDelta (40ep),,tt100k_signs/resnet50,T-RN,tt100k_signs,resnet50,303,CReg,0.010981,,outputs/rq4_final.csv
RQ4,LastDelta (40ep),,tt100k_signs/convnext_tiny,T-CN,tt100k_signs,convnext_tiny,101,RR_repair,0.674312,,outputs/rq4_final.csv
RQ4,LastDelta (40ep),,tt100k_signs/convnext_tiny,T-CN,tt100k_signs,convnext_tiny,101,RR_held,0.362385,,outputs/rq4_final.csv
RQ4,LastDelta (40ep),,tt100k_signs/convnext_tiny,T-CN,tt100k_signs,convnext_tiny,101,Reg,0.019984,,outputs/rq4_final.csv
RQ4,LastDelta (40ep),,tt100k_signs/convnext_tiny,T-CN,tt100k_signs,convnext_tiny,101,CReg,0.010192,,outputs/rq4_final.csv
RQ4,LastDelta (40ep),,tt100k_signs/convnext_tiny,T-CN,tt100k_signs,convnext_tiny,202,RR_repair,0.669725,,outputs/rq4_final.csv
RQ4,LastDelta (40ep),,tt100k_signs/convnext_tiny,T-CN,tt100k_signs,convnext_tiny,202,RR_held,0.477064,,outputs/rq4_final.csv
RQ4,LastDelta (40ep),,tt100k_signs/convnext_tiny,T-CN,tt100k_signs,convnext_tiny,202,Reg,0.017109,,outputs/rq4_final.csv
RQ4,LastDelta (40ep),,tt100k_signs/convnext_tiny,T-CN,tt100k_signs,convnext_tiny,202,CReg,0.008489,,outputs/rq4_final.csv
RQ4,LastDelta (40ep),,tt100k_signs/convnext_tiny,T-CN,tt100k_signs,convnext_tiny,303,RR_repair,0.683486,,outputs/rq4_final.csv
RQ4,LastDelta (40ep),,tt100k_signs/convnext_tiny,T-CN,tt100k_signs,convnext_tiny,303,RR_held,0.522936,,outputs/rq4_final.csv
RQ4,LastDelta (40ep),,tt100k_signs/convnext_tiny,T-CN,tt100k_signs,convnext_tiny,303,Reg,0.017246,,outputs/rq4_final.csv
RQ4,LastDelta (40ep),,tt100k_signs/convnext_tiny,T-CN,tt100k_signs,convnext_tiny,303,CReg,0.006508,,outputs/rq4_final.csv
RQ4,LastDelta (40ep),,tt100k_signs/densenet121,T-DN,tt100k_signs,densenet121,101,RR_repair,0.583333,,outputs/rq4_final.csv
RQ4,LastDelta (40ep),,tt100k_signs/densenet121,T-DN,tt100k_signs,densenet121,101,RR_held,0.464744,,outputs/rq4_final.csv
RQ4,LastDelta (40ep),,tt100k_signs/densenet121,T-DN,tt100k_signs,densenet121,101,Reg,0.018309,,outputs/rq4_final.csv
RQ4,LastDelta (40ep),,tt100k_signs/densenet121,T-DN,tt100k_signs,densenet121,101,CReg,0.005138,,outputs/rq4_final.csv
RQ4,LastDelta (40ep),,tt100k_signs/densenet121,T-DN,tt100k_signs,densenet121,202,RR_repair,0.538462,,outputs/rq4_final.csv
RQ4,LastDelta (40ep),,tt100k_signs/densenet121,T-DN,tt100k_signs,densenet121,202,RR_held,0.461538,,outputs/rq4_final.csv
RQ4,LastDelta (40ep),,tt100k_signs/densenet121,T-DN,tt100k_signs,densenet121,202,Reg,0.017331,,outputs/rq4_final.csv
RQ4,LastDelta (40ep),,tt100k_signs/densenet121,T-DN,tt100k_signs,densenet121,202,CReg,0.00766,,outputs/rq4_final.csv
RQ4,LastDelta (40ep),,tt100k_signs/densenet121,T-DN,tt100k_signs,densenet121,303,RR_repair,0.554487,,outputs/rq4_final.csv
RQ4,LastDelta (40ep),,tt100k_signs/densenet121,T-DN,tt100k_signs,densenet121,303,RR_held,0.487179,,outputs/rq4_final.csv
RQ4,LastDelta (40ep),,tt100k_signs/densenet121,T-DN,tt100k_signs,densenet121,303,Reg,0.018029,,outputs/rq4_final.csv
RQ4,LastDelta (40ep),,tt100k_signs/densenet121,T-DN,tt100k_signs,densenet121,303,CReg,0.008311,,outputs/rq4_final.csv
RQ4,LastDelta (40ep),,tt100k_signs/vgg16,T-VG,tt100k_signs,vgg16,101,RR_repair,0.417683,,outputs/rq4_final.csv
RQ4,LastDelta (40ep),,tt100k_signs/vgg16,T-VG,tt100k_signs,vgg16,101,RR_held,0.262195,,outputs/rq4_final.csv
RQ4,LastDelta (40ep),,tt100k_signs/vgg16,T-VG,tt100k_signs,vgg16,101,Reg,0.015147,,outputs/rq4_final.csv
RQ4,LastDelta (40ep),,tt100k_signs/vgg16,T-VG,tt100k_signs,vgg16,101,CReg,0.009223,,outputs/rq4_final.csv
RQ4,LastDelta (40ep),,tt100k_signs/vgg16,T-VG,tt100k_signs,vgg16,202,RR_repair,0.405488,,outputs/rq4_final.csv
RQ4,LastDelta (40ep),,tt100k_signs/vgg16,T-VG,tt100k_signs,vgg16,202,RR_held,0.295732,,outputs/rq4_final.csv
RQ4,LastDelta (40ep),,tt100k_signs/vgg16,T-VG,tt100k_signs,vgg16,202,Reg,0.017391,,outputs/rq4_final.csv
RQ4,LastDelta (40ep),,tt100k_signs/vgg16,T-VG,tt100k_signs,vgg16,202,CReg,0.009618,,outputs/rq4_final.csv
RQ4,LastDelta (40ep),,tt100k_signs/vgg16,T-VG,tt100k_signs,vgg16,303,RR_repair,0.448171,,outputs/rq4_final.csv
RQ4,LastDelta (40ep),,tt100k_signs/vgg16,T-VG,tt100k_signs,vgg16,303,RR_held,0.25,,outputs/rq4_final.csv
RQ4,LastDelta (40ep),,tt100k_signs/vgg16,T-VG,tt100k_signs,vgg16,303,Reg,0.017672,,outputs/rq4_final.csv
RQ4,LastDelta (40ep),,tt100k_signs/vgg16,T-VG,tt100k_signs,vgg16,303,CReg,0.008845,,outputs/rq4_final.csv
RQ4,LastDelta (40ep),,lisa_signs/resnet50,L-RN,lisa_signs,resnet50,101,RR_repair,0.617647,,outputs/rq4_final.csv
RQ4,LastDelta (40ep),,lisa_signs/resnet50,L-RN,lisa_signs,resnet50,101,RR_held,0.705882,,outputs/rq4_final.csv
RQ4,LastDelta (40ep),,lisa_signs/resnet50,L-RN,lisa_signs,resnet50,101,Reg,0.003215,,outputs/rq4_final.csv
RQ4,LastDelta (40ep),,lisa_signs/resnet50,L-RN,lisa_signs,resnet50,101,CReg,0.00569,,outputs/rq4_final.csv
RQ4,LastDelta (40ep),,lisa_signs/resnet50,L-RN,lisa_signs,resnet50,202,RR_repair,0.617647,,outputs/rq4_final.csv
RQ4,LastDelta (40ep),,lisa_signs/resnet50,L-RN,lisa_signs,resnet50,202,RR_held,0.588235,,outputs/rq4_final.csv
RQ4,LastDelta (40ep),,lisa_signs/resnet50,L-RN,lisa_signs,resnet50,202,Reg,0.003215,,outputs/rq4_final.csv
RQ4,LastDelta (40ep),,lisa_signs/resnet50,L-RN,lisa_signs,resnet50,202,CReg,0.002809,,outputs/rq4_final.csv
RQ4,LastDelta (40ep),,lisa_signs/resnet50,L-RN,lisa_signs,resnet50,303,RR_repair,0.735294,,outputs/rq4_final.csv
RQ4,LastDelta (40ep),,lisa_signs/resnet50,L-RN,lisa_signs,resnet50,303,RR_held,0.5,,outputs/rq4_final.csv
RQ4,LastDelta (40ep),,lisa_signs/resnet50,L-RN,lisa_signs,resnet50,303,Reg,0.00268,,outputs/rq4_final.csv
RQ4,LastDelta (40ep),,lisa_signs/resnet50,L-RN,lisa_signs,resnet50,303,CReg,0.004219,,outputs/rq4_final.csv
RQ4,LastDelta (40ep),,lisa_signs/convnext_tiny,L-CN,lisa_signs,convnext_tiny,101,RR_repair,0.461538,,outputs/rq4_final.csv
RQ4,LastDelta (40ep),,lisa_signs/convnext_tiny,L-CN,lisa_signs,convnext_tiny,101,RR_held,0.142857,,outputs/rq4_final.csv
RQ4,LastDelta (40ep),,lisa_signs/convnext_tiny,L-CN,lisa_signs,convnext_tiny,101,Reg,0.001053,,outputs/rq4_final.csv
RQ4,LastDelta (40ep),,lisa_signs/convnext_tiny,L-CN,lisa_signs,convnext_tiny,101,CReg,0.001328,,outputs/rq4_final.csv
RQ4,LastDelta (40ep),,lisa_signs/convnext_tiny,L-CN,lisa_signs,convnext_tiny,202,RR_repair,0.307692,,outputs/rq4_final.csv
RQ4,LastDelta (40ep),,lisa_signs/convnext_tiny,L-CN,lisa_signs,convnext_tiny,202,RR_held,0.285714,,outputs/rq4_final.csv
RQ4,LastDelta (40ep),,lisa_signs/convnext_tiny,L-CN,lisa_signs,convnext_tiny,202,Reg,0.001053,,outputs/rq4_final.csv
RQ4,LastDelta (40ep),,lisa_signs/convnext_tiny,L-CN,lisa_signs,convnext_tiny,202,CReg,0.001323,,outputs/rq4_final.csv
RQ4,LastDelta (40ep),,lisa_signs/convnext_tiny,L-CN,lisa_signs,convnext_tiny,303,RR_repair,0.307692,,outputs/rq4_final.csv
RQ4,LastDelta (40ep),,lisa_signs/convnext_tiny,L-CN,lisa_signs,convnext_tiny,303,RR_held,0.285714,,outputs/rq4_final.csv
RQ4,LastDelta (40ep),,lisa_signs/convnext_tiny,L-CN,lisa_signs,convnext_tiny,303,Reg,0.000527,,outputs/rq4_final.csv
RQ4,LastDelta (40ep),,lisa_signs/convnext_tiny,L-CN,lisa_signs,convnext_tiny,303,CReg,0.0,,outputs/rq4_final.csv
RQ4,LastDelta (40ep),,lisa_signs/densenet121,L-DN,lisa_signs,densenet121,101,RR_repair,0.625,,outputs/rq4_final.csv
RQ4,LastDelta (40ep),,lisa_signs/densenet121,L-DN,lisa_signs,densenet121,101,RR_held,0.235294,,outputs/rq4_final.csv
RQ4,LastDelta (40ep),,lisa_signs/densenet121,L-DN,lisa_signs,densenet121,101,Reg,0.00264,,outputs/rq4_final.csv
RQ4,LastDelta (40ep),,lisa_signs/densenet121,L-DN,lisa_signs,densenet121,101,CReg,0.002674,,outputs/rq4_final.csv
RQ4,LastDelta (40ep),,lisa_signs/densenet121,L-DN,lisa_signs,densenet121,202,RR_repair,0.5,,outputs/rq4_final.csv
RQ4,LastDelta (40ep),,lisa_signs/densenet121,L-DN,lisa_signs,densenet121,202,RR_held,0.352941,,outputs/rq4_final.csv
RQ4,LastDelta (40ep),,lisa_signs/densenet121,L-DN,lisa_signs,densenet121,202,Reg,0.000528,,outputs/rq4_final.csv
RQ4,LastDelta (40ep),,lisa_signs/densenet121,L-DN,lisa_signs,densenet121,202,CReg,0.0,,outputs/rq4_final.csv
RQ4,LastDelta (40ep),,lisa_signs/densenet121,L-DN,lisa_signs,densenet121,303,RR_repair,0.6875,,outputs/rq4_final.csv
RQ4,LastDelta (40ep),,lisa_signs/densenet121,L-DN,lisa_signs,densenet121,303,RR_held,0.411765,,outputs/rq4_final.csv
RQ4,LastDelta (40ep),,lisa_signs/densenet121,L-DN,lisa_signs,densenet121,303,Reg,0.00264,,outputs/rq4_final.csv
RQ4,LastDelta (40ep),,lisa_signs/densenet121,L-DN,lisa_signs,densenet121,303,CReg,0.004082,,outputs/rq4_final.csv
RQ4,LastDelta (40ep),,lisa_signs/vgg16,L-VG,lisa_signs,vgg16,101,RR_repair,0.742857,,outputs/rq4_final.csv
RQ4,LastDelta (40ep),,lisa_signs/vgg16,L-VG,lisa_signs,vgg16,101,RR_held,0.555556,,outputs/rq4_final.csv
RQ4,LastDelta (40ep),,lisa_signs/vgg16,L-VG,lisa_signs,vgg16,101,Reg,0.010193,,outputs/rq4_final.csv
RQ4,LastDelta (40ep),,lisa_signs/vgg16,L-VG,lisa_signs,vgg16,101,CReg,0.013831,,outputs/rq4_final.csv
RQ4,LastDelta (40ep),,lisa_signs/vgg16,L-VG,lisa_signs,vgg16,202,RR_repair,0.828571,,outputs/rq4_final.csv
RQ4,LastDelta (40ep),,lisa_signs/vgg16,L-VG,lisa_signs,vgg16,202,RR_held,0.388889,,outputs/rq4_final.csv
RQ4,LastDelta (40ep),,lisa_signs/vgg16,L-VG,lisa_signs,vgg16,202,Reg,0.007511,,outputs/rq4_final.csv
RQ4,LastDelta (40ep),,lisa_signs/vgg16,L-VG,lisa_signs,vgg16,202,CReg,0.01368,,outputs/rq4_final.csv
RQ4,LastDelta (40ep),,lisa_signs/vgg16,L-VG,lisa_signs,vgg16,303,RR_repair,0.714286,,outputs/rq4_final.csv
RQ4,LastDelta (40ep),,lisa_signs/vgg16,L-VG,lisa_signs,vgg16,303,RR_held,0.361111,,outputs/rq4_final.csv
RQ4,LastDelta (40ep),,lisa_signs/vgg16,L-VG,lisa_signs,vgg16,303,Reg,0.00912,,outputs/rq4_final.csv
RQ4,LastDelta (40ep),,lisa_signs/vgg16,L-VG,lisa_signs,vgg16,303,CReg,0.006878,,outputs/rq4_final.csv
RQ4,"DistRep(PSO) real, FULL budget (1 seed)",,gtsrb/resnet50,G-RN,gtsrb,resnet50,101,RR_repair,0.447368,,outputs/rq4_final.csv
RQ4,"DistRep(PSO) real, FULL budget (1 seed)",,gtsrb/resnet50,G-RN,gtsrb,resnet50,101,RR_held,0.458333,,outputs/rq4_final.csv
RQ4,"DistRep(PSO) real, FULL budget (1 seed)",,gtsrb/resnet50,G-RN,gtsrb,resnet50,101,Reg,0.009973,,outputs/rq4_final.csv
RQ4,"DistRep(PSO) real, FULL budget (1 seed)",,gtsrb/resnet50,G-RN,gtsrb,resnet50,101,CReg,0.006101,,outputs/rq4_final.csv
RQ4,"DistRep(PSO) real, FULL budget (1 seed)",,gtsrb/convnext_tiny,G-CN,gtsrb,convnext_tiny,101,RR_repair,0.683908,,outputs/rq4_final.csv
RQ4,"DistRep(PSO) real, FULL budget (1 seed)",,gtsrb/convnext_tiny,G-CN,gtsrb,convnext_tiny,101,RR_held,0.635945,,outputs/rq4_final.csv
RQ4,"DistRep(PSO) real, FULL budget (1 seed)",,gtsrb/convnext_tiny,G-CN,gtsrb,convnext_tiny,101,Reg,0.019781,,outputs/rq4_final.csv
RQ4,"DistRep(PSO) real, FULL budget (1 seed)",,gtsrb/convnext_tiny,G-CN,gtsrb,convnext_tiny,101,CReg,0.011219,,outputs/rq4_final.csv
RQ4,"DistRep(PSO) real, FULL budget (1 seed)",,gtsrb/densenet121,G-DN,gtsrb,densenet121,101,RR_repair,0.636364,,outputs/rq4_final.csv
RQ4,"DistRep(PSO) real, FULL budget (1 seed)",,gtsrb/densenet121,G-DN,gtsrb,densenet121,101,RR_held,0.46988,,outputs/rq4_final.csv
RQ4,"DistRep(PSO) real, FULL budget (1 seed)",,gtsrb/densenet121,G-DN,gtsrb,densenet121,101,Reg,0.01073,,outputs/rq4_final.csv
RQ4,"DistRep(PSO) real, FULL budget (1 seed)",,gtsrb/densenet121,G-DN,gtsrb,densenet121,101,CReg,0.004564,,outputs/rq4_final.csv
RQ4,"DistRep(PSO) real, FULL budget (1 seed)",,gtsrb/vgg16,G-VG,gtsrb,vgg16,101,RR_repair,0.437086,,outputs/rq4_final.csv
RQ4,"DistRep(PSO) real, FULL budget (1 seed)",,gtsrb/vgg16,G-VG,gtsrb,vgg16,101,RR_held,0.263158,,outputs/rq4_final.csv
RQ4,"DistRep(PSO) real, FULL budget (1 seed)",,gtsrb/vgg16,G-VG,gtsrb,vgg16,101,Reg,0.012856,,outputs/rq4_final.csv
RQ4,"DistRep(PSO) real, FULL budget (1 seed)",,gtsrb/vgg16,G-VG,gtsrb,vgg16,101,CReg,0.016993,,outputs/rq4_final.csv
RQ4,"DistRep(PSO) real, FULL budget (1 seed)",,tt100k_signs/resnet50,T-RN,tt100k_signs,resnet50,101,RR_repair,0.184466,,outputs/rq4_final.csv
RQ4,"DistRep(PSO) real, FULL budget (1 seed)",,tt100k_signs/resnet50,T-RN,tt100k_signs,resnet50,101,RR_held,0.112403,,outputs/rq4_final.csv
RQ4,"DistRep(PSO) real, FULL budget (1 seed)",,tt100k_signs/resnet50,T-RN,tt100k_signs,resnet50,101,Reg,0.005938,,outputs/rq4_final.csv
RQ4,"DistRep(PSO) real, FULL budget (1 seed)",,tt100k_signs/resnet50,T-RN,tt100k_signs,resnet50,101,CReg,0.003409,,outputs/rq4_final.csv
RQ4,"DistRep(PSO) real, FULL budget (1 seed)",,tt100k_signs/convnext_tiny,T-CN,tt100k_signs,convnext_tiny,101,RR_repair,0.224138,,outputs/rq4_final.csv
RQ4,"DistRep(PSO) real, FULL budget (1 seed)",,tt100k_signs/convnext_tiny,T-CN,tt100k_signs,convnext_tiny,101,RR_held,0.146789,,outputs/rq4_final.csv
RQ4,"DistRep(PSO) real, FULL budget (1 seed)",,tt100k_signs/convnext_tiny,T-CN,tt100k_signs,convnext_tiny,101,Reg,0.021489,,outputs/rq4_final.csv
RQ4,"DistRep(PSO) real, FULL budget (1 seed)",,tt100k_signs/convnext_tiny,T-CN,tt100k_signs,convnext_tiny,101,CReg,0.012133,,outputs/rq4_final.csv
RQ4,"DistRep(PSO) real, FULL budget (1 seed)",,tt100k_signs/densenet121,T-DN,tt100k_signs,densenet121,101,RR_repair,0.244,,outputs/rq4_final.csv
RQ4,"DistRep(PSO) real, FULL budget (1 seed)",,tt100k_signs/densenet121,T-DN,tt100k_signs,densenet121,101,RR_held,0.208333,,outputs/rq4_final.csv
RQ4,"DistRep(PSO) real, FULL budget (1 seed)",,tt100k_signs/densenet121,T-DN,tt100k_signs,densenet121,101,Reg,0.015094,,outputs/rq4_final.csv
RQ4,"DistRep(PSO) real, FULL budget (1 seed)",,tt100k_signs/densenet121,T-DN,tt100k_signs,densenet121,101,CReg,0.006362,,outputs/rq4_final.csv
RQ4,"DistRep(PSO) real, FULL budget (1 seed)",,tt100k_signs/vgg16,T-VG,tt100k_signs,vgg16,101,RR_repair,0.167939,,outputs/rq4_final.csv
RQ4,"DistRep(PSO) real, FULL budget (1 seed)",,tt100k_signs/vgg16,T-VG,tt100k_signs,vgg16,101,RR_held,0.112805,,outputs/rq4_final.csv
RQ4,"DistRep(PSO) real, FULL budget (1 seed)",,tt100k_signs/vgg16,T-VG,tt100k_signs,vgg16,101,Reg,0.0223,,outputs/rq4_final.csv
RQ4,"DistRep(PSO) real, FULL budget (1 seed)",,tt100k_signs/vgg16,T-VG,tt100k_signs,vgg16,101,CReg,0.015049,,outputs/rq4_final.csv
RQ4,"DistRep(PSO) real, FULL budget (1 seed)",,lisa_signs/resnet50,L-RN,lisa_signs,resnet50,101,RR_repair,0.481481,,outputs/rq4_final.csv
RQ4,"DistRep(PSO) real, FULL budget (1 seed)",,lisa_signs/resnet50,L-RN,lisa_signs,resnet50,101,RR_held,0.117647,,outputs/rq4_final.csv
RQ4,"DistRep(PSO) real, FULL budget (1 seed)",,lisa_signs/resnet50,L-RN,lisa_signs,resnet50,101,Reg,0.008039,,outputs/rq4_final.csv
RQ4,"DistRep(PSO) real, FULL budget (1 seed)",,lisa_signs/resnet50,L-RN,lisa_signs,resnet50,101,CReg,0.014225,,outputs/rq4_final.csv
RQ4,"DistRep(PSO) real, FULL budget (1 seed)",,lisa_signs/convnext_tiny,L-CN,lisa_signs,convnext_tiny,101,RR_repair,0.7,,outputs/rq4_final.csv
RQ4,"DistRep(PSO) real, FULL budget (1 seed)",,lisa_signs/convnext_tiny,L-CN,lisa_signs,convnext_tiny,101,RR_held,0.571429,,outputs/rq4_final.csv
RQ4,"DistRep(PSO) real, FULL budget (1 seed)",,lisa_signs/convnext_tiny,L-CN,lisa_signs,convnext_tiny,101,Reg,0.033702,,outputs/rq4_final.csv
RQ4,"DistRep(PSO) real, FULL budget (1 seed)",,lisa_signs/convnext_tiny,L-CN,lisa_signs,convnext_tiny,101,CReg,0.033201,,outputs/rq4_final.csv
RQ4,"DistRep(PSO) real, FULL budget (1 seed)",,lisa_signs/densenet121,L-DN,lisa_signs,densenet121,101,RR_repair,0.384615,,outputs/rq4_final.csv
RQ4,"DistRep(PSO) real, FULL budget (1 seed)",,lisa_signs/densenet121,L-DN,lisa_signs,densenet121,101,RR_held,0.117647,,outputs/rq4_final.csv
RQ4,"DistRep(PSO) real, FULL budget (1 seed)",,lisa_signs/densenet121,L-DN,lisa_signs,densenet121,101,Reg,0.001056,,outputs/rq4_final.csv
RQ4,"DistRep(PSO) real, FULL budget (1 seed)",,lisa_signs/densenet121,L-DN,lisa_signs,densenet121,101,CReg,0.001337,,outputs/rq4_final.csv
RQ4,"DistRep(PSO) real, FULL budget (1 seed)",,lisa_signs/vgg16,L-VG,lisa_signs,vgg16,101,RR_repair,0.642857,,outputs/rq4_final.csv
RQ4,"DistRep(PSO) real, FULL budget (1 seed)",,lisa_signs/vgg16,L-VG,lisa_signs,vgg16,101,RR_held,0.333333,,outputs/rq4_final.csv
RQ4,"DistRep(PSO) real, FULL budget (1 seed)",,lisa_signs/vgg16,L-VG,lisa_signs,vgg16,101,Reg,0.004828,,outputs/rq4_final.csv
RQ4,"DistRep(PSO) real, FULL budget (1 seed)",,lisa_signs/vgg16,L-VG,lisa_signs,vgg16,101,CReg,0.005533,,outputs/rq4_final.csv
RQ4,Arachne(DE) (swept bound_scale),bound=32.0,gtsrb/vgg16,G-VG,gtsrb,vgg16,101,RR_repair,0.145695,,outputs/rq4_final.csv
RQ4,Arachne(DE) (swept bound_scale),bound=32.0,gtsrb/vgg16,G-VG,gtsrb,vgg16,101,RR_held,0.105263,,outputs/rq4_final.csv
RQ4,Arachne(DE) (swept bound_scale),bound=32.0,gtsrb/vgg16,G-VG,gtsrb,vgg16,101,Reg,0.004693,,outputs/rq4_final.csv
RQ4,Arachne(DE) (swept bound_scale),bound=32.0,gtsrb/vgg16,G-VG,gtsrb,vgg16,101,CReg,0.017508,,outputs/rq4_final.csv
RQ4,Arachne(DE) (swept bound_scale),bound=32.0,gtsrb/vgg16,G-VG,gtsrb,vgg16,202,RR_repair,0.145695,,outputs/rq4_final.csv
RQ4,Arachne(DE) (swept bound_scale),bound=32.0,gtsrb/vgg16,G-VG,gtsrb,vgg16,202,RR_held,0.121053,,outputs/rq4_final.csv
RQ4,Arachne(DE) (swept bound_scale),bound=32.0,gtsrb/vgg16,G-VG,gtsrb,vgg16,202,Reg,0.00551,,outputs/rq4_final.csv
RQ4,Arachne(DE) (swept bound_scale),bound=32.0,gtsrb/vgg16,G-VG,gtsrb,vgg16,202,CReg,0.019331,,outputs/rq4_final.csv
RQ4,Arachne(DE) (swept bound_scale),bound=32.0,gtsrb/vgg16,G-VG,gtsrb,vgg16,303,RR_repair,0.172185,,outputs/rq4_final.csv
RQ4,Arachne(DE) (swept bound_scale),bound=32.0,gtsrb/vgg16,G-VG,gtsrb,vgg16,303,RR_held,0.147368,,outputs/rq4_final.csv
RQ4,Arachne(DE) (swept bound_scale),bound=32.0,gtsrb/vgg16,G-VG,gtsrb,vgg16,303,Reg,0.00704,,outputs/rq4_final.csv
RQ4,Arachne(DE) (swept bound_scale),bound=32.0,gtsrb/vgg16,G-VG,gtsrb,vgg16,303,CReg,0.019812,,outputs/rq4_final.csv
RQ4,Arachne(DE) (swept bound_scale),bound=32.0,tt100k_signs/resnet50,T-RN,tt100k_signs,resnet50,101,RR_repair,0.082524,,outputs/rq4_final.csv
RQ4,Arachne(DE) (swept bound_scale),bound=32.0,tt100k_signs/resnet50,T-RN,tt100k_signs,resnet50,101,RR_held,0.046512,,outputs/rq4_final.csv
RQ4,Arachne(DE) (swept bound_scale),bound=32.0,tt100k_signs/resnet50,T-RN,tt100k_signs,resnet50,101,Reg,0.005523,,outputs/rq4_final.csv
RQ4,Arachne(DE) (swept bound_scale),bound=32.0,tt100k_signs/resnet50,T-RN,tt100k_signs,resnet50,101,CReg,0.004626,,outputs/rq4_final.csv
RQ4,Arachne(DE) (swept bound_scale),bound=32.0,tt100k_signs/resnet50,T-RN,tt100k_signs,resnet50,202,RR_repair,0.058252,,outputs/rq4_final.csv
RQ4,Arachne(DE) (swept bound_scale),bound=32.0,tt100k_signs/resnet50,T-RN,tt100k_signs,resnet50,202,RR_held,0.042636,,outputs/rq4_final.csv
RQ4,Arachne(DE) (swept bound_scale),bound=32.0,tt100k_signs/resnet50,T-RN,tt100k_signs,resnet50,202,Reg,0.003728,,outputs/rq4_final.csv
RQ4,Arachne(DE) (swept bound_scale),bound=32.0,tt100k_signs/resnet50,T-RN,tt100k_signs,resnet50,202,CReg,0.003192,,outputs/rq4_final.csv
RQ4,Arachne(DE) (swept bound_scale),bound=32.0,tt100k_signs/resnet50,T-RN,tt100k_signs,resnet50,303,RR_repair,0.101942,,outputs/rq4_final.csv
RQ4,Arachne(DE) (swept bound_scale),bound=32.0,tt100k_signs/resnet50,T-RN,tt100k_signs,resnet50,303,RR_held,0.073643,,outputs/rq4_final.csv
RQ4,Arachne(DE) (swept bound_scale),bound=32.0,tt100k_signs/resnet50,T-RN,tt100k_signs,resnet50,303,Reg,0.004971,,outputs/rq4_final.csv
RQ4,Arachne(DE) (swept bound_scale),bound=32.0,tt100k_signs/resnet50,T-RN,tt100k_signs,resnet50,303,CReg,0.002196,,outputs/rq4_final.csv
RQ4,Arachne(DE) (swept bound_scale),bound=64.0,lisa_signs/vgg16,L-VG,lisa_signs,vgg16,101,RR_repair,0.285714,,outputs/rq4_final.csv
RQ4,Arachne(DE) (swept bound_scale),bound=64.0,lisa_signs/vgg16,L-VG,lisa_signs,vgg16,101,RR_held,0.194444,,outputs/rq4_final.csv
RQ4,Arachne(DE) (swept bound_scale),bound=64.0,lisa_signs/vgg16,L-VG,lisa_signs,vgg16,101,Reg,0.009657,,outputs/rq4_final.csv
RQ4,Arachne(DE) (swept bound_scale),bound=64.0,lisa_signs/vgg16,L-VG,lisa_signs,vgg16,101,CReg,0.012448,,outputs/rq4_final.csv
RQ4,Arachne(DE) (swept bound_scale),bound=64.0,lisa_signs/vgg16,L-VG,lisa_signs,vgg16,202,RR_repair,0.178571,,outputs/rq4_final.csv
RQ4,Arachne(DE) (swept bound_scale),bound=64.0,lisa_signs/vgg16,L-VG,lisa_signs,vgg16,202,RR_held,0.083333,,outputs/rq4_final.csv
RQ4,Arachne(DE) (swept bound_scale),bound=64.0,lisa_signs/vgg16,L-VG,lisa_signs,vgg16,202,Reg,0.003755,,outputs/rq4_final.csv
RQ4,Arachne(DE) (swept bound_scale),bound=64.0,lisa_signs/vgg16,L-VG,lisa_signs,vgg16,202,CReg,0.005472,,outputs/rq4_final.csv
RQ4,Arachne(DE) (swept bound_scale),bound=64.0,lisa_signs/vgg16,L-VG,lisa_signs,vgg16,303,RR_repair,0.392857,,outputs/rq4_final.csv
RQ4,Arachne(DE) (swept bound_scale),bound=64.0,lisa_signs/vgg16,L-VG,lisa_signs,vgg16,303,RR_held,0.111111,,outputs/rq4_final.csv
RQ4,Arachne(DE) (swept bound_scale),bound=64.0,lisa_signs/vgg16,L-VG,lisa_signs,vgg16,303,Reg,0.049356,,outputs/rq4_final.csv
RQ4,Arachne(DE) (swept bound_scale),bound=64.0,lisa_signs/vgg16,L-VG,lisa_signs,vgg16,303,CReg,0.10729,,outputs/rq4_final.csv
RQ4,Arachne(DE) (swept bound_scale),bound=64.0,lisa_signs/resnet50,L-RN,lisa_signs,resnet50,101,RR_repair,0.259259,,outputs/rq4_final.csv
RQ4,Arachne(DE) (swept bound_scale),bound=64.0,lisa_signs/resnet50,L-RN,lisa_signs,resnet50,101,RR_held,0.264706,,outputs/rq4_final.csv
RQ4,Arachne(DE) (swept bound_scale),bound=64.0,lisa_signs/resnet50,L-RN,lisa_signs,resnet50,101,Reg,0.003215,,outputs/rq4_final.csv
RQ4,Arachne(DE) (swept bound_scale),bound=64.0,lisa_signs/resnet50,L-RN,lisa_signs,resnet50,101,CReg,0.008535,,outputs/rq4_final.csv
RQ4,Arachne(DE) (swept bound_scale),bound=64.0,lisa_signs/resnet50,L-RN,lisa_signs,resnet50,202,RR_repair,0.333333,,outputs/rq4_final.csv
RQ4,Arachne(DE) (swept bound_scale),bound=64.0,lisa_signs/resnet50,L-RN,lisa_signs,resnet50,202,RR_held,0.352941,,outputs/rq4_final.csv
RQ4,Arachne(DE) (swept bound_scale),bound=64.0,lisa_signs/resnet50,L-RN,lisa_signs,resnet50,202,Reg,0.010182,,outputs/rq4_final.csv
RQ4,Arachne(DE) (swept bound_scale),bound=64.0,lisa_signs/resnet50,L-RN,lisa_signs,resnet50,202,CReg,0.023876,,outputs/rq4_final.csv
RQ4,Arachne(DE) (swept bound_scale),bound=64.0,lisa_signs/resnet50,L-RN,lisa_signs,resnet50,303,RR_repair,0.407407,,outputs/rq4_final.csv
RQ4,Arachne(DE) (swept bound_scale),bound=64.0,lisa_signs/resnet50,L-RN,lisa_signs,resnet50,303,RR_held,0.147059,,outputs/rq4_final.csv
RQ4,Arachne(DE) (swept bound_scale),bound=64.0,lisa_signs/resnet50,L-RN,lisa_signs,resnet50,303,Reg,0.002144,,outputs/rq4_final.csv
RQ4,Arachne(DE) (swept bound_scale),bound=64.0,lisa_signs/resnet50,L-RN,lisa_signs,resnet50,303,CReg,0.001406,,outputs/rq4_final.csv
RQ4,Arachne(DE) (swept bound_scale),bound=16.0,lisa_signs/convnext_tiny,L-CN,lisa_signs,convnext_tiny,101,RR_repair,0.5,,outputs/rq4_final.csv
RQ4,Arachne(DE) (swept bound_scale),bound=16.0,lisa_signs/convnext_tiny,L-CN,lisa_signs,convnext_tiny,101,RR_held,0.428571,,outputs/rq4_final.csv
RQ4,Arachne(DE) (swept bound_scale),bound=16.0,lisa_signs/convnext_tiny,L-CN,lisa_signs,convnext_tiny,101,Reg,0.002106,,outputs/rq4_final.csv
RQ4,Arachne(DE) (swept bound_scale),bound=16.0,lisa_signs/convnext_tiny,L-CN,lisa_signs,convnext_tiny,101,CReg,0.002656,,outputs/rq4_final.csv
RQ4,Arachne(DE) (swept bound_scale),bound=16.0,lisa_signs/convnext_tiny,L-CN,lisa_signs,convnext_tiny,202,RR_repair,0.4,,outputs/rq4_final.csv
RQ4,Arachne(DE) (swept bound_scale),bound=16.0,lisa_signs/convnext_tiny,L-CN,lisa_signs,convnext_tiny,202,RR_held,0.357143,,outputs/rq4_final.csv
RQ4,Arachne(DE) (swept bound_scale),bound=16.0,lisa_signs/convnext_tiny,L-CN,lisa_signs,convnext_tiny,202,Reg,0.00158,,outputs/rq4_final.csv
RQ4,Arachne(DE) (swept bound_scale),bound=16.0,lisa_signs/convnext_tiny,L-CN,lisa_signs,convnext_tiny,202,CReg,0.003968,,outputs/rq4_final.csv
RQ4,Arachne(DE) (swept bound_scale),bound=16.0,lisa_signs/convnext_tiny,L-CN,lisa_signs,convnext_tiny,303,RR_repair,0.4,,outputs/rq4_final.csv
RQ4,Arachne(DE) (swept bound_scale),bound=16.0,lisa_signs/convnext_tiny,L-CN,lisa_signs,convnext_tiny,303,RR_held,0.285714,,outputs/rq4_final.csv
RQ4,Arachne(DE) (swept bound_scale),bound=16.0,lisa_signs/convnext_tiny,L-CN,lisa_signs,convnext_tiny,303,Reg,0.00158,,outputs/rq4_final.csv
RQ4,Arachne(DE) (swept bound_scale),bound=16.0,lisa_signs/convnext_tiny,L-CN,lisa_signs,convnext_tiny,303,CReg,0.001362,,outputs/rq4_final.csv
RQ4,Arachne(DE) (swept bound_scale),bound=16.0,tt100k_signs/densenet121,T-DN,tt100k_signs,densenet121,101,RR_repair,0.104,,outputs/rq4_final.csv
RQ4,Arachne(DE) (swept bound_scale),bound=16.0,tt100k_signs/densenet121,T-DN,tt100k_signs,densenet121,101,RR_held,0.134615,,outputs/rq4_final.csv
RQ4,Arachne(DE) (swept bound_scale),bound=16.0,tt100k_signs/densenet121,T-DN,tt100k_signs,densenet121,101,Reg,0.007128,,outputs/rq4_final.csv
RQ4,Arachne(DE) (swept bound_scale),bound=16.0,tt100k_signs/densenet121,T-DN,tt100k_signs,densenet121,101,CReg,0.0,,outputs/rq4_final.csv
RQ4,Arachne(DE) (swept bound_scale),bound=16.0,tt100k_signs/densenet121,T-DN,tt100k_signs,densenet121,202,RR_repair,0.104,,outputs/rq4_final.csv
RQ4,Arachne(DE) (swept bound_scale),bound=16.0,tt100k_signs/densenet121,T-DN,tt100k_signs,densenet121,202,RR_held,0.067308,,outputs/rq4_final.csv
RQ4,Arachne(DE) (swept bound_scale),bound=16.0,tt100k_signs/densenet121,T-DN,tt100k_signs,densenet121,202,Reg,0.008805,,outputs/rq4_final.csv
RQ4,Arachne(DE) (swept bound_scale),bound=16.0,tt100k_signs/densenet121,T-DN,tt100k_signs,densenet121,202,CReg,0.000247,,outputs/rq4_final.csv
RQ4,Arachne(DE) (swept bound_scale),bound=16.0,tt100k_signs/densenet121,T-DN,tt100k_signs,densenet121,303,RR_repair,0.132,,outputs/rq4_final.csv
RQ4,Arachne(DE) (swept bound_scale),bound=16.0,tt100k_signs/densenet121,T-DN,tt100k_signs,densenet121,303,RR_held,0.105769,,outputs/rq4_final.csv
RQ4,Arachne(DE) (swept bound_scale),bound=16.0,tt100k_signs/densenet121,T-DN,tt100k_signs,densenet121,303,Reg,0.007966,,outputs/rq4_final.csv
RQ4,Arachne(DE) (swept bound_scale),bound=16.0,tt100k_signs/densenet121,T-DN,tt100k_signs,densenet121,303,CReg,0.001222,,outputs/rq4_final.csv
RQ4,Arachne(DE) (swept bound_scale),bound=128.0,gtsrb/resnet50,G-RN,gtsrb,resnet50,101,RR_repair,0.5,,outputs/rq4_final.csv
RQ4,Arachne(DE) (swept bound_scale),bound=128.0,gtsrb/resnet50,G-RN,gtsrb,resnet50,101,RR_held,0.333333,,outputs/rq4_final.csv
RQ4,Arachne(DE) (swept bound_scale),bound=128.0,gtsrb/resnet50,G-RN,gtsrb,resnet50,101,Reg,0.019148,,outputs/rq4_final.csv
RQ4,Arachne(DE) (swept bound_scale),bound=128.0,gtsrb/resnet50,G-RN,gtsrb,resnet50,101,CReg,0.0,,outputs/rq4_final.csv
RQ4,Arachne(DE) (swept bound_scale),bound=128.0,gtsrb/resnet50,G-RN,gtsrb,resnet50,202,RR_repair,0.289474,,outputs/rq4_final.csv
RQ4,Arachne(DE) (swept bound_scale),bound=128.0,gtsrb/resnet50,G-RN,gtsrb,resnet50,202,RR_held,0.104167,,outputs/rq4_final.csv
RQ4,Arachne(DE) (swept bound_scale),bound=128.0,gtsrb/resnet50,G-RN,gtsrb,resnet50,202,Reg,0.019148,,outputs/rq4_final.csv
RQ4,Arachne(DE) (swept bound_scale),bound=128.0,gtsrb/resnet50,G-RN,gtsrb,resnet50,202,CReg,0.0,,outputs/rq4_final.csv
RQ4,Arachne(DE) (swept bound_scale),bound=128.0,gtsrb/resnet50,G-RN,gtsrb,resnet50,303,RR_repair,0.368421,,outputs/rq4_final.csv
RQ4,Arachne(DE) (swept bound_scale),bound=128.0,gtsrb/resnet50,G-RN,gtsrb,resnet50,303,RR_held,0.291667,,outputs/rq4_final.csv
RQ4,Arachne(DE) (swept bound_scale),bound=128.0,gtsrb/resnet50,G-RN,gtsrb,resnet50,303,Reg,0.022739,,outputs/rq4_final.csv
RQ4,Arachne(DE) (swept bound_scale),bound=128.0,gtsrb/resnet50,G-RN,gtsrb,resnet50,303,CReg,0.0,,outputs/rq4_final.csv
RQ4,Arachne(DE) (swept bound_scale),bound=8.0,lisa_signs/densenet121,L-DN,lisa_signs,densenet121,101,RR_repair,0.153846,,outputs/rq4_final.csv
RQ4,Arachne(DE) (swept bound_scale),bound=8.0,lisa_signs/densenet121,L-DN,lisa_signs,densenet121,101,RR_held,0.058824,,outputs/rq4_final.csv
RQ4,Arachne(DE) (swept bound_scale),bound=8.0,lisa_signs/densenet121,L-DN,lisa_signs,densenet121,101,Reg,0.001584,,outputs/rq4_final.csv
RQ4,Arachne(DE) (swept bound_scale),bound=8.0,lisa_signs/densenet121,L-DN,lisa_signs,densenet121,101,CReg,0.004011,,outputs/rq4_final.csv
RQ4,Arachne(DE) (swept bound_scale),bound=8.0,lisa_signs/densenet121,L-DN,lisa_signs,densenet121,202,RR_repair,0.307692,,outputs/rq4_final.csv
RQ4,Arachne(DE) (swept bound_scale),bound=8.0,lisa_signs/densenet121,L-DN,lisa_signs,densenet121,202,RR_held,0.352941,,outputs/rq4_final.csv
RQ4,Arachne(DE) (swept bound_scale),bound=8.0,lisa_signs/densenet121,L-DN,lisa_signs,densenet121,202,Reg,0.000528,,outputs/rq4_final.csv
RQ4,Arachne(DE) (swept bound_scale),bound=8.0,lisa_signs/densenet121,L-DN,lisa_signs,densenet121,202,CReg,0.001381,,outputs/rq4_final.csv
RQ4,Arachne(DE) (swept bound_scale),bound=8.0,lisa_signs/densenet121,L-DN,lisa_signs,densenet121,303,RR_repair,0.307692,,outputs/rq4_final.csv
RQ4,Arachne(DE) (swept bound_scale),bound=8.0,lisa_signs/densenet121,L-DN,lisa_signs,densenet121,303,RR_held,0.058824,,outputs/rq4_final.csv
RQ4,Arachne(DE) (swept bound_scale),bound=8.0,lisa_signs/densenet121,L-DN,lisa_signs,densenet121,303,Reg,0.0,,outputs/rq4_final.csv
RQ4,Arachne(DE) (swept bound_scale),bound=8.0,lisa_signs/densenet121,L-DN,lisa_signs,densenet121,303,CReg,0.0,,outputs/rq4_final.csv
RQ4,Arachne(DE) (swept bound_scale),bound=64.0,gtsrb/densenet121,G-DN,gtsrb,densenet121,101,RR_repair,0.439394,,outputs/rq4_final.csv
RQ4,Arachne(DE) (swept bound_scale),bound=64.0,gtsrb/densenet121,G-DN,gtsrb,densenet121,101,RR_held,0.325301,,outputs/rq4_final.csv
RQ4,Arachne(DE) (swept bound_scale),bound=64.0,gtsrb/densenet121,G-DN,gtsrb,densenet121,101,Reg,0.009426,,outputs/rq4_final.csv
RQ4,Arachne(DE) (swept bound_scale),bound=64.0,gtsrb/densenet121,G-DN,gtsrb,densenet121,101,CReg,0.002535,,outputs/rq4_final.csv
RQ4,Arachne(DE) (swept bound_scale),bound=64.0,gtsrb/densenet121,G-DN,gtsrb,densenet121,202,RR_repair,0.363636,,outputs/rq4_final.csv
RQ4,Arachne(DE) (swept bound_scale),bound=64.0,gtsrb/densenet121,G-DN,gtsrb,densenet121,202,RR_held,0.39759,,outputs/rq4_final.csv
RQ4,Arachne(DE) (swept bound_scale),bound=64.0,gtsrb/densenet121,G-DN,gtsrb,densenet121,202,Reg,0.01083,,outputs/rq4_final.csv
RQ4,Arachne(DE) (swept bound_scale),bound=64.0,gtsrb/densenet121,G-DN,gtsrb,densenet121,202,CReg,0.00305,,outputs/rq4_final.csv
RQ4,Arachne(DE) (swept bound_scale),bound=64.0,gtsrb/densenet121,G-DN,gtsrb,densenet121,303,RR_repair,0.393939,,outputs/rq4_final.csv
RQ4,Arachne(DE) (swept bound_scale),bound=64.0,gtsrb/densenet121,G-DN,gtsrb,densenet121,303,RR_held,0.385542,,outputs/rq4_final.csv
RQ4,Arachne(DE) (swept bound_scale),bound=64.0,gtsrb/densenet121,G-DN,gtsrb,densenet121,303,Reg,0.001304,,outputs/rq4_final.csv
RQ4,Arachne(DE) (swept bound_scale),bound=64.0,gtsrb/densenet121,G-DN,gtsrb,densenet121,303,CReg,0.002022,,outputs/rq4_final.csv
RQ4,Arachne(DE) (swept bound_scale),bound=64.0,gtsrb/convnext_tiny,G-CN,gtsrb,convnext_tiny,101,RR_repair,0.247126,,outputs/rq4_final.csv
RQ4,Arachne(DE) (swept bound_scale),bound=64.0,gtsrb/convnext_tiny,G-CN,gtsrb,convnext_tiny,101,RR_held,0.179724,,outputs/rq4_final.csv
RQ4,Arachne(DE) (swept bound_scale),bound=64.0,gtsrb/convnext_tiny,G-CN,gtsrb,convnext_tiny,101,Reg,0.005739,,outputs/rq4_final.csv
RQ4,Arachne(DE) (swept bound_scale),bound=64.0,gtsrb/convnext_tiny,G-CN,gtsrb,convnext_tiny,101,CReg,0.0,,outputs/rq4_final.csv
RQ4,Arachne(DE) (swept bound_scale),bound=64.0,gtsrb/convnext_tiny,G-CN,gtsrb,convnext_tiny,202,RR_repair,0.235632,,outputs/rq4_final.csv
RQ4,Arachne(DE) (swept bound_scale),bound=64.0,gtsrb/convnext_tiny,G-CN,gtsrb,convnext_tiny,202,RR_held,0.193548,,outputs/rq4_final.csv
RQ4,Arachne(DE) (swept bound_scale),bound=64.0,gtsrb/convnext_tiny,G-CN,gtsrb,convnext_tiny,202,Reg,0.005637,,outputs/rq4_final.csv
RQ4,Arachne(DE) (swept bound_scale),bound=64.0,gtsrb/convnext_tiny,G-CN,gtsrb,convnext_tiny,202,CReg,0.0,,outputs/rq4_final.csv
RQ4,Arachne(DE) (swept bound_scale),bound=64.0,gtsrb/convnext_tiny,G-CN,gtsrb,convnext_tiny,303,RR_repair,0.212644,,outputs/rq4_final.csv
RQ4,Arachne(DE) (swept bound_scale),bound=64.0,gtsrb/convnext_tiny,G-CN,gtsrb,convnext_tiny,303,RR_held,0.21659,,outputs/rq4_final.csv
RQ4,Arachne(DE) (swept bound_scale),bound=64.0,gtsrb/convnext_tiny,G-CN,gtsrb,convnext_tiny,303,Reg,0.006457,,outputs/rq4_final.csv
RQ4,Arachne(DE) (swept bound_scale),bound=64.0,gtsrb/convnext_tiny,G-CN,gtsrb,convnext_tiny,303,CReg,0.0,,outputs/rq4_final.csv
RQ4,Arachne(DE) (swept bound_scale),bound=16.0,tt100k_signs/convnext_tiny,T-CN,tt100k_signs,convnext_tiny,101,RR_repair,0.068966,,outputs/rq4_final.csv
RQ4,Arachne(DE) (swept bound_scale),bound=16.0,tt100k_signs/convnext_tiny,T-CN,tt100k_signs,convnext_tiny,101,RR_held,0.045872,,outputs/rq4_final.csv
RQ4,Arachne(DE) (swept bound_scale),bound=16.0,tt100k_signs/convnext_tiny,T-CN,tt100k_signs,convnext_tiny,101,Reg,0.005064,,outputs/rq4_final.csv
RQ4,Arachne(DE) (swept bound_scale),bound=16.0,tt100k_signs/convnext_tiny,T-CN,tt100k_signs,convnext_tiny,101,CReg,0.0,,outputs/rq4_final.csv
RQ4,Arachne(DE) (swept bound_scale),bound=16.0,tt100k_signs/convnext_tiny,T-CN,tt100k_signs,convnext_tiny,202,RR_repair,0.051724,,outputs/rq4_final.csv
RQ4,Arachne(DE) (swept bound_scale),bound=16.0,tt100k_signs/convnext_tiny,T-CN,tt100k_signs,convnext_tiny,202,RR_held,0.050459,,outputs/rq4_final.csv
RQ4,Arachne(DE) (swept bound_scale),bound=16.0,tt100k_signs/convnext_tiny,T-CN,tt100k_signs,convnext_tiny,202,Reg,0.003969,,outputs/rq4_final.csv
RQ4,Arachne(DE) (swept bound_scale),bound=16.0,tt100k_signs/convnext_tiny,T-CN,tt100k_signs,convnext_tiny,202,CReg,0.0,,outputs/rq4_final.csv
RQ4,Arachne(DE) (swept bound_scale),bound=16.0,tt100k_signs/convnext_tiny,T-CN,tt100k_signs,convnext_tiny,303,RR_repair,0.057471,,outputs/rq4_final.csv
RQ4,Arachne(DE) (swept bound_scale),bound=16.0,tt100k_signs/convnext_tiny,T-CN,tt100k_signs,convnext_tiny,303,RR_held,0.055046,,outputs/rq4_final.csv
RQ4,Arachne(DE) (swept bound_scale),bound=16.0,tt100k_signs/convnext_tiny,T-CN,tt100k_signs,convnext_tiny,303,Reg,0.001369,,outputs/rq4_final.csv
RQ4,Arachne(DE) (swept bound_scale),bound=16.0,tt100k_signs/convnext_tiny,T-CN,tt100k_signs,convnext_tiny,303,CReg,0.0,,outputs/rq4_final.csv
RQ4,Arachne(DE) (swept bound_scale),bound=32.0,tt100k_signs/vgg16,T-VG,tt100k_signs,vgg16,101,RR_repair,0.087786,,outputs/rq4_final.csv
RQ4,Arachne(DE) (swept bound_scale),bound=32.0,tt100k_signs/vgg16,T-VG,tt100k_signs,vgg16,101,RR_held,0.070122,,outputs/rq4_final.csv
RQ4,Arachne(DE) (swept bound_scale),bound=32.0,tt100k_signs/vgg16,T-VG,tt100k_signs,vgg16,101,Reg,0.009257,,outputs/rq4_final.csv
RQ4,Arachne(DE) (swept bound_scale),bound=32.0,tt100k_signs/vgg16,T-VG,tt100k_signs,vgg16,101,CReg,0.003155,,outputs/rq4_final.csv
RQ4,Arachne(DE) (swept bound_scale),bound=32.0,tt100k_signs/vgg16,T-VG,tt100k_signs,vgg16,202,RR_repair,0.103053,,outputs/rq4_final.csv
RQ4,Arachne(DE) (swept bound_scale),bound=32.0,tt100k_signs/vgg16,T-VG,tt100k_signs,vgg16,202,RR_held,0.094512,,outputs/rq4_final.csv
RQ4,Arachne(DE) (swept bound_scale),bound=32.0,tt100k_signs/vgg16,T-VG,tt100k_signs,vgg16,202,Reg,0.009537,,outputs/rq4_final.csv
RQ4,Arachne(DE) (swept bound_scale),bound=32.0,tt100k_signs/vgg16,T-VG,tt100k_signs,vgg16,202,CReg,0.002713,,outputs/rq4_final.csv
RQ4,Arachne(DE) (swept bound_scale),bound=32.0,tt100k_signs/vgg16,T-VG,tt100k_signs,vgg16,303,RR_repair,0.122137,,outputs/rq4_final.csv
RQ4,Arachne(DE) (swept bound_scale),bound=32.0,tt100k_signs/vgg16,T-VG,tt100k_signs,vgg16,303,RR_held,0.109756,,outputs/rq4_final.csv
RQ4,Arachne(DE) (swept bound_scale),bound=32.0,tt100k_signs/vgg16,T-VG,tt100k_signs,vgg16,303,Reg,0.009116,,outputs/rq4_final.csv
RQ4,Arachne(DE) (swept bound_scale),bound=32.0,tt100k_signs/vgg16,T-VG,tt100k_signs,vgg16,303,CReg,0.002457,,outputs/rq4_final.csv
RQ4,DynaPatch (gated),,gtsrb/convnext_tiny,G-CN,gtsrb,convnext_tiny,pooled,RR_repair,nan,,outputs/rq4_final.csv
RQ4,DynaPatch (gated),,gtsrb/convnext_tiny,G-CN,gtsrb,convnext_tiny,pooled,RR_held,0.840246,,outputs/rq4_final.csv
RQ4,DynaPatch (gated),,gtsrb/convnext_tiny,G-CN,gtsrb,convnext_tiny,pooled,Reg,0.000581,,outputs/rq4_final.csv
RQ4,DynaPatch (gated),,gtsrb/convnext_tiny,G-CN,gtsrb,convnext_tiny,pooled,CReg,0.000172,,outputs/rq4_final.csv
RQ4,DynaPatch (gated),,gtsrb/densenet121,G-DN,gtsrb,densenet121,pooled,RR_repair,nan,,outputs/rq4_final.csv
RQ4,DynaPatch (gated),,gtsrb/densenet121,G-DN,gtsrb,densenet121,pooled,RR_held,0.807229,,outputs/rq4_final.csv
RQ4,DynaPatch (gated),,gtsrb/densenet121,G-DN,gtsrb,densenet121,pooled,Reg,0.000134,,outputs/rq4_final.csv
RQ4,DynaPatch (gated),,gtsrb/densenet121,G-DN,gtsrb,densenet121,pooled,CReg,0.0,,outputs/rq4_final.csv
RQ4,DynaPatch (gated),,gtsrb/resnet50,G-RN,gtsrb,resnet50,pooled,RR_repair,nan,,outputs/rq4_final.csv
RQ4,DynaPatch (gated),,gtsrb/resnet50,G-RN,gtsrb,resnet50,pooled,RR_held,0.666667,,outputs/rq4_final.csv
RQ4,DynaPatch (gated),,gtsrb/resnet50,G-RN,gtsrb,resnet50,pooled,Reg,0.000399,,outputs/rq4_final.csv
RQ4,DynaPatch (gated),,gtsrb/resnet50,G-RN,gtsrb,resnet50,pooled,CReg,0.0,,outputs/rq4_final.csv
RQ4,DynaPatch (gated),,gtsrb/vgg16,G-VG,gtsrb,vgg16,pooled,RR_repair,nan,,outputs/rq4_final.csv
RQ4,DynaPatch (gated),,gtsrb/vgg16,G-VG,gtsrb,vgg16,pooled,RR_held,0.596491,,outputs/rq4_final.csv
RQ4,DynaPatch (gated),,gtsrb/vgg16,G-VG,gtsrb,vgg16,pooled,Reg,0.00068,,outputs/rq4_final.csv
RQ4,DynaPatch (gated),,gtsrb/vgg16,G-VG,gtsrb,vgg16,pooled,CReg,0.000345,,outputs/rq4_final.csv
RQ4,DynaPatch (gated),,lisa_signs/convnext_tiny,L-CN,lisa_signs,convnext_tiny,pooled,RR_repair,nan,,outputs/rq4_final.csv
RQ4,DynaPatch (gated),,lisa_signs/convnext_tiny,L-CN,lisa_signs,convnext_tiny,pooled,RR_held,0.357143,,outputs/rq4_final.csv
RQ4,DynaPatch (gated),,lisa_signs/convnext_tiny,L-CN,lisa_signs,convnext_tiny,pooled,Reg,0.001053,,outputs/rq4_final.csv
RQ4,DynaPatch (gated),,lisa_signs/convnext_tiny,L-CN,lisa_signs,convnext_tiny,pooled,CReg,0.001362,,outputs/rq4_final.csv
RQ4,DynaPatch (gated),,lisa_signs/densenet121,L-DN,lisa_signs,densenet121,pooled,RR_repair,nan,,outputs/rq4_final.csv
RQ4,DynaPatch (gated),,lisa_signs/densenet121,L-DN,lisa_signs,densenet121,pooled,RR_held,0.352941,,outputs/rq4_final.csv
RQ4,DynaPatch (gated),,lisa_signs/densenet121,L-DN,lisa_signs,densenet121,pooled,Reg,0.00176,,outputs/rq4_final.csv
RQ4,DynaPatch (gated),,lisa_signs/densenet121,L-DN,lisa_signs,densenet121,pooled,CReg,0.003149,,outputs/rq4_final.csv
RQ4,DynaPatch (gated),,lisa_signs/resnet50,L-RN,lisa_signs,resnet50,pooled,RR_repair,nan,,outputs/rq4_final.csv
RQ4,DynaPatch (gated),,lisa_signs/resnet50,L-RN,lisa_signs,resnet50,pooled,RR_held,0.490196,,outputs/rq4_final.csv
RQ4,DynaPatch (gated),,lisa_signs/resnet50,L-RN,lisa_signs,resnet50,pooled,Reg,0.002322,,outputs/rq4_final.csv
RQ4,DynaPatch (gated),,lisa_signs/resnet50,L-RN,lisa_signs,resnet50,pooled,CReg,0.003297,,outputs/rq4_final.csv
RQ4,DynaPatch (gated),,lisa_signs/vgg16,L-VG,lisa_signs,vgg16,pooled,RR_repair,nan,,outputs/rq4_final.csv
RQ4,DynaPatch (gated),,lisa_signs/vgg16,L-VG,lisa_signs,vgg16,pooled,RR_held,0.305556,,outputs/rq4_final.csv
RQ4,DynaPatch (gated),,lisa_signs/vgg16,L-VG,lisa_signs,vgg16,pooled,Reg,0.000536,,outputs/rq4_final.csv
RQ4,DynaPatch (gated),,lisa_signs/vgg16,L-VG,lisa_signs,vgg16,pooled,CReg,0.001368,,outputs/rq4_final.csv
RQ4,DynaPatch (gated),,tt100k_signs/convnext_tiny,T-CN,tt100k_signs,convnext_tiny,pooled,RR_repair,nan,,outputs/rq4_final.csv
RQ4,DynaPatch (gated),,tt100k_signs/convnext_tiny,T-CN,tt100k_signs,convnext_tiny,pooled,RR_held,0.308869,,outputs/rq4_final.csv
RQ4,DynaPatch (gated),,tt100k_signs/convnext_tiny,T-CN,tt100k_signs,convnext_tiny,pooled,Reg,0.000593,,outputs/rq4_final.csv
RQ4,DynaPatch (gated),,tt100k_signs/convnext_tiny,T-CN,tt100k_signs,convnext_tiny,pooled,CReg,0.000808,,outputs/rq4_final.csv
RQ4,DynaPatch (gated),,tt100k_signs/densenet121,T-DN,tt100k_signs,densenet121,pooled,RR_repair,nan,,outputs/rq4_final.csv
RQ4,DynaPatch (gated),,tt100k_signs/densenet121,T-DN,tt100k_signs,densenet121,pooled,RR_held,0.521368,,outputs/rq4_final.csv
RQ4,DynaPatch (gated),,tt100k_signs/densenet121,T-DN,tt100k_signs,densenet121,pooled,Reg,0.001072,,outputs/rq4_final.csv
RQ4,DynaPatch (gated),,tt100k_signs/densenet121,T-DN,tt100k_signs,densenet121,pooled,CReg,0.00098,,outputs/rq4_final.csv
RQ4,DynaPatch (gated),,tt100k_signs/resnet50,T-RN,tt100k_signs,resnet50,pooled,RR_repair,nan,,outputs/rq4_final.csv
RQ4,DynaPatch (gated),,tt100k_signs/resnet50,T-RN,tt100k_signs,resnet50,pooled,RR_held,0.377261,,outputs/rq4_final.csv
RQ4,DynaPatch (gated),,tt100k_signs/resnet50,T-RN,tt100k_signs,resnet50,pooled,Reg,0.000276,,outputs/rq4_final.csv
RQ4,DynaPatch (gated),,tt100k_signs/resnet50,T-RN,tt100k_signs,resnet50,pooled,CReg,8.1e-05,,outputs/rq4_final.csv
RQ4,DynaPatch (gated),,tt100k_signs/vgg16,T-VG,tt100k_signs,vgg16,pooled,RR_repair,nan,,outputs/rq4_final.csv
RQ4,DynaPatch (gated),,tt100k_signs/vgg16,T-VG,tt100k_signs,vgg16,pooled,RR_held,0.299797,,outputs/rq4_final.csv
RQ4,DynaPatch (gated),,tt100k_signs/vgg16,T-VG,tt100k_signs,vgg16,pooled,Reg,0.001169,,outputs/rq4_final.csv
RQ4,DynaPatch (gated),,tt100k_signs/vgg16,T-VG,tt100k_signs,vgg16,pooled,CReg,0.000901,,outputs/rq4_final.csv
RQ4,NN-Patching,,gtsrb/resnet50,G-RN,gtsrb,resnet50,101,RR_repair,1.0,"error estimator swept, MLP",baseline_prior_patches_mlp_r5.json
RQ4,NN-Patching,,gtsrb/resnet50,G-RN,gtsrb,resnet50,101,RR_held,0.583333,"error estimator swept, MLP",baseline_prior_patches_mlp_r5.json
RQ4,NN-Patching,,gtsrb/resnet50,G-RN,gtsrb,resnet50,101,Reg,0.011469,"error estimator swept, MLP",baseline_prior_patches_mlp_r5.json
RQ4,NN-Patching,,gtsrb/resnet50,G-RN,gtsrb,resnet50,101,CReg,0.003559,"error estimator swept, MLP",baseline_prior_patches_mlp_r5.json
RQ4,NN-Patching,,gtsrb/resnet50,G-RN,gtsrb,resnet50,202,RR_repair,1.0,"error estimator swept, MLP",baseline_prior_patches_mlp_r5.json
RQ4,NN-Patching,,gtsrb/resnet50,G-RN,gtsrb,resnet50,202,RR_held,0.6875,"error estimator swept, MLP",baseline_prior_patches_mlp_r5.json
RQ4,NN-Patching,,gtsrb/resnet50,G-RN,gtsrb,resnet50,202,Reg,0.00738,"error estimator swept, MLP",baseline_prior_patches_mlp_r5.json
RQ4,NN-Patching,,gtsrb/resnet50,G-RN,gtsrb,resnet50,202,CReg,0.0,"error estimator swept, MLP",baseline_prior_patches_mlp_r5.json
RQ4,NN-Patching,,gtsrb/resnet50,G-RN,gtsrb,resnet50,303,RR_repair,1.0,"error estimator swept, MLP",baseline_prior_patches_mlp_r5.json
RQ4,NN-Patching,,gtsrb/resnet50,G-RN,gtsrb,resnet50,303,RR_held,0.520833,"error estimator swept, MLP",baseline_prior_patches_mlp_r5.json
RQ4,NN-Patching,,gtsrb/resnet50,G-RN,gtsrb,resnet50,303,Reg,0.005385,"error estimator swept, MLP",baseline_prior_patches_mlp_r5.json
RQ4,NN-Patching,,gtsrb/resnet50,G-RN,gtsrb,resnet50,303,CReg,0.0,"error estimator swept, MLP",baseline_prior_patches_mlp_r5.json
RQ4,NN-Patching,,gtsrb/convnext_tiny,G-CN,gtsrb,convnext_tiny,101,RR_repair,1.0,"error estimator swept, MLP",baseline_prior_patches_mlp_r5.json
RQ4,NN-Patching,,gtsrb/convnext_tiny,G-CN,gtsrb,convnext_tiny,101,RR_held,0.834101,"error estimator swept, MLP",baseline_prior_patches_mlp_r5.json
RQ4,NN-Patching,,gtsrb/convnext_tiny,G-CN,gtsrb,convnext_tiny,101,Reg,0.003792,"error estimator swept, MLP",baseline_prior_patches_mlp_r5.json
RQ4,NN-Patching,,gtsrb/convnext_tiny,G-CN,gtsrb,convnext_tiny,101,CReg,0.00306,"error estimator swept, MLP",baseline_prior_patches_mlp_r5.json
RQ4,NN-Patching,,gtsrb/convnext_tiny,G-CN,gtsrb,convnext_tiny,202,RR_repair,1.0,"error estimator swept, MLP",baseline_prior_patches_mlp_r5.json
RQ4,NN-Patching,,gtsrb/convnext_tiny,G-CN,gtsrb,convnext_tiny,202,RR_held,0.912442,"error estimator swept, MLP",baseline_prior_patches_mlp_r5.json
RQ4,NN-Patching,,gtsrb/convnext_tiny,G-CN,gtsrb,convnext_tiny,202,Reg,0.005432,"error estimator swept, MLP",baseline_prior_patches_mlp_r5.json
RQ4,NN-Patching,,gtsrb/convnext_tiny,G-CN,gtsrb,convnext_tiny,202,CReg,0.000516,"error estimator swept, MLP",baseline_prior_patches_mlp_r5.json
RQ4,NN-Patching,,gtsrb/convnext_tiny,G-CN,gtsrb,convnext_tiny,303,RR_repair,1.0,"error estimator swept, MLP",baseline_prior_patches_mlp_r5.json
RQ4,NN-Patching,,gtsrb/convnext_tiny,G-CN,gtsrb,convnext_tiny,303,RR_held,0.889401,"error estimator swept, MLP",baseline_prior_patches_mlp_r5.json
RQ4,NN-Patching,,gtsrb/convnext_tiny,G-CN,gtsrb,convnext_tiny,303,Reg,0.00533,"error estimator swept, MLP",baseline_prior_patches_mlp_r5.json
RQ4,NN-Patching,,gtsrb/convnext_tiny,G-CN,gtsrb,convnext_tiny,303,CReg,0.002571,"error estimator swept, MLP",baseline_prior_patches_mlp_r5.json
RQ4,NN-Patching,,gtsrb/densenet121,G-DN,gtsrb,densenet121,101,RR_repair,1.0,"error estimator swept, MLP",baseline_prior_patches_mlp_r5.json
RQ4,NN-Patching,,gtsrb/densenet121,G-DN,gtsrb,densenet121,101,RR_held,0.73494,"error estimator swept, MLP",baseline_prior_patches_mlp_r5.json
RQ4,NN-Patching,,gtsrb/densenet121,G-DN,gtsrb,densenet121,101,Reg,0.006819,"error estimator swept, MLP",baseline_prior_patches_mlp_r5.json
RQ4,NN-Patching,,gtsrb/densenet121,G-DN,gtsrb,densenet121,101,CReg,0.002535,"error estimator swept, MLP",baseline_prior_patches_mlp_r5.json
RQ4,NN-Patching,,gtsrb/densenet121,G-DN,gtsrb,densenet121,202,RR_repair,1.0,"error estimator swept, MLP",baseline_prior_patches_mlp_r5.json
RQ4,NN-Patching,,gtsrb/densenet121,G-DN,gtsrb,densenet121,202,RR_held,0.698795,"error estimator swept, MLP",baseline_prior_patches_mlp_r5.json
RQ4,NN-Patching,,gtsrb/densenet121,G-DN,gtsrb,densenet121,202,Reg,0.006117,"error estimator swept, MLP",baseline_prior_patches_mlp_r5.json
RQ4,NN-Patching,,gtsrb/densenet121,G-DN,gtsrb,densenet121,202,CReg,0.004067,"error estimator swept, MLP",baseline_prior_patches_mlp_r5.json
RQ4,NN-Patching,,gtsrb/densenet121,G-DN,gtsrb,densenet121,303,RR_repair,1.0,"error estimator swept, MLP",baseline_prior_patches_mlp_r5.json
RQ4,NN-Patching,,gtsrb/densenet121,G-DN,gtsrb,densenet121,303,RR_held,0.686747,"error estimator swept, MLP",baseline_prior_patches_mlp_r5.json
RQ4,NN-Patching,,gtsrb/densenet121,G-DN,gtsrb,densenet121,303,Reg,0.00732,"error estimator swept, MLP",baseline_prior_patches_mlp_r5.json
RQ4,NN-Patching,,gtsrb/densenet121,G-DN,gtsrb,densenet121,303,CReg,0.001517,"error estimator swept, MLP",baseline_prior_patches_mlp_r5.json
RQ4,NN-Patching,,gtsrb/vgg16,G-VG,gtsrb,vgg16,101,RR_repair,1.0,"error estimator swept, MLP",baseline_prior_patches_mlp_r5.json
RQ4,NN-Patching,,gtsrb/vgg16,G-VG,gtsrb,vgg16,101,RR_held,0.557895,"error estimator swept, MLP",baseline_prior_patches_mlp_r5.json
RQ4,NN-Patching,,gtsrb/vgg16,G-VG,gtsrb,vgg16,101,Reg,0.019386,"error estimator swept, MLP",baseline_prior_patches_mlp_r5.json
RQ4,NN-Patching,,gtsrb/vgg16,G-VG,gtsrb,vgg16,101,CReg,0.016478,"error estimator swept, MLP",baseline_prior_patches_mlp_r5.json
RQ4,NN-Patching,,gtsrb/vgg16,G-VG,gtsrb,vgg16,202,RR_repair,1.0,"error estimator swept, MLP",baseline_prior_patches_mlp_r5.json
RQ4,NN-Patching,,gtsrb/vgg16,G-VG,gtsrb,vgg16,202,RR_held,0.515789,"error estimator swept, MLP",baseline_prior_patches_mlp_r5.json
RQ4,NN-Patching,,gtsrb/vgg16,G-VG,gtsrb,vgg16,202,Reg,0.020508,"error estimator swept, MLP",baseline_prior_patches_mlp_r5.json
RQ4,NN-Patching,,gtsrb/vgg16,G-VG,gtsrb,vgg16,202,CReg,0.020899,"error estimator swept, MLP",baseline_prior_patches_mlp_r5.json
RQ4,NN-Patching,,gtsrb/vgg16,G-VG,gtsrb,vgg16,303,RR_repair,1.0,"error estimator swept, MLP",baseline_prior_patches_mlp_r5.json
RQ4,NN-Patching,,gtsrb/vgg16,G-VG,gtsrb,vgg16,303,RR_held,0.7,"error estimator swept, MLP",baseline_prior_patches_mlp_r5.json
RQ4,NN-Patching,,gtsrb/vgg16,G-VG,gtsrb,vgg16,303,Reg,0.027038,"error estimator swept, MLP",baseline_prior_patches_mlp_r5.json
RQ4,NN-Patching,,gtsrb/vgg16,G-VG,gtsrb,vgg16,303,CReg,0.024505,"error estimator swept, MLP",baseline_prior_patches_mlp_r5.json
RQ4,NN-Patching,,tt100k_signs/resnet50,T-RN,tt100k_signs,resnet50,101,RR_repair,1.0,"error estimator swept, MLP",baseline_prior_patches_mlp_r5.json
RQ4,NN-Patching,,tt100k_signs/resnet50,T-RN,tt100k_signs,resnet50,101,RR_held,0.348837,"error estimator swept, MLP",baseline_prior_patches_mlp_r5.json
RQ4,NN-Patching,,tt100k_signs/resnet50,T-RN,tt100k_signs,resnet50,101,Reg,0.018779,"error estimator swept, MLP",baseline_prior_patches_mlp_r5.json
RQ4,NN-Patching,,tt100k_signs/resnet50,T-RN,tt100k_signs,resnet50,101,CReg,0.011931,"error estimator swept, MLP",baseline_prior_patches_mlp_r5.json
RQ4,NN-Patching,,tt100k_signs/resnet50,T-RN,tt100k_signs,resnet50,202,RR_repair,1.0,"error estimator swept, MLP",baseline_prior_patches_mlp_r5.json
RQ4,NN-Patching,,tt100k_signs/resnet50,T-RN,tt100k_signs,resnet50,202,RR_held,0.372093,"error estimator swept, MLP",baseline_prior_patches_mlp_r5.json
RQ4,NN-Patching,,tt100k_signs/resnet50,T-RN,tt100k_signs,resnet50,202,Reg,0.018365,"error estimator swept, MLP",baseline_prior_patches_mlp_r5.json
RQ4,NN-Patching,,tt100k_signs/resnet50,T-RN,tt100k_signs,resnet50,202,CReg,0.008839,"error estimator swept, MLP",baseline_prior_patches_mlp_r5.json
RQ4,NN-Patching,,tt100k_signs/resnet50,T-RN,tt100k_signs,resnet50,303,RR_repair,1.0,"error estimator swept, MLP",baseline_prior_patches_mlp_r5.json
RQ4,NN-Patching,,tt100k_signs/resnet50,T-RN,tt100k_signs,resnet50,303,RR_held,0.341085,"error estimator swept, MLP",baseline_prior_patches_mlp_r5.json
RQ4,NN-Patching,,tt100k_signs/resnet50,T-RN,tt100k_signs,resnet50,303,Reg,0.017122,"error estimator swept, MLP",baseline_prior_patches_mlp_r5.json
RQ4,NN-Patching,,tt100k_signs/resnet50,T-RN,tt100k_signs,resnet50,303,CReg,0.013177,"error estimator swept, MLP",baseline_prior_patches_mlp_r5.json
RQ4,NN-Patching,,tt100k_signs/convnext_tiny,T-CN,tt100k_signs,convnext_tiny,101,RR_repair,1.0,"error estimator swept, MLP",baseline_prior_patches_mlp_r5.json
RQ4,NN-Patching,,tt100k_signs/convnext_tiny,T-CN,tt100k_signs,convnext_tiny,101,RR_held,0.344037,"error estimator swept, MLP",baseline_prior_patches_mlp_r5.json
RQ4,NN-Patching,,tt100k_signs/convnext_tiny,T-CN,tt100k_signs,convnext_tiny,101,Reg,0.01314,"error estimator swept, MLP",baseline_prior_patches_mlp_r5.json
RQ4,NN-Patching,,tt100k_signs/convnext_tiny,T-CN,tt100k_signs,convnext_tiny,101,CReg,0.00728,"error estimator swept, MLP",baseline_prior_patches_mlp_r5.json
RQ4,NN-Patching,,tt100k_signs/convnext_tiny,T-CN,tt100k_signs,convnext_tiny,202,RR_repair,1.0,"error estimator swept, MLP",baseline_prior_patches_mlp_r5.json
RQ4,NN-Patching,,tt100k_signs/convnext_tiny,T-CN,tt100k_signs,convnext_tiny,202,RR_held,0.444954,"error estimator swept, MLP",baseline_prior_patches_mlp_r5.json
RQ4,NN-Patching,,tt100k_signs/convnext_tiny,T-CN,tt100k_signs,convnext_tiny,202,Reg,0.015056,"error estimator swept, MLP",baseline_prior_patches_mlp_r5.json
RQ4,NN-Patching,,tt100k_signs/convnext_tiny,T-CN,tt100k_signs,convnext_tiny,202,CReg,0.005578,"error estimator swept, MLP",baseline_prior_patches_mlp_r5.json
RQ4,NN-Patching,,tt100k_signs/convnext_tiny,T-CN,tt100k_signs,convnext_tiny,303,RR_repair,1.0,"error estimator swept, MLP",baseline_prior_patches_mlp_r5.json
RQ4,NN-Patching,,tt100k_signs/convnext_tiny,T-CN,tt100k_signs,convnext_tiny,303,RR_held,0.417431,"error estimator swept, MLP",baseline_prior_patches_mlp_r5.json
RQ4,NN-Patching,,tt100k_signs/convnext_tiny,T-CN,tt100k_signs,convnext_tiny,303,Reg,0.018478,"error estimator swept, MLP",baseline_prior_patches_mlp_r5.json
RQ4,NN-Patching,,tt100k_signs/convnext_tiny,T-CN,tt100k_signs,convnext_tiny,303,CReg,0.009882,"error estimator swept, MLP",baseline_prior_patches_mlp_r5.json
RQ4,NN-Patching,,tt100k_signs/densenet121,T-DN,tt100k_signs,densenet121,101,RR_repair,1.0,"error estimator swept, MLP",baseline_prior_patches_mlp_r5.json
RQ4,NN-Patching,,tt100k_signs/densenet121,T-DN,tt100k_signs,densenet121,101,RR_held,0.483974,"error estimator swept, MLP",baseline_prior_patches_mlp_r5.json
RQ4,NN-Patching,,tt100k_signs/densenet121,T-DN,tt100k_signs,densenet121,101,Reg,0.020266,"error estimator swept, MLP",baseline_prior_patches_mlp_r5.json
RQ4,NN-Patching,,tt100k_signs/densenet121,T-DN,tt100k_signs,densenet121,101,CReg,0.009542,"error estimator swept, MLP",baseline_prior_patches_mlp_r5.json
RQ4,NN-Patching,,tt100k_signs/densenet121,T-DN,tt100k_signs,densenet121,202,RR_repair,1.0,"error estimator swept, MLP",baseline_prior_patches_mlp_r5.json
RQ4,NN-Patching,,tt100k_signs/densenet121,T-DN,tt100k_signs,densenet121,202,RR_held,0.496795,"error estimator swept, MLP",baseline_prior_patches_mlp_r5.json
RQ4,NN-Patching,,tt100k_signs/densenet121,T-DN,tt100k_signs,densenet121,202,Reg,0.019147,"error estimator swept, MLP",baseline_prior_patches_mlp_r5.json
RQ4,NN-Patching,,tt100k_signs/densenet121,T-DN,tt100k_signs,densenet121,202,CReg,0.006919,"error estimator swept, MLP",baseline_prior_patches_mlp_r5.json
RQ4,NN-Patching,,tt100k_signs/densenet121,T-DN,tt100k_signs,densenet121,303,RR_repair,1.0,"error estimator swept, MLP",baseline_prior_patches_mlp_r5.json
RQ4,NN-Patching,,tt100k_signs/densenet121,T-DN,tt100k_signs,densenet121,303,RR_held,0.442308,"error estimator swept, MLP",baseline_prior_patches_mlp_r5.json
RQ4,NN-Patching,,tt100k_signs/densenet121,T-DN,tt100k_signs,densenet121,303,Reg,0.021384,"error estimator swept, MLP",baseline_prior_patches_mlp_r5.json
RQ4,NN-Patching,,tt100k_signs/densenet121,T-DN,tt100k_signs,densenet121,303,CReg,0.010755,"error estimator swept, MLP",baseline_prior_patches_mlp_r5.json
RQ4,NN-Patching,,tt100k_signs/vgg16,T-VG,tt100k_signs,vgg16,101,RR_repair,1.0,"error estimator swept, MLP",baseline_prior_patches_mlp_r5.json
RQ4,NN-Patching,,tt100k_signs/vgg16,T-VG,tt100k_signs,vgg16,101,RR_held,0.320122,"error estimator swept, MLP",baseline_prior_patches_mlp_r5.json
RQ4,NN-Patching,,tt100k_signs/vgg16,T-VG,tt100k_signs,vgg16,101,Reg,0.02791,"error estimator swept, MLP",baseline_prior_patches_mlp_r5.json
RQ4,NN-Patching,,tt100k_signs/vgg16,T-VG,tt100k_signs,vgg16,101,CReg,0.024515,"error estimator swept, MLP",baseline_prior_patches_mlp_r5.json
RQ4,NN-Patching,,tt100k_signs/vgg16,T-VG,tt100k_signs,vgg16,202,RR_repair,1.0,"error estimator swept, MLP",baseline_prior_patches_mlp_r5.json
RQ4,NN-Patching,,tt100k_signs/vgg16,T-VG,tt100k_signs,vgg16,202,RR_held,0.381098,"error estimator swept, MLP",baseline_prior_patches_mlp_r5.json
RQ4,NN-Patching,,tt100k_signs/vgg16,T-VG,tt100k_signs,vgg16,202,Reg,0.026648,"error estimator swept, MLP",baseline_prior_patches_mlp_r5.json
RQ4,NN-Patching,,tt100k_signs/vgg16,T-VG,tt100k_signs,vgg16,202,CReg,0.019729,"error estimator swept, MLP",baseline_prior_patches_mlp_r5.json
RQ4,NN-Patching,,tt100k_signs/vgg16,T-VG,tt100k_signs,vgg16,303,RR_repair,1.0,"error estimator swept, MLP",baseline_prior_patches_mlp_r5.json
RQ4,NN-Patching,,tt100k_signs/vgg16,T-VG,tt100k_signs,vgg16,303,RR_held,0.35061,"error estimator swept, MLP",baseline_prior_patches_mlp_r5.json
RQ4,NN-Patching,,tt100k_signs/vgg16,T-VG,tt100k_signs,vgg16,303,Reg,0.030575,"error estimator swept, MLP",baseline_prior_patches_mlp_r5.json
RQ4,NN-Patching,,tt100k_signs/vgg16,T-VG,tt100k_signs,vgg16,303,CReg,0.023587,"error estimator swept, MLP",baseline_prior_patches_mlp_r5.json
RQ4,NN-Patching,,lisa_signs/resnet50,L-RN,lisa_signs,resnet50,101,RR_repair,1.0,"error estimator swept, MLP",baseline_prior_patches_mlp_r5.json
RQ4,NN-Patching,,lisa_signs/resnet50,L-RN,lisa_signs,resnet50,101,RR_held,0.058824,"error estimator swept, MLP",baseline_prior_patches_mlp_r5.json
RQ4,NN-Patching,,lisa_signs/resnet50,L-RN,lisa_signs,resnet50,101,Reg,0.001072,"error estimator swept, MLP",baseline_prior_patches_mlp_r5.json
RQ4,NN-Patching,,lisa_signs/resnet50,L-RN,lisa_signs,resnet50,101,CReg,0.001422,"error estimator swept, MLP",baseline_prior_patches_mlp_r5.json
RQ4,NN-Patching,,lisa_signs/resnet50,L-RN,lisa_signs,resnet50,202,RR_repair,1.0,"error estimator swept, MLP",baseline_prior_patches_mlp_r5.json
RQ4,NN-Patching,,lisa_signs/resnet50,L-RN,lisa_signs,resnet50,202,RR_held,0.117647,"error estimator swept, MLP",baseline_prior_patches_mlp_r5.json
RQ4,NN-Patching,,lisa_signs/resnet50,L-RN,lisa_signs,resnet50,202,Reg,0.0,"error estimator swept, MLP",baseline_prior_patches_mlp_r5.json
RQ4,NN-Patching,,lisa_signs/resnet50,L-RN,lisa_signs,resnet50,202,CReg,0.0,"error estimator swept, MLP",baseline_prior_patches_mlp_r5.json
RQ4,NN-Patching,,lisa_signs/resnet50,L-RN,lisa_signs,resnet50,303,RR_repair,1.0,"error estimator swept, MLP",baseline_prior_patches_mlp_r5.json
RQ4,NN-Patching,,lisa_signs/resnet50,L-RN,lisa_signs,resnet50,303,RR_held,0.058824,"error estimator swept, MLP",baseline_prior_patches_mlp_r5.json
RQ4,NN-Patching,,lisa_signs/resnet50,L-RN,lisa_signs,resnet50,303,Reg,0.000536,"error estimator swept, MLP",baseline_prior_patches_mlp_r5.json
RQ4,NN-Patching,,lisa_signs/resnet50,L-RN,lisa_signs,resnet50,303,CReg,0.001406,"error estimator swept, MLP",baseline_prior_patches_mlp_r5.json
RQ4,NN-Patching,,lisa_signs/convnext_tiny,L-CN,lisa_signs,convnext_tiny,101,RR_repair,1.0,"error estimator swept, MLP",baseline_prior_patches_mlp_r5.json
RQ4,NN-Patching,,lisa_signs/convnext_tiny,L-CN,lisa_signs,convnext_tiny,101,RR_held,0.0,"error estimator swept, MLP",baseline_prior_patches_mlp_r5.json
RQ4,NN-Patching,,lisa_signs/convnext_tiny,L-CN,lisa_signs,convnext_tiny,101,Reg,0.0,"error estimator swept, MLP",baseline_prior_patches_mlp_r5.json
RQ4,NN-Patching,,lisa_signs/convnext_tiny,L-CN,lisa_signs,convnext_tiny,101,CReg,0.0,"error estimator swept, MLP",baseline_prior_patches_mlp_r5.json
RQ4,NN-Patching,,lisa_signs/convnext_tiny,L-CN,lisa_signs,convnext_tiny,202,RR_repair,1.0,"error estimator swept, MLP",baseline_prior_patches_mlp_r5.json
RQ4,NN-Patching,,lisa_signs/convnext_tiny,L-CN,lisa_signs,convnext_tiny,202,RR_held,0.0,"error estimator swept, MLP",baseline_prior_patches_mlp_r5.json
RQ4,NN-Patching,,lisa_signs/convnext_tiny,L-CN,lisa_signs,convnext_tiny,202,Reg,0.0,"error estimator swept, MLP",baseline_prior_patches_mlp_r5.json
RQ4,NN-Patching,,lisa_signs/convnext_tiny,L-CN,lisa_signs,convnext_tiny,202,CReg,0.0,"error estimator swept, MLP",baseline_prior_patches_mlp_r5.json
RQ4,NN-Patching,,lisa_signs/convnext_tiny,L-CN,lisa_signs,convnext_tiny,303,RR_repair,1.0,"error estimator swept, MLP",baseline_prior_patches_mlp_r5.json
RQ4,NN-Patching,,lisa_signs/convnext_tiny,L-CN,lisa_signs,convnext_tiny,303,RR_held,0.0,"error estimator swept, MLP",baseline_prior_patches_mlp_r5.json
RQ4,NN-Patching,,lisa_signs/convnext_tiny,L-CN,lisa_signs,convnext_tiny,303,Reg,0.0,"error estimator swept, MLP",baseline_prior_patches_mlp_r5.json
RQ4,NN-Patching,,lisa_signs/convnext_tiny,L-CN,lisa_signs,convnext_tiny,303,CReg,0.0,"error estimator swept, MLP",baseline_prior_patches_mlp_r5.json
RQ4,NN-Patching,,lisa_signs/densenet121,L-DN,lisa_signs,densenet121,101,RR_repair,1.0,"error estimator swept, MLP",baseline_prior_patches_mlp_r5.json
RQ4,NN-Patching,,lisa_signs/densenet121,L-DN,lisa_signs,densenet121,101,RR_held,0.0,"error estimator swept, MLP",baseline_prior_patches_mlp_r5.json
RQ4,NN-Patching,,lisa_signs/densenet121,L-DN,lisa_signs,densenet121,101,Reg,0.0,"error estimator swept, MLP",baseline_prior_patches_mlp_r5.json
RQ4,NN-Patching,,lisa_signs/densenet121,L-DN,lisa_signs,densenet121,101,CReg,0.0,"error estimator swept, MLP",baseline_prior_patches_mlp_r5.json
RQ4,NN-Patching,,lisa_signs/densenet121,L-DN,lisa_signs,densenet121,202,RR_repair,1.0,"error estimator swept, MLP",baseline_prior_patches_mlp_r5.json
RQ4,NN-Patching,,lisa_signs/densenet121,L-DN,lisa_signs,densenet121,202,RR_held,0.058824,"error estimator swept, MLP",baseline_prior_patches_mlp_r5.json
RQ4,NN-Patching,,lisa_signs/densenet121,L-DN,lisa_signs,densenet121,202,Reg,0.000528,"error estimator swept, MLP",baseline_prior_patches_mlp_r5.json
RQ4,NN-Patching,,lisa_signs/densenet121,L-DN,lisa_signs,densenet121,202,CReg,0.0,"error estimator swept, MLP",baseline_prior_patches_mlp_r5.json
RQ4,NN-Patching,,lisa_signs/densenet121,L-DN,lisa_signs,densenet121,303,RR_repair,1.0,"error estimator swept, MLP",baseline_prior_patches_mlp_r5.json
RQ4,NN-Patching,,lisa_signs/densenet121,L-DN,lisa_signs,densenet121,303,RR_held,0.058824,"error estimator swept, MLP",baseline_prior_patches_mlp_r5.json
RQ4,NN-Patching,,lisa_signs/densenet121,L-DN,lisa_signs,densenet121,303,Reg,0.001056,"error estimator swept, MLP",baseline_prior_patches_mlp_r5.json
RQ4,NN-Patching,,lisa_signs/densenet121,L-DN,lisa_signs,densenet121,303,CReg,0.002721,"error estimator swept, MLP",baseline_prior_patches_mlp_r5.json
RQ4,NN-Patching,,lisa_signs/vgg16,L-VG,lisa_signs,vgg16,101,RR_repair,1.0,"error estimator swept, MLP",baseline_prior_patches_mlp_r5.json
RQ4,NN-Patching,,lisa_signs/vgg16,L-VG,lisa_signs,vgg16,101,RR_held,0.027778,"error estimator swept, MLP",baseline_prior_patches_mlp_r5.json
RQ4,NN-Patching,,lisa_signs/vgg16,L-VG,lisa_signs,vgg16,101,Reg,0.000536,"error estimator swept, MLP",baseline_prior_patches_mlp_r5.json
RQ4,NN-Patching,,lisa_signs/vgg16,L-VG,lisa_signs,vgg16,101,CReg,0.0,"error estimator swept, MLP",baseline_prior_patches_mlp_r5.json
RQ4,NN-Patching,,lisa_signs/vgg16,L-VG,lisa_signs,vgg16,202,RR_repair,1.0,"error estimator swept, MLP",baseline_prior_patches_mlp_r5.json
RQ4,NN-Patching,,lisa_signs/vgg16,L-VG,lisa_signs,vgg16,202,RR_held,0.0,"error estimator swept, MLP",baseline_prior_patches_mlp_r5.json
RQ4,NN-Patching,,lisa_signs/vgg16,L-VG,lisa_signs,vgg16,202,Reg,0.001073,"error estimator swept, MLP",baseline_prior_patches_mlp_r5.json
RQ4,NN-Patching,,lisa_signs/vgg16,L-VG,lisa_signs,vgg16,202,CReg,0.0,"error estimator swept, MLP",baseline_prior_patches_mlp_r5.json
RQ4,NN-Patching,,lisa_signs/vgg16,L-VG,lisa_signs,vgg16,303,RR_repair,1.0,"error estimator swept, MLP",baseline_prior_patches_mlp_r5.json
RQ4,NN-Patching,,lisa_signs/vgg16,L-VG,lisa_signs,vgg16,303,RR_held,0.0,"error estimator swept, MLP",baseline_prior_patches_mlp_r5.json
RQ4,NN-Patching,,lisa_signs/vgg16,L-VG,lisa_signs,vgg16,303,Reg,0.002146,"error estimator swept, MLP",baseline_prior_patches_mlp_r5.json
RQ4,NN-Patching,,lisa_signs/vgg16,L-VG,lisa_signs,vgg16,303,CReg,0.004127,"error estimator swept, MLP",baseline_prior_patches_mlp_r5.json
RQ4,PatchNAS,,gtsrb/resnet50,G-RN,gtsrb,resnet50,101,RR_repair,1.0,"error estimator swept, MLP",baseline_prior_patches_mlp_r5.json
RQ4,PatchNAS,,gtsrb/resnet50,G-RN,gtsrb,resnet50,101,RR_held,0.520833,"error estimator swept, MLP",baseline_prior_patches_mlp_r5.json
RQ4,PatchNAS,,gtsrb/resnet50,G-RN,gtsrb,resnet50,101,Reg,0.007779,"error estimator swept, MLP",baseline_prior_patches_mlp_r5.json
RQ4,PatchNAS,,gtsrb/resnet50,G-RN,gtsrb,resnet50,101,CReg,0.001525,"error estimator swept, MLP",baseline_prior_patches_mlp_r5.json
RQ4,PatchNAS,,gtsrb/resnet50,G-RN,gtsrb,resnet50,202,RR_repair,1.0,"error estimator swept, MLP",baseline_prior_patches_mlp_r5.json
RQ4,PatchNAS,,gtsrb/resnet50,G-RN,gtsrb,resnet50,202,RR_held,0.5625,"error estimator swept, MLP",baseline_prior_patches_mlp_r5.json
RQ4,PatchNAS,,gtsrb/resnet50,G-RN,gtsrb,resnet50,202,Reg,0.005485,"error estimator swept, MLP",baseline_prior_patches_mlp_r5.json
RQ4,PatchNAS,,gtsrb/resnet50,G-RN,gtsrb,resnet50,202,CReg,0.001518,"error estimator swept, MLP",baseline_prior_patches_mlp_r5.json
RQ4,PatchNAS,,gtsrb/resnet50,G-RN,gtsrb,resnet50,303,RR_repair,1.0,"error estimator swept, MLP",baseline_prior_patches_mlp_r5.json
RQ4,PatchNAS,,gtsrb/resnet50,G-RN,gtsrb,resnet50,303,RR_held,0.5,"error estimator swept, MLP",baseline_prior_patches_mlp_r5.json
RQ4,PatchNAS,,gtsrb/resnet50,G-RN,gtsrb,resnet50,303,Reg,0.004488,"error estimator swept, MLP",baseline_prior_patches_mlp_r5.json
RQ4,PatchNAS,,gtsrb/resnet50,G-RN,gtsrb,resnet50,303,CReg,0.00778,"error estimator swept, MLP",baseline_prior_patches_mlp_r5.json
RQ4,PatchNAS,,gtsrb/convnext_tiny,G-CN,gtsrb,convnext_tiny,101,RR_repair,1.0,"error estimator swept, MLP",baseline_prior_patches_mlp_r5.json
RQ4,PatchNAS,,gtsrb/convnext_tiny,G-CN,gtsrb,convnext_tiny,101,RR_held,0.788018,"error estimator swept, MLP",baseline_prior_patches_mlp_r5.json
RQ4,PatchNAS,,gtsrb/convnext_tiny,G-CN,gtsrb,convnext_tiny,101,Reg,0.007072,"error estimator swept, MLP",baseline_prior_patches_mlp_r5.json
RQ4,PatchNAS,,gtsrb/convnext_tiny,G-CN,gtsrb,convnext_tiny,101,CReg,0.006119,"error estimator swept, MLP",baseline_prior_patches_mlp_r5.json
RQ4,PatchNAS,,gtsrb/convnext_tiny,G-CN,gtsrb,convnext_tiny,202,RR_repair,1.0,"error estimator swept, MLP",baseline_prior_patches_mlp_r5.json
RQ4,PatchNAS,,gtsrb/convnext_tiny,G-CN,gtsrb,convnext_tiny,202,RR_held,0.843318,"error estimator swept, MLP",baseline_prior_patches_mlp_r5.json
RQ4,PatchNAS,,gtsrb/convnext_tiny,G-CN,gtsrb,convnext_tiny,202,Reg,0.005432,"error estimator swept, MLP",baseline_prior_patches_mlp_r5.json
RQ4,PatchNAS,,gtsrb/convnext_tiny,G-CN,gtsrb,convnext_tiny,202,CReg,0.003612,"error estimator swept, MLP",baseline_prior_patches_mlp_r5.json
RQ4,PatchNAS,,gtsrb/convnext_tiny,G-CN,gtsrb,convnext_tiny,303,RR_repair,1.0,"error estimator swept, MLP",baseline_prior_patches_mlp_r5.json
RQ4,PatchNAS,,gtsrb/convnext_tiny,G-CN,gtsrb,convnext_tiny,303,RR_held,0.815668,"error estimator swept, MLP",baseline_prior_patches_mlp_r5.json
RQ4,PatchNAS,,gtsrb/convnext_tiny,G-CN,gtsrb,convnext_tiny,303,Reg,0.006662,"error estimator swept, MLP",baseline_prior_patches_mlp_r5.json
RQ4,PatchNAS,,gtsrb/convnext_tiny,G-CN,gtsrb,convnext_tiny,303,CReg,0.00874,"error estimator swept, MLP",baseline_prior_patches_mlp_r5.json
RQ4,PatchNAS,,gtsrb/densenet121,G-DN,gtsrb,densenet121,101,RR_repair,1.0,"error estimator swept, MLP",baseline_prior_patches_mlp_r5.json
RQ4,PatchNAS,,gtsrb/densenet121,G-DN,gtsrb,densenet121,101,RR_held,0.638554,"error estimator swept, MLP",baseline_prior_patches_mlp_r5.json
RQ4,PatchNAS,,gtsrb/densenet121,G-DN,gtsrb,densenet121,101,Reg,0.005114,"error estimator swept, MLP",baseline_prior_patches_mlp_r5.json
RQ4,PatchNAS,,gtsrb/densenet121,G-DN,gtsrb,densenet121,101,CReg,0.003043,"error estimator swept, MLP",baseline_prior_patches_mlp_r5.json
RQ4,PatchNAS,,gtsrb/densenet121,G-DN,gtsrb,densenet121,202,RR_repair,1.0,"error estimator swept, MLP",baseline_prior_patches_mlp_r5.json
RQ4,PatchNAS,,gtsrb/densenet121,G-DN,gtsrb,densenet121,202,RR_held,0.60241,"error estimator swept, MLP",baseline_prior_patches_mlp_r5.json
RQ4,PatchNAS,,gtsrb/densenet121,G-DN,gtsrb,densenet121,202,Reg,0.004914,"error estimator swept, MLP",baseline_prior_patches_mlp_r5.json
RQ4,PatchNAS,,gtsrb/densenet121,G-DN,gtsrb,densenet121,202,CReg,0.005084,"error estimator swept, MLP",baseline_prior_patches_mlp_r5.json
RQ4,PatchNAS,,gtsrb/densenet121,G-DN,gtsrb,densenet121,303,RR_repair,1.0,"error estimator swept, MLP",baseline_prior_patches_mlp_r5.json
RQ4,PatchNAS,,gtsrb/densenet121,G-DN,gtsrb,densenet121,303,RR_held,0.614458,"error estimator swept, MLP",baseline_prior_patches_mlp_r5.json
RQ4,PatchNAS,,gtsrb/densenet121,G-DN,gtsrb,densenet121,303,Reg,0.011031,"error estimator swept, MLP",baseline_prior_patches_mlp_r5.json
RQ4,PatchNAS,,gtsrb/densenet121,G-DN,gtsrb,densenet121,303,CReg,0.012639,"error estimator swept, MLP",baseline_prior_patches_mlp_r5.json
RQ4,PatchNAS,,gtsrb/vgg16,G-VG,gtsrb,vgg16,101,RR_repair,1.0,"error estimator swept, MLP",baseline_prior_patches_mlp_r5.json
RQ4,PatchNAS,,gtsrb/vgg16,G-VG,gtsrb,vgg16,101,RR_held,0.547368,"error estimator swept, MLP",baseline_prior_patches_mlp_r5.json
RQ4,PatchNAS,,gtsrb/vgg16,G-VG,gtsrb,vgg16,101,Reg,0.015611,"error estimator swept, MLP",baseline_prior_patches_mlp_r5.json
RQ4,PatchNAS,,gtsrb/vgg16,G-VG,gtsrb,vgg16,101,CReg,0.022142,"error estimator swept, MLP",baseline_prior_patches_mlp_r5.json
RQ4,PatchNAS,,gtsrb/vgg16,G-VG,gtsrb,vgg16,202,RR_repair,1.0,"error estimator swept, MLP",baseline_prior_patches_mlp_r5.json
RQ4,PatchNAS,,gtsrb/vgg16,G-VG,gtsrb,vgg16,202,RR_held,0.521053,"error estimator swept, MLP",baseline_prior_patches_mlp_r5.json
RQ4,PatchNAS,,gtsrb/vgg16,G-VG,gtsrb,vgg16,202,Reg,0.016427,"error estimator swept, MLP",baseline_prior_patches_mlp_r5.json
RQ4,PatchNAS,,gtsrb/vgg16,G-VG,gtsrb,vgg16,202,CReg,0.022989,"error estimator swept, MLP",baseline_prior_patches_mlp_r5.json
RQ4,PatchNAS,,gtsrb/vgg16,G-VG,gtsrb,vgg16,303,RR_repair,1.0,"error estimator swept, MLP",baseline_prior_patches_mlp_r5.json
RQ4,PatchNAS,,gtsrb/vgg16,G-VG,gtsrb,vgg16,303,RR_held,0.626316,"error estimator swept, MLP",baseline_prior_patches_mlp_r5.json
RQ4,PatchNAS,,gtsrb/vgg16,G-VG,gtsrb,vgg16,303,Reg,0.018161,"error estimator swept, MLP",baseline_prior_patches_mlp_r5.json
RQ4,PatchNAS,,gtsrb/vgg16,G-VG,gtsrb,vgg16,303,CReg,0.022419,"error estimator swept, MLP",baseline_prior_patches_mlp_r5.json
RQ4,PatchNAS,,tt100k_signs/resnet50,T-RN,tt100k_signs,resnet50,101,RR_repair,1.0,"error estimator swept, MLP",baseline_prior_patches_mlp_r5.json
RQ4,PatchNAS,,tt100k_signs/resnet50,T-RN,tt100k_signs,resnet50,101,RR_held,0.275194,"error estimator swept, MLP",baseline_prior_patches_mlp_r5.json
RQ4,PatchNAS,,tt100k_signs/resnet50,T-RN,tt100k_signs,resnet50,101,Reg,0.025269,"error estimator swept, MLP",baseline_prior_patches_mlp_r5.json
RQ4,PatchNAS,,tt100k_signs/resnet50,T-RN,tt100k_signs,resnet50,101,CReg,0.016314,"error estimator swept, MLP",baseline_prior_patches_mlp_r5.json
RQ4,PatchNAS,,tt100k_signs/resnet50,T-RN,tt100k_signs,resnet50,202,RR_repair,1.0,"error estimator swept, MLP",baseline_prior_patches_mlp_r5.json
RQ4,PatchNAS,,tt100k_signs/resnet50,T-RN,tt100k_signs,resnet50,202,RR_held,0.294574,"error estimator swept, MLP",baseline_prior_patches_mlp_r5.json
RQ4,PatchNAS,,tt100k_signs/resnet50,T-RN,tt100k_signs,resnet50,202,Reg,0.023612,"error estimator swept, MLP",baseline_prior_patches_mlp_r5.json
RQ4,PatchNAS,,tt100k_signs/resnet50,T-RN,tt100k_signs,resnet50,202,CReg,0.015222,"error estimator swept, MLP",baseline_prior_patches_mlp_r5.json
RQ4,PatchNAS,,tt100k_signs/resnet50,T-RN,tt100k_signs,resnet50,303,RR_repair,1.0,"error estimator swept, MLP",baseline_prior_patches_mlp_r5.json
RQ4,PatchNAS,,tt100k_signs/resnet50,T-RN,tt100k_signs,resnet50,303,RR_held,0.217054,"error estimator swept, MLP",baseline_prior_patches_mlp_r5.json
RQ4,PatchNAS,,tt100k_signs/resnet50,T-RN,tt100k_signs,resnet50,303,Reg,0.023888,"error estimator swept, MLP",baseline_prior_patches_mlp_r5.json
RQ4,PatchNAS,,tt100k_signs/resnet50,T-RN,tt100k_signs,resnet50,303,CReg,0.016593,"error estimator swept, MLP",baseline_prior_patches_mlp_r5.json
RQ4,PatchNAS,,tt100k_signs/convnext_tiny,T-CN,tt100k_signs,convnext_tiny,101,RR_repair,1.0,"error estimator swept, MLP",baseline_prior_patches_mlp_r5.json
RQ4,PatchNAS,,tt100k_signs/convnext_tiny,T-CN,tt100k_signs,convnext_tiny,101,RR_held,0.252294,"error estimator swept, MLP",baseline_prior_patches_mlp_r5.json
RQ4,PatchNAS,,tt100k_signs/convnext_tiny,T-CN,tt100k_signs,convnext_tiny,101,Reg,0.018615,"error estimator swept, MLP",baseline_prior_patches_mlp_r5.json
RQ4,PatchNAS,,tt100k_signs/convnext_tiny,T-CN,tt100k_signs,convnext_tiny,101,CReg,0.014802,"error estimator swept, MLP",baseline_prior_patches_mlp_r5.json
RQ4,PatchNAS,,tt100k_signs/convnext_tiny,T-CN,tt100k_signs,convnext_tiny,202,RR_repair,1.0,"error estimator swept, MLP",baseline_prior_patches_mlp_r5.json
RQ4,PatchNAS,,tt100k_signs/convnext_tiny,T-CN,tt100k_signs,convnext_tiny,202,RR_held,0.325688,"error estimator swept, MLP",baseline_prior_patches_mlp_r5.json
RQ4,PatchNAS,,tt100k_signs/convnext_tiny,T-CN,tt100k_signs,convnext_tiny,202,Reg,0.021352,"error estimator swept, MLP",baseline_prior_patches_mlp_r5.json
RQ4,PatchNAS,,tt100k_signs/convnext_tiny,T-CN,tt100k_signs,convnext_tiny,202,CReg,0.009702,"error estimator swept, MLP",baseline_prior_patches_mlp_r5.json
RQ4,PatchNAS,,tt100k_signs/convnext_tiny,T-CN,tt100k_signs,convnext_tiny,303,RR_repair,1.0,"error estimator swept, MLP",baseline_prior_patches_mlp_r5.json
RQ4,PatchNAS,,tt100k_signs/convnext_tiny,T-CN,tt100k_signs,convnext_tiny,303,RR_held,0.334862,"error estimator swept, MLP",baseline_prior_patches_mlp_r5.json
RQ4,PatchNAS,,tt100k_signs/convnext_tiny,T-CN,tt100k_signs,convnext_tiny,303,Reg,0.024911,"error estimator swept, MLP",baseline_prior_patches_mlp_r5.json
RQ4,PatchNAS,,tt100k_signs/convnext_tiny,T-CN,tt100k_signs,convnext_tiny,303,CReg,0.014702,"error estimator swept, MLP",baseline_prior_patches_mlp_r5.json
RQ4,PatchNAS,,tt100k_signs/densenet121,T-DN,tt100k_signs,densenet121,101,RR_repair,1.0,"error estimator swept, MLP",baseline_prior_patches_mlp_r5.json
RQ4,PatchNAS,,tt100k_signs/densenet121,T-DN,tt100k_signs,densenet121,101,RR_held,0.349359,"error estimator swept, MLP",baseline_prior_patches_mlp_r5.json
RQ4,PatchNAS,,tt100k_signs/densenet121,T-DN,tt100k_signs,densenet121,101,Reg,0.027533,"error estimator swept, MLP",baseline_prior_patches_mlp_r5.json
RQ4,PatchNAS,,tt100k_signs/densenet121,T-DN,tt100k_signs,densenet121,101,CReg,0.016393,"error estimator swept, MLP",baseline_prior_patches_mlp_r5.json
RQ4,PatchNAS,,tt100k_signs/densenet121,T-DN,tt100k_signs,densenet121,202,RR_repair,1.0,"error estimator swept, MLP",baseline_prior_patches_mlp_r5.json
RQ4,PatchNAS,,tt100k_signs/densenet121,T-DN,tt100k_signs,densenet121,202,RR_held,0.355769,"error estimator swept, MLP",baseline_prior_patches_mlp_r5.json
RQ4,PatchNAS,,tt100k_signs/densenet121,T-DN,tt100k_signs,densenet121,202,Reg,0.027533,"error estimator swept, MLP",baseline_prior_patches_mlp_r5.json
RQ4,PatchNAS,,tt100k_signs/densenet121,T-DN,tt100k_signs,densenet121,202,CReg,0.013837,"error estimator swept, MLP",baseline_prior_patches_mlp_r5.json
RQ4,PatchNAS,,tt100k_signs/densenet121,T-DN,tt100k_signs,densenet121,303,RR_repair,1.0,"error estimator swept, MLP",baseline_prior_patches_mlp_r5.json
RQ4,PatchNAS,,tt100k_signs/densenet121,T-DN,tt100k_signs,densenet121,303,RR_held,0.346154,"error estimator swept, MLP",baseline_prior_patches_mlp_r5.json
RQ4,PatchNAS,,tt100k_signs/densenet121,T-DN,tt100k_signs,densenet121,303,Reg,0.028651,"error estimator swept, MLP",baseline_prior_patches_mlp_r5.json
RQ4,PatchNAS,,tt100k_signs/densenet121,T-DN,tt100k_signs,densenet121,303,CReg,0.017355,"error estimator swept, MLP",baseline_prior_patches_mlp_r5.json
RQ4,PatchNAS,,tt100k_signs/vgg16,T-VG,tt100k_signs,vgg16,101,RR_repair,1.0,"error estimator swept, MLP",baseline_prior_patches_mlp_r5.json
RQ4,PatchNAS,,tt100k_signs/vgg16,T-VG,tt100k_signs,vgg16,101,RR_held,0.161585,"error estimator swept, MLP",baseline_prior_patches_mlp_r5.json
RQ4,PatchNAS,,tt100k_signs/vgg16,T-VG,tt100k_signs,vgg16,101,Reg,0.028331,"error estimator swept, MLP",baseline_prior_patches_mlp_r5.json
RQ4,PatchNAS,,tt100k_signs/vgg16,T-VG,tt100k_signs,vgg16,101,CReg,0.023786,"error estimator swept, MLP",baseline_prior_patches_mlp_r5.json
RQ4,PatchNAS,,tt100k_signs/vgg16,T-VG,tt100k_signs,vgg16,202,RR_repair,1.0,"error estimator swept, MLP",baseline_prior_patches_mlp_r5.json
RQ4,PatchNAS,,tt100k_signs/vgg16,T-VG,tt100k_signs,vgg16,202,RR_held,0.185976,"error estimator swept, MLP",baseline_prior_patches_mlp_r5.json
RQ4,PatchNAS,,tt100k_signs/vgg16,T-VG,tt100k_signs,vgg16,202,Reg,0.025245,"error estimator swept, MLP",baseline_prior_patches_mlp_r5.json
RQ4,PatchNAS,,tt100k_signs/vgg16,T-VG,tt100k_signs,vgg16,202,CReg,0.017756,"error estimator swept, MLP",baseline_prior_patches_mlp_r5.json
RQ4,PatchNAS,,tt100k_signs/vgg16,T-VG,tt100k_signs,vgg16,303,RR_repair,1.0,"error estimator swept, MLP",baseline_prior_patches_mlp_r5.json
RQ4,PatchNAS,,tt100k_signs/vgg16,T-VG,tt100k_signs,vgg16,303,RR_held,0.182927,"error estimator swept, MLP",baseline_prior_patches_mlp_r5.json
RQ4,PatchNAS,,tt100k_signs/vgg16,T-VG,tt100k_signs,vgg16,303,Reg,0.025806,"error estimator swept, MLP",baseline_prior_patches_mlp_r5.json
RQ4,PatchNAS,,tt100k_signs/vgg16,T-VG,tt100k_signs,vgg16,303,CReg,0.018919,"error estimator swept, MLP",baseline_prior_patches_mlp_r5.json
RQ4,PatchNAS,,lisa_signs/resnet50,L-RN,lisa_signs,resnet50,101,RR_repair,1.0,"error estimator swept, MLP",baseline_prior_patches_mlp_r5.json
RQ4,PatchNAS,,lisa_signs/resnet50,L-RN,lisa_signs,resnet50,101,RR_held,0.058824,"error estimator swept, MLP",baseline_prior_patches_mlp_r5.json
RQ4,PatchNAS,,lisa_signs/resnet50,L-RN,lisa_signs,resnet50,101,Reg,0.000536,"error estimator swept, MLP",baseline_prior_patches_mlp_r5.json
RQ4,PatchNAS,,lisa_signs/resnet50,L-RN,lisa_signs,resnet50,101,CReg,0.0,"error estimator swept, MLP",baseline_prior_patches_mlp_r5.json
RQ4,PatchNAS,,lisa_signs/resnet50,L-RN,lisa_signs,resnet50,202,RR_repair,1.0,"error estimator swept, MLP",baseline_prior_patches_mlp_r5.json
RQ4,PatchNAS,,lisa_signs/resnet50,L-RN,lisa_signs,resnet50,202,RR_held,0.029412,"error estimator swept, MLP",baseline_prior_patches_mlp_r5.json
RQ4,PatchNAS,,lisa_signs/resnet50,L-RN,lisa_signs,resnet50,202,Reg,0.000536,"error estimator swept, MLP",baseline_prior_patches_mlp_r5.json
RQ4,PatchNAS,,lisa_signs/resnet50,L-RN,lisa_signs,resnet50,202,CReg,0.0,"error estimator swept, MLP",baseline_prior_patches_mlp_r5.json
RQ4,PatchNAS,,lisa_signs/resnet50,L-RN,lisa_signs,resnet50,303,RR_repair,1.0,"error estimator swept, MLP",baseline_prior_patches_mlp_r5.json
RQ4,PatchNAS,,lisa_signs/resnet50,L-RN,lisa_signs,resnet50,303,RR_held,0.029412,"error estimator swept, MLP",baseline_prior_patches_mlp_r5.json
RQ4,PatchNAS,,lisa_signs/resnet50,L-RN,lisa_signs,resnet50,303,Reg,0.0,"error estimator swept, MLP",baseline_prior_patches_mlp_r5.json
RQ4,PatchNAS,,lisa_signs/resnet50,L-RN,lisa_signs,resnet50,303,CReg,0.0,"error estimator swept, MLP",baseline_prior_patches_mlp_r5.json
RQ4,PatchNAS,,lisa_signs/convnext_tiny,L-CN,lisa_signs,convnext_tiny,101,RR_repair,1.0,"error estimator swept, MLP",baseline_prior_patches_mlp_r5.json
RQ4,PatchNAS,,lisa_signs/convnext_tiny,L-CN,lisa_signs,convnext_tiny,101,RR_held,0.0,"error estimator swept, MLP",baseline_prior_patches_mlp_r5.json
RQ4,PatchNAS,,lisa_signs/convnext_tiny,L-CN,lisa_signs,convnext_tiny,101,Reg,0.000527,"error estimator swept, MLP",baseline_prior_patches_mlp_r5.json
RQ4,PatchNAS,,lisa_signs/convnext_tiny,L-CN,lisa_signs,convnext_tiny,101,CReg,0.0,"error estimator swept, MLP",baseline_prior_patches_mlp_r5.json
RQ4,PatchNAS,,lisa_signs/convnext_tiny,L-CN,lisa_signs,convnext_tiny,202,RR_repair,1.0,"error estimator swept, MLP",baseline_prior_patches_mlp_r5.json
RQ4,PatchNAS,,lisa_signs/convnext_tiny,L-CN,lisa_signs,convnext_tiny,202,RR_held,0.071429,"error estimator swept, MLP",baseline_prior_patches_mlp_r5.json
RQ4,PatchNAS,,lisa_signs/convnext_tiny,L-CN,lisa_signs,convnext_tiny,202,Reg,0.000527,"error estimator swept, MLP",baseline_prior_patches_mlp_r5.json
RQ4,PatchNAS,,lisa_signs/convnext_tiny,L-CN,lisa_signs,convnext_tiny,202,CReg,0.001323,"error estimator swept, MLP",baseline_prior_patches_mlp_r5.json
RQ4,PatchNAS,,lisa_signs/convnext_tiny,L-CN,lisa_signs,convnext_tiny,303,RR_repair,1.0,"error estimator swept, MLP",baseline_prior_patches_mlp_r5.json
RQ4,PatchNAS,,lisa_signs/convnext_tiny,L-CN,lisa_signs,convnext_tiny,303,RR_held,0.0,"error estimator swept, MLP",baseline_prior_patches_mlp_r5.json
RQ4,PatchNAS,,lisa_signs/convnext_tiny,L-CN,lisa_signs,convnext_tiny,303,Reg,0.0,"error estimator swept, MLP",baseline_prior_patches_mlp_r5.json
RQ4,PatchNAS,,lisa_signs/convnext_tiny,L-CN,lisa_signs,convnext_tiny,303,CReg,0.0,"error estimator swept, MLP",baseline_prior_patches_mlp_r5.json
RQ4,PatchNAS,,lisa_signs/densenet121,L-DN,lisa_signs,densenet121,101,RR_repair,1.0,"error estimator swept, MLP",baseline_prior_patches_mlp_r5.json
RQ4,PatchNAS,,lisa_signs/densenet121,L-DN,lisa_signs,densenet121,101,RR_held,0.0,"error estimator swept, MLP",baseline_prior_patches_mlp_r5.json
RQ4,PatchNAS,,lisa_signs/densenet121,L-DN,lisa_signs,densenet121,101,Reg,0.0,"error estimator swept, MLP",baseline_prior_patches_mlp_r5.json
RQ4,PatchNAS,,lisa_signs/densenet121,L-DN,lisa_signs,densenet121,101,CReg,0.0,"error estimator swept, MLP",baseline_prior_patches_mlp_r5.json
RQ4,PatchNAS,,lisa_signs/densenet121,L-DN,lisa_signs,densenet121,202,RR_repair,1.0,"error estimator swept, MLP",baseline_prior_patches_mlp_r5.json
RQ4,PatchNAS,,lisa_signs/densenet121,L-DN,lisa_signs,densenet121,202,RR_held,0.117647,"error estimator swept, MLP",baseline_prior_patches_mlp_r5.json
RQ4,PatchNAS,,lisa_signs/densenet121,L-DN,lisa_signs,densenet121,202,Reg,0.0,"error estimator swept, MLP",baseline_prior_patches_mlp_r5.json
RQ4,PatchNAS,,lisa_signs/densenet121,L-DN,lisa_signs,densenet121,202,CReg,0.0,"error estimator swept, MLP",baseline_prior_patches_mlp_r5.json
RQ4,PatchNAS,,lisa_signs/densenet121,L-DN,lisa_signs,densenet121,303,RR_repair,1.0,"error estimator swept, MLP",baseline_prior_patches_mlp_r5.json
RQ4,PatchNAS,,lisa_signs/densenet121,L-DN,lisa_signs,densenet121,303,RR_held,0.117647,"error estimator swept, MLP",baseline_prior_patches_mlp_r5.json
RQ4,PatchNAS,,lisa_signs/densenet121,L-DN,lisa_signs,densenet121,303,Reg,0.001056,"error estimator swept, MLP",baseline_prior_patches_mlp_r5.json
RQ4,PatchNAS,,lisa_signs/densenet121,L-DN,lisa_signs,densenet121,303,CReg,0.002721,"error estimator swept, MLP",baseline_prior_patches_mlp_r5.json
RQ4,PatchNAS,,lisa_signs/vgg16,L-VG,lisa_signs,vgg16,101,RR_repair,1.0,"error estimator swept, MLP",baseline_prior_patches_mlp_r5.json
RQ4,PatchNAS,,lisa_signs/vgg16,L-VG,lisa_signs,vgg16,101,RR_held,0.027778,"error estimator swept, MLP",baseline_prior_patches_mlp_r5.json
RQ4,PatchNAS,,lisa_signs/vgg16,L-VG,lisa_signs,vgg16,101,Reg,0.0,"error estimator swept, MLP",baseline_prior_patches_mlp_r5.json
RQ4,PatchNAS,,lisa_signs/vgg16,L-VG,lisa_signs,vgg16,101,CReg,0.0,"error estimator swept, MLP",baseline_prior_patches_mlp_r5.json
RQ4,PatchNAS,,lisa_signs/vgg16,L-VG,lisa_signs,vgg16,202,RR_repair,1.0,"error estimator swept, MLP",baseline_prior_patches_mlp_r5.json
RQ4,PatchNAS,,lisa_signs/vgg16,L-VG,lisa_signs,vgg16,202,RR_held,0.055556,"error estimator swept, MLP",baseline_prior_patches_mlp_r5.json
RQ4,PatchNAS,,lisa_signs/vgg16,L-VG,lisa_signs,vgg16,202,Reg,0.001073,"error estimator swept, MLP",baseline_prior_patches_mlp_r5.json
RQ4,PatchNAS,,lisa_signs/vgg16,L-VG,lisa_signs,vgg16,202,CReg,0.001368,"error estimator swept, MLP",baseline_prior_patches_mlp_r5.json
RQ4,PatchNAS,,lisa_signs/vgg16,L-VG,lisa_signs,vgg16,303,RR_repair,1.0,"error estimator swept, MLP",baseline_prior_patches_mlp_r5.json
RQ4,PatchNAS,,lisa_signs/vgg16,L-VG,lisa_signs,vgg16,303,RR_held,0.027778,"error estimator swept, MLP",baseline_prior_patches_mlp_r5.json
RQ4,PatchNAS,,lisa_signs/vgg16,L-VG,lisa_signs,vgg16,303,Reg,0.000536,"error estimator swept, MLP",baseline_prior_patches_mlp_r5.json
RQ4,PatchNAS,,lisa_signs/vgg16,L-VG,lisa_signs,vgg16,303,CReg,0.001376,"error estimator swept, MLP",baseline_prior_patches_mlp_r5.json
