method,setting,seed,n_classes_failed,RR_macro,RR_median_class,RR_p10_class,RR_iqr_class,repair_conc20,repair_spread,repair_spread_z,n_repaired,cov0.3,cov0.5,cov0.7,n_classes_est,Reg_overall,Reg_macro,Reg_max_class,n_classes_hit,frac_classes_hit,reg_conc20,reg_spread,reg_spread_z,n_regressed
Always Patch (ungated),gtsrb/convnext_tiny,101,25,0.6830555555555555,1.0,0.0,0.75,0.645,0.7740884090446118,-8.28465945846688,200,1.0,1.0,1.0,12,0.01588603054217485,0.02192704262799442,0.49606299212598426,17,0.3953488372093023,0.9290322580645162,0.4845720800969144,-8.552065397872248,155
Always Patch (ungated),gtsrb/convnext_tiny,202,23,0.7856766421983813,1.0,0.10000000000000009,0.35,0.642512077294686,0.8770968095603553,-6.3710666806212854,207,1.0,1.0,1.0,13,0.014656144306651634,0.019007702788234083,0.49206349206349204,15,0.3488372093023256,0.9440559440559441,0.43193434597941116,-9.69759445074195,143
Always Patch (ungated),gtsrb/convnext_tiny,303,25,0.6914285714285714,1.0,0.0,1.0,0.6732673267326733,0.7371762055902529,-8.439742200665975,202,1.0,1.0,0.9090909090909091,11,0.020805575484267706,0.033206050827766946,0.6929133858267716,15,0.3488372093023256,0.9458128078817734,0.40128410914927765,-12.356157683080216,203
Always Patch (ungated),gtsrb/densenet121,101,22,0.7613636363636364,1.0,0.028571428571428595,0.33333333333333337,0.5441176470588235,0.9325153374233128,-1.271527612467685,68,0.8571428571428571,0.8571428571428571,0.7142857142857143,7,0.0047131969514641,0.01112540891010924,0.2987012987012987,6,0.13953488372093023,1.0,0.25094102885821834,-8.076996561646718,47
Always Patch (ungated),gtsrb/densenet121,202,23,0.6086956521739131,0.6,0.0,0.8,0.6935483870967742,0.8227465214761039,-2.719616254180149,62,1.0,0.8333333333333334,0.6666666666666666,6,0.00210589651022864,0.00627342679704865,0.2542372881355932,4,0.09302325581395349,1.0,0.26702269692923897,-6.682710235471292,21
Always Patch (ungated),gtsrb/densenet121,303,21,0.7285714285714286,1.0,0.0,0.5,0.5714285714285714,0.8563153255257525,-2.94096585449786,70,1.0,1.0,0.8571428571428571,7,0.0031087043722422786,0.006860531524173012,0.17333333333333334,11,0.2558139534883721,0.9354838709677419,0.5746375865221367,-3.8417449370547114,31
Always Patch (ungated),gtsrb/resnet50,101,20,0.5583333333333333,0.5833333333333333,0.0,1.0,0.59375,0.7732342007434945,-3.0550449897891516,32,1.0,1.0,1.0,2,0.006582227984442007,0.017328271134745995,0.5909090909090909,11,0.2558139534883721,0.9545454545454546,0.3938417472252059,-7.109869000848067,66
Always Patch (ungated),gtsrb/resnet50,202,20,0.5390476190476191,0.6904761904761905,0.0,1.0,0.6,0.7671408023014225,-2.715190192227703,30,1.0,1.0,0.75,4,0.003091652538147003,0.0035029066919653384,0.047619047619047616,6,0.13953488372093023,1.0,0.31405391258832765,-6.269706998589969,31
Always Patch (ungated),gtsrb/resnet50,303,20,0.5166666666666666,0.6666666666666666,0.0,1.0,0.6551724137931034,0.6991895757190529,-3.3838604318020993,29,0.6666666666666666,0.6666666666666666,0.6666666666666666,3,0.005584920714072006,0.008261173043903162,0.0975609756097561,11,0.2558139534883721,0.9464285714285714,0.4261088514429595,-6.480765427526323,56
Always Patch (ungated),gtsrb/vgg16,101,29,0.5393461650267458,0.6666666666666666,0.0,0.7032967032967032,0.5769230769230769,0.8021146659374716,-4.864742475184701,130,0.9411764705882353,0.7647058823529411,0.5882352941176471,17,0.013876135088256301,0.021024986145966176,0.4,20,0.46511627906976744,0.8088235294117647,0.5772005772005773,-6.858611225693251,136
Always Patch (ungated),gtsrb/vgg16,202,29,0.47645544111061355,0.5,0.0,0.8333333333333334,0.5691056910569106,0.7024678805804603,-7.030479350318048,123,0.8421052631578947,0.6842105263157895,0.5789473684210527,19,0.019385776961534536,0.030620182851738023,0.7045454545454546,23,0.5348837209302325,0.8368421052631579,0.6158377401432493,-7.533864375402122,190
Always Patch (ungated),gtsrb/vgg16,303,30,0.5434629912571088,0.5777777777777777,0.0,0.6014610389610389,0.5538461538461539,0.8623012665049852,-2.9750953944295735,130,0.8823529411764706,0.8235294117647058,0.5882352941176471,17,0.013978165493317008,0.01490567099536808,0.15,23,0.5348837209302325,0.7883211678832117,0.6641640196361536,-5.423635674275543,137
Always Patch (ungated),lisa_signs/convnext_tiny,101,6,0.4523809523809524,0.35714285714285715,0.0,0.9285714285714286,0.7142857142857143,0.7393715341959335,-1.3175652212225029,7,1.0,1.0,1.0,1,0.03370194839389152,0.02820165650267446,0.9387755102040817,9,0.16981132075471697,1.0,0.3867225265871737,-5.832440496391781,64
Always Patch (ungated),lisa_signs/convnext_tiny,202,8,0.35,0.0,0.0,0.8500000000000001,0.8571428571428571,0.5937654626422563,-2.370427837707582,7,1.0,1.0,1.0,1,0.03264876250658241,0.042628357184841294,1.0,8,0.15384615384615385,1.0,0.34564700799308706,-6.346897719078155,62
Always Patch (ungated),lisa_signs/convnext_tiny,303,9,0.3888888888888889,0.0,0.0,1.0,0.75,0.653327888934259,-2.399425445807345,8,,,,0,0.00421274354923644,0.0028312575156602283,0.045454545454545456,7,0.12962962962962962,1.0,1.0765090349865436,0.5064433056057577,8
Always Patch (ungated),lisa_signs/densenet121,101,10,0.25,0.0,0.0,0.4583333333333333,0.6,0.9340338587273789,-0.40452452553387097,5,,,,0,0.0031678986272439284,0.0025533731685844965,0.09090909090909091,4,0.07692307692307693,1.0,0.7952286282306162,-1.2188708988361683,6
Always Patch (ungated),lisa_signs/densenet121,202,11,0.2121212121212121,0.0,0.0,0.16666666666666666,0.75,0.8086253369272237,-1.5106382978723403,4,,,,0,0.0015839493136219642,0.0022641509433962265,0.12,1,0.018867924528301886,1.0,0.35587188612099646,-4.470839693568622,3
Always Patch (ungated),lisa_signs/densenet121,303,12,0.16666666666666666,0.0,0.0,0.08333333333333333,0.75,0.8163265306122449,-1.3005442373195375,4,,,,0,0.0021119324181626186,0.0014729270584833368,0.041666666666666664,3,0.05660377358490566,1.0,0.837404047452896,-0.9871552146349879,4
Always Patch (ungated),lisa_signs/resnet50,101,13,0.2700854700854701,0.0,0.0,0.5,0.7857142857142857,0.7458048477315102,-1.6792926899046319,14,1.0,0.3333333333333333,0.3333333333333333,3,0.0026795284030010718,0.0025342801220840094,0.058823529411764705,4,0.07692307692307693,1.0,0.9101251422070535,-0.5830456780137132,5
Always Patch (ungated),lisa_signs/resnet50,202,11,0.5447330447330448,0.5,0.0,0.21825396825396826,0.47368421052631576,1.0398613518197575,0.3357316437893409,19,1.0,0.5,0.5,2,0.0053590568060021436,0.004076796460399699,0.15789473684210525,3,0.057692307692307696,1.0,0.39460703715882933,-3.9045006400248568,10
Always Patch (ungated),lisa_signs/resnet50,303,17,0.2738095238095238,0.0,0.0,0.5,0.6363636363636364,0.841852074564041,-1.1485811326913846,11,1.0,1.0,0.0,1,0.0026795284030010718,0.02015460161387613,1.0,5,0.09433962264150944,1.0,1.1474469305794608,0.9276648518549522,5
Always Patch (ungated),lisa_signs/vgg16,101,21,0.07936507936507936,0.0,0.0,0.0,1.0,1.0498687664041995,0.3995599761448561,3,0.0,0.0,0.0,1,0.001609442060085837,0.0013209690163101756,0.041666666666666664,3,0.057692307692307696,1.0,1.0676156583629892,0.4693146639657668,3
Always Patch (ungated),lisa_signs/vgg16,202,18,0.23148148148148145,0.0,0.0,0.375,0.8571428571428571,0.8435259384226065,-1.0658499508977042,7,0.0,0.0,0.0,2,0.002145922746781116,0.0017904533391500342,0.08333333333333333,2,0.03773584905660377,1.0,0.5582693649685974,-2.68184227838604,4
Always Patch (ungated),lisa_signs/vgg16,303,17,0.3137254901960784,0.0,0.0,0.5,0.4444444444444444,1.0936431989063566,0.70623248059957,9,0.0,0.0,0.0,1,0.001609442060085837,0.0012603655034410302,0.041666666666666664,3,0.05660377358490566,1.0,1.068566340160285,0.48058402655862775,3
Always Patch (ungated),tt100k_signs/convnext_tiny,101,87,0.3410949287261131,0.0,0.0,1.0,0.8240740740740741,0.602694907228034,-7.471077017837789,108,0.9090909090909091,0.8181818181818182,0.8181818181818182,11,0.1397481522036682,0.24132927638397683,1.0,62,0.5210084033613446,0.921645445641528,0.6850450251367328,-8.847547268935163,1021
Always Patch (ungated),tt100k_signs/convnext_tiny,202,85,0.4412870789341377,0.0,0.0,1.0,0.7769784172661871,0.6405368308677749,-8.575105541267561,139,1.0,1.0,0.8888888888888888,9,0.0828086504243088,0.2027438983215659,1.0,59,0.49166666666666664,0.8975206611570248,0.7420450257829203,-6.326541605663338,605
Always Patch (ungated),tt100k_signs/convnext_tiny,303,84,0.4310606060606061,0.0,0.0,1.0,0.7898550724637681,0.6189076280365156,-8.416836752521256,138,1.0,1.0,0.8888888888888888,9,0.10552970161511087,0.23709727883012194,1.0,52,0.4406779661016949,0.9312581063553826,0.6159860218556579,-10.208935580240892,771
Always Patch (ungated),tt100k_signs/densenet121,101,92,0.3116871148700071,0.0,0.0,0.8333333333333334,0.8838709677419355,0.5577911470576516,-8.136871542274328,155,0.6842105263157895,0.5789473684210527,0.47368421052631576,19,0.019706498951781972,0.04929452015767351,1.0,18,0.16071428571428573,1.0,0.3978779840848806,-7.761534293182416,141
Always Patch (ungated),tt100k_signs/densenet121,202,82,0.3577341357829163,0.0,0.0,0.8511904761904762,0.8404907975460123,0.6598705638509369,-6.318544353252939,163,0.7,0.55,0.45,20,0.016212438853948286,0.0372546146468781,1.0,13,0.11711711711711711,1.0,0.3145985843063706,-8.903764232928474,116
Always Patch (ungated),tt100k_signs/densenet121,303,86,0.3161200836766932,0.0,0.0,0.65625,0.8193548387096774,0.5789410203835484,-8.232760429808497,155,0.7222222222222222,0.6666666666666666,0.3888888888888889,18,0.01872816212438854,0.03167638440012205,1.0,17,0.1504424778761062,1.0,0.3880171184022825,-7.669376573336163,134
Always Patch (ungated),tt100k_signs/resnet50,101,91,0.3281628627782474,0.0,0.0,0.775,0.8319327731092437,0.6364626078217905,-6.811819504529562,119,0.6875,0.5625,0.5,16,0.07967412317039492,0.053470229322201884,1.0,27,0.23076923076923078,0.9930675909878682,0.3456884962550413,-14.383524906892792,577
Always Patch (ungated),tt100k_signs/resnet50,202,92,0.27827812284334025,0.0,0.0,0.5416666666666666,0.8571428571428571,0.5923168048739211,-7.233255854949762,119,0.7692307692307693,0.6153846153846154,0.5384615384615384,13,0.061309030654515324,0.05046042169490147,0.9791666666666666,30,0.2564102564102564,0.9842342342342343,0.4145364101146884,-12.319723767734246,444
Always Patch (ungated),tt100k_signs/resnet50,303,89,0.3168098700154219,0.0,0.0,0.6666666666666666,0.8155339805825242,0.6895266492732017,-5.258006491899823,103,0.5714285714285714,0.5,0.35714285714285715,14,0.06655619994476664,0.04758828936049968,1.0,28,0.2413793103448276,0.9896265560165975,0.37691401648998824,-13.724325358780352,482
Always Patch (ungated),tt100k_signs/vgg16,101,100,0.25002922077922074,0.0,0.0,0.5,0.776595744680851,0.7337093593800156,-4.354548021792575,94,0.6190476190476191,0.3333333333333333,0.19047619047619047,21,0.040112201963534364,0.10107089982996612,1.0,50,0.43478260869565216,0.8496503496503497,0.8153281695882593,-3.110703256323828,286
Always Patch (ungated),tt100k_signs/vgg16,202,103,0.2575170334879072,0.0,0.0,0.4772727272727273,0.7767857142857143,0.6693331156640274,-6.49847427165892,112,0.6190476190476191,0.38095238095238093,0.23809523809523808,21,0.05245441795231417,0.10432298292058942,1.0,59,0.5042735042735043,0.8342245989304813,0.8769648099290253,-2.28956613358986,374
Always Patch (ungated),tt100k_signs/vgg16,303,102,0.2293754538852578,0.0,0.0,0.5,0.8349514563106796,0.5851224024437465,-7.355817645773519,103,0.5652173913043478,0.43478260869565216,0.2608695652173913,23,0.06718092566619915,0.09375389805367952,1.0,51,0.4434782608695652,0.9102296450939458,0.6958420029334516,-6.157551566200878,479
Arachne,gtsrb/convnext_tiny,101,25,0.13892998760608394,0.0,0.0,0.08695652173913043,0.8974358974358975,0.540084388185654,-4.121343825044136,39,0.25,0.16666666666666666,0.16666666666666666,12,0.005739469099108332,0.004394493224624821,0.04310344827586207,9,0.20930232558139536,1.0,0.35412158174306513,-7.7058297211820985,56
Arachne,gtsrb/convnext_tiny,202,23,0.14949585008160374,0.0,0.0,0.09523809523809523,0.8809523809523809,0.5483207676490747,-3.9980533744668723,42,0.23076923076923078,0.15384615384615385,0.15384615384615385,13,0.005636978579481398,0.00457531411637256,0.04143646408839779,7,0.16279069767441862,1.0,0.2749410840534171,-8.60851664359557,55
Arachne,gtsrb/convnext_tiny,303,25,0.14020045172219084,0.0,0.0,0.09090909090909091,0.8936170212765957,0.5324459234608985,-3.927477946981769,47,0.18181818181818182,0.18181818181818182,0.18181818181818182,11,0.006456902736496874,0.0058023297182251835,0.04437869822485207,9,0.20930232558139536,1.0,0.3376477208778841,-8.23977320166317,63
Arachne,gtsrb/densenet121,101,22,0.19985569985569987,0.0,0.0,0.24206349206349204,0.8888888888888888,0.5102970657918717,-4.233564923113348,27,0.42857142857142855,0.42857142857142855,0.2857142857142857,7,0.0094263939029282,0.008109963948057769,0.19387755102040816,8,0.18604651162790697,1.0,0.25304444092993833,-10.369056608623408,94
Arachne,gtsrb/densenet121,202,23,0.2681159420289855,0.0,0.0,0.5,0.8787878787878788,0.5723370429252782,-4.275230444357556,33,0.5,0.3333333333333333,0.3333333333333333,6,0.010830324909747292,0.007705630880954986,0.26301369863013696,8,0.18604651162790697,1.0,0.24526711121330574,-10.86233637673805,108
Arachne,gtsrb/densenet121,303,21,0.19126984126984126,0.0,0.0,0.4,0.90625,0.4238036376478898,-4.994466411806877,32,0.7142857142857143,0.5714285714285714,0.2857142857142857,7,0.0013036502206177295,0.0013260489568066912,0.01639344262295082,8,0.18604651162790697,1.0,0.7586533902323376,-2.0555131073791633,13
Arachne,gtsrb/resnet50,101,20,0.20833333333333334,0.0,0.0,0.08333333333333333,0.9375,0.44296788482835,-5.177319801023307,16,0.5,0.5,0.5,2,0.01914829959110402,0.04517970025577015,1.0,9,0.20930232558139536,1.0,0.23861602704314971,-16.08452848914512,192
Arachne,gtsrb/resnet50,202,20,0.15,0.0,0.0,0.0,1.0,0.6764374295377679,-2.125576065654335,5,0.0,0.0,0.0,4,0.01914829959110402,0.015274485626945767,0.3246753246753247,8,0.18604651162790697,1.0,0.21279425455512702,-16.036057926142036,192
Arachne,gtsrb/resnet50,303,20,0.22857142857142856,0.0,0.0,0.14285714285714285,0.9285714285714286,0.48959608323133413,-3.845482681337994,14,0.3333333333333333,0.3333333333333333,0.0,3,0.022738605764436023,0.025232042416736697,0.375,11,0.2558139534883721,0.9868421052631579,0.28241335044929394,-16.986252656684254,228
Arachne,gtsrb/vgg16,101,29,0.0755336617405583,0.0,0.0,0.0,1.0,0.2251829611559392,-6.422160926669832,20,0.17647058823529413,0.17647058823529413,0.11764705882352941,17,0.004693398632792572,0.004097251679955087,0.10185185185185185,6,0.13953488372093023,1.0,0.2554278416347382,-8.235810654107665,46
Arachne,gtsrb/vgg16,202,29,0.07478728168383342,0.0,0.0,0.0,1.0,0.20225855385133998,-7.269409955127149,23,0.15789473684210525,0.10526315789473684,0.10526315789473684,19,0.005509641873278237,0.004918749639098094,0.11214953271028037,9,0.20930232558139536,1.0,0.35590706870983685,-7.545165172910645,54
Arachne,gtsrb/vgg16,303,30,0.06896825396825397,0.0,0.0,0.0,1.0,0.24577572964669742,-6.867972564971338,28,0.17647058823529413,0.11764705882352941,0.058823529411764705,17,0.007040097949188858,0.006915469467255634,0.11041009463722397,15,0.3488372093023256,0.9130434782608695,0.5340929321701976,-5.613876670074072,69
Arachne,lisa_signs/convnext_tiny,101,6,0.28571428571428575,0.0,0.0,0.5357142857142857,0.8333333333333334,0.5412719891745602,-2.0088029172703834,6,1.0,1.0,1.0,1,0.00210637177461822,0.00184602525562791,0.043478260869565216,4,0.07547169811320754,1.0,1.1173184357541899,0.7113537069458076,4
Arachne,lisa_signs/convnext_tiny,202,8,0.1625,0.0,0.0,0.125,1.0,0.506649778340722,-2.60305197561589,5,1.0,1.0,1.0,1,0.001579778830963665,0.002336187639612807,0.058823529411764705,3,0.057692307692307696,1.0,1.0771992818671454,0.5084931028356037,3
Arachne,lisa_signs/convnext_tiny,303,9,0.1111111111111111,0.0,0.0,0.0,1.0,0.28673835125448033,-4.090288559322109,4,,,,0,0.001579778830963665,0.0010377140006769636,0.045454545454545456,2,0.037037037037037035,1.0,0.7136485280999108,-1.9846981435989055,3
Arachne,lisa_signs/densenet121,101,10,0.1,0.0,0.0,0.0,1.0,1.0,0.0,1,,,,0,0.0015839493136219642,0.002622377622377622,0.13636363636363635,1,0.019230769230769232,1.0,0.3561887800534283,-4.512496768855689,3
Arachne,lisa_signs/densenet121,202,11,0.37878787878787873,0.0,0.0,0.8333333333333333,0.5,0.9519276534983341,-0.39019995364037785,6,,,,0,0.0005279831045406547,0.0007547169811320754,0.04,1,0.018867924528301886,1.0,1.0,0.0,1
Arachne,lisa_signs/densenet121,303,12,0.027777777777777776,0.0,0.0,0.0,1.0,1.0,0.0,1,,,,0,0.0,0.0,0.0,0,0.0,,,,0
Arachne,lisa_signs/resnet50,101,13,0.09914529914529915,0.0,0.0,0.0,1.0,0.4936240230357878,-2.8372868773266515,9,1.0,0.3333333333333333,0.0,3,0.003215434083601286,0.00309494427141486,0.11764705882352941,3,0.057692307692307696,1.0,0.5896805896805897,-2.477679358452539,6
Arachne,lisa_signs/resnet50,202,11,0.15584415584415584,0.0,0.0,0.16666666666666666,0.9166666666666666,0.4362050163576881,-3.4856220910220634,12,1.0,1.0,0.5,2,0.010182207931404072,0.03469393282773565,1.0,5,0.09615384615384616,1.0,0.4289084280506112,-3.859699988394401,19
Arachne,lisa_signs/resnet50,303,17,0.06582633053221289,0.0,0.0,0.0,1.0,0.686106346483705,-2.060374795469748,5,0.0,0.0,0.0,1,0.0021436227224008574,0.010431195774039769,0.5,4,0.07547169811320754,1.0,1.1180992313067784,0.7002929431453668,4
Arachne,lisa_signs/vgg16,101,21,0.1746031746031746,0.0,0.0,0.0,0.8571428571428571,0.8244023083264632,-1.2813899161690017,7,0.0,0.0,0.0,1,0.009656652360515022,0.0324900353524391,1.0,8,0.15384615384615385,1.0,0.7042253521126761,-2.0736790349157617,18
Arachne,lisa_signs/vgg16,202,18,0.1111111111111111,0.0,0.0,0.0,1.0,0.7042253521126761,-2.2105263157894735,3,0.0,0.0,0.0,2,0.0037553648068669528,0.021885975659560568,1.0,4,0.07547169811320754,1.0,0.700832238282961,-1.7929597333571028,7
Arachne,lisa_signs/vgg16,303,17,0.11764705882352941,0.0,0.0,0.0,1.0,0.8236101578586136,-1.2488241500274058,4,0.0,0.0,0.0,1,0.04935622317596566,0.12624710806213565,1.0,16,0.3018867924528302,0.9456521739130435,0.5738880918220947,-4.5175348112031255,92
Arachne,tt100k_signs/convnext_tiny,101,87,0.052681992337164744,0.0,0.0,0.0,1.0,0.8812999173781327,-1.1816470749572545,10,0.0,0.0,0.0,11,0.005064330687106488,0.012093072523126898,0.8214285714285714,3,0.025210084033613446,1.0,0.133973428603327,-8.444746966715478,37
Arachne,tt100k_signs/convnext_tiny,202,85,0.05658263305322129,0.0,0.0,0.0,1.0,0.7255765742420316,-2.5036160614278016,11,0.0,0.0,0.0,9,0.003969340268272652,0.009867216117216117,0.75,3,0.025,1.0,0.15706806282722513,-7.466196221738709,29
Arachne,tt100k_signs/convnext_tiny,303,84,0.06547619047619048,0.0,0.0,0.0,1.0,0.5639097744360902,-4.316699320552792,12,0.0,0.0,0.0,9,0.001368738023542294,0.003259452411994785,0.38461538461538464,1,0.00847457627118644,1.0,0.11638056444573756,-7.439896460348013,10
Arachne,tt100k_signs/densenet121,101,92,0.04829776792205904,0.0,0.0,0.0,1.0,0.21631365479945922,-8.67517817526507,42,0.21052631578947367,0.21052631578947367,0.15789473684210525,19,0.007127882599580713,0.010416666666666668,1.0,2,0.017857142857142856,1.0,0.07482929566925452,-8.609926959474073,51
Arachne,tt100k_signs/densenet121,202,82,0.03048780487804878,0.0,0.0,0.0,1.0,0.1894238358326756,-7.307619047056604,21,0.1,0.1,0.1,20,0.00880503144654088,0.012992237520539407,1.0,4,0.036036036036036036,1.0,0.1318934960019784,-9.493788857034762,63
Arachne,tt100k_signs/densenet121,303,86,0.05743166717003926,0.0,0.0,0.0,1.0,0.3398109801422958,-6.595526398569154,33,0.1111111111111111,0.1111111111111111,0.0,18,0.007966457023060796,0.020498328671155322,1.0,5,0.04424778761061947,1.0,0.17533093714385906,-9.19277198490244,57
Arachne,tt100k_signs/resnet50,101,91,0.024175824175824177,0.0,0.0,0.0,1.0,0.2831524303916942,-6.916057984153618,12,0.0625,0.0625,0.0625,16,0.005523336095001381,0.046278185926912664,1.0,16,0.13675213675213677,1.0,0.6858857571535741,-2.9089192933516896,40
Arachne,tt100k_signs/resnet50,202,92,0.012422360248447204,0.0,0.0,0.0,1.0,0.2077922077922078,-6.891005893599664,11,0.07692307692307693,0.07692307692307693,0.07692307692307693,13,0.003728251864125932,0.04811267040832153,1.0,14,0.11965811965811966,1.0,0.7749792416274564,-1.9904541087768601,27
Arachne,tt100k_signs/resnet50,303,89,0.034880849487591056,0.0,0.0,0.0,1.0,0.3830806065442937,-5.994049320980051,19,0.14285714285714285,0.07142857142857142,0.07142857142857142,14,0.004971002485501243,0.022190637464506523,1.0,12,0.10344827586206896,1.0,0.5499541704857929,-4.236617286478535,36
Arachne,tt100k_signs/vgg16,101,100,0.024916666666666667,0.0,0.0,0.0,1.0,0.26157467957101754,-8.651575689260202,23,0.09523809523809523,0.09523809523809523,0.047619047619047616,21,0.009256661991584854,0.0343747978998564,1.0,9,0.0782608695652174,1.0,0.2902523583004112,-7.453772505836928,66
Arachne,tt100k_signs/vgg16,202,103,0.02686983099604459,0.0,0.0,0.0,1.0,0.20134903855834088,-9.724333286524745,31,0.19047619047619047,0.14285714285714285,0.14285714285714285,21,0.009537166900420757,0.043434425918987024,1.0,10,0.08547008547008547,1.0,0.3163305654408857,-7.557860628828759,68
Arachne,tt100k_signs/vgg16,303,102,0.045142031171442935,0.0,0.0,0.0,1.0,0.28808066258552395,-9.565021803236668,36,0.21739130434782608,0.13043478260869565,0.13043478260869565,23,0.0091164095371669,0.021177173965649394,1.0,6,0.05217391304347826,1.0,0.1942533387292594,-8.521395747672472,65
DistrRep,gtsrb/convnext_tiny,101,25,0.6235939385748194,0.7,0.0,0.4696969696969697,0.5869565217391305,0.9425493716337522,-0.9657695992422055,138,0.8333333333333334,0.8333333333333334,0.5833333333333334,12,0.01978067028799836,0.027106528521853825,0.3380281690140845,25,0.5813953488372093,0.8860103626943006,0.6767273465520741,-6.540332585795645,193
DistrRep,gtsrb/densenet121,101,22,0.46915584415584416,0.5,0.0,0.9722222222222222,0.5897435897435898,0.8,-1.9327783587126708,39,0.5714285714285714,0.5714285714285714,0.2857142857142857,7,0.010730044123545928,0.020210065183980535,0.25757575757575757,22,0.5116279069767442,0.7850467289719626,0.6795366795366795,-4.4241662446026835,107
DistrRep,gtsrb/resnet50,101,20,0.4583333333333333,0.5,0.0,1.0,0.6363636363636364,0.7962359753890699,-2.0232565768921362,22,1.0,1.0,0.0,2,0.00997307270370001,0.01821668157665416,0.2923076923076923,20,0.46511627906976744,0.85,0.6250488319399954,-5.140346422090834,100
DistrRep,gtsrb/vgg16,101,29,0.3337154174722233,0.2,0.0,0.5,0.62,0.9328358208955223,-0.8230049611044175,50,0.4117647058823529,0.23529411764705882,0.11764705882352941,17,0.012855831037649219,0.015890219464933433,0.26956521739130435,21,0.4883720930232558,0.753968253968254,0.6220379146919431,-6.434604089880769,126
DistrRep,lisa_signs/convnext_tiny,101,6,0.6785714285714285,0.7857142857142857,0.25,0.4821428571428572,0.5,1.1389521640091116,0.7077251935053207,8,1.0,1.0,0.0,1,0.03370194839389152,0.08512048670179062,1.0,25,0.4716981132075472,0.609375,1.074229240519927,0.7059408623238252,64
DistrRep,lisa_signs/densenet121,101,10,0.06666666666666667,0.0,0.0,0.0,1.0,1.0443864229765012,0.3047887380849035,2,,,,0,0.0010559662090813093,0.0001380382531607159,0.004219409282700422,2,0.038461538461538464,1.0,1.034928848641656,0.2690465740001775,2
DistrRep,lisa_signs/resnet50,101,13,0.1111111111111111,0.0,0.0,0.0,1.0,0.8948545861297539,-0.5207278986468254,4,0.3333333333333333,0.0,0.0,3,0.008038585209003215,0.008832437903255738,0.1111111111111111,10,0.19230769230769232,1.0,0.9844942160964804,-0.10301174646148398,15
DistrRep,lisa_signs/vgg16,101,21,0.31746031746031744,0.0,0.0,0.6666666666666666,0.6666666666666666,0.8441044579266685,-1.264857831801987,12,1.0,1.0,0.0,1,0.004828326180257511,0.02954050521680027,1.0,7,0.1346153846153846,1.0,0.9873060648801129,-0.08076053660350263,9
DistrRep,tt100k_signs/convnext_tiny,101,87,0.13130934532733632,0.0,0.0,0.0,0.96875,0.7360457984052342,-2.957720255953386,32,0.18181818181818182,0.18181818181818182,0.09090909090909091,11,0.021489186969614014,0.08638429314876023,1.0,53,0.44537815126050423,0.7707006369426752,1.078386489648507,1.1127821566574434,157
DistrRep,tt100k_signs/densenet121,101,92,0.08656665797970145,0.0,0.0,0.0,1.0,0.3486890632334205,-8.55968291171742,65,0.3157894736842105,0.2631578947368421,0.10526315789473684,19,0.01509433962264151,0.04365304359921894,1.0,35,0.3125,0.8796296296296297,0.8770830722967047,-1.3993752808473297,108
DistrRep,tt100k_signs/resnet50,101,91,0.11495994847643198,0.0,0.0,0.0,1.0,0.7171671896010758,-3.1129100626881994,29,0.125,0.125,0.0,16,0.005937586302126484,0.009653949394398748,0.40816326530612246,13,0.1111111111111111,1.0,0.53696819496076,-4.206771415445268,43
DistrRep,tt100k_signs/vgg16,101,100,0.08467532467532467,0.0,0.0,0.0,0.972972972972973,0.739566825145272,-3.2019363198044175,37,0.19047619047619047,0.09523809523809523,0.0,21,0.022300140252454418,0.055832802598080176,1.0,55,0.4782608695652174,0.7484276729559748,1.145773657621999,2.0097726077406555,159
DynaPatch (gated),gtsrb/convnext_tiny,101,25,0.6792369021132666,0.8888888888888888,0.0,0.5,0.632768361581921,0.8384865318100828,-4.128549199949098,177,1.0,0.9166666666666666,0.9166666666666666,12,0.0,0.0,0.0,0,0.0,,,,0
DynaPatch (gated),gtsrb/convnext_tiny,202,23,0.734113631294692,0.95,0.10000000000000009,0.48809523809523814,0.6613756613756614,0.8909678137877268,-3.4196713225141697,189,1.0,1.0,0.8461538461538461,13,0.00040996207850773806,0.00036578327013136086,0.01020408163265306,4,0.09302325581395349,1.0,1.0526315789473684,0.458831467741124,4
DynaPatch (gated),gtsrb/convnext_tiny,303,25,0.5448051948051948,0.6666666666666666,0.0,1.0,0.712707182320442,0.6789010289593721,-6.864122053318625,181,0.9090909090909091,0.8181818181818182,0.7272727272727273,11,0.0013323767551501487,0.0009525101470065081,0.02197802197802198,4,0.09302325581395349,1.0,0.3826835685242765,-5.477386324872919,13
DynaPatch (gated),gtsrb/densenet121,101,22,0.7386363636363636,1.0,0.028571428571428595,0.33333333333333337,0.5522388059701493,0.9403612967087356,-1.139648703828868,67,0.8571428571428571,0.8571428571428571,0.7142857142857143,7,0.00030084235860409147,0.0007615803209438461,0.012987012987012988,3,0.06976744186046512,1.0,1.0407632263660018,0.34847335047837386,3
DynaPatch (gated),gtsrb/densenet121,202,23,0.6847826086956522,1.0,0.0,0.675,0.671875,0.8613470510826654,-2.4341059462459924,64,1.0,0.8333333333333334,0.6666666666666666,6,0.0,0.0,0.0,0,0.0,,,,0
DynaPatch (gated),gtsrb/densenet121,303,21,0.7301587301587301,1.0,0.0,0.33333333333333337,0.5714285714285714,0.8059438357889435,-3.9719793004217374,70,1.0,1.0,0.8571428571428571,7,0.00010028078620136381,6.496037417175523e-05,0.002793296089385475,1,0.023255813953488372,1.0,1.0,0.0,1
DynaPatch (gated),gtsrb/resnet50,101,20,0.5583333333333333,0.5833333333333333,0.0,1.0,0.59375,0.7732342007434945,-3.0550449897891516,32,1.0,1.0,1.0,2,0.0001994614540740002,0.0005744106817452077,0.022727272727272728,2,0.046511627906976744,1.0,1.019108280254777,0.19738550848793115,2
DynaPatch (gated),gtsrb/resnet50,202,20,0.6769047619047619,1.0,0.0,0.625,0.5588235294117647,0.8845643520566121,-1.528227494568195,34,1.0,1.0,0.75,4,0.0003989229081480004,0.0003310444630818099,0.008620689655172414,3,0.06976744186046512,1.0,0.7905138339920948,-1.8585371678895297,4
DynaPatch (gated),gtsrb/resnet50,303,20,0.5900000000000001,1.0,0.0,1.0,0.6,0.748013090229079,-2.9018270514254536,30,0.6666666666666666,0.6666666666666666,0.6666666666666666,3,0.0005983843622220006,0.0006589538855344519,0.024390243902439025,2,0.046511627906976744,1.0,0.36330608537693004,-5.284136433370031,6
DynaPatch (gated),gtsrb/vgg16,101,29,0.4834750548906629,0.6363636363636364,0.0,0.8,0.5862068965517241,0.7807417046193884,-4.703731703803298,116,0.8235294117647058,0.7058823529411765,0.5294117647058824,17,0.0005101520253035404,0.0012682282327850108,0.044444444444444446,4,0.09302325581395349,1.0,0.8588298443370908,-1.2101582840927365,5
DynaPatch (gated),gtsrb/vgg16,202,29,0.42930460344253446,0.5,0.0,0.7272727272727273,0.5826086956521739,0.709749719835637,-6.783245744746793,115,0.7368421052631579,0.7368421052631579,0.5263157894736842,19,0.0007142128354249566,0.0013650931023274507,0.045454545454545456,5,0.11627906976744186,1.0,0.8012820512820512,-1.653480315894262,7
DynaPatch (gated),gtsrb/vgg16,303,30,0.42727682992388877,0.3484848484848485,0.0,0.7410714285714286,0.6330275229357798,0.7860016842893235,-4.045216014044207,109,0.7647058823529411,0.5294117647058824,0.4117647058823529,17,0.0008162432404856647,0.0007444297985203436,0.015384615384615385,6,0.13953488372093023,1.0,0.852575488454707,-1.2175638805885978,8
DynaPatch (gated),lisa_signs/convnext_tiny,101,6,0.11904761904761905,0.0,0.0,0.0,1.0,0.30143180105501133,-2.8068880184669904,5,1.0,1.0,1.0,1,0.000526592943654555,0.000725689404934688,0.038461538461538464,1,0.018867924528301886,1.0,1.0,0.0,1
DynaPatch (gated),lisa_signs/convnext_tiny,303,9,0.25,0.0,0.0,0.5,0.8,0.7172743574417214,-1.657141590409788,5,,,,0,0.001579778830963665,0.0015106015106015108,0.045454545454545456,3,0.05555555555555555,1.0,1.070472792149866,0.48844596057418477,3
DynaPatch (gated),lisa_signs/densenet121,101,10,0.3,0.0,0.0,0.75,0.8571428571428571,0.5417607223476298,-3.3504554348344593,7,,,,0,0.004223864836325237,0.004301624916836245,0.18181818181818182,4,0.07692307692307693,1.0,0.6191950464396285,-2.526034829767358,8
DynaPatch (gated),lisa_signs/densenet121,202,11,0.3333333333333333,0.0,0.0,0.8333333333333333,0.5714285714285714,0.6694560669456068,-2.6525603975986445,7,,,,0,0.0010559662090813093,0.0015094339622641509,0.08,1,0.018867924528301886,1.0,0.5194805194805194,-3.5118845842842465,2
DynaPatch (gated),lisa_signs/densenet121,303,12,0.27777777777777773,0.0,0.0,0.5,0.5,1.08843537414966,0.6261879661168148,4,,,,0,0.0,0.0,0.0,0,0.0,,,,0
DynaPatch (gated),lisa_signs/resnet50,101,13,0.4794871794871795,0.4,0.0,1.0,0.6842105263157895,0.8324661810613945,-1.3816307226833733,19,1.0,0.3333333333333333,0.3333333333333333,3,0.0037513397642015005,0.00965884940089376,0.3333333333333333,5,0.09615384615384616,1.0,0.8635578583765112,-0.8666679010393894,7
DynaPatch (gated),lisa_signs/resnet50,202,11,0.5202020202020202,0.5555555555555556,0.0,1.0,0.6666666666666666,0.8365700627427547,-1.229319021944155,18,1.0,1.0,0.5,2,0.0005359056806002144,0.0010121457489878543,0.05263157894736842,1,0.019230769230769232,1.0,1.0,0.0,1
DynaPatch (gated),lisa_signs/resnet50,303,17,0.3473389355742297,0.0,0.0,0.5714285714285714,0.6153846153846154,0.8549292011755276,-1.073300704066786,13,1.0,1.0,0.0,1,0.0026795284030010718,0.020448222843674826,1.0,5,0.09433962264150944,1.0,1.1474469305794608,0.9276648518549522,5
DynaPatch (gated),lisa_signs/vgg16,202,18,0.31481481481481477,0.0,0.0,0.625,0.7272727272727273,0.8330853912526034,-1.1893737504415818,11,0.5,0.5,0.0,2,0.000536480686695279,0.0007861635220125786,0.041666666666666664,1,0.018867924528301886,1.0,1.0,0.0,1
DynaPatch (gated),tt100k_signs/convnext_tiny,101,87,0.1906213559886723,0.0,0.0,0.25,0.84,0.7259001161440186,-3.64117978929659,50,0.2727272727272727,0.2727272727272727,0.2727272727272727,11,0.0005474952094169176,0.000280596210828769,0.023255813953488372,2,0.01680672268907563,1.0,0.5273566249176005,-4.17375730921705,4
DynaPatch (gated),tt100k_signs/convnext_tiny,202,85,0.28823565323565326,0.0,0.0,0.6,0.8133333333333334,0.7097882083571838,-4.223973464520347,75,0.5555555555555556,0.3333333333333333,0.2222222222222222,9,0.0009581166164796058,0.002853847381774645,0.25,5,0.041666666666666664,1.0,0.8045052292839904,-1.5508567350871787,7
DynaPatch (gated),tt100k_signs/convnext_tiny,303,84,0.2969364699627858,0.0,0.0,0.75,0.8051948051948052,0.7171270099165219,-4.326938861785658,77,0.4444444444444444,0.3333333333333333,0.3333333333333333,9,0.0002737476047084588,0.0033898305084745766,0.4,1,0.00847457627118644,1.0,0.5095541401273885,-5.06622805119022,2
DynaPatch (gated),tt100k_signs/densenet121,101,92,0.3367319448037785,0.0,0.0,0.8607692307692307,0.8414634146341463,0.5722239406124343,-8.123216649023442,164,0.7894736842105263,0.631578947368421,0.47368421052631576,19,0.0015373864430468203,0.021324898357035087,1.0,9,0.08035714285714286,1.0,0.9881965413121054,-0.09066183219520355,11
DynaPatch (gated),tt100k_signs/densenet121,202,82,0.34897027092149047,0.0,0.0,0.8592657342657343,0.8493975903614458,0.6190914414791265,-7.238931200249953,166,0.7,0.65,0.5,20,0.0005590496156533892,0.018237113778515054,1.0,4,0.036036036036036036,1.0,1.0603048376408217,0.5142063658918608,4
DynaPatch (gated),tt100k_signs/densenet121,303,86,0.32752496862808983,0.0,0.0,0.7410714285714286,0.8037974683544303,0.5719278735403924,-8.494475556349986,158,0.7222222222222222,0.7222222222222222,0.5,18,0.0011180992313067784,0.0019141510469059854,0.2,7,0.061946902654867256,1.0,0.9922041105598867,-0.06635783727472579,8
DynaPatch (gated),tt100k_signs/resnet50,101,91,0.30008453085376163,0.0,0.0,0.6,0.8240740740740741,0.6427136799821468,-5.8314649459850205,108,0.6875,0.5625,0.375,16,0.00027616680475006904,8.380225625251097e-05,0.0049504950495049506,2,0.017094017094017096,1.0,1.0243277848911652,0.22331315770504812,2
DynaPatch (gated),tt100k_signs/resnet50,202,92,0.2521825396825397,0.0,0.0,0.5,0.84375,0.6418984633339817,-5.67014731556914,96,0.7692307692307693,0.5384615384615384,0.46153846153846156,13,0.00027616680475006904,0.0019943019943019944,0.16666666666666666,2,0.017094017094017096,1.0,1.0204081632653061,0.20412414523193165,2
DynaPatch (gated),tt100k_signs/resnet50,303,89,0.2511405426474825,0.0,0.0,0.5,0.8636363636363636,0.6109668550481137,-6.014635765974961,88,0.5,0.42857142857142855,0.2857142857142857,14,0.00027616680475006904,7.768318718118557e-05,0.00558659217877095,2,0.017241379310344827,1.0,1.0230179028132993,0.21707238158772618,2
DynaPatch (gated),tt100k_signs/vgg16,101,100,0.24848160173160172,0.0,0.0,0.5,0.7608695652173914,0.7824143070044709,-3.8471038843746643,92,0.47619047619047616,0.42857142857142855,0.14285714285714285,21,0.00042075736325385696,6.226508671444141e-05,0.0034482758620689655,3,0.02608695652173913,1.0,1.0507880910683012,0.403752508833348,3
DynaPatch (gated),tt100k_signs/vgg16,202,103,0.2601676730317507,0.0,0.0,0.4772727272727273,0.7757009345794392,0.7549385563897161,-4.2735664279981735,107,0.6666666666666666,0.42857142857142855,0.2857142857142857,21,0.0015427769985974754,0.0038900377712853076,0.25,10,0.08547008547008547,1.0,1.0961907371882706,0.7422875697961434,11
DynaPatch (gated),tt100k_signs/vgg16,303,102,0.23978758169934644,0.0,0.0,0.5,0.84375,0.6264542688383749,-6.342293270121948,96,0.43478260869565216,0.391304347826087,0.2608695652173913,23,0.0015427769985974754,0.00957002093291095,0.5,10,0.08695652173913043,1.0,1.0964912280701755,0.747590432633644,11
DynaPatch (ungated),gtsrb/convnext_tiny,101,25,0.7292369021132665,0.9,0.10000000000000009,0.5,0.6256983240223464,0.9219486642221058,-1.9702721570362933,179,1.0,0.9166666666666666,0.9166666666666666,12,0.0007174336373885415,0.00041588028587215324,0.014367816091954023,3,0.06976744186046512,1.0,0.4815409309791332,-4.062652039188236,7
DynaPatch (ungated),gtsrb/convnext_tiny,202,23,0.734113631294692,0.95,0.10000000000000009,0.48809523809523814,0.6613756613756614,0.8909678137877268,-3.4196713225141697,189,1.0,1.0,0.8461538461538461,13,0.0008199241570154761,0.0006227535900594091,0.011049723756906077,5,0.11627906976744186,1.0,0.7037297677691766,-2.5640719428721854,8
DynaPatch (ungated),gtsrb/convnext_tiny,303,25,0.5448051948051948,0.6666666666666666,0.0,1.0,0.712707182320442,0.6789010289593721,-6.864122053318625,181,0.9090909090909091,0.8181818181818182,0.7272727272727273,11,0.0013323767551501487,0.0009525101470065081,0.02197802197802198,4,0.09302325581395349,1.0,0.3826835685242765,-5.477386324872919,13
DynaPatch (ungated),gtsrb/densenet121,101,22,0.7765151515151516,1.0,0.028571428571428595,0.3214285714285714,0.5362318840579711,0.9272816007808687,-1.383489903889801,69,0.8571428571428571,0.8571428571428571,0.7142857142857143,7,0.00421179302045728,0.010718097049061518,0.3116883116883117,6,0.13953488372093023,1.0,0.26711185308848084,-7.876349117753039,42
DynaPatch (ungated),gtsrb/densenet121,202,23,0.6847826086956522,1.0,0.0,0.675,0.671875,0.8613470510826654,-2.4341059462459924,64,1.0,0.8333333333333334,0.6666666666666666,6,0.001704773365423185,0.0024888605847084443,0.06779661016949153,7,0.16279069767441862,1.0,0.5405405405405406,-4.143048211745608,17
DynaPatch (ungated),gtsrb/densenet121,303,21,0.746031746031746,1.0,0.0,0.33333333333333337,0.5633802816901409,0.8052340211373931,-4.141703174831476,71,1.0,1.0,0.8571428571428571,7,0.00421179302045728,0.009937267449341296,0.16176470588235295,13,0.3023255813953488,0.9047619047619048,0.572309046885318,-4.364903697996877,42
DynaPatch (ungated),gtsrb/resnet50,101,20,0.5708333333333333,0.7083333333333333,0.0,1.0,0.5757575757575758,0.767867690490254,-2.9878373181580766,33,1.0,1.0,1.0,2,0.008377381071108008,0.017944369692960996,0.5454545454545454,12,0.27906976744186046,0.9404761904761905,0.3978450062163282,-7.858877636041364,84
DynaPatch (ungated),gtsrb/resnet50,202,20,0.7007142857142857,1.0,0.0,0.625,0.5555555555555556,0.8685581933989578,-1.8552415064778558,36,1.0,1.0,1.0,4,0.004587613443702005,0.0061543035167210824,0.047619047619047616,15,0.3488372093023256,0.8695652173913043,0.6333790773778106,-3.9747380349244374,46
DynaPatch (ungated),gtsrb/resnet50,303,20,0.6166666666666666,1.0,0.0,1.0,0.59375,0.7885956930542918,-2.5941270914237067,32,0.6666666666666666,0.6666666666666666,0.6666666666666666,3,0.007280343073701007,0.010598348578202509,0.12195121951219512,17,0.3953488372093023,0.8493150684931506,0.5872193436960277,-4.9694701303627165,73
DynaPatch (ungated),gtsrb/vgg16,101,29,0.4834750548906629,0.6363636363636364,0.0,0.8,0.5862068965517241,0.7807417046193884,-4.703731703803298,116,0.8235294117647058,0.7058823529411765,0.5294117647058824,17,0.0035710641771247833,0.0070667737748771305,0.2,11,0.2558139534883721,0.9428571428571428,0.5412719891745602,-4.644736113020477,35
DynaPatch (ungated),gtsrb/vgg16,202,29,0.4342307118169187,0.5,0.0,0.7272727272727273,0.5775862068965517,0.7452258965999069,-5.463720330356302,116,0.7368421052631579,0.7368421052631579,0.5263157894736842,19,0.005101520253035404,0.008009485957616951,0.20454545454545456,16,0.37209302325581395,0.86,0.6537282941777324,-3.9517575958310918,50
DynaPatch (ungated),gtsrb/vgg16,303,30,0.4303071329541918,0.38888888888888884,0.0,0.7410714285714286,0.6272727272727273,0.7862223886184949,-4.327620761258004,110,0.7647058823529411,0.5294117647058824,0.4117647058823529,17,0.003264972961942659,0.0032169980671690854,0.029850746268656716,13,0.3023255813953488,0.875,0.6641123882503193,-3.4608259154883845,32
DynaPatch (ungated),lisa_signs/convnext_tiny,101,6,0.28571428571428575,0.0,0.0,0.5357142857142857,0.8333333333333334,0.5412719891745602,-2.0088029172703834,6,1.0,1.0,1.0,1,0.00105318588730911,0.0017187380643189979,0.05263157894736842,2,0.03773584905660377,1.0,1.0389610389610389,0.28474739872574956,2
DynaPatch (ungated),lisa_signs/convnext_tiny,202,8,0.4125,0.25,0.0,0.8500000000000001,0.75,0.7276034561164166,-1.723435969698855,8,1.0,1.0,1.0,1,0.00105318588730911,0.000884453099642973,0.03333333333333333,2,0.038461538461538464,1.0,1.0430247718383312,0.2998637292684632,2
DynaPatch (ungated),lisa_signs/convnext_tiny,303,9,0.3333333333333333,0.0,0.0,1.0,0.8571428571428571,0.5452067242162653,-2.9804473387799684,7,,,,0,0.00315955766192733,0.0024473054102683734,0.045454545454545456,5,0.09259259259259259,1.0,0.9871668311944718,-0.07682898466942116,6
DynaPatch (ungated),lisa_signs/densenet121,101,10,0.3,0.0,0.0,0.75,0.8571428571428571,0.5417607223476298,-3.3504554348344593,7,,,,0,0.005279831045406547,0.0062094393246506525,0.18181818181818182,5,0.09615384615384616,1.0,0.6538084341288003,-2.22703699779624,10
DynaPatch (ungated),lisa_signs/densenet121,202,11,0.36363636363636365,0.0,0.0,1.0,0.625,0.6072106261859582,-3.1556198002128264,8,,,,0,0.0021119324181626186,0.003084495488105004,0.12,2,0.03773584905660377,1.0,0.5559416261292565,-2.7178204939113266,4
DynaPatch (ungated),lisa_signs/densenet121,303,12,0.3333333333333333,0.0,0.0,0.75,0.5,0.9358914365933552,-0.4867130584773987,6,,,,0,0.006863780359028511,0.006443166462685005,0.16666666666666666,6,0.11320754716981132,1.0,0.6530612244897959,-2.275425654200815,13
DynaPatch (ungated),lisa_signs/resnet50,101,13,0.5948717948717949,0.5,0.0,0.6666666666666667,0.6190476190476191,0.9878982464806124,-0.11079311296714436,21,1.0,0.3333333333333333,0.3333333333333333,3,0.006966773847802787,0.01221428772198325,0.3333333333333333,8,0.15384615384615385,1.0,0.8665041971297048,-0.8559350266125085,13
DynaPatch (ungated),lisa_signs/resnet50,202,11,0.5909090909090909,0.6666666666666666,0.0,0.75,0.6190476190476191,0.8786381109280614,-1.081476853067543,21,1.0,1.0,0.5,2,0.0053590568060021436,0.0245814116036128,1.0,6,0.11538461538461539,1.0,0.7892140743176587,-1.3594703477761723,10
DynaPatch (ungated),lisa_signs/resnet50,303,17,0.3473389355742297,0.0,0.0,0.5714285714285714,0.6153846153846154,0.8549292011755276,-1.073300704066786,13,1.0,1.0,0.0,1,0.00482315112540193,0.02242252650360557,1.0,7,0.1320754716981132,1.0,0.9932600212841433,-0.04308855316701927,9
DynaPatch (ungated),lisa_signs/vgg16,101,21,0.38095238095238093,0.0,0.0,1.0,0.5384615384615384,0.9903441445902451,-0.07939713746271888,13,1.0,0.0,0.0,1,0.001609442060085837,0.002804487179487179,0.08333333333333333,2,0.038461538461538464,1.0,0.7117437722419929,-2.0007625148014276,3
DynaPatch (ungated),lisa_signs/vgg16,202,18,0.31481481481481477,0.0,0.0,0.625,0.7272727272727273,0.8330853912526034,-1.1893737504415818,11,0.5,0.5,0.0,2,0.001609442060085837,0.011006289308176102,0.5,2,0.03773584905660377,1.0,0.718132854578097,-1.856591096399764,3
DynaPatch (ungated),lisa_signs/vgg16,303,17,0.3431372549019608,0.3333333333333333,0.0,0.5,0.5,0.9947499309201437,-0.04103001864336796,12,0.0,0.0,0.0,1,0.000536480686695279,0.0010482180293501047,0.05555555555555555,1,0.018867924528301886,1.0,1.0,0.0,1
DynaPatch (ungated),tt100k_signs/convnext_tiny,101,87,0.23085124104614357,0.0,0.0,0.5,0.8,0.7633587786259542,-3.315828302787528,55,0.2727272727272727,0.2727272727272727,0.2727272727272727,11,0.010676156583629894,0.017135257485042105,0.76,17,0.14285714285714285,1.0,0.4884355696020687,-5.437566519741752,78
DynaPatch (ungated),tt100k_signs/convnext_tiny,202,85,0.2921572218631042,0.0,0.0,0.6,0.8026315789473685,0.7257470091285366,-4.026597846331305,76,0.5555555555555556,0.3333333333333333,0.2222222222222222,9,0.008212428141253765,0.020901418881904096,0.7407407407407407,13,0.10833333333333334,1.0,0.4343105320304017,-5.754580958454322,60
DynaPatch (ungated),tt100k_signs/convnext_tiny,303,84,0.2969364699627858,0.0,0.0,0.75,0.8051948051948052,0.7171270099165219,-4.326938861785658,77,0.4444444444444444,0.3333333333333333,0.3333333333333333,9,0.008759923350670681,0.02573186156760504,0.8181818181818182,15,0.1271186440677966,1.0,0.4839490240361348,-5.330193663895018,64
DynaPatch (ungated),tt100k_signs/densenet121,101,92,0.3367319448037785,0.0,0.0,0.8607692307692307,0.8414634146341463,0.5722239406124343,-8.123216649023442,164,0.7894736842105263,0.631578947368421,0.47368421052631576,19,0.012718378756114606,0.039726472623025186,1.0,20,0.17857142857142858,1.0,0.5480202767502398,-5.122281775035478,91
DynaPatch (ungated),tt100k_signs/densenet121,202,82,0.34897027092149047,0.0,0.0,0.8592657342657343,0.8493975903614458,0.6190914414791265,-7.238931200249953,166,0.7,0.65,0.5,20,0.011320754716981131,0.04680383540885473,1.0,20,0.18018018018018017,1.0,0.580130529369108,-4.61460801444468,81
DynaPatch (ungated),tt100k_signs/densenet121,303,86,0.32752496862808983,0.0,0.0,0.7410714285714286,0.8037974683544303,0.5719278735403924,-8.494475556349986,158,0.7222222222222222,0.7222222222222222,0.5,18,0.014814814814814815,0.03117955383851374,1.0,20,0.17699115044247787,1.0,0.5093594804533299,-5.91586539796287,106
DynaPatch (ungated),tt100k_signs/resnet50,101,91,0.30191603268526346,0.0,0.0,0.6,0.8165137614678899,0.6388358990284371,-6.555696066800207,109,0.75,0.5625,0.375,16,0.014084507042253521,0.04036245667930902,1.0,27,0.23076923076923078,0.9607843137254902,0.6807008697844448,-3.9563108164106273,102
DynaPatch (ungated),tt100k_signs/resnet50,202,92,0.2685300207039337,0.0,0.0,0.5,0.82,0.6817536218161159,-5.195551784814251,100,0.7692307692307693,0.5384615384615384,0.46153846153846156,13,0.011875172604252969,0.027687911902911283,0.8333333333333334,28,0.23931623931623933,0.9418604651162791,0.7705008255365987,-2.53374916109343,86
DynaPatch (ungated),tt100k_signs/resnet50,303,89,0.2679944752317522,0.0,0.0,0.5,0.8444444444444444,0.6450637504409615,-5.281695616108263,90,0.5,0.42857142857142855,0.2857142857142857,14,0.009665838166252416,0.028341960729672926,0.75,23,0.19827586206896552,1.0,0.7096027767065175,-3.1870464268101184,70
DynaPatch (ungated),tt100k_signs/vgg16,101,100,0.25209271284271284,0.0,0.0,0.5,0.7553191489361702,0.7887375613335168,-3.454693083588495,94,0.47619047619047616,0.42857142857142855,0.14285714285714285,21,0.015988779803646564,0.04194980909348814,1.0,31,0.26956521739130435,0.9298245614035088,0.7521077212349123,-3.0919287281016965,114
DynaPatch (ungated),tt100k_signs/vgg16,202,103,0.2621094206045662,0.0,0.0,0.4772727272727273,0.7777777777777778,0.7479120787800724,-4.570173828274496,108,0.6666666666666666,0.42857142857142855,0.3333333333333333,21,0.016129032258064516,0.04487859590559338,1.0,38,0.3247863247863248,0.8695652173913043,0.9187620889748549,-0.9856636452612108,115
DynaPatch (ungated),tt100k_signs/vgg16,303,102,0.23978758169934644,0.0,0.0,0.5,0.84375,0.6264542688383749,-6.342293270121948,96,0.43478260869565216,0.391304347826087,0.2608695652173913,23,0.01865357643758766,0.037319981062795674,0.6862745098039216,35,0.30434782608695654,0.9097744360902256,0.7896221094190636,-2.5923413707580254,133
FixedPatch,gtsrb/convnext_tiny,101,25,0.5499913986096382,0.6,0.0,0.625,0.6442953020134228,0.8768084173608067,-2.1217973655994578,149,0.9166666666666666,0.8333333333333334,0.5,12,0.003484677667315773,0.002502436366034301,0.06321839080459771,8,0.18604651162790697,1.0,0.39835677828955557,-6.145299889566928,34
FixedPatch,gtsrb/convnext_tiny,202,23,0.5691645569543831,0.5,0.03333333333333336,0.5178981937602627,0.7432432432432432,0.9367681498829039,-1.2575153686480813,148,0.9230769230769231,0.6923076923076923,0.38461538461538464,13,0.004509582863585118,0.003657163545118198,0.06906077348066299,10,0.23255813953488372,0.9772727272727273,0.4348298728122622,-5.958963330064558,44
FixedPatch,gtsrb/convnext_tiny,303,25,0.47848051948051945,0.5,0.0,0.9393939393939394,0.7207792207792207,0.7558074913860175,-3.908343264987572,154,0.9090909090909091,0.9090909090909091,0.45454545454545453,11,0.004304601824331249,0.003281491143210926,0.07142857142857142,9,0.20930232558139536,1.0,0.40124832813196615,-6.875797055504831,42
FixedPatch,gtsrb/densenet121,101,22,0.5367965367965367,0.5,0.0,1.0,0.6166666666666667,0.772399588053553,-3.381442978885573,60,0.8571428571428571,0.8571428571428571,0.7142857142857143,7,0.00421179302045728,0.008870795548421608,0.15384615384615385,7,0.16279069767441862,1.0,0.3116304952698943,-7.3979072579047145,42
FixedPatch,gtsrb/densenet121,202,23,0.4869565217391304,0.5,0.0,1.0,0.7142857142857143,0.70298769771529,-4.57336626964557,56,0.8333333333333334,0.8333333333333334,0.6666666666666666,6,0.0019053349378259125,0.00402297623459855,0.11864406779661017,8,0.18604651162790697,1.0,0.5750224618149147,-3.924399145455684,19
FixedPatch,gtsrb/densenet121,303,21,0.5693121693121692,0.6,0.0,1.0,0.6349206349206349,0.730784288137805,-4.702856309838691,63,1.0,1.0,0.7142857142857143,7,0.0035098275170477337,0.006475315913113974,0.10294117647058823,13,0.3023255813953488,0.8857142857142857,0.6349981682745146,-3.6728688663381197,35
FixedPatch,gtsrb/resnet50,101,20,0.375,0.16666666666666666,0.0,0.75,0.6153846153846154,0.6633499170812603,-3.625578103823147,26,1.0,1.0,0.5,2,0.011867956517403012,0.022974670787288428,0.5454545454545454,14,0.32558139534883723,0.8991596638655462,0.41304027142646405,-9.634664997925055,119
FixedPatch,gtsrb/resnet50,202,20,0.3888095238095238,0.0,0.0,1.0,0.7142857142857143,0.703125,-2.5083737755409086,21,0.5,0.5,0.5,4,0.01007280343073701,0.015501113925036027,0.2826086956521739,12,0.27906976744186046,0.9603960396039604,0.3745610612563402,-9.286085483317319,101
FixedPatch,gtsrb/resnet50,303,20,0.5173809523809523,0.6666666666666666,0.0,1.0,0.5714285714285714,0.7743184384578158,-2.3825099096756426,28,0.6666666666666666,0.6666666666666666,0.6666666666666666,3,0.014261493966291014,0.02147628080950881,0.1875,17,0.3953488372093023,0.8321678321678322,0.4813477737665463,-8.811284138006748,143
FixedPatch,gtsrb/vgg16,101,29,0.4558656608565864,0.6,0.0,0.7894736842105263,0.5775862068965517,0.7435635282089413,-5.501312323354514,116,0.8235294117647058,0.7647058823529411,0.5294117647058824,17,0.012243648607284972,0.02712165067230261,0.7555555555555555,15,0.3488372093023256,0.9333333333333333,0.4485310607759587,-8.523506398963479,120
FixedPatch,gtsrb/vgg16,202,29,0.4114085148567907,0.5,0.0,0.7272727272727273,0.5625,0.6395184802031412,-7.921873611519391,112,0.7894736842105263,0.7368421052631579,0.5263157894736842,19,0.018059381695745332,0.02904800734980012,0.6363636363636364,23,0.5348837209302325,0.8361581920903954,0.625,-7.102653174638705,177
FixedPatch,gtsrb/vgg16,303,30,0.4399721302662479,0.45,0.0,0.8194444444444444,0.5798319327731093,0.7348888480617307,-5.2637947808784284,119,0.8235294117647058,0.7058823529411765,0.5882352941176471,17,0.016324864809713294,0.018180184842779074,0.16875,23,0.5348837209302325,0.81875,0.6403118040089086,-6.535094918109595,160
FixedPatch,lisa_signs/convnext_tiny,101,6,0.6190476190476191,0.8571428571428572,0.0,0.8214285714285714,0.625,0.9111617312072894,-0.4524800417493028,8,1.0,1.0,1.0,1,0.010531858873091101,0.0158518093460362,0.25,13,0.24528301886792453,0.9,1.061874617112518,0.4456889700721446,20
FixedPatch,lisa_signs/convnext_tiny,202,8,0.35,0.0,0.0,0.8500000000000001,0.8571428571428571,0.5937654626422563,-2.370427837707582,7,1.0,1.0,1.0,1,0.027909426013691417,0.06294988750637162,1.0,13,0.25,0.9433962264150944,0.6034582801439016,-3.664860019293541,53
FixedPatch,lisa_signs/convnext_tiny,303,9,0.3333333333333333,0.0,0.0,1.0,0.8571428571428571,0.5452067242162653,-2.9804473387799684,7,,,,0,0.00737230121116377,0.008081261284182515,0.16666666666666666,8,0.14814814814814814,1.0,0.8270871026104937,-1.1405708801428038,14
FixedPatch,lisa_signs/densenet121,101,10,0.25,0.0,0.0,0.4583333333333333,0.6,0.9340338587273789,-0.40452452553387097,5,,,,0,0.0031678986272439284,0.0010224182477990673,0.027777777777777776,3,0.057692307692307696,1.0,0.5964214711729622,-2.402240703531477,6
FixedPatch,lisa_signs/densenet121,202,11,0.22727272727272727,0.0,0.0,0.25,0.8333333333333334,0.5711565920990004,-3.480892655742376,6,,,,0,0.003695881731784583,0.005593865037586573,0.14285714285714285,6,0.11320754716981132,1.0,1.0376134889753568,0.24016019830416224,7
FixedPatch,lisa_signs/densenet121,303,12,0.27777777777777773,0.0,0.0,0.6666666666666666,0.6666666666666666,0.7487131492746841,-1.9077730832289268,6,,,,0,0.005279831045406547,0.0036432792288355075,0.1111111111111111,5,0.09433962264150944,1.0,0.6482982171799028,-2.2967142577524076,10
FixedPatch,lisa_signs/resnet50,101,13,0.3777777777777778,0.0,0.0,0.8,0.7222222222222222,0.6444683136412459,-2.860578847914189,18,1.0,0.6666666666666666,0.6666666666666666,3,0.00964630225080386,0.013147923868930385,0.5,7,0.1346153846153846,1.0,0.6104207543056465,-2.6969752381547436,18
FixedPatch,lisa_signs/resnet50,202,11,0.5321067821067822,0.5555555555555556,0.0,0.31547619047619047,0.5263157894736842,1.0398613518197575,0.3357316437893409,19,1.0,1.0,0.5,2,0.010718113612004287,0.043618825821267034,1.0,10,0.19230769230769232,1.0,0.8237232289950577,-1.1726423492564808,20
FixedPatch,lisa_signs/resnet50,303,17,0.3648459383753502,0.25,0.0,0.6666666666666666,0.5,1.0230179028132993,0.17014441433980423,12,0.0,0.0,0.0,1,0.010182207931404072,0.02427485907005235,1.0,9,0.16981132075471697,1.0,0.7646559048428208,-1.6232171661899442,19
FixedPatch,lisa_signs/vgg16,101,21,0.5317460317460317,0.6666666666666666,0.0,1.0,0.5,1.0058027079303675,0.05575668829974913,18,1.0,0.0,0.0,1,0.0101931330472103,0.012309423949578895,0.25,10,0.19230769230769232,1.0,0.8463817181548879,-1.0647450700356988,19
FixedPatch,lisa_signs/vgg16,202,18,0.4907407407407407,0.41666666666666663,0.0,1.0,0.6,0.9494422027059102,-0.44010612950534184,15,0.5,0.0,0.0,2,0.011266094420600859,0.02056639673760498,0.5,8,0.1509433962264151,1.0,0.6322861094645327,-2.5356035463638795,21
FixedPatch,lisa_signs/vgg16,303,17,0.42156862745098034,0.5,0.0,0.5,0.42857142857142855,1.0956175298804782,0.8282635721110226,14,0.0,0.0,0.0,1,0.011266094420600859,0.015486616792791608,0.16666666666666666,13,0.24528301886792453,0.9047619047619048,1.025843361609785,0.17813009318539183,21
FixedPatch,tt100k_signs/convnext_tiny,101,87,0.20060386473429956,0.0,0.0,0.25,0.9047619047619048,0.5692364806335849,-6.239603853973282,63,0.45454545454545453,0.45454545454545453,0.36363636363636365,11,0.01642485628250753,0.05059638241821494,1.0,23,0.19327731092436976,1.0,0.5296488198042603,-5.951150607962846,120
FixedPatch,tt100k_signs/convnext_tiny,202,85,0.25410848954966603,0.0,0.0,0.5,0.868421052631579,0.6123490389522027,-5.691513226249149,76,0.5555555555555556,0.5555555555555556,0.5555555555555556,9,0.014645496851902546,0.05064917640330484,1.0,26,0.21666666666666667,0.9813084112149533,0.6418168353492965,-4.2548026612933905,107
FixedPatch,tt100k_signs/convnext_tiny,303,84,0.24277360066833753,0.0,0.0,0.5,0.855072463768116,0.646010288311999,-4.805705908762882,69,0.4444444444444444,0.4444444444444444,0.2222222222222222,9,0.015056118258965233,0.07362552261545335,1.0,25,0.211864406779661,0.990909090909091,0.6099792607051361,-4.64951909759917,110
FixedPatch,tt100k_signs/densenet121,101,92,0.20010094033250936,0.0,0.0,0.25,0.8571428571428571,0.7421150278293135,-3.2151097790310694,63,0.3157894736842105,0.15789473684210525,0.0,19,0.0040531097134870716,0.007635785333404964,0.2857142857142857,10,0.08928571428571429,1.0,0.527774112679773,-4.199388333461991,29
FixedPatch,tt100k_signs/densenet121,202,82,0.26093039751576336,0.0,0.0,0.4916666666666667,0.8055555555555556,0.8036970062286518,-2.55339261549443,72,0.3,0.1,0.05,20,0.0041928721174004195,0.005482386365830778,0.26,8,0.07207207207207207,1.0,0.4163955757970072,-5.2265237654213665,30
FixedPatch,tt100k_signs/densenet121,303,86,0.18842233602790517,0.0,0.0,0.3214285714285714,0.8307692307692308,0.7460698108180123,-3.2036373565390552,65,0.2777777777777778,0.05555555555555555,0.05555555555555555,18,0.0040531097134870716,0.01133875670630626,0.5,9,0.07964601769911504,1.0,0.47688435554378067,-4.604957392698391,29
FixedPatch,tt100k_signs/resnet50,101,91,0.21523677787414053,0.0,0.0,0.5,0.8307692307692308,0.7185332011892963,-3.77298297556431,65,0.4375,0.4375,0.1875,16,0.00856117094725214,0.016789868959864424,0.4897959183673469,13,0.1111111111111111,1.0,0.4289013526888816,-5.925476677932349,62
FixedPatch,tt100k_signs/resnet50,202,92,0.18851794340924774,0.0,0.0,0.3333333333333333,0.8695652173913043,0.6538717684809591,-4.715444875702764,69,0.46153846153846156,0.3076923076923077,0.07692307692307693,13,0.007180336923501795,0.01315202999824483,0.45454545454545453,15,0.1282051282051282,1.0,0.5446623093681917,-4.672279026187697,52
FixedPatch,tt100k_signs/resnet50,303,89,0.22316081142915248,0.0,0.0,0.5,0.8307692307692308,0.717555363107757,-3.816088064305024,65,0.35714285714285715,0.35714285714285715,0.14285714285714285,14,0.008285004142502071,0.02098212086457206,0.75,17,0.14655172413793102,1.0,0.570996725165841,-4.336332278552449,60
FixedPatch,tt100k_signs/vgg16,101,100,0.17085606060606057,0.0,0.0,0.2708333333333333,0.85,0.650241300482601,-5.799913007876086,80,0.47619047619047616,0.2857142857142857,0.14285714285714285,21,0.024684431977559606,0.08273554634367035,1.0,46,0.4,0.8636363636363636,0.9109361849596515,-1.2193320763469033,176
FixedPatch,tt100k_signs/vgg16,202,103,0.19365709802603007,0.0,0.0,0.3333333333333333,0.8645833333333334,0.612281649558797,-6.378286404168004,96,0.5714285714285714,0.38095238095238093,0.2857142857142857,21,0.023842917251051893,0.06800421839720051,1.0,42,0.358974358974359,0.888235294117647,0.8502454577660813,-2.243264325468675,170
FixedPatch,tt100k_signs/vgg16,303,102,0.20433006535947712,0.0,0.0,0.3333333333333333,0.8666666666666667,0.594850822567153,-7.207972270597535,90,0.4782608695652174,0.391304347826087,0.21739130434782608,23,0.026367461430575036,0.05792893940687335,1.0,45,0.391304347826087,0.8617021276595744,0.8632265490120852,-2.0828640775710907,188
FullFT,gtsrb/convnext_tiny,101,25,0.8550555555555556,1.0,0.5,0.11111111111111116,0.6262135922330098,0.9315512353179425,-3.1173596631026035,206,1.0,1.0,1.0,12,0.004202111304704314,0.00525735637041818,0.15748031496062992,6,0.13953488372093023,1.0,0.2693905039847345,-7.999194307423565,41
FullFT,gtsrb/convnext_tiny,202,23,0.8690758516845473,1.0,0.52,0.12380952380952381,0.6456310679611651,0.9666080843585236,-1.5279661904185764,206,1.0,1.0,0.8461538461538461,13,0.0033821871476888386,0.0029982713322419963,0.05555555555555555,6,0.13953488372093023,1.0,0.3032217308907138,-6.666508673926961,33
FullFT,gtsrb/convnext_tiny,303,25,0.7816450216450217,1.0,0.0,0.1428571428571429,0.6585365853658537,0.8155775308390254,-6.635728951696345,205,1.0,1.0,1.0,11,0.0033821871476888386,0.004125379148541344,0.10236220472440945,8,0.18604651162790697,1.0,0.4068141367912535,-5.604045783911718,33
FullFT,gtsrb/densenet121,101,22,0.7505411255411254,1.0,0.0,0.33333333333333337,0.5211267605633803,0.8646571394259638,-3.057458213056123,71,1.0,1.0,0.7142857142857143,7,0.0031087043722422786,0.007600610167706518,0.2077922077922078,9,0.20930232558139536,1.0,0.46978989951716044,-5.089772544869161,31
FullFT,gtsrb/densenet121,202,23,0.691304347826087,1.0,0.0,0.8,0.6923076923076923,0.8059736873296195,-3.530190501747886,65,1.0,0.8333333333333334,0.8333333333333334,6,0.00340954673084637,0.008866799895551534,0.2542372881355932,10,0.23255813953488372,0.9705882352941176,0.4997501249375312,-4.9557491851908,34
FullFT,gtsrb/densenet121,303,21,0.792063492063492,1.0,0.0,0.19999999999999996,0.581081081081081,0.894743382627066,-2.3843456808906804,74,1.0,1.0,1.0,7,0.003910950661853189,0.010247338861031203,0.17647058823529413,13,0.3023255813953488,0.8974358974358975,0.5935395502796484,-4.345013083491954,39
FullFT,gtsrb/resnet50,101,20,0.5583333333333333,0.6666666666666667,0.0,1.0,0.5806451612903226,0.78871530411042,-2.5675467419577176,31,1.0,1.0,1.0,2,0.004787074897776005,0.00981443975377309,0.13043478260869565,10,0.23255813953488372,0.9583333333333334,0.41580041580041577,-6.329406777675184,48
FullFT,gtsrb/resnet50,202,20,0.6852380952380952,1.0,0.0,0.75,0.5428571428571428,0.8786059452335626,-1.6026723652747235,35,1.0,1.0,0.75,4,0.0023935374488880026,0.004084121274799825,0.0603448275862069,10,0.23255813953488372,0.9583333333333334,0.6134028523232634,-3.4662656247970394,24
FullFT,gtsrb/resnet50,303,20,0.5983333333333334,0.9,0.0,1.0,0.5625,0.8492569002123143,-1.8497577682031308,32,0.6666666666666666,0.6666666666666666,0.6666666666666666,3,0.004288421262591004,0.005763599261162385,0.12295081967213115,11,0.2558139534883721,0.9534883720930233,0.4824561403508772,-5.516790070103776,43
FullFT,gtsrb/vgg16,101,29,0.8148476045027768,0.9285714285714286,0.40000000000000013,0.16666666666666663,0.47904191616766467,0.9124407790840497,-3.783017946432916,167,1.0,1.0,0.8823529411764706,17,0.003162942556881951,0.004089596405535284,0.12658227848101267,9,0.20930232558139536,1.0,0.4753102719831001,-5.1609345073581165,31
FullFT,gtsrb/vgg16,202,29,0.7211557599488633,1.0,0.0,0.5,0.47878787878787876,0.8440302444170916,-6.680133582101532,165,1.0,0.9473684210526315,0.8421052631578947,19,0.0042852770125497396,0.004391175827983079,0.056818181818181816,13,0.3023255813953488,0.9047619047619048,0.5786135529097585,-4.606554893453988,42
FullFT,gtsrb/vgg16,303,30,0.805501443001443,1.0,0.0,0.1428571428571429,0.4682080924855491,0.8851817175929867,-4.471916026203641,173,1.0,1.0,0.9411764705882353,17,0.003775124987246199,0.004633775786874417,0.05,13,0.3023255813953488,0.8918918918918919,0.6175771971496437,-3.856356563360695,37
FullFT,lisa_signs/convnext_tiny,101,6,0.6190476190476191,0.8571428571428572,0.0,0.8214285714285714,0.625,0.9111617312072894,-0.4524800417493028,8,1.0,1.0,1.0,1,0.01263823064770932,0.01031343125341081,0.2857142857142857,8,0.1509433962264151,1.0,0.582771808413768,-3.073247000482638,24
FullFT,lisa_signs/convnext_tiny,202,8,0.5375,0.65,0.0,1.0,0.6666666666666666,0.8285004142502072,-1.1267485892322167,9,1.0,1.0,1.0,1,0.02632964718272775,0.034733827563607704,0.8888888888888888,6,0.11538461538461539,1.0,0.28790786948176583,-6.637047992046302,50
FullFT,lisa_signs/convnext_tiny,303,9,0.4444444444444444,0.0,0.0,1.0,0.75,0.653327888934259,-2.399425445807345,8,,,,0,0.00315955766192733,0.0028033498951600152,0.045454545454545456,6,0.1111111111111111,1.0,1.1846001974333662,1.105155394860128,6
FullFT,lisa_signs/densenet121,101,10,0.3833333333333333,0.25,0.0,0.6666666666666666,0.5555555555555556,0.7390983000739099,-1.9736075482222077,9,,,,0,0.006335797254487857,0.008724037289814865,0.13636363636363635,7,0.1346153846153846,1.0,0.8130081300813009,-1.2657561276547673,12
FullFT,lisa_signs/densenet121,202,11,0.6818181818181818,1.0,0.0,0.75,0.4166666666666667,0.8923591745677636,-1.1756278534001217,12,,,,0,0.005807814149947202,0.007858167099071537,0.16,6,0.11320754716981132,1.0,0.7359705611775529,-1.6091940040561215,11
FullFT,lisa_signs/densenet121,303,12,0.6388888888888888,1.0,0.0,1.0,0.45454545454545453,0.9243212016175621,-0.6958739296555146,11,,,,0,0.003695881731784583,0.002912258850563283,0.045454545454545456,6,0.11320754716981132,1.0,1.0398613518197575,0.23509813173056823,7
FullFT,lisa_signs/resnet50,101,13,0.6025641025641025,1.0,0.0,1.0,0.6785714285714286,0.6756756756756757,-4.3920865043681045,28,1.0,1.0,1.0,3,0.005894962486602358,0.01445335923878906,0.3333333333333333,8,0.15384615384615385,1.0,0.9750152346130408,-0.15395810436745974,11
FullFT,lisa_signs/resnet50,202,11,0.7803030303030302,1.0,0.5,0.33333333333333337,0.48148148148148145,0.9967605282830799,-0.03813136614452992,27,1.0,1.0,0.5,2,0.0026795284030010718,0.0038288489732997743,0.08333333333333333,5,0.09615384615384616,1.0,1.1520737327188941,0.9482915229778293,5
FullFT,lisa_signs/resnet50,303,17,0.696078431372549,1.0,0.0,0.5,0.44,0.971379011274935,-0.3671429015211829,25,1.0,1.0,1.0,1,0.003215434083601286,0.006764782620636621,0.16666666666666666,4,0.07547169811320754,1.0,0.7952286282306162,-1.1900558023507068,6
FullFT,lisa_signs/vgg16,101,21,0.6904761904761905,1.0,0.0,1.0,0.5555555555555556,0.873871249635887,-1.7430369928801615,27,1.0,1.0,1.0,1,0.004828326180257511,0.008421180356859969,0.16666666666666666,6,0.11538461538461539,1.0,0.846262341325811,-0.9780998321979777,9
FullFT,lisa_signs/vgg16,202,18,0.7305555555555556,1.0,0.0,0.5125,0.5185185185185185,0.9130931028860264,-1.1273992932185801,27,1.0,0.5,0.5,2,0.00536480686695279,0.009578471842622787,0.14285714285714285,6,0.11320754716981132,1.0,0.7784625364904314,-1.4498774270424042,10
FullFT,lisa_signs/vgg16,303,17,0.7352941176470589,1.0,0.0,0.5,0.4482758620689655,0.9123492994460736,-1.3119766074594845,29,1.0,1.0,1.0,1,0.008047210300429184,0.02275971336217645,0.625,9,0.16981132075471697,1.0,0.8928571428571429,-0.7291972745477574,15
FullFT,tt100k_signs/convnext_tiny,101,87,0.4500987601437377,0.5,0.0,1.0,0.7,0.722798923490965,-6.001876453395083,130,1.0,0.9090909090909091,0.9090909090909091,11,0.012592389816589104,0.04911269939127043,1.0,24,0.20168067226890757,1.0,0.6353828843735522,-4.347484068918839,92
FullFT,tt100k_signs/convnext_tiny,202,85,0.5196845148315736,0.6,0.0,1.0,0.7034482758620689,0.7131184073688902,-6.806345769211442,145,1.0,1.0,0.7777777777777778,9,0.013276758828360252,0.045403236900332454,1.0,23,0.19166666666666668,1.0,0.5976354423801481,-4.721832153649519,97
FullFT,tt100k_signs/convnext_tiny,303,84,0.530935292777398,0.625,0.0,1.0,0.7007299270072993,0.7747733787867049,-4.9785061447171035,137,0.8888888888888888,0.8888888888888888,0.8888888888888888,9,0.014098001642485628,0.048881180179514004,1.0,22,0.1864406779661017,1.0,0.5537028880639275,-5.305484328394712,103
FullFT,tt100k_signs/densenet121,101,92,0.48943690970864884,0.5,0.0,1.0,0.7259615384615384,0.7185466377440347,-6.3771654659002275,208,0.9473684210526315,0.8947368421052632,0.7368421052631579,19,0.020684835779175403,0.09408950115898176,1.0,32,0.2857142857142857,0.9324324324324325,0.6933535561453875,-4.116596674986834,148
FullFT,tt100k_signs/densenet121,202,82,0.4660183651037309,0.49242424242424243,0.0,1.0,0.7571428571428571,0.681330074798193,-7.659652043729143,210,0.85,0.8,0.7,20,0.01816911250873515,0.09146152721739619,1.0,35,0.3153153153153153,0.9,0.8022462896109106,-2.551471611627099,130
FullFT,tt100k_signs/densenet121,303,86,0.46593992248062016,0.5,0.0,1.0,0.74,0.6513966084893971,-8.777313836148766,200,0.8888888888888888,0.8333333333333334,0.7777777777777778,18,0.015793151642208247,0.061970553790374534,1.0,29,0.25663716814159293,0.9469026548672567,0.7158726240434461,-3.526148795534971,113
FullFT,tt100k_signs/resnet50,101,91,0.4207420784343861,0.2,0.0,1.0,0.7430555555555556,0.6884681583476765,-6.538045439333563,144,0.875,0.8125,0.625,16,0.01643192488262911,0.09444804242444169,1.0,34,0.2905982905982906,0.907563025210084,0.7937434341076223,-2.603853495888215,119
FullFT,tt100k_signs/resnet50,202,92,0.401371635610766,0.0,0.0,1.0,0.7746478873239436,0.6842545426898806,-6.180011625839557,142,0.9230769230769231,0.8461538461538461,0.7692307692307693,13,0.01311792322562828,0.055972307189924235,1.0,32,0.27350427350427353,0.9052631578947369,0.837586703311085,-1.9331273390019421,95
FullFT,tt100k_signs/resnet50,303,89,0.4060751266798855,0.0,0.0,1.0,0.7364341085271318,0.7067421595791672,-5.437008908751756,129,0.7142857142857143,0.6428571428571429,0.5,14,0.01463684065175366,0.08619680357085857,1.0,32,0.27586206896551724,0.9150943396226415,0.7935523868567885,-2.569839218874007,106
FullFT,tt100k_signs/vgg16,101,100,0.4463535353535352,0.5,0.0,0.8678571428571429,0.6463414634146342,0.8476856835306782,-3.5055344963070594,164,0.7619047619047619,0.7142857142857143,0.5714285714285714,21,0.01879382889200561,0.07439184065747213,1.0,39,0.3391304347826087,0.8805970149253731,0.8823529411764706,-1.4184162865339514,134
FullFT,tt100k_signs/vgg16,202,103,0.40327979284289966,0.3333333333333333,0.0,0.775,0.6804733727810651,0.7393475582074065,-6.7487720486868525,169,0.8571428571428571,0.7619047619047619,0.5714285714285714,21,0.021458625525946705,0.1265938572110281,1.0,47,0.4017094017094017,0.7973856209150327,0.9973474801061007,-0.039758995744980576,153
FullFT,tt100k_signs/vgg16,303,102,0.40434668817021757,0.3333333333333333,0.0,0.7875000000000001,0.6545454545454545,0.7667393747108203,-5.32162527434269,165,0.7391304347826086,0.6086956521739131,0.4782608695652174,23,0.01865357643758766,0.05096527745454837,1.0,34,0.2956521739130435,0.9172932330827067,0.7670614777213761,-2.8703404453701458,133
HeadFT,gtsrb/convnext_tiny,101,25,0.670838871214799,0.8888888888888888,0.0,0.5,0.6524064171122995,0.7875647668393783,-5.881196933129781,187,1.0,1.0,0.9166666666666666,12,0.0013323767551501487,0.0009130746065467134,0.028735632183908046,3,0.06976744186046512,1.0,0.2862595419847328,-6.368321862162637,13
HeadFT,gtsrb/convnext_tiny,202,23,0.6791488454906746,0.8,0.0,0.5,0.6931216931216931,0.8464194230983405,-4.81688126021148,189,1.0,0.9230769230769231,0.7692307692307693,13,0.0021523009121656245,0.002130834453848778,0.030612244897959183,7,0.16279069767441862,1.0,0.4676799732754301,-4.91162302580251,21
HeadFT,gtsrb/convnext_tiny,303,25,0.609090909090909,0.9166666666666666,0.0,1.0,0.6910994764397905,0.7093678280826204,-7.560052842855998,191,1.0,0.9090909090909091,0.8181818181818182,11,0.0016398483140309522,0.0017827701176127539,0.03333333333333333,6,0.13953488372093023,1.0,0.49271196879490864,-4.361621412977208,16
HeadFT,gtsrb/densenet121,101,22,0.4738816738816739,0.4642857142857143,0.0,0.9444444444444444,0.6086956521739131,0.857020425653478,-1.5748671798519518,46,0.8571428571428571,0.7142857142857143,0.2857142857142857,7,0.001704773365423185,0.003936925193052407,0.08823529411764706,7,0.16279069767441862,1.0,0.5414813382324501,-4.054567498881662,17
HeadFT,gtsrb/densenet121,202,23,0.481159420289855,0.6,0.0,1.0,0.6829268292682927,0.7451991974777873,-2.5697613039023195,41,0.8333333333333334,0.8333333333333334,0.16666666666666666,6,0.0013036502206177295,0.00240094275085358,0.07079646017699115,4,0.09302325581395349,1.0,0.38250059765718386,-5.3475739450782145,13
HeadFT,gtsrb/densenet121,303,21,0.4904761904761904,0.6,0.0,1.0,0.6086956521739131,0.8288928359976317,-1.9650772258102778,46,1.0,0.8571428571428571,0.14285714285714285,7,0.0037103890894504615,0.011768144913749407,0.4264705882352941,7,0.16279069767441862,1.0,0.3269882050683172,-7.270912833326852,37
HeadFT,gtsrb/resnet50,101,20,0.4125,0.41666666666666663,0.0,0.6875,0.5833333333333334,0.8305935282920921,-1.749444796840826,24,1.0,1.0,0.0,2,0.0035903061733320034,0.0061856817233146184,0.14492753623188406,10,0.23255813953488372,0.9722222222222222,0.4782400765184122,-5.211869339095602,36
HeadFT,gtsrb/resnet50,202,20,0.41595238095238096,0.30952380952380953,0.0,1.0,0.5652173913043478,0.8145131432802665,-1.6737328675297813,23,0.75,0.5,0.25,4,0.0022938067218510024,0.0034963271017106642,0.049586776859504134,9,0.20930232558139536,1.0,0.5620608899297425,-4.067460623648737,23
HeadFT,gtsrb/resnet50,303,20,0.3639285714285715,0.16666666666666666,0.0,0.6875,0.6,0.7832386919913844,-1.9576798249649794,20,0.6666666666666666,0.3333333333333333,0.0,3,0.004188690535554004,0.007642313774456767,0.06382978723404255,14,0.32558139534883723,0.8809523809523809,0.6233303650934995,-4.2629520888561485,42
HeadFT,gtsrb/vgg16,101,29,0.34275691036126604,0.3333333333333333,0.0,0.6,0.6144578313253012,0.7234726688102894,-4.5658130122642255,83,0.7058823529411765,0.5882352941176471,0.17647058823529413,17,0.006223854708703193,0.015844192004801697,0.4888888888888889,13,0.3023255813953488,0.9180327868852459,0.4883546205860255,-5.739839776939599,61
HeadFT,gtsrb/vgg16,202,29,0.3411286988873196,0.3333333333333333,0.0,0.6666666666666666,0.5730337078651685,0.6697527824288387,-6.119764635951535,89,0.7368421052631579,0.5263157894736842,0.2631578947368421,19,0.008570554025099479,0.01809683142919135,0.5227272727272727,20,0.46511627906976744,0.8571428571428571,0.6664445184938353,-4.337888145609889,84
HeadFT,gtsrb/vgg16,303,30,0.29142361995303173,0.20833333333333331,0.0,0.5870098039215687,0.6309523809523809,0.6797960611816455,-5.012089959539514,84,0.6470588235294118,0.47058823529411764,0.17647058823529413,17,0.005509641873278237,0.005854708158184377,0.07462686567164178,14,0.32558139534883723,0.9074074074074074,0.5502603910779208,-5.291166834886812,54
HeadFT,lisa_signs/convnext_tiny,101,6,0.047619047619047616,0.0,0.0,0.0,1.0,0.5961251862891207,-1.4494051172113511,2,0.0,0.0,0.0,1,0.00105318588730911,0.0009425621006622959,0.038461538461538464,2,0.03773584905660377,1.0,1.0389610389610389,0.28474739872574956,2
HeadFT,lisa_signs/convnext_tiny,202,8,0.15,0.0,0.0,0.05,1.0,0.7662835249042146,-1.0993221803693536,3,0.0,0.0,0.0,1,0.00105318588730911,0.000884453099642973,0.03333333333333333,2,0.038461538461538464,1.0,1.0430247718383312,0.2998637292684632,2
HeadFT,lisa_signs/convnext_tiny,303,9,0.16666666666666666,0.0,0.0,0.0,1.0,0.5734767025089607,-2.445951450046889,4,,,,0,0.000526592943654555,0.0005005005005005005,0.02702702702702703,1,0.018518518518518517,1.0,1.0,0.0,1
HeadFT,lisa_signs/densenet121,101,10,0.13333333333333333,0.0,0.0,0.0,1.0,0.554016620498615,-2.925339257625011,4,,,,0,0.0015839493136219642,0.0013477330385106153,0.045454545454545456,3,0.057692307692307696,1.0,1.068566340160285,0.48058402655862775,3
HeadFT,lisa_signs/densenet121,202,11,0.2424242424242424,0.0,0.0,0.5,0.6666666666666666,0.7615421227986673,-1.9355463046913768,6,,,,0,0.0005279831045406547,0.0004014452027298274,0.02127659574468085,1,0.018867924528301886,1.0,1.0,0.0,1
HeadFT,lisa_signs/densenet121,303,12,0.4166666666666667,0.16666666666666666,0.0,1.0,0.42857142857142855,0.9970918155380141,-0.022185806791804725,7,,,,0,0.003695881731784583,0.0032677191347703933,0.05555555555555555,5,0.09433962264150944,1.0,0.8665511265164645,-0.7870676584023353,7
HeadFT,lisa_signs/resnet50,101,13,0.5358974358974359,0.6666666666666666,0.0,1.0,0.68,0.7146047342563644,-2.9703585446818788,25,1.0,1.0,0.6666666666666666,3,0.004287245444801715,0.007348790831373372,0.16666666666666666,8,0.15384615384615385,1.0,1.2185833968012185,1.5119719662668818,8
HeadFT,lisa_signs/resnet50,202,11,0.4664502164502164,0.5,0.0,0.5238095238095238,0.55,0.8956059333893088,-0.8839185192113403,20,1.0,1.0,0.5,2,0.0026795284030010718,0.01081593506666606,0.3333333333333333,5,0.09615384615384616,1.0,1.1520737327188941,0.9482915229778293,5
HeadFT,lisa_signs/resnet50,303,17,0.5238095238095238,0.5,0.0,1.0,0.47058823529411764,1.073345259391771,0.6427469312229047,17,1.0,1.0,0.0,1,0.0021436227224008574,0.002436752790526375,0.08333333333333333,4,0.07547169811320754,1.0,1.1180992313067784,0.7002929431453668,4
HeadFT,lisa_signs/vgg16,101,21,0.5595238095238095,0.6666666666666666,0.0,1.0,0.47368421052631576,1.0524337530539372,0.48526582857193984,19,1.0,1.0,0.0,1,0.008583690987124463,0.022409876820605353,0.6666666666666666,10,0.19230769230769232,1.0,0.9445100354191263,-0.35972314089288654,16
HeadFT,lisa_signs/vgg16,202,18,0.5277777777777778,0.75,0.0,1.0,0.625,0.9086778736937755,-0.7847791350613272,16,0.5,0.5,0.0,2,0.008047210300429184,0.025619387671755787,1.0,6,0.11320754716981132,1.0,0.5973120955699353,-2.6121385010486806,15
HeadFT,lisa_signs/vgg16,303,17,0.29411764705882354,0.0,0.0,0.5,0.5384615384615384,0.8300907911802854,-1.3477965426098195,13,1.0,0.0,0.0,1,0.0075107296137339056,0.01359433870966911,0.3333333333333333,10,0.18867924528301888,1.0,1.033858878263117,0.22179858911705072,14
HeadFT,tt100k_signs/convnext_tiny,101,87,0.23272589895528425,0.0,0.0,0.41666666666666663,0.8888888888888888,0.5394750492789708,-7.277254534401331,81,0.6363636363636364,0.6363636363636364,0.5454545454545454,11,0.02025732274842595,0.07024935787348169,1.0,22,0.18487394957983194,1.0,0.4653130287648054,-7.4933395134165846,148
HeadFT,tt100k_signs/convnext_tiny,202,85,0.3221353156647274,0.0,0.0,1.0,0.8365384615384616,0.5871021007247041,-7.261576180622743,104,0.8888888888888888,0.6666666666666666,0.6666666666666666,9,0.017656720503695593,0.05622410093129381,1.0,26,0.21666666666666667,0.9844961240310077,0.583384753463847,-5.040300248883067,129
HeadFT,tt100k_signs/convnext_tiny,303,84,0.35055916305916307,0.0,0.0,0.8125,0.7982456140350878,0.6264137811031842,-6.817041064523668,114,0.7777777777777778,0.6666666666666666,0.6666666666666666,9,0.017519846701341362,0.07735188760579902,1.0,24,0.2033898305084746,1.0,0.5446190503205309,-5.568305726873562,128
HeadFT,tt100k_signs/densenet121,101,92,0.3101775109998172,0.0,0.0,0.8472222222222222,0.8791946308724832,0.5547850208044383,-7.4318809859063695,149,0.5789473684210527,0.5789473684210527,0.5263157894736842,19,0.01914744933612858,0.10154239763711471,1.0,32,0.2857142857142857,0.927007299270073,0.717770425615432,-3.5974686003159535,137
HeadFT,tt100k_signs/densenet121,202,82,0.31718917938430136,0.0,0.0,0.7944444444444445,0.8666666666666667,0.5820619102213599,-7.771160550340766,150,0.6,0.6,0.55,20,0.01774982529699511,0.09261617490537945,1.0,35,0.3153153153153153,0.8976377952755905,0.8120178643930167,-2.4262904064786452,127
HeadFT,tt100k_signs/densenet121,303,86,0.3367089209806468,0.0,0.0,0.8511904761904762,0.8116883116883117,0.5645388926972862,-8.856403828784575,154,0.6666666666666666,0.6666666666666666,0.5555555555555556,18,0.017330538085255066,0.07250129115722473,1.0,31,0.2743362831858407,0.9354838709677419,0.7303999528774223,-3.345718221052768,124
HeadFT,tt100k_signs/resnet50,101,91,0.28189887036040884,0.0,0.0,0.5,0.8,0.7170195242478562,-4.437344400667073,95,0.5,0.4375,0.3125,16,0.023612261806130904,0.11941990828774261,1.0,43,0.36752136752136755,0.8713450292397661,0.8538522637013503,-2.1609331506671734,171
HeadFT,tt100k_signs/resnet50,202,92,0.25451173222912354,0.0,0.0,0.5,0.85,0.6249408199981062,-6.123052847262496,100,0.6923076923076923,0.5384615384615384,0.5384615384615384,13,0.01988400994200497,0.08439218648424356,1.0,35,0.29914529914529914,0.9166666666666666,0.7474639615589962,-3.401645504547578,144
HeadFT,tt100k_signs/resnet50,303,89,0.2862965410883454,0.0,0.0,0.5,0.8117647058823529,0.709663953245669,-4.689886175691076,85,0.42857142857142855,0.42857142857142855,0.2857142857142857,14,0.01712234189450428,0.08466641411532852,1.0,37,0.31896551724137934,0.8870967741935484,0.8509170355890301,-1.8796019764536744,124
HeadFT,tt100k_signs/vgg16,101,100,0.22782683982683982,0.0,0.0,0.4464285714285714,0.7682926829268293,0.779532280631621,-3.2612161485066644,82,0.42857142857142855,0.3333333333333333,0.09523809523809523,21,0.014726507713884993,0.04903495337928009,1.0,24,0.20869565217391303,0.9904761904761905,0.6059075990911386,-4.92576097775857,105
HeadFT,tt100k_signs/vgg16,202,103,0.23166454185871663,0.0,0.0,0.45,0.8217821782178217,0.6602380331856486,-5.7361150287821365,101,0.5238095238095238,0.47619047619047616,0.19047619047619047,21,0.019495091164095372,0.06789836502390938,1.0,34,0.2905982905982906,0.920863309352518,0.7550521874306018,-3.2421409923519366,139
HeadFT,tt100k_signs/vgg16,303,102,0.20609114015976757,0.0,0.0,0.4,0.8620689655172413,0.6085674891836638,-6.0567701561303435,87,0.4782608695652174,0.34782608695652173,0.21739130434782608,23,0.017812061711079945,0.05673842049236596,1.0,30,0.2608695652173913,0.9448818897637795,0.6887842957180577,-4.019588303205269,127
LastDelta [internal],gtsrb/convnext_tiny,101,25,0.7125780016495817,0.9166666666666666,0.0,0.5,0.6507936507936508,0.8249123530624871,-5.413136318121785,189,1.0,1.0,0.9166666666666666,12,0.0013323767551501487,0.0010346146656329965,0.028735632183908046,3,0.06976744186046512,1.0,0.2862595419847328,-6.368321862162637,13
LastDelta [internal],gtsrb/convnext_tiny,202,23,0.683101414660635,0.8,0.0,0.5,0.6894736842105263,0.8449138410227904,-5.319354180592072,190,1.0,0.9230769230769231,0.7692307692307693,13,0.0020498103925386904,0.00189353022983359,0.024861878453038673,7,0.16279069767441862,1.0,0.48797490414778666,-4.498458971917887,20
LastDelta [internal],gtsrb/convnext_tiny,303,25,0.6209090909090909,0.9166666666666666,0.0,1.0,0.6979166666666666,0.7475083056478405,-6.659240905942516,192,1.0,0.9090909090909091,0.8181818181818182,11,0.0017423388336578866,0.001652151382342856,0.024725274725274724,6,0.13953488372093023,1.0,0.46448616218308497,-4.739021203448062,17
LastDelta [internal],gtsrb/densenet121,101,22,0.4105699855699856,0.2857142857142857,0.0,0.75,0.6363636363636364,0.7591240875912408,-2.4922878993619406,44,0.7142857142857143,0.7142857142857143,0.2857142857142857,7,0.001704773365423185,0.003711150205554202,0.08823529411764706,7,0.16279069767441862,1.0,0.5414813382324501,-4.054567498881662,17
LastDelta [internal],gtsrb/densenet121,202,23,0.43297101449275366,0.5,0.0,0.85,0.675,0.7494955318535601,-2.935425548088388,40,0.8333333333333334,0.6666666666666666,0.3333333333333333,6,0.0015042117930204573,0.0024251632213812767,0.061946902654867256,3,0.06976744186046512,1.0,0.2554278416347382,-6.8496651634531815,15
LastDelta [internal],gtsrb/densenet121,303,21,0.45714285714285713,0.5,0.0,0.8333333333333334,0.6530612244897959,0.7520971940989297,-2.899658689386391,49,1.0,0.8571428571428571,0.42857142857142855,7,0.0031087043722422786,0.010015946850092423,0.36764705882352944,6,0.13953488372093023,1.0,0.3134386835575291,-6.200814594441701,31
LastDelta [internal],gtsrb/resnet50,101,20,0.41666666666666663,0.41666666666666663,0.0,0.75,0.6,0.7431177166019254,-2.7067699416905406,25,1.0,1.0,0.0,2,0.0033908447192580035,0.006196287084258451,0.15942028985507245,10,0.23255813953488372,0.9705882352941176,0.4954173891503592,-4.93419981754072,34
LastDelta [internal],gtsrb/resnet50,202,20,0.4076190476190476,0.14285714285714285,0.0,1.0,0.6086956521739131,0.7404664938911514,-2.3418897008750035,23,0.75,0.5,0.25,4,0.0025929989029620025,0.003963714195726517,0.049586776859504134,11,0.2558139534883721,0.9230769230769231,0.64065230052417,-3.429842656494791,26
LastDelta [internal],gtsrb/resnet50,303,20,0.3639285714285715,0.16666666666666666,0.0,0.6875,0.6,0.7832386919913844,-1.9576798249649794,20,0.6666666666666666,0.3333333333333333,0.0,3,0.004188690535554004,0.007623423362886218,0.06382978723404255,14,0.32558139534883723,0.8809523809523809,0.6233303650934995,-4.2629520888561485,42
LastDelta [internal],gtsrb/vgg16,101,29,0.35825542676722344,0.3333333333333333,0.0,0.6,0.5977011494252874,0.7894996545939011,-3.5534654317008294,87,0.7058823529411765,0.5882352941176471,0.23529411764705882,17,0.006019793898581777,0.015258448955554456,0.4666666666666667,13,0.3023255813953488,0.9322033898305084,0.4963726613211149,-5.559465364302838,59
LastDelta [internal],gtsrb/vgg16,202,29,0.33538157245053796,0.2857142857142857,0.0,0.6666666666666666,0.5795454545454546,0.6711409395973155,-5.63391109360938,88,0.6842105263157895,0.5263157894736842,0.2631578947368421,19,0.008366493214978064,0.017376093393442742,0.5,19,0.4418604651162791,0.8658536585365854,0.6393001345895021,-4.8618905033006685,82
LastDelta [internal],gtsrb/vgg16,303,30,0.2899950485244603,0.20833333333333331,0.0,0.5803571428571429,0.6470588235294118,0.6762132060461415,-5.281484734133455,85,0.6470588235294118,0.47058823529411764,0.17647058823529413,17,0.004693398632792572,0.005469144257347487,0.07462686567164178,14,0.32558139534883723,0.8913043478260869,0.5984184654840778,-4.185291222234926,46
LastDelta [internal],lisa_signs/convnext_tiny,101,6,0.047619047619047616,0.0,0.0,0.0,1.0,0.5961251862891207,-1.4494051172113511,2,0.0,0.0,0.0,1,0.00105318588730911,0.0009425621006622959,0.038461538461538464,2,0.03773584905660377,1.0,1.0389610389610389,0.28474739872574956,2
LastDelta [internal],lisa_signs/convnext_tiny,202,8,0.175,0.0,0.0,0.1,1.0,0.5952380952380952,-2.0493458339083013,4,1.0,0.0,0.0,1,0.00105318588730911,0.000884453099642973,0.03333333333333333,2,0.038461538461538464,1.0,1.0430247718383312,0.2998637292684632,2
LastDelta [internal],lisa_signs/convnext_tiny,303,9,0.16666666666666666,0.0,0.0,0.0,1.0,0.5734767025089607,-2.445951450046889,4,,,,0,0.000526592943654555,0.0005005005005005005,0.02702702702702703,1,0.018518518518518517,1.0,1.0,0.0,1
LastDelta [internal],lisa_signs/densenet121,101,10,0.13333333333333333,0.0,0.0,0.0,1.0,0.554016620498615,-2.925339257625011,4,,,,0,0.0026399155227032735,0.002822820451098028,0.09090909090909091,4,0.07692307692307693,1.0,0.9158557527189468,-0.5263748010720117,5
LastDelta [internal],lisa_signs/densenet121,202,11,0.2424242424242424,0.0,0.0,0.5,0.6666666666666666,0.7615421227986673,-1.9355463046913768,6,,,,0,0.0005279831045406547,0.0004014452027298274,0.02127659574468085,1,0.018867924528301886,1.0,1.0,0.0,1
LastDelta [internal],lisa_signs/densenet121,303,12,0.4166666666666667,0.16666666666666666,0.0,1.0,0.42857142857142855,0.9970918155380141,-0.022185806791804725,7,,,,0,0.0026399155227032735,0.002572083533474414,0.045454545454545456,5,0.09433962264150944,1.0,1.1383039271485487,0.8923757653673032,5
LastDelta [internal],lisa_signs/resnet50,101,13,0.5273504273504274,0.6666666666666666,0.0,1.0,0.6666666666666666,0.7332722273143905,-2.7535048356477487,24,1.0,1.0,0.6666666666666666,3,0.003215434083601286,0.004058945581175698,0.08333333333333333,6,0.11538461538461539,1.0,1.1793611793611793,1.0830574441139835,6
LastDelta [internal],lisa_signs/resnet50,202,11,0.4664502164502164,0.5,0.0,0.5238095238095238,0.55,0.8956059333893088,-0.8839185192113403,20,1.0,1.0,0.5,2,0.003215434083601286,0.011828080815653914,0.3333333333333333,5,0.09615384615384616,1.0,0.997506234413965,-0.014507997924892397,6
LastDelta [internal],lisa_signs/resnet50,303,17,0.5448179271708684,0.5,0.0,1.0,0.4117647058823529,1.073345259391771,0.6427469312229047,17,1.0,0.0,0.0,1,0.0026795284030010718,0.004795243356564112,0.125,5,0.09433962264150944,1.0,1.1474469305794608,0.9276648518549522,5
LastDelta [internal],lisa_signs/vgg16,101,21,0.5753968253968254,0.6666666666666666,0.0,1.0,0.5,1.0062893081761006,0.06390362774890006,20,1.0,1.0,0.0,1,0.0101931330472103,0.030146393177811367,1.0,12,0.23076923076923078,0.8947368421052632,1.0156580617858655,0.10852773441135255,19
LastDelta [internal],lisa_signs/vgg16,202,18,0.4166666666666667,0.0,0.0,1.0,0.7142857142857143,0.7970112079701122,-1.6657821848027627,14,0.5,0.5,0.0,2,0.0075107296137339056,0.025564379145434208,1.0,6,0.11320754716981132,1.0,0.6214396685655101,-2.420065489630598,14
LastDelta [internal],lisa_signs/vgg16,303,17,0.3235294117647059,0.3333333333333333,0.0,0.5,0.5384615384615384,0.9338521400778211,-0.5247146845274867,13,1.0,0.0,0.0,1,0.009120171673819743,0.012333086611820358,0.16666666666666666,13,0.24528301886792453,0.8823529411764706,1.1828935395814377,1.205539571808563,17
LastDelta [internal],tt100k_signs/convnext_tiny,101,87,0.22123164608172102,0.0,0.0,0.3333333333333333,0.8987341772151899,0.5254584625085387,-7.097529186606008,79,0.6363636363636364,0.6363636363636364,0.5454545454545454,11,0.019983575143717493,0.06883141559542172,1.0,24,0.20168067226890757,1.0,0.5090407762871838,-6.658361981588298,146
LastDelta [internal],tt100k_signs/convnext_tiny,202,85,0.32378366731307906,0.0,0.0,1.0,0.8252427184466019,0.6060606060606061,-6.88274660090002,103,0.7777777777777778,0.6666666666666666,0.6666666666666666,9,0.017109225294278677,0.05402065328636794,1.0,26,0.21666666666666667,0.984,0.5926263604763804,-5.25179426494074,125
LastDelta [internal],tt100k_signs/convnext_tiny,303,84,0.35651154401154406,0.0,0.0,1.0,0.7982456140350878,0.6264137811031842,-6.817041064523668,114,0.7777777777777778,0.6666666666666666,0.6666666666666666,9,0.017246099096632904,0.07588590969311411,1.0,25,0.211864406779661,0.9920634920634921,0.5688929343497554,-5.402508570995414,126
LastDelta [internal],tt100k_signs/densenet121,101,92,0.29943922072466495,0.0,0.0,0.7833333333333333,0.8827586206896552,0.5462897818979432,-7.546112192449428,145,0.5789473684210527,0.5789473684210527,0.47368421052631576,19,0.018308874912648498,0.09921429717974013,1.0,31,0.2767857142857143,0.9312977099236641,0.7070361500741248,-3.785977714636958,131
LastDelta [internal],tt100k_signs/densenet121,202,82,0.29072844499673767,0.0,0.0,0.6053571428571428,0.8819444444444444,0.5571280945320574,-7.530021898069012,144,0.6,0.6,0.5,20,0.017330538085255066,0.0961114309957604,1.0,33,0.2972972972972973,0.9112903225806451,0.7702631732508607,-2.890144821141102,124
LastDelta [internal],tt100k_signs/densenet121,303,86,0.32722663969603993,0.0,0.0,0.8571428571428571,0.8223684210526315,0.5537459283387622,-8.453811005341965,152,0.6666666666666666,0.6666666666666666,0.5,18,0.018029350104821804,0.08126535628182904,1.0,34,0.3008849557522124,0.9147286821705426,0.7898251931006447,-2.7297554569776206,129
LastDelta [internal],tt100k_signs/resnet50,101,91,0.265485796255027,0.0,0.0,0.5,0.8021978021978022,0.7125538126577268,-4.229546528032002,91,0.5,0.4375,0.3125,16,0.023336095001380834,0.1136029319177609,1.0,42,0.358974358974359,0.8875739644970414,0.84,-2.250175801852048,169
LastDelta [internal],tt100k_signs/resnet50,202,92,0.26256901311249137,0.0,0.0,0.5,0.8653846153846154,0.5901881224640354,-6.83721437273474,104,0.6923076923076923,0.6153846153846154,0.5384615384615384,13,0.02016017674675504,0.08735304173910619,1.0,37,0.3162393162393162,0.9041095890410958,0.7936507936507937,-2.773520807255503,146
LastDelta [internal],tt100k_signs/resnet50,303,89,0.3195362414628773,0.0,0.0,0.75,0.797752808988764,0.7256601491634751,-4.3930891322273125,89,0.5,0.42857142857142855,0.21428571428571427,14,0.016570008285004142,0.085332304035166,1.0,37,0.31896551724137934,0.8833333333333333,0.8600151083735255,-1.7149843477515525,120
LastDelta [internal],tt100k_signs/vgg16,101,100,0.23564285714285713,0.0,0.0,0.5,0.7790697674418605,0.7592349248065411,-3.951168307425968,86,0.42857142857142855,0.38095238095238093,0.19047619047619047,21,0.01514726507713885,0.05076953118720615,1.0,24,0.20869565217391303,0.9907407407407407,0.5986530306809678,-4.785025631791157,108
LastDelta [internal],tt100k_signs/vgg16,202,103,0.2290351503943737,0.0,0.0,0.3484848484848485,0.8144329896907216,0.6957452502006958,-5.308481672663314,97,0.47619047619047616,0.42857142857142855,0.19047619047619047,21,0.017391304347826087,0.05740901228705012,1.0,30,0.2564102564102564,0.9435483870967742,0.7029053420805998,-3.723361386964035,124
LastDelta [internal],tt100k_signs/vgg16,303,102,0.19451706608569355,0.0,0.0,0.3333333333333333,0.8536585365853658,0.6306972160630697,-5.723250309471911,82,0.43478260869565216,0.30434782608695654,0.21739130434782608,23,0.01767180925666199,0.0539917338073862,1.0,31,0.26956521739130435,0.9365079365079365,0.7141211702372726,-3.4958578670774165,126
NN-Patching [matched],gtsrb/convnext_tiny,101,25,0.7055772946859904,1.0,0.0,0.75,0.6414141414141414,0.8166598611678236,-6.620863529550336,198,1.0,1.0,1.0,12,0.015681049502920978,0.022979188387384653,0.2440944881889764,18,0.4186046511627907,0.8235294117647058,0.5111095336125505,-8.031897876414977,153
NN-Patching [matched],gtsrb/convnext_tiny,202,23,0.8125541125541126,1.0,0.10000000000000009,0.2056277056277056,0.6456310679611651,0.8787346221441125,-5.548929849414822,206,1.0,1.0,0.8461538461538461,13,0.015988521061801785,0.023348282874546853,0.31746031746031744,17,0.3953488372093023,0.9294871794871795,0.4793458339207669,-8.86984707049743,156
NN-Patching [matched],gtsrb/convnext_tiny,303,25,0.6705627705627706,1.0,0.0,1.0,0.678391959798995,0.739447468419431,-8.15292146214971,199,1.0,0.9090909090909091,0.9090909090909091,11,0.017115916777698064,0.03716555894425204,0.39622641509433965,16,0.37209302325581395,0.9401197604790419,0.4451554566321207,-10.526431030830663,167
NN-Patching [matched],gtsrb/densenet121,101,22,0.33001443001443,0.0,0.0,0.5674603174603174,0.7714285714285715,0.651890482398957,-3.337891182045062,35,0.7142857142857143,0.5714285714285714,0.2857142857142857,7,0.0019053349378259125,0.002716519158528578,0.09090909090909091,6,0.13953488372093023,1.0,0.42796005706134094,-5.444832602100523,19
NN-Patching [matched],gtsrb/densenet121,202,23,0.1471014492753623,0.0,0.0,0.275,0.85,0.6669445602334306,-2.5814652988922906,20,0.5,0.16666666666666666,0.0,6,0.0007019655034095467,0.0008317297953195925,0.01694915254237288,4,0.09302325581395349,1.0,0.6430868167202572,-2.8741627065683595,7
NN-Patching [matched],gtsrb/densenet121,303,21,0.4309523809523809,0.3333333333333333,0.0,1.0,0.64,0.6320930900732653,-4.4441516706297595,50,1.0,1.0,0.5714285714285714,7,0.003309265944645006,0.008099665114298903,0.25333333333333335,8,0.18604651162790697,1.0,0.40665904180963275,-5.948668534912072,33
NN-Patching [matched],gtsrb/resnet50,101,20,0.4541666666666666,0.41666666666666663,0.0,1.0,0.6153846153846154,0.7960199004975125,-2.1967788510849604,26,1.0,1.0,0.5,2,0.0025929989029620025,0.00649494329219513,0.20454545454545456,11,0.2558139534883721,0.9230769230769231,0.6340971321516069,-3.586820141644113,26
NN-Patching [matched],gtsrb/resnet50,202,20,0.6097619047619047,0.8333333333333333,0.0,1.0,0.5483870967741935,0.8758210822646231,-1.4634508948694613,31,1.0,0.75,0.5,4,0.004388151989628004,0.00557313999977544,0.05333333333333334,15,0.3488372093023256,0.8636363636363636,0.6463427771194658,-3.893159388527885,44
NN-Patching [matched],gtsrb/resnet50,303,20,0.4269047619047619,0.25,0.0,1.0,0.6521739130434783,0.7218913553510197,-2.617815968269632,23,0.6666666666666666,0.6666666666666666,0.3333333333333333,3,0.002194075994814002,0.002531380412739005,0.022556390977443608,12,0.27906976744186046,0.8636363636363636,0.7730713480431631,-2.066882454672255,22
NN-Patching [matched],gtsrb/vgg16,101,29,0.3888820495898536,0.3333333333333333,0.0,0.7142857142857143,0.5876288659793815,0.7741436036384749,-4.159615051630256,97,0.7058823529411765,0.5882352941176471,0.4117647058823529,17,0.0071421283542495665,0.012942281360093016,0.20833333333333334,22,0.5116279069767442,0.7,0.7783477799398549,-2.6474988898329537,70
NN-Patching [matched],gtsrb/vgg16,202,29,0.35196240541068136,0.3333333333333333,0.0,0.5714285714285714,0.5652173913043478,0.7818608287724785,-4.087500775356294,92,0.7368421052631579,0.5263157894736842,0.3157894736842105,19,0.016732986429956128,0.022301947030166903,0.16176470588235295,31,0.7209302325581395,0.6280487804878049,0.8573008849557523,-2.6385665161445573,164
NN-Patching [matched],gtsrb/vgg16,303,30,0.46540842599666127,0.5277777777777778,0.0,0.6944444444444444,0.5630252100840336,0.8083777328679037,-3.804669408493556,119,0.9411764705882353,0.8235294117647058,0.5294117647058824,17,0.01122334455667789,0.016607115743059453,0.20833333333333334,23,0.5348837209302325,0.7454545454545455,0.7048188155979468,-4.151922781077906,110
NN-Patching [matched],lisa_signs/convnext_tiny,101,6,0.047619047619047616,0.0,0.0,0.0,1.0,0.5961251862891207,-1.4494051172113511,2,0.0,0.0,0.0,1,0.02738283307003686,0.06793637242614466,1.0,12,0.22641509433962265,0.9807692307692307,0.5652378709373528,-3.767472470978363,52
NN-Patching [matched],lisa_signs/convnext_tiny,202,8,0.0875,0.0,0.0,0.05,1.0,1.0610079575596818,0.36047677154687613,2,0.0,0.0,0.0,1,0.028962611901000527,0.046921637148487585,0.7777777777777778,10,0.19230769230769232,1.0,0.46098882102109023,-4.853814762098499,55
NN-Patching [matched],lisa_signs/convnext_tiny,303,9,0.3055555555555556,0.0,0.0,0.75,0.8333333333333334,0.6147540983606558,-2.456729355399788,6,,,,0,0.05055292259083728,0.11897856099610486,1.0,18,0.3333333333333333,0.90625,0.6271230729030572,-4.133504703414426,96
NN-Patching [matched],lisa_signs/densenet121,101,10,0.1,0.0,0.0,0.0,1.0,1.0,0.0,1,,,,0,0.005279831045406547,0.012778077749829161,0.3333333333333333,7,0.1346153846153846,1.0,0.9153318077803204,-0.5446672166470502,10
NN-Patching [matched],lisa_signs/densenet121,202,11,0.045454545454545456,0.0,0.0,0.0,1.0,1.0,0.0,1,,,,0,0.0,0.0,0.0,0,0.0,,,,0
NN-Patching [matched],lisa_signs/densenet121,303,12,0.08333333333333333,0.0,0.0,0.0,1.0,1.0,0.0,1,,,,0,0.0005279831045406547,0.0007861635220125786,0.041666666666666664,1,0.018867924528301886,1.0,1.0,0.0,1
NN-Patching [matched],lisa_signs/resnet50,101,13,0.15384615384615385,0.0,0.0,0.0,1.0,1.0554089709762533,0.3425177889602085,2,0.0,0.0,0.0,3,0.0010718113612004287,0.00016232060289437337,0.00546448087431694,2,0.038461538461538464,1.0,1.0376134889753568,0.279583826254247,2
NN-Patching [matched],lisa_signs/resnet50,202,11,0.09090909090909091,0.0,0.0,0.0,1.0,1.0,0.0,1,0.0,0.0,0.0,2,0.0,0.0,0.0,0,0.0,,,,0
NN-Patching [matched],lisa_signs/resnet50,303,17,0.023109243697478993,0.0,0.0,0.0,1.0,1.0282776349614395,0.2412489548185817,2,0.0,0.0,0.0,1,0.0005359056806002144,0.00016998130205677376,0.009009009009009009,1,0.018867924528301886,1.0,1.0,0.0,1
NN-Patching [matched],lisa_signs/vgg16,101,21,0.015873015873015872,0.0,0.0,0.0,1.0,1.0,0.0,1,0.0,0.0,0.0,1,0.003218884120171674,0.004335463387187525,0.09090909090909091,4,0.07692307692307693,1.0,0.7944389275074478,-1.1960922650953036,6
NN-Patching [matched],lisa_signs/vgg16,202,18,0.0,0.0,0.0,0.0,,,,0,0.0,0.0,0.0,2,0.0,0.0,0.0,0,0.0,,,,0
NN-Patching [matched],lisa_signs/vgg16,303,17,0.0,0.0,0.0,0.0,,,,0,0.0,0.0,0.0,1,0.002145922746781116,0.006074899942824471,0.25,3,0.05660377358490566,1.0,0.8368200836820083,-1.0065656712047073,4
NN-Patching [matched],tt100k_signs/convnext_tiny,101,87,0.3151370743199829,0.0,0.0,1.0,0.8316831683168316,0.5732712289501971,-7.426509180603512,101,0.8181818181818182,0.7272727272727273,0.7272727272727273,11,0.1205858198740761,0.21707260781492943,1.0,69,0.5798319327731093,0.8706015891032917,0.7873566497404004,-5.777975146313198,881
NN-Patching [matched],tt100k_signs/convnext_tiny,202,85,0.4150168785462903,0.0,0.0,1.0,0.7703703703703704,0.6174507004206383,-8.586527467202547,135,1.0,0.8888888888888888,0.7777777777777778,9,0.09991787571858746,0.2684861196287197,1.0,77,0.6416666666666667,0.7849315068493151,0.9245362310139882,-1.8827346462824748,730
NN-Patching [matched],tt100k_signs/convnext_tiny,303,84,0.4084415584415585,0.0,0.0,1.0,0.7878787878787878,0.6160650817470974,-8.380050557177114,132,1.0,0.8888888888888888,0.8888888888888888,9,0.09813851628798248,0.2613536461065748,1.0,69,0.5847457627118644,0.8535564853556485,0.8315006176000964,-4.055507018426896,717
NN-Patching [matched],tt100k_signs/densenet121,101,92,0.3094758575807725,0.0,0.0,0.7418478260869565,0.7803030303030303,0.6838206285889624,-5.367565837758757,132,0.5789473684210527,0.47368421052631576,0.42105263157894735,19,0.012299091544374563,0.07811265888779927,1.0,34,0.30357142857142855,0.8636363636363636,0.9423503325942351,-0.6949335227747041,88
NN-Patching [matched],tt100k_signs/densenet121,202,82,0.2826031353470378,0.0,0.0,0.575,0.8450704225352113,0.6132756132756133,-6.4246928549335465,142,0.65,0.55,0.45,20,0.014814814814814815,0.06006808585709819,1.0,26,0.23423423423423423,0.9622641509433962,0.6580196140461879,-4.354377595176151,106
NN-Patching [matched],tt100k_signs/densenet121,303,86,0.31165592873059217,0.0,0.0,0.6666666666666666,0.7769230769230769,0.6544618377995932,-6.264637776810874,130,0.6666666666666666,0.5,0.3333333333333333,18,0.018588399720475192,0.10355409961378455,1.0,33,0.2920353982300885,0.924812030075188,0.7550623498455554,-3.096987974604448,133
NN-Patching [matched],tt100k_signs/resnet50,101,91,0.2716640502354788,0.0,0.0,0.6190476190476191,0.8290598290598291,0.5240469951821486,-8.117178932191242,117,0.75,0.625,0.5625,16,0.059375863021264845,0.20134745256213776,1.0,71,0.6068376068376068,0.7790697674418605,0.993250096177386,-0.13213132640785633,430
NN-Patching [matched],tt100k_signs/resnet50,202,92,0.2980331262939958,0.0,0.0,0.5714285714285714,0.8359375,0.5834683954619124,-7.33687030358795,128,1.0,0.7692307692307693,0.6153846153846154,13,0.053714443523888426,0.26113572386663136,1.0,76,0.6495726495726496,0.7095115681233933,1.099735918677423,1.9002720071142492,389
NN-Patching [matched],tt100k_signs/resnet50,303,89,0.29981987609218275,0.0,0.0,0.75,0.819672131147541,0.5316276944802093,-8.513741964618463,122,0.7857142857142857,0.7142857142857143,0.6428571428571429,14,0.06904170118751726,0.22937182923616223,1.0,72,0.6206896551724138,0.734,0.9615705652565858,-0.8154309027631131,500
NN-Patching [matched],tt100k_signs/vgg16,101,100,0.30618542568542567,0.0,0.0,0.6666666666666666,0.7419354838709677,0.7295587721681089,-5.098093076579076,124,0.6190476190476191,0.5238095238095238,0.3333333333333333,21,0.05287517531556802,0.1635871576737039,1.0,69,0.6,0.7055702917771883,1.0224115576958697,0.4200603982454779,377
NN-Patching [matched],tt100k_signs/vgg16,202,103,0.30171630778426894,0.0,0.0,0.6388888888888888,0.762589928057554,0.6351726875744343,-7.404879236830894,139,0.7619047619047619,0.6190476190476191,0.3333333333333333,21,0.048106591865357644,0.18794358624847923,1.0,75,0.6410256410256411,0.6676384839650146,1.1502626433035543,2.732992673615675,343
NN-Patching [matched],tt100k_signs/vgg16,303,102,0.2730128078167294,0.0,0.0,0.5863636363636363,0.7874015748031497,0.5909314746770711,-7.672192501916361,127,0.6956521739130435,0.6086956521739131,0.30434782608695654,23,0.054137447405329595,0.20764937834021255,1.0,70,0.6086956521739131,0.727979274611399,1.0202966148015886,0.4053132827539028,386
NN-Patching [tau],gtsrb/convnext_tiny,101,25,0.6199181100506658,0.8333333333333334,0.0,0.75,0.6775956284153005,0.7905138339920948,-5.705496905402912,183,1.0,1.0,0.8333333333333334,12,0.003792149226196577,0.0030205866110857675,0.0603448275862069,9,0.20930232558139536,1.0,0.430416068866571,-5.942459785344002,37
NN-Patching [tau],gtsrb/convnext_tiny,202,23,0.7310203727291694,0.9767441860465116,0.0,0.4772727272727273,0.6700507614213198,0.8400574776168895,-5.977960979889958,197,1.0,0.9230769230769231,0.8461538461538461,13,0.0049195449420928565,0.004763571088306554,0.07458563535911603,8,0.18604651162790697,1.0,0.3343782654127482,-6.888600187015171,48
NN-Patching [tau],gtsrb/convnext_tiny,303,25,0.6096969696969697,0.9166666666666666,0.0,1.0,0.689119170984456,0.7083333333333334,-7.462025072446365,193,0.9090909090909091,0.9090909090909091,0.9090909090909091,11,0.005022035461719791,0.0055404116617254326,0.09448818897637795,6,0.13953488372093023,1.0,0.2490143183233036,-8.458955998984033,49
NN-Patching [tau],gtsrb/densenet121,101,22,0.63510101010101,0.8194444444444444,0.0,0.7023809523809523,0.5806451612903226,0.8623969562460368,-2.196630830810096,62,0.8571428571428571,0.8571428571428571,0.7142857142857143,7,0.006417970316887284,0.010446340953803285,0.23376623376623376,17,0.3953488372093023,0.875,0.625229863920559,-4.5553303056232055,64
NN-Patching [tau],gtsrb/densenet121,202,23,0.5768115942028985,0.6666666666666666,0.0,1.0,0.7413793103448276,0.7449714427613607,-3.804460496083454,58,0.8333333333333334,0.8333333333333334,0.6666666666666666,6,0.005415162454873646,0.010683049915738369,0.288135593220339,13,0.3023255813953488,0.9259259259259259,0.5157706804205515,-5.272753180342537,54
NN-Patching [tau],gtsrb/densenet121,303,21,0.5753968253968254,0.6666666666666666,0.0,1.0,0.5862068965517241,0.7586020048767272,-3.5352967819299925,58,1.0,1.0,0.7142857142857143,7,0.007420778178900923,0.01609141383379106,0.32,17,0.3953488372093023,0.8918918918918919,0.5855506759665892,-5.517148680016067,74
NN-Patching [tau],gtsrb/resnet50,101,20,0.5125,0.5,0.0,1.0,0.6071428571428571,0.8216147890662032,-2.180207118062798,28,1.0,1.0,1.0,2,0.011867956517403012,0.02077153148618349,0.5,17,0.3953488372093023,0.865546218487395,0.5015489010178492,-8.18183790600371,119
NN-Patching [tau],gtsrb/resnet50,202,20,0.6240476190476191,0.8571428571428572,0.0,1.0,0.5757575757575758,0.8469449485783423,-1.8334777528328163,33,1.0,1.0,0.75,4,0.007878727435923008,0.011792326475108656,0.11904761904761904,17,0.3953488372093023,0.8607594936708861,0.5726798046151255,-5.786404030974499,79
NN-Patching [tau],gtsrb/resnet50,303,20,0.5019047619047619,0.6190476190476191,0.0,1.0,0.6,0.7525226611937746,-2.535122733370491,25,0.6666666666666666,0.6666666666666666,0.3333333333333333,3,0.005584920714072006,0.007670324807495237,0.10638297872340426,16,0.37209302325581395,0.8571428571428571,0.6197946930079411,-4.293534436123582,56
NN-Patching [tau],gtsrb/vgg16,101,29,0.43492451287369616,0.4,0.0,0.8,0.5462962962962963,0.7534375588623092,-5.218536684659245,108,0.8823529411764706,0.5882352941176471,0.4117647058823529,17,0.019385776961534536,0.03394681626289857,0.4791666666666667,32,0.7441860465116279,0.6210526315789474,0.8636394305377505,-2.6126750603111235,190
NN-Patching [tau],gtsrb/vgg16,202,29,0.36756174859623136,0.3333333333333333,0.0,0.6666666666666666,0.5473684210526316,0.7817844229453729,-4.009868562686316,95,0.7368421052631579,0.5263157894736842,0.3684210526315789,19,0.020202020202020204,0.02682051709501496,0.16176470588235295,34,0.7906976744186046,0.6161616161616161,0.9032943676939426,-1.979781843933341,198
NN-Patching [tau],gtsrb/vgg16,303,30,0.5002905808788162,0.5857142857142856,0.0,0.7286764705882354,0.546875,0.7953004970628106,-4.257887397382505,128,1.0,0.8235294117647058,0.5882352941176471,17,0.027038057341087645,0.0398751433530471,0.4791666666666667,33,0.7674418604651163,0.6226415094339622,0.833175534936565,-4.416356047936476,265
NN-Patching [tau],lisa_signs/convnext_tiny,101,6,0.0,0.0,0.0,0.0,,,,0,0.0,0.0,0.0,1,0.0,0.0,0.0,0,0.0,,,,0
NN-Patching [tau],lisa_signs/convnext_tiny,202,8,0.0,0.0,0.0,0.0,,,,0,0.0,0.0,0.0,1,0.0,0.0,0.0,0,0.0,,,,0
NN-Patching [tau],lisa_signs/convnext_tiny,303,9,0.0,0.0,0.0,0.0,,,,0,,,,0,0.0,0.0,0.0,0,0.0,,,,0
NN-Patching [tau],lisa_signs/densenet121,101,10,0.0,0.0,0.0,0.0,,,,0,,,,0,0.0005279831045406547,0.0008741258741258741,0.045454545454545456,1,0.019230769230769232,1.0,1.0,0.0,1
NN-Patching [tau],lisa_signs/densenet121,202,11,0.045454545454545456,0.0,0.0,0.0,1.0,1.0,0.0,1,,,,0,0.0005279831045406547,0.00024503798088703753,0.012987012987012988,1,0.018867924528301886,1.0,1.0,0.0,1
NN-Patching [tau],lisa_signs/densenet121,303,12,0.08333333333333333,0.0,0.0,0.0,1.0,1.0,0.0,1,,,,0,0.0005279831045406547,0.0007861635220125786,0.041666666666666664,1,0.018867924528301886,1.0,1.0,0.0,1
NN-Patching [tau],lisa_signs/resnet50,101,13,0.15384615384615385,0.0,0.0,0.0,1.0,1.0554089709762533,0.3425177889602085,2,0.0,0.0,0.0,3,0.0010718113612004287,0.00016232060289437337,0.00546448087431694,2,0.038461538461538464,1.0,1.0376134889753568,0.279583826254247,2
NN-Patching [tau],lisa_signs/resnet50,202,11,0.23520923520923517,0.0,0.0,0.23809523809523808,0.4,1.277139208173691,1.3748779692656816,5,0.0,0.0,0.0,2,0.0,0.0,0.0,0,0.0,,,,0
NN-Patching [tau],lisa_signs/resnet50,303,17,0.023109243697478993,0.0,0.0,0.0,1.0,1.0282776349614395,0.2412489548185817,2,0.0,0.0,0.0,1,0.0005359056806002144,0.00016998130205677376,0.009009009009009009,1,0.018867924528301886,1.0,1.0,0.0,1
NN-Patching [tau],lisa_signs/vgg16,101,21,0.015873015873015872,0.0,0.0,0.0,1.0,1.0,0.0,1,0.0,0.0,0.0,1,0.000536480686695279,0.00011052166224580017,0.005747126436781609,1,0.019230769230769232,1.0,1.0,0.0,1
NN-Patching [tau],lisa_signs/vgg16,202,18,0.0,0.0,0.0,0.0,,,,0,0.0,0.0,0.0,2,0.001072961373390558,0.000725689404934688,0.038461538461538464,1,0.018867924528301886,1.0,0.5194805194805194,-3.5118845842842465,2
NN-Patching [tau],lisa_signs/vgg16,303,17,0.0,0.0,0.0,0.0,,,,0,0.0,0.0,0.0,1,0.002145922746781116,0.006074899942824471,0.25,3,0.05660377358490566,1.0,0.8368200836820083,-1.0065656712047073,4
NN-Patching [tau],tt100k_signs/convnext_tiny,101,87,0.22909973584636253,0.0,0.0,0.3333333333333333,0.8648648648648649,0.5951068988318272,-6.013069129286662,74,0.7272727272727273,0.5454545454545454,0.45454545454545453,11,0.012729263618943333,0.036798956717794436,1.0,30,0.25210084033613445,0.9354838709677419,0.7904096956922672,-2.392226968865731,93
NN-Patching [tau],tt100k_signs/convnext_tiny,202,85,0.2862472168354521,0.0,0.0,0.6666666666666666,0.8125,0.5952095233523736,-6.429894745166674,96,0.7777777777777778,0.5555555555555556,0.4444444444444444,9,0.016151108677799068,0.04979947156164553,1.0,35,0.2916666666666667,0.9067796610169492,0.8224167303060566,-2.2027168718818357,118
NN-Patching [tau],tt100k_signs/convnext_tiny,303,84,0.30338915470494415,0.0,0.0,0.5340909090909091,0.8241758241758241,0.6565530962447153,-5.441606623626539,91,0.7777777777777778,0.6666666666666666,0.5555555555555556,9,0.018477963317820967,0.08498849069086102,1.0,34,0.288135593220339,0.9259259259259259,0.7474170147285117,-3.2140771769377605,135
NN-Patching [tau],tt100k_signs/densenet121,101,92,0.33141095986559127,0.0,0.0,0.8423913043478262,0.7763157894736842,0.6253006253006254,-6.871122562857784,152,0.7368421052631579,0.5789473684210527,0.47368421052631576,19,0.021523410202655486,0.12531194174359325,1.0,44,0.39285714285714285,0.8181818181818182,0.9348772973547222,-0.8385223709778429,154
NN-Patching [tau],tt100k_signs/densenet121,202,82,0.32203606014581626,0.0,0.0,0.7767857142857143,0.8193548387096774,0.6240520043336945,-6.9797017839190145,155,0.75,0.6,0.5,20,0.018308874912648498,0.07489891457343593,1.0,36,0.32432432432432434,0.8931297709923665,0.8223872073101085,-2.2057847110401143,131
NN-Patching [tau],tt100k_signs/densenet121,303,86,0.32782870887216053,0.0,0.0,0.7796052631578947,0.7659574468085106,0.6430052032657896,-6.418875217935841,141,0.7222222222222222,0.5555555555555556,0.4444444444444444,18,0.02278127183787561,0.1242717255535931,1.0,38,0.336283185840708,0.9079754601226994,0.7893643539675945,-2.9048122006287707,163
NN-Patching [tau],tt100k_signs/resnet50,101,91,0.23012427133306254,0.0,0.0,0.4,0.8172043010752689,0.5857087075361187,-6.635593069102282,93,0.5625,0.4375,0.375,16,0.01946975973487987,0.08022934493329816,1.0,43,0.36752136752136755,0.8581560283687943,0.9291772459618605,-0.8767163789786553,141
NN-Patching [tau],tt100k_signs/resnet50,202,92,0.24121808143547271,0.0,0.0,0.3571428571428571,0.8645833333333334,0.5835440575763471,-6.59412569398888,96,0.6923076923076923,0.6153846153846154,0.46153846153846156,13,0.018779342723004695,0.10902067807228569,1.0,46,0.39316239316239315,0.8235294117647058,1.016293841480254,0.2192127389867708,136
NN-Patching [tau],tt100k_signs/resnet50,303,89,0.24080139402346934,0.0,0.0,0.4,0.8333333333333334,0.5644307816358414,-6.481569673437983,90,0.6428571428571429,0.42857142857142855,0.35714285714285715,14,0.015603424468378901,0.10236710782977593,1.0,40,0.3448275862068966,0.8495575221238938,0.961596249774626,-0.489848788713945,113
NN-Patching [tau],tt100k_signs/vgg16,101,100,0.2799682539682539,0.0,0.0,0.5,0.75,0.7455246846690651,-4.29219994960323,104,0.5714285714285714,0.38095238095238093,0.2857142857142857,21,0.026928471248246846,0.08535815068697349,1.0,53,0.4608695652173913,0.7864583333333334,1.016396586441653,0.24729192946763787,192
NN-Patching [tau],tt100k_signs/vgg16,202,103,0.2849635980703942,0.0,0.0,0.5857142857142856,0.7637795275590551,0.6528753084076675,-7.019316241684317,127,0.7619047619047619,0.5714285714285714,0.3333333333333333,21,0.02664796633941094,0.12706166120740994,1.0,57,0.48717948717948717,0.7210526315789474,1.0944175106801708,1.4066836452250884,190
NN-Patching [tau],tt100k_signs/vgg16,303,102,0.24822159503532049,0.0,0.0,0.4,0.8141592920353983,0.6016504735964876,-7.777966478184558,113,0.6956521739130435,0.4782608695652174,0.2608695652173913,23,0.030575035063113605,0.14023678940826922,1.0,52,0.45217391304347826,0.7706422018348624,0.9434390166462557,-0.8693767782008511,218
PatchNAS [matched],gtsrb/convnext_tiny,101,25,0.6247852598091198,0.8,0.0,1.0,0.6978021978021978,0.7506255212677231,-6.304874708247993,182,1.0,0.9166666666666666,0.8333333333333334,12,0.0145536537870247,0.025445867000005593,0.2602739726027397,21,0.4883720930232558,0.7676056338028169,0.6082548877624909,-7.330246469940757,142
PatchNAS [matched],gtsrb/convnext_tiny,202,23,0.7107068759992299,0.9444444444444444,0.0,0.55,0.6861702127659575,0.8487826669644851,-4.731721113961364,188,0.9230769230769231,0.7692307692307693,0.6923076923076923,13,0.011376447678589731,0.02476310260576218,0.3055555555555556,19,0.4418604651162791,0.8288288288288288,0.5833589192508444,-6.789159634554615,111
PatchNAS [matched],gtsrb/convnext_tiny,303,25,0.5268831168831168,0.6428571428571429,0.0,1.0,0.6989247311827957,0.6743940990516333,-7.613979090832103,186,0.9090909090909091,0.9090909090909091,0.8181818181818182,11,0.015168596904786308,0.028832103843805214,0.28205128205128205,26,0.6046511627906976,0.6824324324324325,0.7433881343817011,-4.487850627027141,148
PatchNAS [matched],gtsrb/densenet121,101,22,0.451010101010101,0.5,0.0,0.7619047619047619,0.6122448979591837,0.783107257726192,-2.5665339176034805,49,0.8571428571428571,0.7142857142857143,0.7142857142857143,7,0.002807862013638187,0.0038120690452639345,0.05217391304347826,11,0.2558139534883721,0.9285714285714286,0.6106870229007634,-3.5228714775445353,28
PatchNAS [matched],gtsrb/densenet121,202,23,0.2579710144927536,0.0,0.0,0.5,0.8666666666666667,0.6058566139347021,-3.5738610741987498,30,0.6666666666666666,0.5,0.16666666666666666,6,0.00020056157240272763,0.00010559438839937061,0.00273224043715847,2,0.046511627906976744,1.0,1.0178117048346056,0.19044534662682966,2
PatchNAS [matched],gtsrb/densenet121,303,21,0.3637566137566137,0.2,0.0,0.75,0.7317073170731707,0.6859993763642033,-3.217547992346304,41,0.7142857142857143,0.7142857142857143,0.42857142857142855,7,0.0018050541516245488,0.0027966805751264527,0.04,8,0.18604651162790697,1.0,0.5980190618575967,-3.55355687323668,18
PatchNAS [matched],gtsrb/resnet50,101,20,0.4208333333333333,0.375,0.0,0.875,0.6666666666666666,0.7613774009344177,-2.4642332735888655,24,1.0,1.0,0.5,2,0.005983843622220006,0.011930854669748164,0.2222222222222222,9,0.20930232558139536,1.0,0.33345683586513525,-8.135442398221842,60
PatchNAS [matched],gtsrb/resnet50,202,20,0.3902380952380952,0.25,0.0,0.7,0.6818181818181818,0.7551444213705871,-2.1647023851405707,22,1.0,1.0,0.25,4,0.0022938067218510024,0.0031495627344064474,0.0603448275862069,6,0.13953488372093023,1.0,0.3747072599531616,-5.807550730022529,23
PatchNAS [matched],gtsrb/resnet50,303,20,0.45821428571428574,0.35,0.0,1.0,0.6363636363636364,0.814663951120163,-1.827570646162519,22,0.3333333333333333,0.3333333333333333,0.3333333333333333,3,0.002792460357036003,0.0017518624630975409,0.015817223198594025,10,0.23255813953488372,0.9642857142857143,0.5466721333880006,-4.51256600006265,28
PatchNAS [matched],gtsrb/vgg16,101,29,0.3687088874021724,0.4,0.0,0.7142857142857143,0.6464646464646465,0.6178202529201661,-7.424762398664369,99,0.7647058823529411,0.6470588235294118,0.47058823529411764,17,0.009998979695949393,0.00855985234073615,0.045454545454545456,25,0.5813953488372093,0.7244897959183674,0.7953551260637874,-2.8454469208935125,98
PatchNAS [matched],gtsrb/vgg16,202,29,0.34004214176627967,0.16666666666666666,0.0,0.7142857142857143,0.6842105263157895,0.6645167595035669,-6.164746428885858,95,0.5789473684210527,0.5263157894736842,0.42105263157894735,19,0.012549739822467095,0.012696444054772325,0.05217391304347826,29,0.6744186046511628,0.6178861788617886,0.8613648177025321,-2.107069141704299,123
PatchNAS [matched],gtsrb/vgg16,303,30,0.3982289986701752,0.3666666666666667,0.0,0.7944444444444445,0.6491228070175439,0.6685236768802229,-6.3841675368924165,114,0.7058823529411765,0.5882352941176471,0.47058823529411764,17,0.014386287113559841,0.016888819211083407,0.07692307692307693,31,0.7209302325581395,0.6028368794326241,0.8886340834169414,-1.7747730056202873,141
PatchNAS [matched],lisa_signs/convnext_tiny,101,6,0.2380952380952381,0.0,0.0,0.3214285714285714,0.75,0.7104795737122558,-1.1082795144004354,4,1.0,0.0,0.0,1,0.04370721432332807,0.12644980839286077,1.0,30,0.5660377358490566,0.6867469879518072,1.146788990825688,1.5612594258512589,83
PatchNAS [matched],lisa_signs/convnext_tiny,202,8,0.325,0.0,0.0,0.7,0.8333333333333334,0.6504065040650406,-1.8348239699237956,6,1.0,1.0,0.0,1,0.03896787783043707,0.0809565859994311,1.0,22,0.4230769230769231,0.7972972972972973,0.8637612877895564,-1.4033409749432462,74
PatchNAS [matched],lisa_signs/convnext_tiny,303,9,0.2777777777777778,0.0,0.0,0.5,0.8,0.7172743574417214,-1.657141590409788,5,,,,0,0.03475513428120063,0.08408114575353903,1.0,22,0.4074074074074074,0.7878787878787878,0.9161894846434149,-0.7978611601063541,66
PatchNAS [matched],lisa_signs/densenet121,101,10,0.1,0.0,0.0,0.0,1.0,1.0,0.0,1,,,,0,0.0,0.0,0.0,0,0.0,,,,0
PatchNAS [matched],lisa_signs/densenet121,202,11,0.18181818181818182,0.0,0.0,0.25,0.6666666666666666,1.0498687664041995,0.3995599761448561,3,,,,0,0.0005279831045406547,0.00017969451931716085,0.009523809523809525,1,0.018867924528301886,1.0,1.0,0.0,1
PatchNAS [matched],lisa_signs/densenet121,303,12,0.16666666666666666,0.0,0.0,0.0,1.0,1.0296010296010296,0.24699788978791276,2,,,,0,0.0010559662090813093,0.001572327044025157,0.08333333333333333,1,0.018867924528301886,1.0,0.5167958656330749,-3.792705549421862,2
PatchNAS [matched],lisa_signs/resnet50,101,13,0.26324786324786326,0.0,0.0,0.2222222222222222,0.6666666666666666,1.0875475802066341,0.46003943364154043,6,0.0,0.0,0.0,3,0.003215434083601286,0.013675213675213673,0.3333333333333333,4,0.07692307692307693,1.0,0.7862407862407862,-1.2907670909303648,6
PatchNAS [matched],lisa_signs/resnet50,202,11,0.24819624819624816,0.0,0.0,0.30952380952380953,0.5,1.1299435028248588,0.6257489960595849,6,0.0,0.0,0.0,2,0.003215434083601286,0.0029676653270003656,0.07142857142857142,4,0.07692307692307693,1.0,0.798004987531172,-1.1751478319162676,6
PatchNAS [matched],lisa_signs/resnet50,303,17,0.029411764705882353,0.0,0.0,0.0,1.0,1.0,0.0,1,0.0,0.0,0.0,1,0.0005359056806002144,0.00016998130205677376,0.009009009009009009,1,0.018867924528301886,1.0,1.0,0.0,1
PatchNAS [matched],lisa_signs/vgg16,101,21,0.047619047619047616,0.0,0.0,0.0,1.0,1.0,0.0,1,0.0,0.0,0.0,1,0.001609442060085837,0.0016477775098464752,0.045454545454545456,3,0.057692307692307696,1.0,1.0676156583629892,0.4693146639657668,3
PatchNAS [matched],lisa_signs/vgg16,202,18,0.08333333333333333,0.0,0.0,0.0,1.0,1.0282776349614395,0.24124895481858172,2,0.0,0.0,0.0,2,0.000536480686695279,0.0007861635220125786,0.041666666666666664,1,0.018867924528301886,1.0,1.0,0.0,1
PatchNAS [matched],lisa_signs/vgg16,303,17,0.0196078431372549,0.0,0.0,0.0,1.0,1.0,0.0,1,0.0,0.0,0.0,1,0.0,0.0,0.0,0,0.0,,,,0
PatchNAS [matched],tt100k_signs/convnext_tiny,101,87,0.22881297446514837,0.0,0.0,0.3666666666666667,0.8875,0.5406248375526329,-7.229295613600356,80,0.8181818181818182,0.6363636363636364,0.5454545454545454,11,0.11456337257049001,0.28026634204474743,1.0,84,0.7058823529411765,0.6762246117084827,0.9700329118309371,-0.7587857155560087,837
PatchNAS [matched],tt100k_signs/convnext_tiny,202,85,0.323696222078575,0.0,0.0,0.7777777777777778,0.8148148148148148,0.6421404682274248,-6.14374602273536,108,1.0,0.6666666666666666,0.6666666666666666,9,0.09143169997262524,0.29266950252408847,1.0,95,0.7916666666666666,0.6631736526946108,1.1675423234092235,3.791570869918719,668
PatchNAS [matched],tt100k_signs/convnext_tiny,303,84,0.27790498974709504,0.0,0.0,0.5,0.8585858585858586,0.5889337449536927,-6.564026973588995,99,0.8888888888888888,0.8888888888888888,0.8888888888888888,9,0.08650424308787298,0.27899513808134657,1.0,87,0.7372881355932204,0.6787974683544303,1.0829650837119562,1.9445644584016202,632
PatchNAS [matched],tt100k_signs/densenet121,101,92,0.11471518242312193,0.0,0.0,0.0,0.9333333333333333,0.6199802733549388,-4.760302139776095,60,0.42105263157894735,0.21052631578947367,0.10526315789473684,19,0.0068483577917540185,0.04176072755583223,1.0,23,0.20535714285714285,0.9795918367346939,0.8819863867318569,-1.1668173062640466,49
PatchNAS [matched],tt100k_signs/densenet121,202,82,0.1276456267309926,0.0,0.0,0.14047619047619048,0.9204545454545454,0.545088280601967,-6.165694095290618,88,0.45,0.3,0.2,20,0.013696715583508037,0.04240248552187783,0.7837837837837838,31,0.27927927927927926,0.9081632653061225,0.809188201513965,-2.265765495745499,98
PatchNAS [matched],tt100k_signs/densenet121,303,86,0.18693236333230212,0.0,0.0,0.2767857142857143,0.8823529411764706,0.6089309878213802,-5.6938520963393815,85,0.3888888888888889,0.3333333333333333,0.16666666666666666,18,0.01816911250873515,0.07603694224376698,1.0,36,0.3185840707964602,0.9,0.8352668213457076,-1.999801656170485,130
PatchNAS [matched],tt100k_signs/resnet50,101,91,0.1986621437170888,0.0,0.0,0.25,0.8876404494382022,0.5652854186645132,-6.999360796777578,89,0.5,0.4375,0.4375,16,0.07028445180889258,0.23191253567573927,1.0,84,0.717948717948718,0.6640471512770137,1.1127670144063586,2.518993483623268,509
PatchNAS [matched],tt100k_signs/resnet50,202,92,0.224223602484472,0.0,0.0,0.3333333333333333,0.8823529411764706,0.5592059275828324,-7.058721326041126,102,0.7692307692307693,0.6923076923076923,0.46153846153846156,13,0.06393261529964098,0.26181669158293286,1.0,88,0.7521367521367521,0.6393088552915767,1.2055207370115415,4.539444732999209,463
PatchNAS [matched],tt100k_signs/resnet50,303,89,0.1776835193887408,0.0,0.0,0.25,0.8933333333333333,0.5871062436490911,-5.536138831724421,75,0.42857142857142855,0.35714285714285715,0.35714285714285715,14,0.07194145263739299,0.23735383948208763,1.0,85,0.7327586206896551,0.6372360844529751,1.1178327196212519,2.634337179329787,521
PatchNAS [matched],tt100k_signs/vgg16,101,100,0.14446969696969694,0.0,0.0,0.25,0.8450704225352113,0.6825938566552902,-4.927586024138691,71,0.5238095238095238,0.3333333333333333,0.09523809523809523,21,0.05624123422159888,0.176218830323711,1.0,81,0.7043478260869566,0.6458852867830424,1.1678200692041523,3.34967149441942,401
PatchNAS [matched],tt100k_signs/vgg16,202,103,0.16138791988306553,0.0,0.0,0.19090909090909092,0.8928571428571429,0.5886970172684458,-6.433747494828999,84,0.47619047619047616,0.38095238095238093,0.14285714285714285,21,0.05582047685834502,0.22664732917073657,1.0,90,0.7692307692307693,0.6130653266331658,1.3113320948530216,6.034610080020172,398
PatchNAS [matched],tt100k_signs/vgg16,303,102,0.16954809895986367,0.0,0.0,0.24305555555555555,0.8809523809523809,0.584652862362972,-7.063145418433333,84,0.5652173913043478,0.34782608695652173,0.21739130434782608,23,0.07012622720897616,0.20967240822052133,1.0,85,0.7391304347826086,0.652,1.146093170633048,2.7912860969864908,500
PatchNAS [tau],gtsrb/convnext_tiny,101,25,0.5606023918934842,0.6,0.0,1.0,0.7261904761904762,0.7657130702967138,-5.169723753895623,168,0.9166666666666666,0.75,0.6666666666666666,12,0.007071845854258481,0.012644221801523138,0.18421052631578946,19,0.4418604651162791,0.782608695652174,0.6869125090383225,-3.799707771233657,69
PatchNAS [tau],gtsrb/convnext_tiny,202,23,0.6962676670322847,0.896551724137931,0.0,0.55,0.6864864864864865,0.8506827848668009,-4.243074660021335,185,0.9230769230769231,0.7692307692307693,0.6923076923076923,13,0.005739469099108332,0.012450206953736432,0.16666666666666666,15,0.3488372093023256,0.8928571428571429,0.581170089112747,-4.926938732593016,56
PatchNAS [tau],gtsrb/convnext_tiny,303,25,0.5051082251082251,0.5,0.0,1.0,0.6949152542372882,0.6794776515553669,-7.203650519351039,177,0.9090909090909091,0.9090909090909091,0.8181818181818182,11,0.005841959618735267,0.011158679346394678,0.15384615384615385,14,0.32558139534883723,0.9122807017543859,0.5466614603670441,-5.107109494336286,57
PatchNAS [tau],gtsrb/densenet121,101,22,0.47070707070707074,0.5,0.0,0.8666666666666667,0.6415094339622641,0.7564500878022423,-3.1216813092924593,53,0.8571428571428571,0.7142857142857143,0.7142857142857143,7,0.005014039310068191,0.007285431530458612,0.08695652173913043,19,0.4418604651162791,0.8,0.7779711331763742,-2.5001507317319462,50
PatchNAS [tau],gtsrb/densenet121,202,23,0.44347826086956527,0.5,0.0,1.0,0.7959183673469388,0.636604774535809,-4.442529380609823,49,0.8333333333333334,0.8333333333333334,0.6666666666666666,6,0.004612916165262736,0.00751335952050241,0.15625,17,0.3953488372093023,0.8260869565217391,0.7237892496008514,-2.953491627735462,46
PatchNAS [tau],gtsrb/densenet121,303,21,0.5605820105820105,0.6,0.0,1.0,0.6346153846153846,0.7893994925288977,-2.5836926006454948,52,1.0,1.0,0.42857142857142855,7,0.01022864019253911,0.018980206513444307,0.1328125,19,0.4418604651162791,0.8235294117647058,0.5921308920919361,-5.789657655454318,102
PatchNAS [tau],gtsrb/resnet50,101,20,0.4291666666666667,0.375,0.0,0.875,0.68,0.7431177166019254,-2.7067699416905406,25,1.0,1.0,1.0,2,0.0075795352548120075,0.01552739106596398,0.2222222222222222,12,0.27906976744186046,0.9605263157894737,0.41201716738197425,-7.88294209392353,76
PatchNAS [tau],gtsrb/resnet50,202,20,0.4435714285714285,0.25,0.0,1.0,0.7037037037037037,0.6756756756756757,-3.121229226059305,27,1.0,1.0,0.75,4,0.0054851899870350055,0.00822355168935834,0.10344827586206896,13,0.3023255813953488,0.9272727272727272,0.5066744616583845,-5.4493463700846,55
PatchNAS [tau],gtsrb/resnet50,303,20,0.4753571428571429,0.45,0.0,1.0,0.625,0.7741027445460943,-2.2306193658541957,24,0.6666666666666666,0.3333333333333333,0.3333333333333333,3,0.004487882716665005,0.0033310514703186033,0.03125,13,0.3023255813953488,0.9111111111111111,0.5574614065180102,-5.013254096099247,45
PatchNAS [tau],gtsrb/vgg16,101,29,0.3989562564880169,0.4,0.0,0.7368421052631579,0.638095238095238,0.64540622627183,-7.47942327165628,105,0.7647058823529411,0.7058823529411765,0.5294117647058824,17,0.015610651974288337,0.015209062455246284,0.06293706293706294,30,0.6976744186046512,0.6601307189542484,0.8439412054293551,-2.691647328662271,153
PatchNAS [tau],gtsrb/vgg16,202,29,0.39064211650418545,0.3333333333333333,0.0,0.7272727272727273,0.6504854368932039,0.7646721468170522,-4.783008682697213,103,0.631578947368421,0.5789473684210527,0.47368421052631576,19,0.016426895214774,0.016917632115005212,0.07352941176470588,29,0.6744186046511628,0.577639751552795,0.8089824952925588,-3.3595882475632948,161
PatchNAS [tau],gtsrb/vgg16,303,30,0.41252794046911695,0.4222222222222222,0.0,0.8080808080808082,0.635593220338983,0.6618863761720905,-6.756692799166673,118,0.7058823529411765,0.5882352941176471,0.5294117647058824,17,0.01877359453117029,0.024049076632365562,0.18461538461538463,33,0.7674418604651163,0.5978260869565217,0.892012434112718,-1.975406402169279,184
PatchNAS [tau],lisa_signs/convnext_tiny,101,6,0.0,0.0,0.0,0.0,,,,0,0.0,0.0,0.0,1,0.0,0.0,0.0,0,0.0,,,,0
PatchNAS [tau],lisa_signs/convnext_tiny,202,8,0.0,0.0,0.0,0.0,,,,0,0.0,0.0,0.0,1,0.000526592943654555,0.0011312217194570135,0.058823529411764705,1,0.019230769230769232,1.0,1.0,0.0,1
PatchNAS [tau],lisa_signs/convnext_tiny,303,9,0.0,0.0,0.0,0.0,,,,0,,,,0,0.0,0.0,0.0,0,0.0,,,,0
PatchNAS [tau],lisa_signs/densenet121,101,10,0.0,0.0,0.0,0.0,,,,0,,,,0,0.0,0.0,0.0,0,0.0,,,,0
PatchNAS [tau],lisa_signs/densenet121,202,11,0.13636363636363635,0.0,0.0,0.0,1.0,1.0256410256410258,0.22941573387056197,2,,,,0,0.0,0.0,0.0,0,0.0,,,,0
PatchNAS [tau],lisa_signs/densenet121,303,12,0.08333333333333333,0.0,0.0,0.0,1.0,1.0,0.0,1,,,,0,0.0010559662090813093,0.001572327044025157,0.08333333333333333,1,0.018867924528301886,1.0,0.5167958656330749,-3.792705549421862,2
PatchNAS [tau],lisa_signs/resnet50,101,13,0.10085470085470086,0.0,0.0,0.0,1.0,1.1152416356877324,0.6213685177681947,3,0.0,0.0,0.0,3,0.0,0.0,0.0,0,0.0,,,,0
PatchNAS [tau],lisa_signs/resnet50,202,11,0.09090909090909091,0.0,0.0,0.0,1.0,1.0,0.0,1,0.0,0.0,0.0,2,0.0005359056806002144,0.0005656108597285067,0.029411764705882353,1,0.019230769230769232,1.0,1.0,0.0,1
PatchNAS [tau],lisa_signs/resnet50,303,17,0.029411764705882353,0.0,0.0,0.0,1.0,1.0,0.0,1,0.0,0.0,0.0,1,0.0,0.0,0.0,0,0.0,,,,0
PatchNAS [tau],lisa_signs/vgg16,101,21,0.0,0.0,0.0,0.0,,,,0,0.0,0.0,0.0,1,0.0,0.0,0.0,0,0.0,,,,0
PatchNAS [tau],lisa_signs/vgg16,202,18,0.08333333333333333,0.0,0.0,0.0,1.0,1.0282776349614395,0.24124895481858172,2,0.0,0.0,0.0,2,0.001072961373390558,0.001484975541579315,0.041666666666666664,2,0.03773584905660377,1.0,1.0389610389610389,0.28474739872574956,2
PatchNAS [tau],lisa_signs/vgg16,303,17,0.0196078431372549,0.0,0.0,0.0,1.0,1.0,0.0,1,0.0,0.0,0.0,1,0.000536480686695279,0.0007861635220125786,0.041666666666666664,1,0.018867924528301886,1.0,1.0,0.0,1
PatchNAS [tau],tt100k_signs/convnext_tiny,101,87,0.1672009233478499,0.0,0.0,0.0,0.9285714285714286,0.5609348914858097,-5.860790627034106,56,0.6363636363636364,0.5454545454545454,0.2727272727272727,11,0.0186148371201752,0.0513097437999208,1.0,36,0.3025210084033613,0.9117647058823529,0.7882636303919421,-2.848915059867574,136
PatchNAS [tau],tt100k_signs/convnext_tiny,202,85,0.2125199310493428,0.0,0.0,0.375,0.8285714285714286,0.6962785114045619,-4.197472139804754,70,0.6666666666666666,0.5555555555555556,0.2222222222222222,9,0.02340542020257323,0.0871937872662139,1.0,46,0.38333333333333336,0.8713450292397661,0.9084625259208058,-1.2977148986473281,171
PatchNAS [tau],tt100k_signs/convnext_tiny,303,84,0.23031916913495862,0.0,0.0,0.4407894736842105,0.8513513513513513,0.6419809698498222,-5.142031439502985,74,0.7777777777777778,0.5555555555555556,0.4444444444444444,9,0.02504790583082398,0.09637209897896698,1.0,43,0.3644067796610169,0.8961748633879781,0.8228877619366567,-2.566384137271263,183
PatchNAS [tau],tt100k_signs/densenet121,101,92,0.228706673498734,0.0,0.0,0.5,0.8348623853211009,0.6420545746388443,-5.51097751512684,109,0.631578947368421,0.47368421052631576,0.15789473684210525,19,0.02753319357092942,0.1128491024750526,1.0,53,0.4732142857142857,0.8020304568527918,1.0105825150157308,0.16353991627121844,197
PatchNAS [tau],tt100k_signs/densenet121,202,82,0.1891006012957233,0.0,0.0,0.3269230769230769,0.8648648648648649,0.6431201701156579,-5.15834048935733,111,0.55,0.4,0.25,20,0.029489867225716282,0.10149587072074143,1.0,60,0.5405405405405406,0.7393364928909952,1.1177867821713008,1.897400504826338,211
PatchNAS [tau],tt100k_signs/densenet121,303,86,0.22653659778047783,0.0,0.0,0.41758241758241754,0.8648648648648649,0.6018248883711901,-6.376795827215382,111,0.5555555555555556,0.3888888888888889,0.2222222222222222,18,0.028232005590496156,0.11289873759917968,1.0,52,0.46017699115044247,0.801980198019802,0.9928400954653938,-0.10994101414603424,202
PatchNAS [tau],tt100k_signs/resnet50,101,91,0.16950540302188655,0.0,0.0,0.1576923076923077,0.9014084507042254,0.5833965346245843,-5.903227592292826,71,0.4375,0.375,0.3125,16,0.025821596244131457,0.10515144453855962,1.0,54,0.46153846153846156,0.7593582887700535,1.0287673842636693,0.43373795651587244,187
PatchNAS [tau],tt100k_signs/resnet50,202,92,0.16412180814354727,0.0,0.0,0.03333333333333333,0.935064935064935,0.5160421808391294,-7.244498480344766,77,0.6923076923076923,0.6153846153846154,0.38461538461538464,13,0.02416459541563104,0.10123740478180861,1.0,60,0.5128205128205128,0.7257142857142858,1.1812767633016685,2.750107665072997,175
PatchNAS [tau],tt100k_signs/resnet50,303,89,0.1489848056768083,0.0,0.0,0.058823529411764705,0.9122807017543859,0.6296625829854219,-4.77695153837561,57,0.42857142857142855,0.21428571428571427,0.21428571428571427,14,0.02471692902513118,0.11158060949317666,1.0,58,0.5,0.7039106145251397,1.1246303747152069,1.8978646109401178,179
PatchNAS [tau],tt100k_signs/vgg16,101,100,0.10475144300144298,0.0,0.0,0.007575757575757576,0.9056603773584906,0.6745362563237775,-4.645063192505998,53,0.47619047619047616,0.23809523809523808,0.047619047619047616,21,0.02903225806451613,0.09651049672817204,1.0,64,0.5565217391304348,0.6618357487922706,1.1908638414662511,2.9081077841208156,207
PatchNAS [tau],tt100k_signs/vgg16,202,103,0.11927399281768215,0.0,0.0,0.0,0.967741935483871,0.5517572268201991,-6.493182507066543,62,0.47619047619047616,0.14285714285714285,0.14285714285714285,21,0.02482468443197756,0.1251786761148169,1.0,62,0.5299145299145299,0.6836158192090396,1.2296707655692185,3.3734133829001447,177
PatchNAS [tau],tt100k_signs/vgg16,303,102,0.12158010834481421,0.0,0.0,0.0,0.9333333333333333,0.5838350665936872,-6.0499485805349655,60,0.43478260869565216,0.2608695652173913,0.08695652173913043,23,0.025806451612903226,0.10203160661839082,1.0,58,0.5043478260869565,0.7119565217391305,1.1240854692572315,1.8455152204919258,184
WeightedRetrain [internal],gtsrb/convnext_tiny,101,25,0.8250555555555557,1.0,0.20000000000000018,0.11111111111111116,0.6323529411764706,0.8921330089213301,-4.634680911605275,204,1.0,1.0,1.0,12,0.0054319975402275286,0.0073016041333350615,0.2440944881889764,8,0.18604651162790697,1.0,0.31971225896692973,-8.117932179031087,53
WeightedRetrain [internal],gtsrb/convnext_tiny,202,23,0.8342932429888953,1.0,0.5,0.19999999999999996,0.6456310679611651,0.922671353251318,-3.538448019916699,206,1.0,1.0,0.9230769230769231,13,0.00522701650097366,0.005751280363503163,0.15873015873015872,6,0.13953488372093023,1.0,0.2420574886535552,-8.317333898472892,51
WeightedRetrain [internal],gtsrb/convnext_tiny,303,25,0.8102164502164502,1.0,0.0,0.030303030303030276,0.6650246305418719,0.8595988538681949,-5.1412097549435885,203,1.0,1.0,0.9090909090909091,11,0.006661883775750743,0.008069497485681377,0.2204724409448819,9,0.20930232558139536,1.0,0.3305178112376056,-8.159152124219164,65
WeightedRetrain [internal],gtsrb/densenet121,101,22,0.7505411255411254,1.0,0.0,0.33333333333333337,0.5211267605633803,0.8646571394259638,-3.057458213056123,71,1.0,1.0,0.7142857142857143,7,0.003309265944645006,0.0085284574607042,0.2597402597402597,9,0.20930232558139536,1.0,0.45135406218655966,-5.531605583031559,33
WeightedRetrain [internal],gtsrb/densenet121,202,23,0.691304347826087,1.0,0.0,0.8,0.6923076923076923,0.8059736873296195,-3.530190501747886,65,1.0,0.8333333333333334,0.8333333333333334,6,0.00340954673084637,0.008457809660979905,0.2542372881355932,9,0.20930232558139536,1.0,0.4497751124437781,-5.4508290238712,34
WeightedRetrain [internal],gtsrb/densenet121,303,21,0.792063492063492,1.0,0.0,0.19999999999999996,0.581081081081081,0.894743382627066,-2.3843456808906804,74,1.0,1.0,1.0,7,0.004011231448054553,0.010850193598632861,0.20588235294117646,14,0.32558139534883723,0.875,0.6321968841724994,-3.7161284680516156,40
WeightedRetrain [internal],gtsrb/resnet50,101,20,0.5583333333333333,0.6666666666666667,0.0,1.0,0.5806451612903226,0.78871530411042,-2.5675467419577176,31,1.0,1.0,1.0,2,0.004886805624813005,0.010911612116042795,0.18181818181818182,11,0.2558139534883721,0.9591836734693877,0.44820209840073344,-5.875177847987769,49
WeightedRetrain [internal],gtsrb/resnet50,202,20,0.6923809523809524,1.0,0.0,0.75,0.5555555555555556,0.8685581933989578,-1.8552415064778558,36,1.0,1.0,1.0,4,0.002194075994814002,0.003581846945887018,0.0603448275862069,8,0.18604651162790697,1.0,0.5182186234817814,-3.9834323648138974,22
WeightedRetrain [internal],gtsrb/resnet50,303,20,0.5983333333333334,0.9,0.0,1.0,0.5625,0.8492569002123143,-1.8497577682031308,32,0.6666666666666666,0.6666666666666666,0.6666666666666666,3,0.004388151989628004,0.005905403004781217,0.12295081967213115,11,0.2558139534883721,0.9545454545454546,0.4743935309973046,-5.785662444846018,44
WeightedRetrain [internal],gtsrb/vgg16,101,29,0.7916948951431709,0.9230769230769231,0.2666666666666667,0.19999999999999996,0.4817073170731707,0.9127611023345621,-3.5876294965640945,164,1.0,1.0,0.8823529411764706,17,0.004999489847974697,0.00652710522684623,0.17088607594936708,13,0.3023255813953488,0.9183673469387755,0.5331146196432233,-5.666511352244527,49
WeightedRetrain [internal],gtsrb/vgg16,202,29,0.7299132859477687,1.0,0.0,0.5,0.4727272727272727,0.8791981712678038,-5.1739027856863045,165,1.0,0.9473684210526315,0.8421052631578947,19,0.009182736455463728,0.013507840324187016,0.17613636363636365,19,0.4418604651162791,0.8444444444444444,0.6208135925502368,-5.157026561955797,90
WeightedRetrain [internal],gtsrb/vgg16,303,30,0.7421681096681098,0.9666666666666667,0.0,0.3416666666666667,0.47928994082840237,0.8198121263877028,-7.0846866315609365,169,1.0,1.0,0.8823529411764706,17,0.007244158759310274,0.013647102154450204,0.2391304347826087,13,0.3023255813953488,0.9154929577464789,0.46009555830826404,-6.667375363678171,71
WeightedRetrain [internal],lisa_signs/convnext_tiny,101,6,0.6190476190476191,0.8571428571428572,0.0,0.8214285714285714,0.625,0.9111617312072894,-0.4524800417493028,8,1.0,1.0,1.0,1,0.055818852027382834,0.06501241271760447,1.0,14,0.2641509433962264,0.9716981132075472,0.4793289394847214,-6.342272683937737,106
WeightedRetrain [internal],lisa_signs/convnext_tiny,202,8,0.4125,0.25,0.0,0.8500000000000001,0.75,0.7276034561164166,-1.723435969698855,8,1.0,1.0,1.0,1,0.0679304897314376,0.09542480719516962,1.0,24,0.46153846153846156,0.8837209302325582,0.753709664756222,-3.0885335739205813,129
WeightedRetrain [internal],lisa_signs/convnext_tiny,303,9,0.4444444444444444,0.0,0.0,1.0,0.75,0.653327888934259,-2.399425445807345,8,,,,0,0.03738809899947341,0.05400524720816843,1.0,14,0.25925925925925924,0.9577464788732394,0.5596082742080544,-4.454581828421774,71
WeightedRetrain [internal],lisa_signs/densenet121,101,10,0.3833333333333333,0.25,0.0,0.6666666666666666,0.5555555555555556,0.7390983000739099,-1.9736075482222077,9,,,,0,0.008447729672650475,0.008983083850048364,0.14285714285714285,8,0.15384615384615385,1.0,0.7597340930674265,-1.5723387179832997,16
WeightedRetrain [internal],lisa_signs/densenet121,202,11,0.45454545454545453,0.0,0.0,1.0,0.5555555555555556,0.691085003455425,-2.7309456741788805,9,,,,0,0.00897571277719113,0.009455178035428256,0.09090909090909091,10,0.18867924528301888,1.0,0.9088843444671666,-0.6098205174924223,17
WeightedRetrain [internal],lisa_signs/densenet121,303,12,0.5,0.5,0.0,1.0,0.375,1.0381905821282906,0.30972576347035924,8,,,,0,0.006335797254487857,0.02379086950926868,1.0,9,0.16981132075471697,1.0,1.0309278350515463,0.2081794509266509,12
WeightedRetrain [internal],lisa_signs/resnet50,101,13,0.5641025641025641,0.8333333333333334,0.0,1.0,0.7037037037037037,0.6856653096207413,-3.9734217242770495,27,1.0,1.0,1.0,3,0.00857449088960343,0.012488232126000424,0.16666666666666666,10,0.19230769230769232,1.0,0.9361104610344021,-0.41794206500571923,16
WeightedRetrain [internal],lisa_signs/resnet50,202,11,0.6338383838383838,0.6666666666666666,0.0,0.5,0.5,0.9365244536940688,-0.6349689839475307,24,1.0,1.0,0.5,2,0.02840300107181136,0.03366460898779771,0.8043478260869565,11,0.21153846153846154,0.9811320754716981,0.5161895823557016,-4.214698393499934,53
WeightedRetrain [internal],lisa_signs/resnet50,303,17,0.6176470588235294,0.6666666666666666,0.0,0.6666666666666667,0.4782608695652174,0.9499451954694921,-0.5563821668609901,23,1.0,1.0,1.0,1,0.005894962486602358,0.007345108794393196,0.16666666666666666,7,0.1320754716981132,1.0,0.8649984553599012,-0.7928032018757634,11
WeightedRetrain [internal],lisa_signs/vgg16,101,21,0.6071428571428571,1.0,0.0,1.0,0.6,0.8587639932525687,-1.6216422399686377,25,1.0,1.0,1.0,1,0.02145922746781116,0.049564245368642276,0.7142857142857143,14,0.2692307692307692,0.9,0.7541071909507137,-2.068434380199992,40
WeightedRetrain [internal],lisa_signs/vgg16,202,18,0.6851851851851852,1.0,0.0,0.5,0.5217391304347826,1.0095547142599604,0.10192477317047305,23,0.5,0.5,0.5,2,0.018240343347639486,0.035737501405165566,0.75,13,0.24528301886792453,0.9411764705882353,0.7626870049867995,-1.8305275754103028,34
WeightedRetrain [internal],lisa_signs/vgg16,303,17,0.5490196078431372,0.5,0.0,1.0,0.42857142857142855,0.9232544720138488,-0.8137791664609877,21,1.0,1.0,0.0,1,0.023605150214592276,0.06153852181015725,1.0,13,0.24528301886792453,0.9545454545454546,0.6752369822101025,-2.698468561013078,44
WeightedRetrain [internal],tt100k_signs/convnext_tiny,101,87,0.4377424383046572,0.25,0.0,1.0,0.7301587301587301,0.7040600797934757,-5.880074886961954,126,1.0,0.9090909090909091,0.8181818181818182,11,0.028880372296742403,0.08357784335662596,1.0,35,0.29411764705882354,0.9478672985781991,0.6311992786293958,-5.593301318289561,211
WeightedRetrain [internal],tt100k_signs/convnext_tiny,202,85,0.4640472599296128,0.5,0.0,1.0,0.7446808510638298,0.680194989230246,-6.759310848619583,141,1.0,1.0,0.7777777777777778,9,0.023952915411990145,0.08036230144936082,1.0,29,0.24166666666666667,0.9714285714285714,0.565329694429553,-6.389258638182984,175
WeightedRetrain [internal],tt100k_signs/convnext_tiny,303,84,0.5114177489177489,0.5,0.0,1.0,0.7253521126760564,0.7137162598230894,-6.313790401642044,142,1.0,0.8888888888888888,0.8888888888888888,9,0.04024089789214345,0.09647367214069093,1.0,30,0.2542372881355932,0.9795918367346939,0.473858790080556,-8.835232954655579,294
WeightedRetrain [internal],tt100k_signs/densenet121,101,92,0.4615326400652488,0.35416666666666663,0.0,1.0,0.7511737089201878,0.6686503293102871,-8.382076495861389,213,0.9473684210526315,0.8421052631578947,0.7894736842105263,19,0.02962962962962963,0.1265577831826984,1.0,50,0.44642857142857145,0.8584905660377359,0.9258401999814831,-1.1656548756733471,212
WeightedRetrain [internal],tt100k_signs/densenet121,202,82,0.44773153675592703,0.29166666666666663,0.0,1.0,0.7887323943661971,0.6176243520458807,-8.855205841471568,213,0.85,0.85,0.75,20,0.039412997903563944,0.11852557062365916,1.0,40,0.36036036036036034,0.9219858156028369,0.6641208699983397,-5.57190344314763,282
WeightedRetrain [internal],tt100k_signs/densenet121,303,86,0.44336009597637505,0.16666666666666666,0.0,1.0,0.7681159420289855,0.5988232426974898,-10.115404686702494,207,0.8888888888888888,0.8333333333333334,0.7777777777777778,18,0.033542976939203356,0.13168326503302394,1.0,44,0.3893805309734513,0.9083333333333333,0.7802456000354657,-3.4831226672164695,240
WeightedRetrain [internal],tt100k_signs/resnet50,101,91,0.3946476600322754,0.0,0.0,1.0,0.7724137931034483,0.6427023391375831,-7.79033439094653,145,0.875,0.875,0.625,16,0.029135597901132283,0.11973869076577805,1.0,46,0.39316239316239315,0.8909952606635071,0.8399908696644601,-2.435334701498291,211
WeightedRetrain [internal],tt100k_signs/resnet50,202,92,0.3706953071083506,0.0,0.0,1.0,0.7931034482758621,0.6297795771479983,-7.612651115476177,145,0.9230769230769231,0.7692307692307693,0.7692307692307693,13,0.024993095829881247,0.08535457787061106,1.0,45,0.38461538461538464,0.8784530386740331,0.868013695327193,-2.0057709815913447,181
WeightedRetrain [internal],tt100k_signs/resnet50,303,89,0.3501683819595254,0.0,0.0,1.0,0.7916666666666666,0.62402496099844,-6.916953967549346,120,0.6428571428571429,0.5714285714285714,0.5,14,0.022783761391880698,0.11356326703819578,1.0,42,0.3620689655172414,0.8848484848484849,0.8477997577714977,-2.205432717745579,165
WeightedRetrain [internal],tt100k_signs/vgg16,101,100,0.41661399711399705,0.3333333333333333,0.0,0.8472222222222222,0.6708860759493671,0.779407240283048,-4.877464636611288,158,0.7619047619047619,0.7619047619047619,0.42857142857142855,21,0.02833099579242637,0.12494835186357747,1.0,53,0.4608695652173913,0.8217821782178217,0.9921842092947069,-0.12188446593494527,202
WeightedRetrain [internal],tt100k_signs/vgg16,202,103,0.4073988848260692,0.3333333333333333,0.0,0.8166666666666667,0.7078651685393258,0.7111788424294376,-6.1746052200143895,178,0.9523809523809523,0.8571428571428571,0.5714285714285714,21,0.03955119214586255,0.20137644370214391,1.0,63,0.5384615384615384,0.7624113475177305,1.0348650979425897,0.5682268883712469,282
WeightedRetrain [internal],tt100k_signs/vgg16,303,102,0.3791288232464703,0.18333333333333335,0.0,0.8250000000000001,0.7116564417177914,0.7033842070338421,-6.509785439530003,163,0.7391304347826086,0.6521739130434783,0.5652173913043478,23,0.037727910238429176,0.1394889615198667,1.0,50,0.43478260869565216,0.8029739776951673,0.8308408109006314,-2.855160895791256,269
